episode_id,scene_id,cache_missing,baseline_success,candidate_success,delta_success,baseline_oracle_success,candidate_oracle_success,delta_oracle_success,baseline_spl,candidate_spl,delta_spl,baseline_ndtw,candidate_ndtw,delta_ndtw,baseline_sdtw,candidate_sdtw,delta_sdtw,baseline_distance_to_goal,candidate_distance_to_goal,delta_distance_to_goal,baseline_steps_taken,candidate_steps_taken,delta_steps_taken,baseline_path_length,candidate_path_length,delta_path_length,baseline_collisions,candidate_collisions,delta_collisions,baseline_stop_error,candidate_stop_error,delta_stop_error
1,mp3d/zsNo4HB9uLZ/zsNo4HB9uLZ.glb,0,1.0,1.0,0.0,1.0,1.0,0.0,1.0,0.8606293939890693,-0.13937060601093065,0.9429388089030235,0.894944542541821,-0.04799426636120252,0.9429388089030235,0.894944542541821,-0.04799426636120252,0.8068112134933472,1.1074488162994385,0.3006376028060913,41.0,49.0,8.0,7.500001907348633,9.250001907348633,1.75,0.0,0.0,0.0,0.0,0.0,0.0
2,mp3d/zsNo4HB9uLZ/zsNo4HB9uLZ.glb,0,1.0,1.0,0.0,1.0,1.0,0.0,1.0,1.0,0.0,0.9429388089030235,0.9429388089030235,0.0,0.9429388089030235,0.9429388089030235,0.0,0.8068112134933472,0.8068112134933472,0.0,41.0,41.0,0.0,7.500001907348633,7.500001907348633,0.0,0.0,0.0,0.0,0.0,0.0,0.0
3,mp3d/zsNo4HB9uLZ/zsNo4HB9uLZ.glb,0,1.0,1.0,0.0,1.0,1.0,0.0,1.0,1.0,0.0,0.9429388089030235,0.9429388089030235,0.0,0.9429388089030235,0.9429388089030235,0.0,0.8068112134933472,0.8068112134933472,0.0,41.0,41.0,0.0,7.500001907348633,7.500001907348633,0.0,0.0,0.0,0.0,0.0,0.0,0.0
4,mp3d/TbHJrupSAjP/TbHJrupSAjP.glb,0,0.0,0.0,0.0,0.0,0.0,0.0,0.0,0.0,0.0,0.4923657546422849,0.4923657546422849,0.0,0.0,0.0,0.0,7.400137901306152,7.400137901306152,0.0,90.0,90.0,0.0,11.037290573120117,11.037290573120117,0.0,0.16326530612244897,0.16326530612244897,0.0,0.0,0.0,0.0
5,mp3d/TbHJrupSAjP/TbHJrupSAjP.glb,0,1.0,0.0,-1.0,1.0,0.0,-1.0,0.8430159585348727,0.0,-0.8430159585348727,0.8655524624292783,0.47103975943292736,-0.39451270299635094,0.8655524624292783,0.0,-0.8655524624292783,0.797720730304718,8.61046314239502,7.8127424120903015,111.0,111.0,0.0,11.459604263305664,12.10816764831543,0.6485633850097656,0.3148148148148148,0.18518518518518517,-0.12962962962962965,0.0,0.0,0.0
6,mp3d/TbHJrupSAjP/TbHJrupSAjP.glb,0,1.0,1.0,0.0,1.0,1.0,0.0,0.8540246440293754,0.8009220257462897,-0.05310261828308571,0.8251163446971721,0.8371201581466643,0.012003813449492196,0.8251163446971721,0.8371201581466643,0.012003813449492196,1.1264197826385498,0.48494091629981995,-0.6414788663387299,115.0,120.0,5.0,11.311885833740234,12.061884880065918,0.7499990463256836,0.36363636363636365,0.3448275862068966,-0.018808777429467072,0.0,0.0,0.0
7,mp3d/x8F5xyUWy9e/x8F5xyUWy9e.glb,0,1.0,1.0,0.0,1.0,1.0,0.0,0.9957915966765253,0.9957915966765253,0.0,0.9502403960777535,0.9502403960777535,0.0,0.9502403960777535,0.9502403960777535,0.0,1.074582576751709,1.074582576751709,0.0,54.0,54.0,0.0,10.496437072753906,10.496437072753906,0.0,0.023255813953488372,0.023255813953488372,0.0,0.0,0.0,0.0
8,mp3d/x8F5xyUWy9e/x8F5xyUWy9e.glb,0,1.0,1.0,0.0,1.0,1.0,0.0,1.0,1.0,0.0,0.959264501554123,0.959264501554123,0.0,0.959264501554123,0.959264501554123,0.0,0.8840233087539673,0.8840233087539673,0.0,47.0,47.0,0.0,9.749999046325684,9.749999046325684,0.0,0.0,0.0,0.0,0.0,0.0,0.0
9,mp3d/x8F5xyUWy9e/x8F5xyUWy9e.glb,0,0.0,0.0,0.0,0.0,0.0,0.0,0.0,0.0,0.0,0.477693111571876,0.5463239905279639,0.06863087895608788,0.0,0.0,0.0,9.65466022491455,9.117965698242188,-0.5366945266723633,60.0,55.0,-5.0,12.206552505493164,11.455612182617188,-0.7509403228759766,0.0,0.0,0.0,0.0,0.0,0.0
10,mp3d/2azQ1b91cZZ/2azQ1b91cZZ.glb,0,0.0,0.0,0.0,1.0,1.0,0.0,0.0,0.0,0.0,0.4664192354267501,0.14010941808356753,-0.3263098173431826,0.0,0.0,0.0,4.687075614929199,8.6334810256958,3.9464054107666016,54.0,109.0,55.0,12.0,17.250001907348633,5.250001907348633,0.0,0.0,0.0,1.0,1.0,0.0
11,mp3d/2azQ1b91cZZ/2azQ1b91cZZ.glb,0,1.0,1.0,0.0,1.0,1.0,0.0,0.8621781667073568,0.8621781667073568,0.0,0.8432483809079323,0.8432483809079323,0.0,0.8432483809079323,0.8432483809079323,0.0,0.9826689958572388,0.9826689958572388,0.0,37.0,37.0,0.0,8.25,8.25,0.0,0.0,0.0,0.0,0.0,0.0,0.0
12,mp3d/2azQ1b91cZZ/2azQ1b91cZZ.glb,0,0.0,0.0,0.0,1.0,1.0,0.0,0.0,0.0,0.0,0.4354318180969989,0.4354318180969989,0.0,0.0,0.0,0.0,4.937219142913818,4.937219142913818,0.0,54.0,54.0,0.0,12.249999046325684,12.249999046325684,0.0,0.0,0.0,0.0,1.0,1.0,0.0
13,mp3d/zsNo4HB9uLZ/zsNo4HB9uLZ.glb,0,1.0,1.0,0.0,1.0,1.0,0.0,0.9441309826616747,1.0,0.05586901733832528,0.9567362201196138,0.9646195193350778,0.007883299215464046,0.9567362201196138,0.9646195193350778,0.007883299215464046,0.35421207547187805,0.9292094111442566,0.5749973356723785,64.0,59.0,-5.0,12.749998092651367,11.499998092651367,-1.25,0.0,0.0,0.0,0.0,0.0,0.0
14,mp3d/zsNo4HB9uLZ/zsNo4HB9uLZ.glb,0,1.0,1.0,0.0,1.0,1.0,0.0,0.9459393227588216,0.9459393227588216,0.0,0.9404891245715092,0.9404891245715092,0.0,0.9404891245715092,0.9404891245715092,0.0,0.2235850691795349,0.2235850691795349,0.0,67.0,67.0,0.0,12.725624084472656,12.725624084472656,0.0,0.09615384615384616,0.09615384615384616,0.0,0.0,0.0,0.0
15,mp3d/zsNo4HB9uLZ/zsNo4HB9uLZ.glb,0,1.0,1.0,0.0,1.0,1.0,0.0,0.8770215586602892,0.9459393227588216,0.06891776409853245,0.9078055129398515,0.9404891245715092,0.03268361163165778,0.9078055129398515,0.9404891245715092,0.03268361163165778,1.2110750675201416,0.2235850691795349,-0.9874899983406067,72.0,67.0,-5.0,13.725624084472656,12.725624084472656,-1.0,0.08928571428571429,0.09615384615384616,0.0068681318681318715,0.0,0.0,0.0
16,mp3d/2azQ1b91cZZ/2azQ1b91cZZ.glb,0,1.0,1.0,0.0,1.0,1.0,0.0,1.0,1.0,0.0,0.8922818666653523,0.8922818666653523,0.0,0.8922818666653523,0.8922818666653523,0.0,2.2286908626556396,2.2286908626556396,0.0,40.0,40.0,0.0,6.503945350646973,6.503945350646973,0.0,0.037037037037037035,0.037037037037037035,0.0,0.0,0.0,0.0
17,mp3d/2azQ1b91cZZ/2azQ1b91cZZ.glb,0,0.0,0.0,0.0,0.0,0.0,0.0,0.0,0.0,0.0,0.009250277108826165,0.009250277108826165,0.0,0.0,0.0,0.0,10.735626220703125,10.735626220703125,0.0,199.0,199.0,0.0,29.50406265258789,29.50406265258789,0.0,0.008403361344537815,0.008403361344537815,0.0,0.0,0.0,0.0
18,mp3d/2azQ1b91cZZ/2azQ1b91cZZ.glb,0,0.0,0.0,0.0,0.0,0.0,0.0,0.0,0.0,0.0,0.008947864187247443,0.008947864187247443,0.0,0.0,0.0,0.0,8.487829208374023,8.487829208374023,0.0,203.0,203.0,0.0,30.50406265258789,30.50406265258789,0.0,0.008130081300813009,0.008130081300813009,0.0,0.0,0.0,0.0
19,mp3d/QUCTc6BB5sX/QUCTc6BB5sX.glb,0,1.0,1.0,0.0,1.0,1.0,0.0,0.911497531484362,0.911497531484362,0.0,0.7018417153985697,0.7018417153985697,0.0,0.7018417153985697,0.7018417153985697,0.0,0.34143200516700745,0.34143200516700745,0.0,87.0,87.0,0.0,14.487374305725098,14.487374305725098,0.0,0.0,0.0,0.0,0.0,0.0,0.0
20,mp3d/QUCTc6BB5sX/QUCTc6BB5sX.glb,0,0.0,0.0,0.0,0.0,0.0,0.0,0.0,0.0,0.0,0.37865113296216674,0.4008225959371226,0.02217146297495587,0.0,0.0,0.0,4.92535924911499,4.639621257781982,-0.2857379913330078,61.0,100.0,39.0,11.624261856079102,14.486154556274414,2.8618927001953125,0.021739130434782608,0.0,-0.021739130434782608,0.0,0.0,0.0
21,mp3d/QUCTc6BB5sX/QUCTc6BB5sX.glb,0,1.0,1.0,0.0,1.0,1.0,0.0,0.8255871115831441,0.911497531484362,0.08591041990121784,0.6790458970602787,0.7018417153985697,0.02279581833829092,0.6790458970602787,0.7018417153985697,0.02279581833829092,0.34143200516700745,0.34143200516700745,0.0,107.0,87.0,-20.0,15.994927406311035,14.487374305725098,-1.5075531005859375,0.0,0.0,0.0,0.0,0.0,0.0
22,mp3d/TbHJrupSAjP/TbHJrupSAjP.glb,0,1.0,1.0,0.0,1.0,1.0,0.0,0.9142145193380425,1.0,0.08578548066195746,0.9342196686735798,0.936200082499479,0.0019804138258991966,0.9342196686735798,0.936200082499479,0.0019804138258991966,0.2974698841571808,0.996239960193634,0.6987700760364532,49.0,43.0,-6.0,9.161970138549805,7.911970615386963,-1.2499995231628418,0.0,0.0,0.0,0.0,0.0,0.0
23,mp3d/TbHJrupSAjP/TbHJrupSAjP.glb,0,1.0,1.0,0.0,1.0,1.0,0.0,1.0,1.0,0.0,0.936200082499479,0.936200082499479,0.0,0.936200082499479,0.936200082499479,0.0,0.996239960193634,0.996239960193634,0.0,43.0,43.0,0.0,7.911970615386963,7.911970615386963,0.0,0.0,0.0,0.0,0.0,0.0,0.0
24,mp3d/TbHJrupSAjP/TbHJrupSAjP.glb,0,0.0,0.0,0.0,1.0,1.0,0.0,0.0,0.0,0.0,0.6628916536811296,0.6628916536811296,0.0,0.0,0.0,0.0,5.448633193969727,5.448633193969727,0.0,98.0,98.0,0.0,11.786622047424316,11.786622047424316,0.0,0.0,0.0,0.0,1.0,1.0,0.0
25,mp3d/zsNo4HB9uLZ/zsNo4HB9uLZ.glb,0,1.0,1.0,0.0,1.0,1.0,0.0,1.0,1.0,0.0,0.8624839848847469,0.8624839848847469,0.0,0.8624839848847469,0.8624839848847469,0.0,2.236529588699341,2.236529588699341,0.0,78.0,78.0,0.0,12.00000286102295,12.00000286102295,0.0,0.0,0.0,0.0,0.0,0.0,0.0
26,mp3d/zsNo4HB9uLZ/zsNo4HB9uLZ.glb,0,1.0,1.0,0.0,1.0,1.0,0.0,0.9243463794574558,0.9243463794574558,0.0,0.9052005033912061,0.9052005033912061,0.0,0.9052005033912061,0.9052005033912061,0.0,0.8075020909309387,0.8075020909309387,0.0,88.0,88.0,0.0,13.750001907348633,13.750001907348633,0.0,0.0,0.0,0.0,0.0,0.0,0.0
27,mp3d/zsNo4HB9uLZ/zsNo4HB9uLZ.glb,0,1.0,1.0,0.0,1.0,1.0,0.0,0.9414639025845135,1.0,0.05853609741548649,0.901467643214585,0.872303484141833,-0.02916415907275194,0.901467643214585,0.872303484141833,-0.02916415907275194,1.26711905002594,2.3113515377044678,1.0442324876785278,90.0,80.0,-10.0,13.500001907348633,12.000001907348633,-1.5,0.0,0.0,0.0,0.0,0.0,0.0
28,mp3d/oLBMNvg9in8/oLBMNvg9in8.glb,0,0.0,0.0,0.0,0.0,0.0,0.0,0.0,0.0,0.0,0.6284425595593182,0.6284425595593182,0.0,0.0,0.0,0.0,8.859955787658691,8.859955787658691,0.0,122.0,122.0,0.0,8.127616882324219,8.127616882324219,0.0,0.5151515151515151,0.5151515151515151,0.0,0.0,0.0,0.0
29,mp3d/oLBMNvg9in8/oLBMNvg9in8.glb,0,0.0,0.0,0.0,0.0,0.0,0.0,0.0,0.0,0.0,0.6284425595593182,0.6284425595593182,0.0,0.0,0.0,0.0,8.859955787658691,8.859955787658691,0.0,98.0,98.0,0.0,8.127616882324219,8.127616882324219,0.0,0.5151515151515151,0.5151515151515151,0.0,0.0,0.0,0.0
30,mp3d/oLBMNvg9in8/oLBMNvg9in8.glb,0,0.0,0.0,0.0,0.0,0.0,0.0,0.0,0.0,0.0,0.7015338754959021,0.6717691478171148,-0.02976472767878724,0.0,0.0,0.0,8.85738754272461,8.857198715209961,-0.0001888275146484375,56.0,78.0,22.0,7.357223987579346,9.853894233703613,2.4966702461242676,0.0625,0.047619047619047616,-0.014880952380952384,0.0,0.0,0.0
31,mp3d/x8F5xyUWy9e/x8F5xyUWy9e.glb,0,0.0,0.0,0.0,1.0,1.0,0.0,0.0,0.0,0.0,0.5119051310048295,0.6034769358999462,0.09157180489511674,0.0,0.0,0.0,4.729847431182861,4.561869144439697,-0.16797828674316406,155.0,137.0,-18.0,17.61492919921875,15.347177505493164,-2.267751693725586,0.0,0.0,0.0,1.0,1.0,0.0
32,mp3d/x8F5xyUWy9e/x8F5xyUWy9e.glb,0,1.0,1.0,0.0,1.0,1.0,0.0,0.8759519184779415,0.7700181570323583,-0.1059337614455832,0.8943855208078025,0.8662686626835687,-0.028116858124233812,0.8943855208078025,0.8662686626835687,-0.028116858124233812,1.070844054222107,1.113002061843872,0.04215800762176514,53.0,64.0,11.0,7.2628092765808105,8.26197624206543,0.9991669654846191,0.0,0.0,0.0,0.0,0.0,0.0
33,mp3d/x8F5xyUWy9e/x8F5xyUWy9e.glb,0,1.0,1.0,0.0,1.0,1.0,0.0,0.7700181570323583,1.0,0.22998184296764168,0.8662686626835687,0.9288163481312889,0.06254768544772016,0.8662686626835687,0.9288163481312889,0.06254768544772016,1.113002061843872,1.2204246520996094,0.1074225902557373,64.0,44.0,-20.0,8.26197624206543,6.011976718902588,-2.249999523162842,0.0,0.0,0.0,0.0,0.0,0.0
34,mp3d/TbHJrupSAjP/TbHJrupSAjP.glb,0,1.0,1.0,0.0,1.0,1.0,0.0,0.9814048626344758,0.9814048626344758,0.0,0.9364259799840663,0.9364259799840663,0.0,0.9364259799840663,0.9364259799840663,0.0,0.39711809158325195,0.39711809158325195,0.0,38.0,38.0,0.0,7.32413387298584,7.32413387298584,0.0,0.0,0.0,0.0,0.0,0.0,0.0
35,mp3d/TbHJrupSAjP/TbHJrupSAjP.glb,0,1.0,1.0,0.0,1.0,1.0,0.0,0.9814048626344758,0.9814048626344758,0.0,0.9364259799840663,0.9364259799840663,0.0,0.9364259799840663,0.9364259799840663,0.0,0.39711809158325195,0.39711809158325195,0.0,38.0,38.0,0.0,7.32413387298584,7.32413387298584,0.0,0.0,0.0,0.0,0.0,0.0,0.0
36,mp3d/TbHJrupSAjP/TbHJrupSAjP.glb,0,1.0,1.0,0.0,1.0,1.0,0.0,0.9814048626344758,0.9814048626344758,0.0,0.9364259799840663,0.9364259799840663,0.0,0.9364259799840663,0.9364259799840663,0.0,0.39711809158325195,0.39711809158325195,0.0,38.0,38.0,0.0,7.32413387298584,7.32413387298584,0.0,0.0,0.0,0.0,0.0,0.0,0.0
37,mp3d/zsNo4HB9uLZ/zsNo4HB9uLZ.glb,0,1.0,1.0,0.0,1.0,1.0,0.0,1.0,1.0,0.0,0.9526048890218718,0.9526048890218718,0.0,0.9526048890218718,0.9526048890218718,0.0,0.8641429543495178,0.8641429543495178,0.0,49.0,49.0,0.0,8.192215919494629,8.192215919494629,0.0,0.20588235294117646,0.20588235294117646,0.0,0.0,0.0,0.0
38,mp3d/zsNo4HB9uLZ/zsNo4HB9uLZ.glb,0,1.0,1.0,0.0,1.0,1.0,0.0,0.9378619943013152,0.9378619943013152,0.0,0.9416080245640869,0.9416080245640869,0.0,0.9416080245640869,0.9416080245640869,0.0,0.4141988158226013,0.4141988158226013,0.0,55.0,55.0,0.0,9.442215919494629,9.442215919494629,0.0,0.1794871794871795,0.1794871794871795,0.0,0.0,0.0,0.0
39,mp3d/zsNo4HB9uLZ/zsNo4HB9uLZ.glb,0,1.0,1.0,0.0,1.0,1.0,0.0,1.0,1.0,0.0,0.9042875055016676,0.9042875055016676,0.0,0.9042875055016676,0.9042875055016676,0.0,2.072024345397949,2.072024345397949,0.0,43.0,43.0,0.0,6.942215919494629,6.942215919494629,0.0,0.2413793103448276,0.2413793103448276,0.0,0.0,0.0,0.0
40,mp3d/zsNo4HB9uLZ/zsNo4HB9uLZ.glb,0,1.0,1.0,0.0,1.0,1.0,0.0,0.9974942528414087,0.9974942528414087,0.0,0.947648230417133,0.947648230417133,0.0,0.947648230417133,0.947648230417133,0.0,0.5907740592956543,0.5907740592956543,0.0,76.0,76.0,0.0,15.000001907348633,15.000001907348633,0.0,0.0,0.0,0.0,0.0,0.0,0.0
41,mp3d/zsNo4HB9uLZ/zsNo4HB9uLZ.glb,0,0.0,0.0,0.0,0.0,0.0,0.0,0.0,0.0,0.0,0.6929642402464409,0.6929642402464409,0.0,0.0,0.0,0.0,7.193060398101807,7.193060398101807,0.0,98.0,98.0,0.0,16.250003814697266,16.250003814697266,0.0,0.0,0.0,0.0,0.0,0.0,0.0
42,mp3d/zsNo4HB9uLZ/zsNo4HB9uLZ.glb,0,1.0,1.0,0.0,1.0,1.0,0.0,0.9974942528414087,0.9974942528414087,0.0,0.947648230417133,0.947648230417133,0.0,0.947648230417133,0.947648230417133,0.0,0.5907740592956543,0.5907740592956543,0.0,76.0,76.0,0.0,15.000001907348633,15.000001907348633,0.0,0.0,0.0,0.0,0.0,0.0,0.0
43,mp3d/2azQ1b91cZZ/2azQ1b91cZZ.glb,0,1.0,1.0,0.0,1.0,1.0,0.0,0.9541422622361029,0.9541422622361029,0.0,0.8926992129383357,0.8926992129383357,0.0,0.8926992129383357,0.8926992129383357,0.0,0.5438604950904846,0.5438604950904846,0.0,68.0,68.0,0.0,11.48206901550293,11.48206901550293,0.0,0.04081632653061224,0.04081632653061224,0.0,0.0,0.0,0.0
44,mp3d/2azQ1b91cZZ/2azQ1b91cZZ.glb,0,1.0,1.0,0.0,1.0,1.0,0.0,0.5702156193482021,0.5702156193482021,0.0,0.1891285172385794,0.1891285172385794,0.0,0.1891285172385794,0.1891285172385794,0.0,2.946096420288086,2.946096420288086,0.0,105.0,105.0,0.0,19.212955474853516,19.212955474853516,0.0,0.036585365853658534,0.036585365853658534,0.0,0.0,0.0,0.0
45,mp3d/2azQ1b91cZZ/2azQ1b91cZZ.glb,0,1.0,1.0,0.0,1.0,1.0,0.0,0.9541422622361029,0.9541422622361029,0.0,0.8926992129383357,0.8926992129383357,0.0,0.8926992129383357,0.8926992129383357,0.0,0.5438604950904846,0.5438604950904846,0.0,68.0,68.0,0.0,11.48206901550293,11.48206901550293,0.0,0.04081632653061224,0.04081632653061224,0.0,0.0,0.0,0.0
46,mp3d/X7HyMhZNoso/X7HyMhZNoso.glb,0,1.0,1.0,0.0,1.0,1.0,0.0,0.9877784799593384,0.9877784799593384,0.0,0.929021963849008,0.929021963849008,0.0,0.929021963849008,0.929021963849008,0.0,1.37800133228302,1.37800133228302,0.0,65.0,65.0,0.0,10.177139282226562,10.177139282226562,0.0,0.0,0.0,0.0,0.0,0.0,0.0
47,mp3d/X7HyMhZNoso/X7HyMhZNoso.glb,0,1.0,1.0,0.0,1.0,1.0,0.0,1.0,1.0,0.0,0.8604195312172502,0.8604195312172502,0.0,0.8604195312172502,0.8604195312172502,0.0,2.20732045173645,2.20732045173645,0.0,61.0,61.0,0.0,9.641895294189453,9.641895294189453,0.0,0.0,0.0,0.0,0.0,0.0,0.0
48,mp3d/X7HyMhZNoso/X7HyMhZNoso.glb,0,1.0,1.0,0.0,1.0,1.0,0.0,1.0,1.0,0.0,0.8879965069831174,0.8879965069831174,0.0,0.8879965069831174,0.8879965069831174,0.0,2.377946615219116,2.377946615219116,0.0,61.0,61.0,0.0,9.177140235900879,9.177140235900879,0.0,0.0,0.0,0.0,0.0,0.0,0.0
49,mp3d/QUCTc6BB5sX/QUCTc6BB5sX.glb,0,0.0,0.0,0.0,0.0,0.0,0.0,0.0,0.0,0.0,0.5127794461602736,0.5225182524523703,0.009738806292096669,0.0,0.0,0.0,8.483038902282715,9.19361686706543,0.7105779647827148,132.0,141.0,9.0,11.743799209594727,12.0645112991333,0.3207120895385742,0.58,0.54,-0.039999999999999925,0.0,0.0,0.0
50,mp3d/QUCTc6BB5sX/QUCTc6BB5sX.glb,0,0.0,0.0,0.0,0.0,0.0,0.0,0.0,0.0,0.0,0.10221011775426676,0.2352171553717118,0.13300703761744503,0.0,0.0,0.0,12.841303825378418,13.116637229919434,0.2753334045410156,226.0,46.0,-180.0,32.3231315612793,7.003425598144531,-25.319705963134766,0.09090909090909091,0.0,-0.09090909090909091,0.0,0.0,0.0
51,mp3d/QUCTc6BB5sX/QUCTc6BB5sX.glb,0,0.0,0.0,0.0,0.0,0.0,0.0,0.0,0.0,0.0,0.3265800091818757,0.3265800091818757,0.0,0.0,0.0,0.0,13.988570213317871,13.988570213317871,0.0,135.0,135.0,0.0,14.56328010559082,14.56328010559082,0.0,0.6721311475409836,0.6721311475409836,0.0,0.0,0.0,0.0
52,mp3d/zsNo4HB9uLZ/zsNo4HB9uLZ.glb,0,1.0,1.0,0.0,1.0,1.0,0.0,1.0,1.0,0.0,0.8676237790479531,0.8676237790479531,0.0,0.8676237790479531,0.8676237790479531,0.0,2.641010046005249,2.641010046005249,0.0,73.0,73.0,0.0,12.505812644958496,12.505812644958496,0.0,0.0,0.0,0.0,0.0,0.0,0.0
53,mp3d/zsNo4HB9uLZ/zsNo4HB9uLZ.glb,0,1.0,1.0,0.0,1.0,1.0,0.0,1.0,1.0,0.0,0.8944290790187317,0.8944290790187317,0.0,0.8944290790187317,0.8944290790187317,0.0,1.9000046253204346,1.9000046253204346,0.0,77.0,77.0,0.0,13.255812644958496,13.255812644958496,0.0,0.0,0.0,0.0,0.0,0.0,0.0
54,mp3d/zsNo4HB9uLZ/zsNo4HB9uLZ.glb,0,0.0,1.0,1.0,1.0,1.0,0.0,0.0,0.9076459955935475,0.9076459955935475,0.8213041025903833,0.8865975723833193,0.06529346979293593,0.0,0.8865975723833193,0.8865975723833193,3.7915165424346924,2.232879638671875,-1.5586369037628174,115.0,100.0,-15.0,17.660537719726562,15.905203819274902,-1.7553339004516602,0.0273972602739726,0.030303030303030304,0.0029057700290577027,1.0,0.0,-1.0
55,mp3d/zsNo4HB9uLZ/zsNo4HB9uLZ.glb,0,0.0,0.0,0.0,0.0,0.0,0.0,0.0,0.0,0.0,0.7076517859805885,0.7076517859805885,0.0,0.0,0.0,0.0,6.606271743774414,6.606271743774414,0.0,70.0,70.0,0.0,12.49393367767334,12.49393367767334,0.0,0.0196078431372549,0.0196078431372549,0.0,0.0,0.0,0.0
56,mp3d/zsNo4HB9uLZ/zsNo4HB9uLZ.glb,0,1.0,1.0,0.0,1.0,1.0,0.0,0.8730892950356136,1.0,0.1269107049643864,0.8318870253783157,0.8901271369810896,0.05824011160277387,0.8318870253783157,0.8901271369810896,0.05824011160277387,2.377243995666504,2.1570472717285156,-0.22019672393798828,93.0,67.0,-26.0,14.8661527633667,12.116153717041016,-2.7499990463256836,0.06451612903225806,0.0784313725490196,0.013915243516761544,0.0,0.0,0.0
57,mp3d/zsNo4HB9uLZ/zsNo4HB9uLZ.glb,0,1.0,1.0,0.0,1.0,1.0,0.0,0.614670598158459,0.614670598158459,0.0,0.637176554999007,0.637176554999007,0.0,0.637176554999007,0.637176554999007,0.0,2.3139383792877197,2.3139383792877197,0.0,159.0,159.0,0.0,21.116153717041016,21.116153717041016,0.0,0.04597701149425287,0.04597701149425287,0.0,0.0,0.0,0.0
58,mp3d/TbHJrupSAjP/TbHJrupSAjP.glb,0,1.0,1.0,0.0,1.0,1.0,0.0,0.570844376017347,1.0,0.42915562398265295,0.7546721371473591,0.9075718651908827,0.1528997280435236,0.7546721371473591,0.9075718651908827,0.1528997280435236,2.4267053604125977,1.3130483627319336,-1.113656997680664,105.0,38.0,-67.0,14.60606575012207,7.356067657470703,-7.249998092651367,0.03508771929824561,0.07142857142857142,0.03634085213032581,0.0,0.0,0.0
59,mp3d/TbHJrupSAjP/TbHJrupSAjP.glb,0,1.0,1.0,0.0,1.0,1.0,0.0,1.0,1.0,0.0,0.9075718651908827,0.9075718651908827,0.0,0.9075718651908827,0.9075718651908827,0.0,1.3130483627319336,1.3130483627319336,0.0,38.0,38.0,0.0,7.356067657470703,7.356067657470703,0.0,0.07142857142857142,0.07142857142857142,0.0,0.0,0.0,0.0
60,mp3d/TbHJrupSAjP/TbHJrupSAjP.glb,0,0.0,0.0,0.0,1.0,1.0,0.0,0.0,0.0,0.0,0.7341568824968924,0.7341568824968924,0.0,0.0,0.0,0.0,4.375509738922119,4.375509738922119,0.0,86.0,86.0,0.0,10.611490249633789,10.611490249633789,0.0,0.04878048780487805,0.04878048780487805,0.0,1.0,1.0,0.0
61,mp3d/2azQ1b91cZZ/2azQ1b91cZZ.glb,0,1.0,0.0,-1.0,1.0,1.0,0.0,0.8663653066727844,0.0,-0.8663653066727844,0.89390349173914,0.16322277637099514,-0.7306807153681448,0.89390349173914,0.0,-0.89390349173914,0.8316430449485779,6.903522491455078,6.0718794465065,63.0,141.0,78.0,9.477882385253906,19.227890014648438,9.750007629394531,0.1282051282051282,0.0641025641025641,-0.0641025641025641,0.0,1.0,1.0
62,mp3d/2azQ1b91cZZ/2azQ1b91cZZ.glb,0,1.0,1.0,0.0,1.0,1.0,0.0,0.8898368914692583,0.8898368914692583,0.0,0.9142297166977015,0.9142297166977015,0.0,0.9142297166977015,0.9142297166977015,0.0,0.8110896348953247,0.8110896348953247,0.0,61.0,61.0,0.0,9.227880477905273,9.227880477905273,0.0,0.13157894736842105,0.13157894736842105,0.0,0.0,0.0,0.0
63,mp3d/2azQ1b91cZZ/2azQ1b91cZZ.glb,0,1.0,1.0,0.0,1.0,1.0,0.0,1.0,1.0,0.0,0.8959233479134131,0.8959233479134131,0.0,0.8959233479134131,0.8959233479134131,0.0,1.2264902591705322,1.2264902591705322,0.0,54.0,54.0,0.0,7.942702770233154,7.942702770233154,0.0,0.32432432432432434,0.32432432432432434,0.0,0.0,0.0,0.0
64,mp3d/oLBMNvg9in8/oLBMNvg9in8.glb,0,1.0,1.0,0.0,1.0,1.0,0.0,0.7252714718869674,0.7252714718869674,0.0,0.9066452980846924,0.9066452980846924,0.0,0.9066452980846924,0.9066452980846924,0.0,0.17140619456768036,0.17140619456768036,0.0,63.0,63.0,0.0,8.122352600097656,8.122352600097656,0.0,0.0,0.0,0.0,0.0,0.0,0.0
65,mp3d/oLBMNvg9in8/oLBMNvg9in8.glb,0,1.0,1.0,0.0,1.0,1.0,0.0,0.7252714718869674,0.7252714718869674,0.0,0.9066452980846924,0.9066452980846924,0.0,0.9066452980846924,0.9066452980846924,0.0,0.17140619456768036,0.17140619456768036,0.0,63.0,63.0,0.0,8.122352600097656,8.122352600097656,0.0,0.0,0.0,0.0,0.0,0.0,0.0
66,mp3d/oLBMNvg9in8/oLBMNvg9in8.glb,0,0.0,1.0,1.0,0.0,1.0,1.0,0.0,0.3358262692974311,0.3358262692974311,0.02324682783390958,0.5006775357141305,0.47743070788022096,0.0,0.5006775357141305,0.5006775357141305,7.102865219116211,1.6885747909545898,-5.414290428161621,387.0,149.0,-238.0,42.518863677978516,17.541542053222656,-24.97732162475586,0.023255813953488372,0.0,-0.023255813953488372,0.0,0.0,0.0
67,mp3d/QUCTc6BB5sX/QUCTc6BB5sX.glb,0,0.0,0.0,0.0,0.0,0.0,0.0,0.0,0.0,0.0,0.07231974014669042,4.507822241966427e-08,-0.072319695068468,0.0,0.0,0.0,18.31039810180664,16.501445770263672,-1.8089523315429688,66.0,357.0,291.0,11.0,59.97576904296875,48.97576904296875,0.0,0.016597510373443983,0.016597510373443983,0.0,0.0,0.0
68,mp3d/QUCTc6BB5sX/QUCTc6BB5sX.glb,0,1.0,1.0,0.0,1.0,1.0,0.0,0.4846074715857429,0.4506369620162965,-0.03397050956944642,0.11599331804272467,0.10657828337419814,-0.009415034668526528,0.11599331804272467,0.10657828337419814,-0.009415034668526528,2.9664323329925537,2.0570526123046875,-0.9093797206878662,138.0,150.0,12.0,26.284374237060547,28.265777587890625,1.9814033508300781,0.0,0.0,0.0,0.0,0.0,0.0
69,mp3d/QUCTc6BB5sX/QUCTc6BB5sX.glb,0,1.0,0.0,-1.0,1.0,0.0,-1.0,0.20953016258843304,0.0,-0.20953016258843304,0.003025084639473473,5.054187081722922e-07,-0.0030245792207653005,0.003025084639473473,0.0,-0.003025084639473473,2.307438611984253,21.893774032592773,19.58633542060852,343.0,437.0,94.0,60.79126739501953,73.78330993652344,12.992042541503906,0.0,0.0,0.0,0.0,0.0,0.0
70,mp3d/2azQ1b91cZZ/2azQ1b91cZZ.glb,0,0.0,1.0,1.0,0.0,1.0,1.0,0.0,0.8690454545454546,0.8690454545454546,0.3591431700952,0.7472236873464403,0.38808051725124026,0.0,0.7472236873464403,0.7472236873464403,9.880952835083008,0.9524632692337036,-8.928489565849304,86.0,98.0,12.0,17.7542724609375,18.001556396484375,0.247283935546875,0.0,0.0136986301369863,0.0136986301369863,0.0,0.0,0.0
71,mp3d/2azQ1b91cZZ/2azQ1b91cZZ.glb,0,0.0,0.0,0.0,0.0,0.0,0.0,0.0,0.0,0.0,0.2256881086663629,0.28872010602554765,0.06303199735918474,0.0,0.0,0.0,6.731383323669434,9.880952835083008,3.149569511413574,218.0,115.0,-103.0,28.770505905151367,19.2542724609375,-9.516233444213867,0.0,0.0,0.0,0.0,0.0,0.0
72,mp3d/2azQ1b91cZZ/2azQ1b91cZZ.glb,0,0.0,0.0,0.0,0.0,0.0,0.0,0.0,0.0,0.0,0.27086390333072446,0.27086390333072446,0.0,0.0,0.0,0.0,11.29574966430664,11.29574966430664,0.0,93.0,93.0,0.0,19.5042724609375,19.5042724609375,0.0,0.0,0.0,0.0,0.0,0.0,0.0
73,mp3d/zsNo4HB9uLZ/zsNo4HB9uLZ.glb,0,1.0,1.0,0.0,1.0,1.0,0.0,0.6638677194883417,0.5409292616011117,-0.12293845788723001,0.6953965149587698,0.4819734665184438,-0.21342304844032595,0.6953965149587698,0.4819734665184438,-0.21342304844032595,1.9405571222305298,1.9405572414398193,1.1920928955078125e-07,74.0,90.0,16.0,11.000000953674316,13.500000953674316,2.5,0.0,0.0,0.0,0.0,0.0,0.0
74,mp3d/zsNo4HB9uLZ/zsNo4HB9uLZ.glb,0,0.0,0.0,0.0,0.0,0.0,0.0,0.0,0.0,0.0,0.1596567293947788,0.1596567293947788,0.0,0.0,0.0,0.0,4.576741695404053,4.576741695404053,0.0,122.0,122.0,0.0,19.366153717041016,19.366153717041016,0.0,0.05,0.05,0.0,0.0,0.0,0.0
75,mp3d/zsNo4HB9uLZ/zsNo4HB9uLZ.glb,0,0.0,0.0,0.0,0.0,0.0,0.0,0.0,0.0,0.0,0.19628855855348507,0.07682630839939972,-0.11946225015408535,0.0,0.0,0.0,7.292149543762207,7.925756454467773,0.6336069107055664,62.0,121.0,59.0,11.24393367767334,18.83791732788086,7.5939836502075195,0.021739130434782608,0.10256410256410256,0.08082497212931995,0.0,0.0,0.0
76,mp3d/2azQ1b91cZZ/2azQ1b91cZZ.glb,0,0.0,0.0,0.0,0.0,0.0,0.0,0.0,0.0,0.0,0.012411350989953263,0.0005033176953950482,-0.011908033294558215,0.0,0.0,0.0,23.299924850463867,12.611227989196777,-10.68869686126709,119.0,401.0,282.0,20.25001335144043,60.714271545410156,40.46425819396973,0.0,0.00819672131147541,0.00819672131147541,0.0,0.0,0.0
77,mp3d/2azQ1b91cZZ/2azQ1b91cZZ.glb,0,0.0,0.0,0.0,0.0,0.0,0.0,0.0,0.0,0.0,0.1914549348086285,0.1954839764010701,0.004029041592441607,0.0,0.0,0.0,14.017653465270996,14.737621307373047,0.7199678421020508,88.0,89.0,1.0,13.793296813964844,14.000009536743164,0.2067127227783203,0.07017543859649122,0.0,-0.07017543859649122,0.0,0.0,0.0
78,mp3d/2azQ1b91cZZ/2azQ1b91cZZ.glb,0,0.0,0.0,0.0,0.0,0.0,0.0,0.0,0.0,0.0,0.12718106684432126,0.21303856158664922,0.08585749474232796,0.0,0.0,0.0,14.617340087890625,14.675514221191406,0.05817413330078125,130.0,93.0,-37.0,18.18663215637207,14.750007629394531,-3.436624526977539,0.02702702702702703,0.0,-0.02702702702702703,0.0,0.0,0.0
79,mp3d/2azQ1b91cZZ/2azQ1b91cZZ.glb,0,1.0,1.0,0.0,1.0,1.0,0.0,0.9868277714673924,0.9868277714673924,0.0,0.9573981505636339,0.9573981505636339,0.0,0.9573981505636339,0.9573981505636339,0.0,0.6729662418365479,0.6729662418365479,0.0,43.0,43.0,0.0,6.726863861083984,6.726863861083984,0.0,0.03571428571428571,0.03571428571428571,0.0,0.0,0.0,0.0
80,mp3d/2azQ1b91cZZ/2azQ1b91cZZ.glb,0,1.0,1.0,0.0,1.0,1.0,0.0,0.9868277714673924,0.9868277714673924,0.0,0.8867561786715518,0.8867561786715518,0.0,0.8867561786715518,0.8867561786715518,0.0,2.4905433654785156,2.4905433654785156,0.0,36.0,36.0,0.0,6.726863861083984,6.726863861083984,0.0,0.03571428571428571,0.03571428571428571,0.0,0.0,0.0,0.0
81,mp3d/2azQ1b91cZZ/2azQ1b91cZZ.glb,0,1.0,1.0,0.0,1.0,1.0,0.0,0.9868277714673924,0.9868277714673924,0.0,0.8867561786715518,0.8867561786715518,0.0,0.8867561786715518,0.8867561786715518,0.0,2.4905433654785156,2.4905433654785156,0.0,36.0,36.0,0.0,6.726863861083984,6.726863861083984,0.0,0.03571428571428571,0.03571428571428571,0.0,0.0,0.0,0.0
82,mp3d/QUCTc6BB5sX/QUCTc6BB5sX.glb,0,0.0,0.0,0.0,0.0,0.0,0.0,0.0,0.0,0.0,0.47762019361756897,0.006335843029242987,-0.47128435058832596,0.0,0.0,0.0,7.422171592712402,24.08417320251465,16.662001609802246,141.0,161.0,20.0,10.144021987915039,22.30057716369629,12.15655517578125,1.4047619047619047,0.011111111111111112,-1.3936507936507936,0.0,0.0,0.0
83,mp3d/QUCTc6BB5sX/QUCTc6BB5sX.glb,0,0.0,0.0,0.0,0.0,0.0,0.0,0.0,0.0,0.0,0.23549199671444085,0.146044041821064,-0.08944795489337684,0.0,0.0,0.0,13.095329284667969,13.060859680175781,-0.0344696044921875,90.0,115.0,25.0,12.250007629394531,16.00000762939453,3.75,0.0,0.0,0.0,0.0,0.0,0.0
84,mp3d/QUCTc6BB5sX/QUCTc6BB5sX.glb,0,1.0,1.0,0.0,1.0,1.0,0.0,1.0,1.0,0.0,0.901694929596693,0.901694929596693,0.0,0.901694929596693,0.901694929596693,0.0,2.2645344734191895,2.2645344734191895,0.0,57.0,57.0,0.0,11.02374267578125,11.02374267578125,0.0,0.0,0.0,0.0,0.0,0.0,0.0
85,mp3d/zsNo4HB9uLZ/zsNo4HB9uLZ.glb,0,1.0,1.0,0.0,1.0,1.0,0.0,0.9784075855954949,0.9784075855954949,0.0,0.9559748698199814,0.9559748698199814,0.0,0.9559748698199814,0.9559748698199814,0.0,0.07800856232643127,0.07800856232643127,0.0,43.0,43.0,0.0,8.750032424926758,8.750032424926758,0.0,0.0,0.0,0.0,0.0,0.0,0.0
86,mp3d/zsNo4HB9uLZ/zsNo4HB9uLZ.glb,0,0.0,1.0,1.0,0.0,1.0,1.0,0.0,1.0,1.0,0.8157497308696703,0.915676167355269,0.09992643648559874,0.0,0.915676167355269,0.915676167355269,3.5326290130615234,2.3082032203674316,-1.2244257926940918,25.0,32.0,7.0,5.250030517578125,6.500030517578125,1.25,0.0,0.0,0.0,0.0,0.0,0.0
87,mp3d/zsNo4HB9uLZ/zsNo4HB9uLZ.glb,0,1.0,1.0,0.0,1.0,1.0,0.0,1.0,1.0,0.0,0.9407783797323604,0.9407783797323604,0.0,0.9407783797323604,0.9407783797323604,0.0,1.554837942123413,1.554837942123413,0.0,36.0,36.0,0.0,7.250030517578125,7.250030517578125,0.0,0.0,0.0,0.0,0.0,0.0,0.0
88,mp3d/2azQ1b91cZZ/2azQ1b91cZZ.glb,0,0.0,0.0,0.0,0.0,0.0,0.0,0.0,0.0,0.0,0.13913685969358316,0.13913685969358316,0.0,0.0,0.0,0.0,13.464926719665527,13.464926719665527,0.0,114.0,114.0,0.0,16.250009536743164,16.250009536743164,0.0,0.0,0.0,0.0,0.0,0.0,0.0
89,mp3d/2azQ1b91cZZ/2azQ1b91cZZ.glb,0,0.0,0.0,0.0,0.0,0.0,0.0,0.0,0.0,0.0,0.02127165861347982,0.02127165861347982,0.0,0.0,0.0,0.0,13.728275299072266,13.728275299072266,0.0,227.0,227.0,0.0,26.25000762939453,26.25000762939453,0.0,0.0,0.0,0.0,0.0,0.0,0.0
90,mp3d/2azQ1b91cZZ/2azQ1b91cZZ.glb,0,0.0,0.0,0.0,0.0,0.0,0.0,0.0,0.0,0.0,0.4625969710492728,0.4625969710492728,0.0,0.0,0.0,0.0,11.02640151977539,11.02640151977539,0.0,68.0,68.0,0.0,2.1277127265930176,2.1277127265930176,0.0,5.0,5.0,0.0,0.0,0.0,0.0
91,mp3d/TbHJrupSAjP/TbHJrupSAjP.glb,0,0.0,0.0,0.0,0.0,0.0,0.0,0.0,0.0,0.0,0.1698338606706188,0.1698338606706188,0.0,0.0,0.0,0.0,11.797550201416016,11.797550201416016,0.0,45.0,45.0,0.0,7.352598190307617,7.352598190307617,0.0,0.0,0.0,0.0,0.0,0.0,0.0
92,mp3d/TbHJrupSAjP/TbHJrupSAjP.glb,0,1.0,1.0,0.0,1.0,1.0,0.0,1.0,1.0,0.0,0.9476030620655737,0.9505843656533765,0.002981303587802797,0.9476030620655737,0.9505843656533765,0.002981303587802797,1.149502158164978,0.941209077835083,-0.20829308032989502,35.0,37.0,2.0,5.065460205078125,5.077546119689941,0.012085914611816406,0.0,0.0,0.0,0.0,0.0,0.0
93,mp3d/TbHJrupSAjP/TbHJrupSAjP.glb,0,1.0,1.0,0.0,1.0,1.0,0.0,1.0,0.7500776581049415,-0.24992234189505846,0.9427194978010222,0.9361719432468196,-0.006547554554202528,0.9427194978010222,0.9361719432468196,-0.006547554554202528,0.7663328647613525,0.665896475315094,-0.10043638944625854,43.0,74.0,31.0,5.330206394195557,7.60465145111084,2.274445056915283,0.0,0.0,0.0,0.0,0.0,0.0
94,mp3d/QUCTc6BB5sX/QUCTc6BB5sX.glb,0,0.0,0.0,0.0,0.0,0.0,0.0,0.0,0.0,0.0,0.25598410870048693,0.8264308274838497,0.5704467187833627,0.0,0.0,0.0,8.28711986541748,3.553473949432373,-4.733645915985107,195.0,101.0,-94.0,26.327070236206055,11.010868072509766,-15.316202163696289,0.028037383177570093,0.9565217391304348,0.9284843559528647,0.0,0.0,0.0
95,mp3d/QUCTc6BB5sX/QUCTc6BB5sX.glb,0,0.0,0.0,0.0,0.0,0.0,0.0,0.0,0.0,0.0,0.10052412996202491,0.19963108046079006,0.09910695049876515,0.0,0.0,0.0,19.363229751586914,8.7498779296875,-10.613351821899414,73.0,61.0,-12.0,11.732791900634766,11.475407600402832,-0.2573843002319336,0.0,0.0,0.0,0.0,0.0,0.0
96,mp3d/QUCTc6BB5sX/QUCTc6BB5sX.glb,0,0.0,0.0,0.0,0.0,0.0,0.0,0.0,0.0,0.0,0.01403399827853701,0.05398234348515673,0.03994834520661972,0.0,0.0,0.0,8.7498779296875,20.20933723449707,11.45945930480957,181.0,119.0,-62.0,29.045106887817383,15.982797622680664,-13.062309265136719,0.0,0.0,0.0,0.0,0.0,0.0
97,mp3d/QUCTc6BB5sX/QUCTc6BB5sX.glb,0,0.0,0.0,0.0,0.0,0.0,0.0,0.0,0.0,0.0,0.09069605383945191,0.09069605383945191,0.0,0.0,0.0,0.0,10.763608932495117,10.763608932495117,0.0,74.0,74.0,0.0,11.524635314941406,11.524635314941406,0.0,0.0,0.0,0.0,0.0,0.0,0.0
98,mp3d/QUCTc6BB5sX/QUCTc6BB5sX.glb,0,1.0,1.0,0.0,1.0,1.0,0.0,1.0,0.28228481793274895,-0.717715182067251,0.9262452937136162,0.046861618307928836,-0.8793836754056874,0.9262452937136162,0.046861618307928836,-0.8793836754056874,1.2956572771072388,1.389594316482544,0.09393703937530518,42.0,190.0,148.0,6.003425598144531,23.753433227539062,17.75000762939453,0.0,0.0,0.0,0.0,0.0,0.0
99,mp3d/QUCTc6BB5sX/QUCTc6BB5sX.glb,0,1.0,1.0,0.0,1.0,1.0,0.0,1.0,1.0,0.0,0.9262452937136162,0.9262452937136162,0.0,0.9262452937136162,0.9262452937136162,0.0,1.2956572771072388,1.2956572771072388,0.0,42.0,42.0,0.0,6.003425598144531,6.003425598144531,0.0,0.0,0.0,0.0,0.0,0.0,0.0
100,mp3d/x8F5xyUWy9e/x8F5xyUWy9e.glb,0,0.0,1.0,1.0,1.0,1.0,0.0,0.0,0.32292437982788436,0.32292437982788436,0.3573862230697466,0.38068954738333866,0.023303324313592055,0.0,0.38068954738333866,0.38068954738333866,3.481489896774292,2.0777175426483154,-1.4037723541259766,198.0,208.0,10.0,28.36498260498047,28.087448120117188,-0.27753448486328125,0.017543859649122806,0.035398230088495575,0.01785437043937277,1.0,0.0,-1.0
101,mp3d/x8F5xyUWy9e/x8F5xyUWy9e.glb,0,0.0,0.0,0.0,0.0,0.0,0.0,0.0,0.0,0.0,0.6461312422438155,0.24049506734404144,-0.405636174899774,0.0,0.0,0.0,3.229184865951538,7.513577461242676,4.284392595291138,81.0,244.0,163.0,12.434675216674805,24.91980743408203,12.485132217407227,0.0,0.0,0.0,0.0,0.0,0.0
102,mp3d/x8F5xyUWy9e/x8F5xyUWy9e.glb,0,1.0,0.0,-1.0,1.0,1.0,0.0,0.3465680597052344,0.0,-0.3465680597052344,0.20829489776543378,0.5949690488064667,0.386674151041033,0.20829489776543378,0.0,-0.20829489776543378,0.5484108924865723,4.690935134887695,4.142524242401123,187.0,74.0,-113.0,26.17125701904297,13.919500350952148,-12.25175666809082,0.0,0.0,0.0,0.0,1.0,1.0
103,mp3d/QUCTc6BB5sX/QUCTc6BB5sX.glb,0,0.0,0.0,0.0,1.0,1.0,0.0,0.0,0.0,0.0,0.6018697863774419,0.6018697863774419,0.0,0.0,0.0,0.0,6.093987464904785,6.093987464904785,0.0,60.0,60.0,0.0,10.271350860595703,10.271350860595703,0.0,0.0,0.0,0.0,1.0,1.0,0.0
104,mp3d/QUCTc6BB5sX/QUCTc6BB5sX.glb,0,1.0,1.0,0.0,1.0,1.0,0.0,0.35115320453991206,0.33976212960172625,-0.011391074938185808,0.5396531208587261,0.530270322720785,-0.009382798137941073,0.5396531208587261,0.530270322720785,-0.009382798137941073,0.4631117582321167,0.3835180997848511,-0.07959365844726562,194.0,217.0,23.0,22.462448120117188,23.215538024902344,0.7530899047851562,0.01098901098901099,0.010638297872340425,-0.0003507131166705646,0.0,0.0,0.0
105,mp3d/QUCTc6BB5sX/QUCTc6BB5sX.glb,0,1.0,1.0,0.0,1.0,1.0,0.0,0.8301414235618816,0.8301414235618816,0.0,0.8117755816042544,0.8117755816042544,0.0,0.8117755816042544,0.8117755816042544,0.0,1.8218145370483398,1.8218145370483398,0.0,58.0,58.0,0.0,9.501707077026367,9.501707077026367,0.0,0.02564102564102564,0.02564102564102564,0.0,0.0,0.0,0.0
106,mp3d/TbHJrupSAjP/TbHJrupSAjP.glb,0,1.0,1.0,0.0,1.0,1.0,0.0,1.0,1.0,0.0,0.9286210478484904,0.9286210478484904,0.0,0.9286210478484904,0.9286210478484904,0.0,0.9605606198310852,0.9605606198310852,0.0,40.0,40.0,0.0,7.402243614196777,7.402243614196777,0.0,0.0,0.0,0.0,0.0,0.0,0.0
107,mp3d/TbHJrupSAjP/TbHJrupSAjP.glb,0,1.0,1.0,0.0,1.0,1.0,0.0,1.0,1.0,0.0,0.8476163824393388,0.9286210478484904,0.08100466540915163,0.8476163824393388,0.9286210478484904,0.08100466540915163,2.2688963413238525,0.9605606198310852,-1.3083357214927673,34.0,40.0,6.0,5.89352560043335,7.402243614196777,1.5087180137634277,0.0,0.0,0.0,0.0,0.0,0.0
108,mp3d/TbHJrupSAjP/TbHJrupSAjP.glb,0,0.0,0.0,0.0,0.0,0.0,0.0,0.0,0.0,0.0,0.369667026849251,0.30376401686829313,-0.06590300998095788,0.0,0.0,0.0,9.878567695617676,10.465198516845703,0.5866308212280273,53.0,59.0,6.0,9.368825912475586,10.415193557739258,1.0463676452636719,0.0,0.0,0.0,0.0,0.0,0.0
109,mp3d/oLBMNvg9in8/oLBMNvg9in8.glb,0,0.0,0.0,0.0,0.0,0.0,0.0,0.0,0.0,0.0,0.32155703332616314,0.32451883994203823,0.0029618066158750844,0.0,0.0,0.0,8.432302474975586,8.381568908691406,-0.05073356628417969,170.0,173.0,3.0,10.220122337341309,8.20927619934082,-2.0108461380004883,0.5324675324675324,0.618421052631579,0.08595352016404656,0.0,0.0,0.0
110,mp3d/oLBMNvg9in8/oLBMNvg9in8.glb,0,0.0,0.0,0.0,0.0,1.0,1.0,0.0,0.0,0.0,0.760000234185937,0.781989761414193,0.02198952722825598,0.0,0.0,0.0,3.4101576805114746,3.6677565574645996,0.257598876953125,72.0,81.0,9.0,10.035999298095703,11.028382301330566,0.9923830032348633,0.21052631578947367,0.02564102564102564,-0.18488529014844804,0.0,1.0,1.0
111,mp3d/oLBMNvg9in8/oLBMNvg9in8.glb,0,0.0,1.0,1.0,0.0,1.0,1.0,0.0,0.6397526350256266,0.6397526350256266,0.760000234185937,0.772737329471027,0.012737095285090039,0.0,0.772737329471027,0.772737329471027,3.4101576805114746,2.3320224285125732,-1.0781352519989014,72.0,103.0,31.0,10.035999298095703,13.278383255004883,3.2423839569091797,0.21052631578947367,0.020833333333333332,-0.18969298245614033,0.0,0.0,0.0
112,mp3d/X7HyMhZNoso/X7HyMhZNoso.glb,0,1.0,1.0,0.0,1.0,1.0,0.0,0.4697439325082953,0.5133720909119012,0.04362815840360584,0.8589284444518939,0.8794553105277529,0.020526866075859074,0.8589284444518939,0.8794553105277529,0.020526866075859074,1.8345942497253418,0.9925301671028137,-0.8420640826225281,83.0,71.0,-12.0,11.766989707946777,10.766989707946777,-1.0,0.0,0.0,0.0,0.0,0.0,0.0
113,mp3d/X7HyMhZNoso/X7HyMhZNoso.glb,0,1.0,0.0,-1.0,1.0,0.0,-1.0,0.30957717745986213,0.0,-0.30957717745986213,0.5018923974245769,0.4680913166329076,-0.033801080791669325,0.5018923974245769,0.0,-0.5018923974245769,2.3883450031280518,3.331601142883301,0.943256139755249,153.0,147.0,-6.0,17.854907989501953,16.604907989501953,-1.25,0.22580645161290322,0.23863636363636365,0.012829912023460427,0.0,0.0,0.0
114,mp3d/X7HyMhZNoso/X7HyMhZNoso.glb,0,0.0,1.0,1.0,1.0,1.0,0.0,0.0,0.26940939121762425,0.26940939121762425,0.3006152442417275,0.5214468616812263,0.22083161743949886,0.0,0.5214468616812263,0.5214468616812263,3.330108165740967,2.7252087593078613,-0.6048994064331055,200.0,146.0,-54.0,27.105045318603516,20.516998291015625,-6.588047027587891,0.026785714285714284,0.0,-0.026785714285714284,1.0,0.0,-1.0
115,mp3d/2azQ1b91cZZ/2azQ1b91cZZ.glb,0,0.0,0.0,0.0,1.0,0.0,-1.0,0.0,0.0,0.0,0.057263936359283174,0.009283130858233011,-0.04798080550105016,0.0,0.0,0.0,7.274264335632324,6.794811248779297,-0.47945308685302734,197.0,179.0,-18.0,25.958782196044922,22.50000762939453,-3.4587745666503906,0.03773584905660377,0.0,-0.03773584905660377,1.0,0.0,-1.0
116,mp3d/2azQ1b91cZZ/2azQ1b91cZZ.glb,0,1.0,1.0,0.0,1.0,1.0,0.0,0.25040865332164064,0.1861027200435734,-0.06430593327806725,0.4572035771414368,0.21737118937924133,-0.23983238776219545,0.4572035771414368,0.21737118937924133,-0.23983238776219545,0.41898220777511597,0.6260164380073547,0.20703423023223877,216.0,275.0,59.0,22.465364456176758,30.228046417236328,7.76268196105957,0.06521739130434782,0.04065040650406504,-0.024566984800282785,0.0,0.0,0.0
117,mp3d/2azQ1b91cZZ/2azQ1b91cZZ.glb,0,1.0,1.0,0.0,1.0,1.0,0.0,0.9788218220267089,0.9788218220267089,0.0,0.9407355196685346,0.9407355196685346,0.0,0.9407355196685346,0.9407355196685346,0.0,0.6476407051086426,0.6476407051086426,0.0,43.0,43.0,0.0,5.747237682342529,5.747237682342529,0.0,0.08333333333333333,0.08333333333333333,0.0,0.0,0.0,0.0
118,mp3d/X7HyMhZNoso/X7HyMhZNoso.glb,0,1.0,1.0,0.0,1.0,1.0,0.0,0.7915480166473365,0.7915480166473365,0.0,0.9023952318479729,0.9023952318479729,0.0,0.9023952318479729,0.9023952318479729,0.0,0.2864556908607483,0.2864556908607483,0.0,54.0,54.0,0.0,6.750000953674316,6.750000953674316,0.0,0.0,0.0,0.0,0.0,0.0,0.0
119,mp3d/X7HyMhZNoso/X7HyMhZNoso.glb,0,0.0,0.0,0.0,1.0,1.0,0.0,0.0,0.0,0.0,0.4129348965413286,0.4129348965413286,0.0,0.0,0.0,0.0,6.790174961090088,6.790174961090088,0.0,65.0,65.0,0.0,9.25,9.25,0.0,0.0,0.0,0.0,1.0,1.0,0.0
120,mp3d/X7HyMhZNoso/X7HyMhZNoso.glb,0,0.0,0.0,0.0,1.0,1.0,0.0,0.0,0.0,0.0,0.7191557313369645,0.7191557313369645,0.0,0.0,0.0,0.0,3.8775506019592285,3.8775506019592285,0.0,68.0,68.0,0.0,8.5,8.5,0.0,0.0,0.0,0.0,1.0,1.0,0.0
121,mp3d/2azQ1b91cZZ/2azQ1b91cZZ.glb,0,0.0,0.0,0.0,1.0,1.0,0.0,0.0,0.0,0.0,0.1913112740068465,0.1913112740068465,0.0,0.0,0.0,0.0,7.9316864013671875,7.9316864013671875,0.0,57.0,57.0,0.0,9.579976081848145,9.579976081848145,0.0,0.15,0.15,0.0,1.0,1.0,0.0
122,mp3d/2azQ1b91cZZ/2azQ1b91cZZ.glb,0,1.0,1.0,0.0,1.0,1.0,0.0,0.6026066297038485,0.838409423828125,0.23580279412427652,0.6761134200829214,0.857923788950365,0.18181036886744362,0.6761134200829214,0.857923788950365,0.18181036886744362,2.4761390686035156,1.257458209991455,-1.2186808586120605,46.0,38.0,-8.0,8.000001907348633,5.75,-2.250001907348633,0.0,0.0,0.0,0.0,0.0,0.0
123,mp3d/2azQ1b91cZZ/2azQ1b91cZZ.glb,0,0.0,1.0,1.0,1.0,1.0,0.0,0.0,0.838409423828125,0.838409423828125,0.5926029236733648,0.857923788950365,0.2653208652770003,0.0,0.857923788950365,0.857923788950365,3.137843370437622,1.257458209991455,-1.880385160446167,52.0,38.0,-14.0,8.250000953674316,5.75,-2.5000009536743164,0.0,0.0,0.0,1.0,0.0,-1.0
124,mp3d/zsNo4HB9uLZ/zsNo4HB9uLZ.glb,0,0.0,0.0,0.0,0.0,0.0,0.0,0.0,0.0,0.0,0.7749132352295156,0.7749132352295156,0.0,0.0,0.0,0.0,3.71193265914917,3.71193265914917,0.0,54.0,54.0,0.0,9.1903715133667,9.1903715133667,0.0,0.2631578947368421,0.2631578947368421,0.0,0.0,0.0,0.0
125,mp3d/zsNo4HB9uLZ/zsNo4HB9uLZ.glb,0,1.0,1.0,0.0,1.0,1.0,0.0,0.765963467392105,0.8843468816042257,0.11838341421212073,0.8004061089563373,0.9257067660511429,0.12530065709480553,0.8004061089563373,0.9257067660511429,0.12530065709480553,1.6874616146087646,0.4862643778324127,-1.201197236776352,104.0,76.0,-28.0,14.940370559692383,12.940372467041016,-1.9999980926513672,0.16393442622950818,0.18867924528301888,0.024744819053510697,0.0,0.0,0.0
126,mp3d/zsNo4HB9uLZ/zsNo4HB9uLZ.glb,0,0.0,0.0,0.0,0.0,0.0,0.0,0.0,0.0,0.0,0.5668833841407549,0.5668833841407549,0.0,0.0,0.0,0.0,6.162146091461182,6.162146091461182,0.0,46.0,46.0,0.0,6.940370559692383,6.940370559692383,0.0,0.3448275862068966,0.3448275862068966,0.0,0.0,0.0,0.0
127,mp3d/EU6Fwq7SyZv/EU6Fwq7SyZv.glb,0,0.0,0.0,0.0,1.0,1.0,0.0,0.0,0.0,0.0,0.037516023922695645,0.4560228925855993,0.41850686866290365,0.0,0.0,0.0,3.055105209350586,3.1021673679351807,0.04706215858459473,235.0,95.0,-140.0,29.763797760009766,11.494641304016113,-18.269156455993652,0.04838709677419355,0.0425531914893617,-0.005833905284831846,1.0,1.0,0.0
128,mp3d/EU6Fwq7SyZv/EU6Fwq7SyZv.glb,0,1.0,1.0,0.0,1.0,1.0,0.0,0.12623464436346302,0.13455690212072613,0.008322257757263113,0.053491233005976024,0.07910552970916053,0.025614296703184505,0.053491233005976024,0.07910552970916053,0.025614296703184505,2.009519100189209,1.8091795444488525,-0.20033955574035645,315.0,282.0,-33.0,36.555171966552734,34.29425811767578,-2.260913848876953,0.013605442176870748,0.0,-0.013605442176870748,0.0,0.0,0.0
129,mp3d/EU6Fwq7SyZv/EU6Fwq7SyZv.glb,0,1.0,1.0,0.0,1.0,1.0,0.0,0.1626004658492898,0.13160920381222116,-0.030991262037068645,0.11291784569722783,0.05437649303439988,-0.05854135266282796,0.11291784569722783,0.05437649303439988,-0.05854135266282796,2.3722591400146484,0.07187530398368835,-2.30038383603096,243.0,308.0,65.0,28.37955665588379,35.06235885620117,6.682802200317383,0.02608695652173913,0.0,-0.02608695652173913,0.0,0.0,0.0
130,mp3d/oLBMNvg9in8/oLBMNvg9in8.glb,0,1.0,1.0,0.0,1.0,1.0,0.0,0.3023917686604172,0.3023917686604172,0.0,0.3764977194054738,0.3764977194054738,0.0,0.3764977194054738,0.3764977194054738,0.0,0.5551344752311707,0.5551344752311707,0.0,154.0,154.0,0.0,20.0117130279541,20.0117130279541,0.0,0.16455696202531644,0.16455696202531644,0.0,0.0,0.0,0.0
131,mp3d/oLBMNvg9in8/oLBMNvg9in8.glb,0,1.0,1.0,0.0,1.0,1.0,0.0,0.41982088306414583,0.41982088306414583,0.0,0.6198625560384434,0.6198625560384434,0.0,0.6198625560384434,0.6198625560384434,0.0,0.8221057057380676,0.8221057057380676,0.0,113.0,113.0,0.0,14.414188385009766,14.414188385009766,0.0,0.14545454545454545,0.14545454545454545,0.0,0.0,0.0,0.0
132,mp3d/oLBMNvg9in8/oLBMNvg9in8.glb,0,1.0,1.0,0.0,1.0,1.0,0.0,0.4433010966400078,0.4186948338771685,-0.02460626276283928,0.6224512019765187,0.5564168021638386,-0.06603439981268011,0.6224512019765187,0.5564168021638386,-0.06603439981268011,0.42353692650794983,1.6021111011505127,1.1785741746425629,120.0,119.0,-1.0,13.650715827941895,14.452954292297363,0.8022384643554688,0.14814814814814814,0.16071428571428573,0.012566137566137586,0.0,0.0,0.0
133,mp3d/TbHJrupSAjP/TbHJrupSAjP.glb,0,1.0,1.0,0.0,1.0,1.0,0.0,0.8380329111108088,0.8380329111108088,0.0,0.9292407391710822,0.9292407391710822,0.0,0.9292407391710822,0.9292407391710822,0.0,0.2852024435997009,0.2852024435997009,0.0,66.0,66.0,0.0,10.022833824157715,10.022833824157715,0.0,0.024390243902439025,0.024390243902439025,0.0,0.0,0.0,0.0
134,mp3d/TbHJrupSAjP/TbHJrupSAjP.glb,0,1.0,1.0,0.0,1.0,1.0,0.0,0.8380329111108088,0.8380329111108088,0.0,0.9292407391710822,0.9292407391710822,0.0,0.9292407391710822,0.9292407391710822,0.0,0.2852024435997009,0.2852024435997009,0.0,66.0,66.0,0.0,10.022833824157715,10.022833824157715,0.0,0.024390243902439025,0.024390243902439025,0.0,0.0,0.0,0.0
135,mp3d/TbHJrupSAjP/TbHJrupSAjP.glb,0,1.0,1.0,0.0,1.0,1.0,0.0,0.8380329111108088,0.8380329111108088,0.0,0.9292407391710822,0.9292407391710822,0.0,0.9292407391710822,0.9292407391710822,0.0,0.2852024435997009,0.2852024435997009,0.0,66.0,66.0,0.0,10.022833824157715,10.022833824157715,0.0,0.024390243902439025,0.024390243902439025,0.0,0.0,0.0,0.0
136,mp3d/zsNo4HB9uLZ/zsNo4HB9uLZ.glb,0,1.0,1.0,0.0,1.0,1.0,0.0,1.0,1.0,0.0,0.9164386384925979,0.9164386384925979,0.0,0.9164386384925979,0.9164386384925979,0.0,1.553521990776062,1.553521990776062,0.0,35.0,35.0,0.0,6.749999523162842,6.749999523162842,0.0,0.0,0.0,0.0,0.0,0.0,0.0
137,mp3d/zsNo4HB9uLZ/zsNo4HB9uLZ.glb,0,1.0,1.0,0.0,1.0,1.0,0.0,1.0,1.0,0.0,0.9164386384925979,0.9164386384925979,0.0,0.9164386384925979,0.9164386384925979,0.0,1.553521990776062,1.553521990776062,0.0,35.0,35.0,0.0,6.749999523162842,6.749999523162842,0.0,0.0,0.0,0.0,0.0,0.0,0.0
138,mp3d/zsNo4HB9uLZ/zsNo4HB9uLZ.glb,0,1.0,1.0,0.0,1.0,1.0,0.0,1.0,1.0,0.0,0.9164386384925979,0.9164386384925979,0.0,0.9164386384925979,0.9164386384925979,0.0,1.553521990776062,1.553521990776062,0.0,35.0,35.0,0.0,6.749999523162842,6.749999523162842,0.0,0.0,0.0,0.0,0.0,0.0,0.0
139,mp3d/2azQ1b91cZZ/2azQ1b91cZZ.glb,0,1.0,1.0,0.0,1.0,1.0,0.0,0.7226164188180343,0.8624778232362339,0.1398614044181996,0.780625933009436,0.7234113984359509,-0.05721453457348502,0.780625933009436,0.7234113984359509,-0.05721453457348502,0.6238597631454468,0.571027934551239,-0.052831828594207764,110.0,84.0,-26.0,18.500011444091797,15.500006675720215,-3.000004768371582,0.0,0.0,0.0,0.0,0.0,0.0
140,mp3d/2azQ1b91cZZ/2azQ1b91cZZ.glb,0,1.0,1.0,0.0,1.0,1.0,0.0,0.6521174773842014,0.5354739666783507,-0.11664351070585077,0.41607188038600584,0.393523105186215,-0.022548775199790816,0.41607188038600584,0.393523105186215,-0.022548775199790816,2.920672655105591,1.8158375024795532,-1.1048351526260376,136.0,170.0,34.0,20.5000057220459,24.96556854248047,4.46556282043457,0.0,0.009900990099009901,0.009900990099009901,0.0,0.0,0.0
141,mp3d/2azQ1b91cZZ/2azQ1b91cZZ.glb,0,0.0,0.0,0.0,0.0,0.0,0.0,0.0,0.0,0.0,0.04577413843282822,0.5216596970452739,0.4758855586124457,0.0,0.0,0.0,11.960306167602539,6.31624698638916,-5.644059181213379,203.0,39.0,-164.0,29.431995391845703,7.50000524520874,-21.931990146636963,0.041666666666666664,0.0,-0.041666666666666664,0.0,0.0,0.0
142,mp3d/QUCTc6BB5sX/QUCTc6BB5sX.glb,0,1.0,1.0,0.0,1.0,1.0,0.0,0.671020710966605,0.5814593108982192,-0.08956140006838575,0.7937259219484188,0.7152492748359928,-0.07847664711242608,0.7937259219484188,0.7152492748359928,-0.07847664711242608,1.8773224353790283,0.9370479583740234,-0.9402744770050049,54.0,68.0,14.0,8.115385055541992,9.365386962890625,1.2500019073486328,0.1388888888888889,0.12195121951219512,-0.016937669376693776,0.0,0.0,0.0
143,mp3d/QUCTc6BB5sX/QUCTc6BB5sX.glb,0,0.0,0.0,0.0,1.0,1.0,0.0,0.0,0.0,0.0,0.3436440154062361,0.3436440154062361,0.0,0.0,0.0,0.0,5.035663604736328,5.035663604736328,0.0,98.0,98.0,0.0,15.117939949035645,15.117939949035645,0.0,0.078125,0.078125,0.0,1.0,1.0,0.0
144,mp3d/QUCTc6BB5sX/QUCTc6BB5sX.glb,0,0.0,0.0,0.0,1.0,1.0,0.0,0.0,0.0,0.0,0.07905566206129337,0.3244701393497709,0.24541447728847754,0.0,0.0,0.0,6.5063862800598145,4.980714797973633,-1.5256714820861816,97.0,90.0,-7.0,16.250003814697266,13.615386962890625,-2.6346168518066406,0.0,0.08620689655172414,0.08620689655172414,1.0,1.0,0.0
145,mp3d/zsNo4HB9uLZ/zsNo4HB9uLZ.glb,0,1.0,1.0,0.0,1.0,1.0,0.0,1.0,1.0,0.0,0.9263144623111971,0.9263144623111971,0.0,0.9263144623111971,0.9263144623111971,0.0,0.9797817468643188,0.9797817468643188,0.0,38.0,38.0,0.0,7.000000953674316,7.000000953674316,0.0,0.0,0.0,0.0,0.0,0.0,0.0
146,mp3d/zsNo4HB9uLZ/zsNo4HB9uLZ.glb,0,1.0,0.0,-1.0,1.0,1.0,0.0,0.8048647037998521,0.0,-0.8048647037998521,0.8878699923579023,0.8227286896211088,-0.06514130273679353,0.8878699923579023,0.0,-0.8878699923579023,0.32751330733299255,3.108948230743408,2.7814349234104156,51.0,42.0,-9.0,8.999999046325684,8.25,-0.7499990463256836,0.0,0.0,0.0,0.0,1.0,1.0
147,mp3d/zsNo4HB9uLZ/zsNo4HB9uLZ.glb,0,1.0,1.0,0.0,1.0,1.0,0.0,1.0,1.0,0.0,0.9263144623111971,0.9263144623111971,0.0,0.9263144623111971,0.9263144623111971,0.0,0.9797817468643188,0.9797817468643188,0.0,38.0,38.0,0.0,7.000000953674316,7.000000953674316,0.0,0.0,0.0,0.0,0.0,0.0,0.0
148,mp3d/QUCTc6BB5sX/QUCTc6BB5sX.glb,0,1.0,1.0,0.0,1.0,1.0,0.0,0.9789592961393492,1.0,0.021040703860650822,0.9004035314351113,0.8983196326459986,-0.002083898789112748,0.9004035314351113,0.8983196326459986,-0.002083898789112748,0.6486559510231018,1.5555585622787476,0.9069026112556458,69.0,69.0,0.0,8.943117141723633,8.196846008300781,-0.7462711334228516,0.3,0.2972972972972973,-0.002702702702702675,0.0,0.0,0.0
149,mp3d/QUCTc6BB5sX/QUCTc6BB5sX.glb,0,1.0,1.0,0.0,1.0,1.0,0.0,0.9815958555870984,0.978551285473202,-0.003044570113896361,0.917331751755856,0.9162197697479924,-0.0011119820078636655,0.917331751755856,0.9162197697479924,-0.0011119820078636655,0.840851902961731,0.8077556490898132,-0.033096253871917725,73.0,74.0,1.0,8.919095993041992,8.946846008300781,0.027750015258789062,0.275,0.275,0.0,0.0,0.0,0.0
150,mp3d/QUCTc6BB5sX/QUCTc6BB5sX.glb,0,1.0,1.0,0.0,1.0,1.0,0.0,0.3132646470448207,0.3132646470448207,0.0,0.45240459594827837,0.45240459594827837,0.0,0.45240459594827837,0.45240459594827837,0.0,0.5360567569732666,0.5360567569732666,0.0,261.0,261.0,0.0,27.94744873046875,27.94744873046875,0.0,0.11206896551724138,0.11206896551724138,0.0,0.0,0.0,0.0
151,mp3d/QUCTc6BB5sX/QUCTc6BB5sX.glb,0,1.0,1.0,0.0,1.0,1.0,0.0,0.9215288481386245,1.0,0.07847115186137554,0.8630987526913395,0.8634799333499793,0.00038118065863979034,0.8630987526913395,0.8634799333499793,0.00038118065863979034,0.3204805254936218,1.461660385131836,1.1411798596382141,72.0,60.0,-12.0,14.779814720153809,13.029813766479492,-1.7500009536743164,0.0,0.0,0.0,0.0,0.0,0.0
152,mp3d/QUCTc6BB5sX/QUCTc6BB5sX.glb,0,0.0,0.0,0.0,0.0,0.0,0.0,0.0,0.0,0.0,0.5131891344657362,0.5792389228375281,0.06604978837179187,0.0,0.0,0.0,10.496731758117676,9.560213088989258,-0.936518669128418,93.0,88.0,-5.0,18.240381240844727,17.27237319946289,-0.9680080413818359,0.06756756756756757,0.014285714285714285,-0.05328185328185329,0.0,0.0,0.0
153,mp3d/QUCTc6BB5sX/QUCTc6BB5sX.glb,0,1.0,1.0,0.0,1.0,1.0,0.0,0.8366201876111412,0.8366201876111412,0.0,0.7387561237546749,0.7387561237546749,0.0,0.7387561237546749,0.7387561237546749,0.0,2.968517303466797,2.968517303466797,0.0,74.0,74.0,0.0,16.27981948852539,16.27981948852539,0.0,0.0,0.0,0.0,0.0,0.0,0.0
154,mp3d/zsNo4HB9uLZ/zsNo4HB9uLZ.glb,0,1.0,1.0,0.0,1.0,1.0,0.0,1.0,0.9980849428041867,-0.0019150571958133078,0.9227897247276377,0.9446275197437173,0.02183779501607963,0.9227897247276377,0.9446275197437173,0.02183779501607963,1.9668500423431396,1.0933067798614502,-0.8735432624816895,59.0,64.0,5.0,11.000000953674316,12.000001907348633,1.0000009536743164,0.0,0.0,0.0,0.0,0.0,0.0
155,mp3d/zsNo4HB9uLZ/zsNo4HB9uLZ.glb,0,1.0,1.0,0.0,1.0,1.0,0.0,0.9777158655102998,1.0,0.022284134489700236,0.9115878133314282,0.9227897247276377,0.011201911396209407,0.9115878133314282,0.9227897247276377,0.011201911396209407,2.658219814300537,1.9668500423431396,-0.6913697719573975,71.0,59.0,-12.0,12.250001907348633,11.000000953674316,-1.2500009536743164,0.0,0.0,0.0,0.0,0.0,0.0
156,mp3d/zsNo4HB9uLZ/zsNo4HB9uLZ.glb,0,1.0,1.0,0.0,1.0,1.0,0.0,0.9777158655102998,0.9777158655102998,0.0,0.9115878133314282,0.9115878133314282,0.0,0.9115878133314282,0.9115878133314282,0.0,2.658219814300537,2.658219814300537,0.0,71.0,71.0,0.0,12.250001907348633,12.250001907348633,0.0,0.0,0.0,0.0,0.0,0.0,0.0
157,mp3d/2azQ1b91cZZ/2azQ1b91cZZ.glb,0,1.0,1.0,0.0,1.0,1.0,0.0,0.9681656361831178,0.9681656361831178,0.0,0.9583830794181605,0.9583830794181605,0.0,0.9583830794181605,0.9583830794181605,0.0,0.2392062395811081,0.2392062395811081,0.0,42.0,42.0,0.0,9.250001907348633,9.250001907348633,0.0,0.0,0.0,0.0,0.0,0.0,0.0
158,mp3d/2azQ1b91cZZ/2azQ1b91cZZ.glb,0,1.0,1.0,0.0,1.0,1.0,0.0,1.0,1.0,0.0,0.9414088028173121,0.9414088028173121,0.0,0.9414088028173121,0.9414088028173121,0.0,1.693603277206421,1.693603277206421,0.0,35.0,35.0,0.0,7.500001430511475,7.500001430511475,0.0,0.0,0.0,0.0,0.0,0.0,0.0
159,mp3d/2azQ1b91cZZ/2azQ1b91cZZ.glb,0,1.0,1.0,0.0,1.0,1.0,0.0,1.0,1.0,0.0,0.9414088028173121,0.9414088028173121,0.0,0.9414088028173121,0.9414088028173121,0.0,1.693603277206421,1.693603277206421,0.0,35.0,35.0,0.0,7.500001430511475,7.500001430511475,0.0,0.0,0.0,0.0,0.0,0.0,0.0
160,mp3d/2azQ1b91cZZ/2azQ1b91cZZ.glb,0,0.0,0.0,0.0,0.0,0.0,0.0,0.0,0.0,0.0,0.5733234591318946,0.5883168386312998,0.014993379499405157,0.0,0.0,0.0,8.5242338180542,8.494160652160645,-0.030073165893554688,105.0,175.0,70.0,6.044238090515137,15.253201484680176,9.208963394165039,1.3703703703703705,0.4603174603174603,-0.9100529100529102,0.0,0.0,0.0
161,mp3d/2azQ1b91cZZ/2azQ1b91cZZ.glb,0,0.0,0.0,0.0,0.0,0.0,0.0,0.0,0.0,0.0,0.34455499907520537,0.34455499907520537,0.0,0.0,0.0,0.0,8.739848136901855,8.739848136901855,0.0,128.0,128.0,0.0,16.753501892089844,16.753501892089844,0.0,0.21739130434782608,0.21739130434782608,0.0,0.0,0.0,0.0
162,mp3d/2azQ1b91cZZ/2azQ1b91cZZ.glb,0,0.0,0.0,0.0,0.0,0.0,0.0,0.0,0.0,0.0,0.5309513362847198,0.5309513362847198,0.0,0.0,0.0,0.0,7.688819408416748,7.688819408416748,0.0,109.0,109.0,0.0,14.253501892089844,14.253501892089844,0.0,0.2033898305084746,0.2033898305084746,0.0,0.0,0.0,0.0
163,mp3d/zsNo4HB9uLZ/zsNo4HB9uLZ.glb,0,1.0,1.0,0.0,1.0,1.0,0.0,0.9272749500889932,0.9272749500889932,0.0,0.9566820261685829,0.9566820261685829,0.0,0.9566820261685829,0.9566820261685829,0.0,0.08696646988391876,0.08696646988391876,0.0,53.0,53.0,0.0,7.75,7.75,0.0,0.0,0.0,0.0,0.0,0.0,0.0
164,mp3d/zsNo4HB9uLZ/zsNo4HB9uLZ.glb,0,1.0,1.0,0.0,1.0,1.0,0.0,1.0,1.0,0.0,0.8987718551941795,0.8987718551941795,0.0,0.8987718551941795,0.8987718551941795,0.0,2.202773332595825,2.202773332595825,0.0,39.0,39.0,0.0,5.5,5.5,0.0,0.0,0.0,0.0,0.0,0.0,0.0
165,mp3d/zsNo4HB9uLZ/zsNo4HB9uLZ.glb,0,1.0,1.0,0.0,1.0,1.0,0.0,1.0,0.552798527937669,-0.44720147206233096,0.9403450222351322,0.7531772371567972,-0.18716778507833498,0.9403450222351322,0.7531772371567972,-0.18716778507833498,1.463539719581604,1.0589708089828491,-0.4045689105987549,46.0,121.0,75.0,6.25,13.0,6.75,0.0,0.0,0.0,0.0,0.0,0.0
166,mp3d/2azQ1b91cZZ/2azQ1b91cZZ.glb,0,0.0,0.0,0.0,0.0,0.0,0.0,0.0,0.0,0.0,0.1221838801402396,0.15355502770464258,0.03137114756440297,0.0,0.0,0.0,11.91287612915039,11.34217643737793,-0.5706996917724609,46.0,41.0,-5.0,6.500001430511475,5.750000953674316,-0.7500004768371582,0.0,0.0,0.0,0.0,0.0,0.0
167,mp3d/2azQ1b91cZZ/2azQ1b91cZZ.glb,0,0.0,0.0,0.0,1.0,1.0,0.0,0.0,0.0,0.0,0.33132737960602,0.33132737960602,0.0,0.0,0.0,0.0,4.691442012786865,4.691442012786865,0.0,100.0,100.0,0.0,13.009349822998047,13.009349822998047,0.0,0.2,0.2,0.0,1.0,1.0,0.0
168,mp3d/2azQ1b91cZZ/2azQ1b91cZZ.glb,0,0.0,0.0,0.0,1.0,1.0,0.0,0.0,0.0,0.0,0.20075269516665797,0.23743088789374753,0.036678192727089554,0.0,0.0,0.0,6.324066162109375,5.893156051635742,-0.4309101104736328,99.0,106.0,7.0,14.509349822998047,14.259349822998047,-0.25,0.08196721311475409,0.18333333333333332,0.10136612021857923,1.0,1.0,0.0
169,mp3d/TbHJrupSAjP/TbHJrupSAjP.glb,0,0.0,0.0,0.0,0.0,0.0,0.0,0.0,0.0,0.0,0.08447363586773647,0.48934201342221895,0.40486837755448246,0.0,0.0,0.0,13.264718055725098,13.142699241638184,-0.12201881408691406,312.0,108.0,-204.0,32.28543472290039,13.785386085510254,-18.500048637390137,0.015384615384615385,0.03571428571428571,0.020329670329670327,0.0,0.0,0.0
170,mp3d/TbHJrupSAjP/TbHJrupSAjP.glb,0,0.0,0.0,0.0,0.0,0.0,0.0,0.0,0.0,0.0,0.12555531302030856,0.08452712684928362,-0.04102818617102494,0.0,0.0,0.0,15.054759979248047,12.803838729858398,-2.2509212493896484,114.0,390.0,276.0,17.749998092651367,41.12567901611328,23.375680923461914,0.0,0.012121212121212121,0.012121212121212121,0.0,0.0,0.0
171,mp3d/TbHJrupSAjP/TbHJrupSAjP.glb,0,0.0,0.0,0.0,0.0,0.0,0.0,0.0,0.0,0.0,0.07691958103663427,0.04728964518155083,-0.029629935855083438,0.0,0.0,0.0,14.860372543334961,13.37022876739502,-1.4901437759399414,207.0,333.0,126.0,29.936330795288086,38.78538513183594,8.849054336547852,0.040983606557377046,0.01282051282051282,-0.028163093736864226,0.0,0.0,0.0
172,mp3d/TbHJrupSAjP/TbHJrupSAjP.glb,0,1.0,1.0,0.0,1.0,1.0,0.0,0.9455814361572266,0.9455814361572266,0.0,0.9383349473814829,0.9383349473814829,0.0,0.9383349473814829,0.9383349473814829,0.0,0.3515182137489319,0.3515182137489319,0.0,54.0,54.0,0.0,9.0,9.0,0.0,0.0,0.0,0.0,0.0,0.0,0.0
173,mp3d/TbHJrupSAjP/TbHJrupSAjP.glb,0,1.0,1.0,0.0,1.0,1.0,0.0,0.8525386443379565,0.8525386443379565,0.0,0.8577452373024934,0.8577452373024934,0.0,0.8577452373024934,0.8577452373024934,0.0,0.0769999623298645,0.0769999623298645,0.0,58.0,58.0,0.0,9.98222541809082,9.98222541809082,0.0,0.024390243902439025,0.024390243902439025,0.0,0.0,0.0,0.0
174,mp3d/TbHJrupSAjP/TbHJrupSAjP.glb,0,1.0,1.0,0.0,1.0,1.0,0.0,0.7400202543839164,0.7411658735455235,0.0011456191616071587,0.8623593749707713,0.8207596765446031,-0.041599698426168175,0.8623593749707713,0.8207596765446031,-0.041599698426168175,0.3126208782196045,0.5926764011383057,0.28005552291870117,71.0,68.0,-3.0,11.5,11.482224464416504,-0.017775535583496094,0.0,0.02127659574468085,0.02127659574468085,0.0,0.0,0.0
175,mp3d/QUCTc6BB5sX/QUCTc6BB5sX.glb,0,1.0,1.0,0.0,1.0,1.0,0.0,0.6712859638820541,1.0,0.3287140361179459,0.7980181804451097,0.9444736224906084,0.14645544204549865,0.7980181804451097,0.9444736224906084,0.14645544204549865,1.1813992261886597,0.5025945901870728,-0.6788046360015869,92.0,44.0,-48.0,10.382386207580566,6.742783546447754,-3.6396026611328125,0.03636363636363636,0.13333333333333333,0.09696969696969697,0.0,0.0,0.0
176,mp3d/QUCTc6BB5sX/QUCTc6BB5sX.glb,0,1.0,0.0,-1.0,1.0,0.0,-1.0,0.4419453035688455,0.0,-0.4419453035688455,0.5865583694571189,0.7451206550461255,0.15856228558900654,0.5865583694571189,0.0,-0.5865583694571189,2.6024742126464844,3.436004161834717,0.8335299491882324,150.0,40.0,-110.0,15.770164489746094,4.783084869384766,-10.987079620361328,0.046153846153846156,0.09523809523809523,0.049084249084249076,0.0,0.0,0.0
177,mp3d/QUCTc6BB5sX/QUCTc6BB5sX.glb,0,0.0,0.0,0.0,0.0,0.0,0.0,0.0,0.0,0.0,0.0011366214479135634,0.7451206550461255,0.7439840335982119,0.0,0.0,0.0,9.940568923950195,3.436004161834717,-6.5045647621154785,230.0,40.0,-190.0,29.091270446777344,4.783084869384766,-24.308185577392578,0.02586206896551724,0.09523809523809523,0.069376026272578,0.0,0.0,0.0
178,mp3d/2azQ1b91cZZ/2azQ1b91cZZ.glb,0,0.0,0.0,0.0,0.0,0.0,0.0,0.0,0.0,0.0,0.3668307373428568,0.3668307373428568,0.0,0.0,0.0,0.0,9.51157283782959,9.51157283782959,0.0,36.0,36.0,0.0,7.250003814697266,7.250003814697266,0.0,0.0,0.0,0.0,0.0,0.0,0.0
179,mp3d/2azQ1b91cZZ/2azQ1b91cZZ.glb,0,1.0,1.0,0.0,1.0,1.0,0.0,0.8371620155161714,0.8371620155161714,0.0,0.8449306244348818,0.8449306244348818,0.0,0.8449306244348818,0.8449306244348818,0.0,1.0721189975738525,1.0721189975738525,0.0,54.0,54.0,0.0,9.500005722045898,9.500005722045898,0.0,0.0,0.0,0.0,0.0,0.0,0.0
180,mp3d/2azQ1b91cZZ/2azQ1b91cZZ.glb,0,1.0,1.0,0.0,1.0,1.0,0.0,0.8371620155161714,0.8371620155161714,0.0,0.8449306244348818,0.8449306244348818,0.0,0.8449306244348818,0.8449306244348818,0.0,1.0721189975738525,1.0721189975738525,0.0,54.0,54.0,0.0,9.500005722045898,9.500005722045898,0.0,0.0,0.0,0.0,0.0,0.0,0.0
181,mp3d/TbHJrupSAjP/TbHJrupSAjP.glb,0,0.0,1.0,1.0,0.0,1.0,1.0,0.0,0.7513840002570741,0.7513840002570741,0.4030804748257691,0.8561314493461534,0.4530509745203843,0.0,0.8561314493461534,0.8561314493461534,9.029081344604492,1.1362674236297607,-7.8928139209747314,76.0,80.0,4.0,10.169655799865723,11.98983383178711,1.8201780319213867,0.24444444444444444,0.1568627450980392,-0.08758169934640522,0.0,0.0,0.0
182,mp3d/TbHJrupSAjP/TbHJrupSAjP.glb,0,1.0,1.0,0.0,1.0,1.0,0.0,0.7297912723147619,0.7297912723147619,0.0,0.8454586678043989,0.8454586678043989,0.0,0.8454586678043989,0.8454586678043989,0.0,0.7811464667320251,0.7811464667320251,0.0,74.0,74.0,0.0,12.344583511352539,12.344583511352539,0.0,0.0,0.0,0.0,0.0,0.0,0.0
183,mp3d/TbHJrupSAjP/TbHJrupSAjP.glb,0,0.0,0.0,0.0,0.0,0.0,0.0,0.0,0.0,0.0,0.4030804748257691,0.4030804748257691,0.0,0.0,0.0,0.0,9.029081344604492,9.029081344604492,0.0,76.0,76.0,0.0,10.169655799865723,10.169655799865723,0.0,0.24444444444444444,0.24444444444444444,0.0,0.0,0.0,0.0
184,mp3d/oLBMNvg9in8/oLBMNvg9in8.glb,0,1.0,1.0,0.0,1.0,1.0,0.0,0.5701883701406104,0.5701883701406104,0.0,0.8251375950516651,0.8251375950516651,0.0,0.8251375950516651,0.8251375950516651,0.0,0.07528450340032578,0.07528450340032578,0.0,91.0,91.0,0.0,9.812353134155273,9.812353134155273,0.0,0.08108108108108109,0.08108108108108109,0.0,0.0,0.0,0.0
185,mp3d/oLBMNvg9in8/oLBMNvg9in8.glb,0,1.0,1.0,0.0,1.0,1.0,0.0,0.653428976024133,0.653428976024133,0.0,0.8163867665787395,0.8163867665787395,0.0,0.8163867665787395,0.8163867665787395,0.0,1.174752950668335,1.174752950668335,0.0,84.0,84.0,0.0,8.562353134155273,8.562353134155273,0.0,0.09375,0.09375,0.0,0.0,0.0,0.0
186,mp3d/oLBMNvg9in8/oLBMNvg9in8.glb,0,1.0,1.0,0.0,1.0,1.0,0.0,0.7050452837340414,0.6467167423821273,-0.05832854135191412,0.8075266776847092,0.8222076180024245,0.014680940317715274,0.8075266776847092,0.8222076180024245,0.014680940317715274,2.756397008895874,0.6752317547798157,-2.0811652541160583,87.0,101.0,14.0,7.935503959655762,8.65122127532959,0.7157173156738281,0.18181818181818182,0.25,0.06818181818181818,0.0,0.0,0.0
187,mp3d/x8F5xyUWy9e/x8F5xyUWy9e.glb,0,1.0,1.0,0.0,1.0,1.0,0.0,1.0,1.0,0.0,0.9189452736962292,0.9189452736962292,0.0,0.9189452736962292,0.9189452736962292,0.0,1.7863366603851318,1.7863366603851318,0.0,45.0,45.0,0.0,7.193035125732422,7.193035125732422,0.0,0.0,0.0,0.0,0.0,0.0,0.0
188,mp3d/x8F5xyUWy9e/x8F5xyUWy9e.glb,0,0.0,0.0,0.0,0.0,1.0,1.0,0.0,0.0,0.0,0.026986903834177105,0.2962475902224044,0.26926068638822725,0.0,0.0,0.0,10.765997886657715,3.0165915489196777,-7.749406337738037,283.0,119.0,-164.0,34.440391540527344,18.21830177307129,-16.222089767456055,0.03597122302158273,0.0,-0.03597122302158273,0.0,1.0,1.0
189,mp3d/x8F5xyUWy9e/x8F5xyUWy9e.glb,0,0.0,0.0,0.0,1.0,1.0,0.0,0.0,0.0,0.0,0.5743683918383521,0.4550340933261711,-0.11933429851218097,0.0,0.0,0.0,3.154299736022949,4.030367851257324,0.876068115234375,175.0,210.0,35.0,20.253360748291016,25.949138641357422,5.695777893066406,0.04938271604938271,0.038461538461538464,-0.01092117758784425,1.0,1.0,0.0
190,mp3d/QUCTc6BB5sX/QUCTc6BB5sX.glb,0,1.0,1.0,0.0,1.0,1.0,0.0,0.35446053212562095,0.6598598458156482,0.3053993136900272,0.31744853843705606,0.6629591174400868,0.3455105790030308,0.31744853843705606,0.6629591174400868,0.3455105790030308,0.9345409274101257,0.8266783356666565,-0.10786259174346924,173.0,91.0,-82.0,28.648208618164062,15.389115333557129,-13.259093284606934,0.0,0.0,0.0,0.0,0.0,0.0
191,mp3d/QUCTc6BB5sX/QUCTc6BB5sX.glb,0,1.0,1.0,0.0,1.0,1.0,0.0,0.7917863686056782,0.7917863686056782,0.0,0.7920098608757108,0.7920098608757108,0.0,0.7920098608757108,0.7920098608757108,0.0,0.8266783356666565,0.8266783356666565,0.0,69.0,69.0,0.0,12.82499885559082,12.82499885559082,0.0,0.0,0.0,0.0,0.0,0.0,0.0
192,mp3d/QUCTc6BB5sX/QUCTc6BB5sX.glb,0,0.0,0.0,0.0,0.0,0.0,0.0,0.0,0.0,0.0,0.13916572421090947,0.13916572421090947,0.0,0.0,0.0,0.0,10.584277153015137,10.584277153015137,0.0,94.0,94.0,0.0,15.864234924316406,15.864234924316406,0.0,0.03076923076923077,0.03076923076923077,0.0,0.0,0.0,0.0
193,mp3d/2azQ1b91cZZ/2azQ1b91cZZ.glb,0,1.0,1.0,0.0,1.0,1.0,0.0,1.0,0.9125797054756822,-0.08742029452431777,0.9261216923549782,0.8572782152054134,-0.06884347714956485,0.9261216923549782,0.8572782152054134,-0.06884347714956485,1.2058908939361572,1.75116765499115,0.5452767610549927,48.0,70.0,22.0,7.520474433898926,9.235467910766602,1.7149934768676758,0.09375,0.02631578947368421,-0.06743421052631579,0.0,0.0,0.0
194,mp3d/2azQ1b91cZZ/2azQ1b91cZZ.glb,0,1.0,1.0,0.0,1.0,1.0,0.0,1.0,1.0,0.0,0.9261216923549782,0.9261216923549782,0.0,0.9261216923549782,0.9261216923549782,0.0,1.2058908939361572,1.2058908939361572,0.0,48.0,48.0,0.0,7.520474433898926,7.520474433898926,0.0,0.09375,0.09375,0.0,0.0,0.0,0.0
195,mp3d/2azQ1b91cZZ/2azQ1b91cZZ.glb,0,1.0,1.0,0.0,1.0,1.0,0.0,0.8440366201417656,0.8440366201417656,0.0,0.8827995701304868,0.8827995701304868,0.0,0.8827995701304868,0.8827995701304868,0.0,1.0027551651000977,1.0027551651000977,0.0,73.0,73.0,0.0,9.985467910766602,9.985467910766602,0.0,0.024390243902439025,0.024390243902439025,0.0,0.0,0.0,0.0
196,mp3d/EU6Fwq7SyZv/EU6Fwq7SyZv.glb,0,1.0,1.0,0.0,1.0,1.0,0.0,0.27591992782447977,0.47938041217168115,0.20346048434720138,0.34428317597252495,0.6317259444701528,0.2874427684976279,0.34428317597252495,0.6317259444701528,0.2874427684976279,1.3223562240600586,0.19424811005592346,-1.1281081140041351,345.0,262.0,-83.0,30.265777587890625,17.420259475708008,-12.845518112182617,0.16541353383458646,0.3522727272727273,0.18685919343814084,0.0,0.0,0.0
197,mp3d/EU6Fwq7SyZv/EU6Fwq7SyZv.glb,0,0.0,0.0,0.0,0.0,0.0,0.0,0.0,0.0,0.0,1.5599266764277354e-08,4.503767073985424e-05,4.502207147308996e-05,0.0,0.0,0.0,17.907909393310547,18.25507164001465,0.34716224670410156,497.0,330.0,-167.0,65.52372741699219,43.27757263183594,-22.24615478515625,0.0,0.0,0.0,0.0,0.0,0.0
198,mp3d/EU6Fwq7SyZv/EU6Fwq7SyZv.glb,0,1.0,1.0,0.0,1.0,1.0,0.0,0.8723344822220447,0.8819683781711117,0.00963389594906705,0.8931378095992388,0.789516169114929,-0.10362164048430988,0.8931378095992388,0.789516169114929,-0.10362164048430988,0.16289357841014862,1.1604902744293213,0.9975966960191727,214.0,262.0,48.0,9.573083877563477,9.468515396118164,-0.1045684814453125,0.6507936507936508,0.7391304347826086,0.08833678398895783,0.0,0.0,0.0
199,mp3d/x8F5xyUWy9e/x8F5xyUWy9e.glb,0,1.0,0.0,-1.0,1.0,1.0,0.0,0.16602600956453117,0.0,-0.16602600956453117,0.08253625923079809,0.11399306727719774,0.03145680804639965,0.08253625923079809,0.0,-0.08253625923079809,2.8214914798736572,5.8939008712768555,3.0724093914031982,331.0,251.0,-80.0,35.79011535644531,29.219806671142578,-6.570308685302734,0.02112676056338028,0.008620689655172414,-0.012506070908207868,0.0,1.0,1.0
200,mp3d/x8F5xyUWy9e/x8F5xyUWy9e.glb,0,1.0,1.0,0.0,1.0,1.0,0.0,0.5463619991445136,0.3684847960833314,-0.17787720306118215,0.7644451818180064,0.6076399492094625,-0.15680523260854384,0.7644451818180064,0.6076399492094625,-0.15680523260854384,2.232656955718994,2.4833526611328125,0.25069570541381836,81.0,136.0,55.0,10.875738143920898,16.12574005126953,5.250001907348633,0.044444444444444446,0.030303030303030304,-0.014141414141414142,0.0,0.0,0.0
201,mp3d/x8F5xyUWy9e/x8F5xyUWy9e.glb,0,1.0,1.0,0.0,1.0,1.0,0.0,0.5294555067516755,0.21250122097090515,-0.31695428578077034,0.7157466772963138,0.3043821930415957,-0.4113644842547181,0.7157466772963138,0.3043821930415957,-0.4113644842547181,2.3721864223480225,2.331716537475586,-0.04046988487243652,91.0,244.0,153.0,11.223020553588867,27.962615966796875,16.739595413208008,0.021739130434782608,0.017699115044247787,-0.004040015390534821,0.0,0.0,0.0
202,mp3d/EU6Fwq7SyZv/EU6Fwq7SyZv.glb,0,0.0,0.0,0.0,0.0,0.0,0.0,0.0,0.0,0.0,0.032470526609130086,0.032470526609130086,0.0,0.0,0.0,0.0,13.271492004394531,13.271492004394531,0.0,290.0,290.0,0.0,37.80523681640625,37.80523681640625,0.0,0.013157894736842105,0.013157894736842105,0.0,0.0,0.0,0.0
203,mp3d/EU6Fwq7SyZv/EU6Fwq7SyZv.glb,0,0.0,0.0,0.0,0.0,0.0,0.0,0.0,0.0,0.0,0.031124316106489476,0.031124316106489476,0.0,0.0,0.0,0.0,13.20467758178711,13.20467758178711,0.0,295.0,295.0,0.0,38.07830047607422,38.07830047607422,0.0,0.006535947712418301,0.006535947712418301,0.0,0.0,0.0,0.0
204,mp3d/EU6Fwq7SyZv/EU6Fwq7SyZv.glb,0,0.0,0.0,0.0,0.0,0.0,0.0,0.0,0.0,0.0,0.1720019971955039,0.07985654280605381,-0.0921454543894501,0.0,0.0,0.0,15.953357696533203,14.073050498962402,-1.8803071975708008,148.0,193.0,45.0,15.87635326385498,21.657604217529297,5.781250953674316,0.21212121212121213,0.12359550561797752,-0.0885257065032346,0.0,0.0,0.0
205,mp3d/Z6MFQCViBuw/Z6MFQCViBuw.glb,0,1.0,1.0,0.0,1.0,1.0,0.0,1.0,1.0,0.0,0.9981900457434242,0.9981900457434242,0.0,0.9981900457434242,0.9981900457434242,0.0,0.5095369219779968,0.5095369219779968,0.0,57.0,57.0,0.0,11.05593490600586,11.05593490600586,0.0,0.0,0.0,0.0,0.0,0.0,0.0
206,mp3d/Z6MFQCViBuw/Z6MFQCViBuw.glb,0,1.0,1.0,0.0,1.0,1.0,0.0,0.8642017459978062,0.8642017459978062,0.0,0.9357212386472088,0.9357212386472088,0.0,0.9357212386472088,0.9357212386472088,0.0,1.7727396488189697,1.7727396488189697,0.0,67.0,67.0,0.0,13.318029403686523,13.318029403686523,0.0,0.0,0.0,0.0,0.0,0.0,0.0
207,mp3d/Z6MFQCViBuw/Z6MFQCViBuw.glb,0,0.0,0.0,0.0,0.0,0.0,0.0,0.0,0.0,0.0,0.041382025047835856,0.043002255695689995,0.0016202306478541387,0.0,0.0,0.0,20.804466247558594,20.697664260864258,-0.10680198669433594,44.0,39.0,-5.0,9.504140853881836,9.271562576293945,-0.23257827758789062,0.0,0.0,0.0,0.0,0.0,0.0
208,mp3d/QUCTc6BB5sX/QUCTc6BB5sX.glb,0,0.0,0.0,0.0,0.0,0.0,0.0,0.0,0.0,0.0,0.6936986588687378,0.6936986588687378,0.0,0.0,0.0,0.0,4.907697677612305,4.907697677612305,0.0,48.0,48.0,0.0,7.504795551300049,7.504795551300049,0.0,0.0,0.0,0.0,0.0,0.0,0.0
209,mp3d/QUCTc6BB5sX/QUCTc6BB5sX.glb,0,0.0,0.0,0.0,0.0,0.0,0.0,0.0,0.0,0.0,0.587240810398649,0.6099896892905079,0.022748878891858948,0.0,0.0,0.0,4.447262763977051,4.685202121734619,0.23793935775756836,61.0,70.0,9.0,10.865935325622559,9.81783390045166,-1.0481014251708984,0.0,0.0,0.0,0.0,0.0,0.0
210,mp3d/QUCTc6BB5sX/QUCTc6BB5sX.glb,0,0.0,1.0,1.0,0.0,1.0,1.0,0.0,1.0,1.0,0.49301800415874364,0.7522421033257864,0.2592240991670428,0.0,0.7522421033257864,0.7522421033257864,6.141429901123047,2.8277556896209717,-3.313674211502075,90.0,64.0,-26.0,13.85401725769043,10.009021759033203,-3.8449954986572266,0.0,0.0,0.0,0.0,0.0,0.0
211,mp3d/EU6Fwq7SyZv/EU6Fwq7SyZv.glb,0,0.0,0.0,0.0,1.0,1.0,0.0,0.0,0.0,0.0,0.1408992547990939,0.6653186146566931,0.5244193598575991,0.0,0.0,0.0,3.556870222091675,3.077385663986206,-0.47948455810546875,297.0,49.0,-248.0,37.240989685058594,10.282243728637695,-26.9587459564209,0.020134228187919462,0.0,-0.020134228187919462,1.0,1.0,0.0
212,mp3d/EU6Fwq7SyZv/EU6Fwq7SyZv.glb,0,1.0,1.0,0.0,1.0,1.0,0.0,0.8962447125572487,0.8962447125572487,0.0,0.9120587517787743,0.9120587517787743,0.0,0.9120587517787743,0.9120587517787743,0.0,0.25558173656463623,0.25558173656463623,0.0,65.0,65.0,0.0,11.048087120056152,11.048087120056152,0.0,0.06521739130434782,0.06521739130434782,0.0,0.0,0.0,0.0
213,mp3d/EU6Fwq7SyZv/EU6Fwq7SyZv.glb,0,0.0,0.0,0.0,1.0,1.0,0.0,0.0,0.0,0.0,0.6259906679535384,0.6259906679535384,0.0,0.0,0.0,0.0,3.173144817352295,3.173144817352295,0.0,105.0,105.0,0.0,17.54083251953125,17.54083251953125,0.0,0.0,0.0,0.0,1.0,1.0,0.0
214,mp3d/2azQ1b91cZZ/2azQ1b91cZZ.glb,0,1.0,1.0,0.0,1.0,1.0,0.0,0.18885443812849975,0.15864201521382496,-0.030212422914674797,0.16110028299017354,0.10875251261065794,-0.0523477703795156,0.16110028299017354,0.10875251261065794,-0.0523477703795156,1.737014651298523,2.5250537395477295,0.7880390882492065,308.0,319.0,11.0,31.5008544921875,37.500003814697266,5.999149322509766,0.23880597014925373,0.0,-0.23880597014925373,0.0,0.0,0.0
215,mp3d/2azQ1b91cZZ/2azQ1b91cZZ.glb,0,1.0,1.0,0.0,1.0,1.0,0.0,0.8813447431415619,0.8813447431415619,0.0,0.924260145702912,0.924260145702912,0.0,0.924260145702912,0.924260145702912,0.0,0.2017820030450821,0.2017820030450821,0.0,39.0,39.0,0.0,6.749999046325684,6.749999046325684,0.0,0.0,0.0,0.0,0.0,0.0,0.0
216,mp3d/2azQ1b91cZZ/2azQ1b91cZZ.glb,0,1.0,1.0,0.0,1.0,1.0,0.0,0.7436346106093658,0.7436346106093658,0.0,0.7958448092574445,0.7958448092574445,0.0,0.7958448092574445,0.7958448092574445,0.0,1.125028133392334,1.125028133392334,0.0,60.0,60.0,0.0,7.999999046325684,7.999999046325684,0.0,0.0,0.0,0.0,0.0,0.0,0.0
217,mp3d/X7HyMhZNoso/X7HyMhZNoso.glb,0,1.0,1.0,0.0,1.0,1.0,0.0,1.0,1.0,0.0,0.9425924601666075,0.9425924601666075,0.0,0.9425924601666075,0.9425924601666075,0.0,0.7515079379081726,0.7515079379081726,0.0,43.0,43.0,0.0,6.999999046325684,6.999999046325684,0.0,0.0,0.0,0.0,0.0,0.0,0.0
218,mp3d/X7HyMhZNoso/X7HyMhZNoso.glb,0,1.0,1.0,0.0,1.0,1.0,0.0,1.0,1.0,0.0,0.9425924601666075,0.9425924601666075,0.0,0.9425924601666075,0.9425924601666075,0.0,0.7515079379081726,0.7515079379081726,0.0,43.0,43.0,0.0,6.999999046325684,6.999999046325684,0.0,0.0,0.0,0.0,0.0,0.0,0.0
219,mp3d/X7HyMhZNoso/X7HyMhZNoso.glb,0,1.0,1.0,0.0,1.0,1.0,0.0,1.0,1.0,0.0,0.9425924601666075,0.9425924601666075,0.0,0.9425924601666075,0.9425924601666075,0.0,0.7515079379081726,0.7515079379081726,0.0,43.0,43.0,0.0,6.999999046325684,6.999999046325684,0.0,0.0,0.0,0.0,0.0,0.0,0.0
220,mp3d/8194nk5LbLH/8194nk5LbLH.glb,0,0.0,0.0,0.0,0.0,0.0,0.0,0.0,0.0,0.0,0.0017552584464024968,0.0027067951668811163,0.0009515367204786195,0.0,0.0,0.0,16.91460609436035,18.933185577392578,2.0185794830322266,379.0,267.0,-112.0,45.750003814697266,32.250003814697266,-13.5,0.0,0.0,0.0,0.0,0.0,0.0
221,mp3d/8194nk5LbLH/8194nk5LbLH.glb,0,0.0,0.0,0.0,0.0,0.0,0.0,0.0,0.0,0.0,0.0573737788116008,0.026942891197740113,-0.030430887613860688,0.0,0.0,0.0,11.99605655670166,14.323753356933594,2.3276968002319336,367.0,345.0,-22.0,38.42299270629883,42.743370056152344,4.320377349853516,0.03205128205128205,0.011627906976744186,-0.020423375074537863,0.0,0.0,0.0
222,mp3d/8194nk5LbLH/8194nk5LbLH.glb,0,0.0,0.0,0.0,0.0,0.0,0.0,0.0,0.0,0.0,0.0048338687272148455,0.031115629037220306,0.02628176031000546,0.0,0.0,0.0,12.56783676147461,13.378057479858398,0.8102207183837891,375.0,350.0,-25.0,51.85029220581055,41.59241485595703,-10.257877349853516,0.07042253521126761,0.017857142857142856,-0.05256539235412475,0.0,0.0,0.0
223,mp3d/x8F5xyUWy9e/x8F5xyUWy9e.glb,0,1.0,1.0,0.0,1.0,1.0,0.0,1.0,1.0,0.0,0.9360971302520676,0.9360971302520676,0.0,0.9360971302520676,0.9360971302520676,0.0,1.2283635139465332,1.2283635139465332,0.0,36.0,36.0,0.0,5.0872392654418945,5.0872392654418945,0.0,0.0,0.0,0.0,0.0,0.0,0.0
224,mp3d/x8F5xyUWy9e/x8F5xyUWy9e.glb,0,1.0,1.0,0.0,1.0,1.0,0.0,0.8582678240633937,0.8582678240633937,0.0,0.9039202692746579,0.9039202692746579,0.0,0.9039202692746579,0.9039202692746579,0.0,0.8692302107810974,0.8692302107810974,0.0,45.0,45.0,0.0,7.193035125732422,7.193035125732422,0.0,0.0,0.0,0.0,0.0,0.0,0.0
225,mp3d/x8F5xyUWy9e/x8F5xyUWy9e.glb,0,1.0,1.0,0.0,1.0,1.0,0.0,1.0,1.0,0.0,0.9360971302520676,0.9360971302520676,0.0,0.9360971302520676,0.9360971302520676,0.0,1.2283635139465332,1.2283635139465332,0.0,36.0,36.0,0.0,5.0872392654418945,5.0872392654418945,0.0,0.0,0.0,0.0,0.0,0.0,0.0
226,mp3d/X7HyMhZNoso/X7HyMhZNoso.glb,0,1.0,1.0,0.0,1.0,1.0,0.0,0.9839515666286797,0.9839515666286797,0.0,0.9587462170189883,0.9587462170189883,0.0,0.9587462170189883,0.9587462170189883,0.0,0.3766250014305115,0.3766250014305115,0.0,45.0,45.0,0.0,7.749999046325684,7.749999046325684,0.0,0.0,0.0,0.0,0.0,0.0,0.0
227,mp3d/X7HyMhZNoso/X7HyMhZNoso.glb,0,1.0,1.0,0.0,1.0,1.0,0.0,0.9839515666286797,1.0,0.016048433371320336,0.9587462170189883,0.9482957065192875,-0.010450510499700805,0.9587462170189883,0.9482957065192875,-0.010450510499700805,0.3766250014305115,1.1389460563659668,0.7623210549354553,45.0,40.0,-5.0,7.749999046325684,6.999999046325684,-0.75,0.0,0.0,0.0,0.0,0.0,0.0
228,mp3d/X7HyMhZNoso/X7HyMhZNoso.glb,0,1.0,1.0,0.0,1.0,1.0,0.0,0.9612201126097264,1.0,0.038779887390273604,0.9190781110377549,0.9360080576145631,0.01692994657680813,0.9190781110377549,0.9360080576145631,0.01692994657680813,0.34278368949890137,0.8963446617126465,0.5535609722137451,51.0,46.0,-5.0,7.93327522277832,7.433276176452637,-0.4999990463256836,0.06060606060606061,0.06451612903225806,0.003910068426197455,0.0,0.0,0.0
229,mp3d/x8F5xyUWy9e/x8F5xyUWy9e.glb,0,1.0,1.0,0.0,1.0,1.0,0.0,0.9248280611313993,0.43753015039627613,-0.48729791073512313,0.8982494042113998,0.7028326389855939,-0.19541676522580587,0.8982494042113998,0.7028326389855939,-0.19541676522580587,1.1784271001815796,0.39632388949394226,-0.7821032106876373,68.0,191.0,123.0,11.206329345703125,23.687345504760742,12.481016159057617,0.022222222222222223,0.021052631578947368,-0.0011695906432748551,0.0,0.0,0.0
230,mp3d/x8F5xyUWy9e/x8F5xyUWy9e.glb,0,1.0,1.0,0.0,1.0,1.0,0.0,0.8345033033453647,0.8345033033453647,0.0,0.8653449833785136,0.8653449833785136,0.0,0.8653449833785136,0.8653449833785136,0.0,1.1314810514450073,1.1314810514450073,0.0,72.0,72.0,0.0,12.41927719116211,12.41927719116211,0.0,0.02,0.02,0.0,0.0,0.0,0.0
231,mp3d/x8F5xyUWy9e/x8F5xyUWy9e.glb,0,1.0,1.0,0.0,1.0,1.0,0.0,0.8667054053735042,0.8667054053735042,0.0,0.8965844232225457,0.8965844232225457,0.0,0.8965844232225457,0.8965844232225457,0.0,1.3061628341674805,1.3061628341674805,0.0,71.0,71.0,0.0,11.957843780517578,11.957843780517578,0.0,0.020833333333333332,0.020833333333333332,0.0,0.0,0.0,0.0
232,mp3d/oLBMNvg9in8/oLBMNvg9in8.glb,0,0.0,0.0,0.0,0.0,0.0,0.0,0.0,0.0,0.0,0.7013651564476326,0.7013651564476326,0.0,0.0,0.0,0.0,8.882767677307129,8.882767677307129,0.0,49.0,49.0,0.0,7.103732585906982,7.103732585906982,0.0,0.10344827586206896,0.10344827586206896,0.0,0.0,0.0,0.0
233,mp3d/oLBMNvg9in8/oLBMNvg9in8.glb,0,0.0,0.0,0.0,0.0,0.0,0.0,0.0,0.0,0.0,0.7013651564476326,0.7013651564476326,0.0,0.0,0.0,0.0,8.882767677307129,8.882767677307129,0.0,49.0,49.0,0.0,7.103732585906982,7.103732585906982,0.0,0.10344827586206896,0.10344827586206896,0.0,0.0,0.0,0.0
234,mp3d/oLBMNvg9in8/oLBMNvg9in8.glb,0,0.0,0.0,0.0,0.0,0.0,0.0,0.0,0.0,0.0,0.6668942457737211,0.6668942457737211,0.0,0.0,0.0,0.0,5.779665946960449,5.779665946960449,0.0,43.0,43.0,0.0,7.137172698974609,7.137172698974609,0.0,0.10344827586206896,0.10344827586206896,0.0,0.0,0.0,0.0
235,mp3d/zsNo4HB9uLZ/zsNo4HB9uLZ.glb,0,1.0,1.0,0.0,1.0,1.0,0.0,0.7637040625135028,0.8104614577360704,0.04675739522256761,0.8450380133756947,0.8549872996612446,0.009949286285549919,0.8450380133756947,0.8549872996612446,0.009949286285549919,2.849621295928955,2.106452465057373,-0.743168830871582,83.0,80.0,-3.0,12.999999046325684,12.249999046325684,-0.75,0.0,0.0,0.0,0.0,0.0,0.0
236,mp3d/zsNo4HB9uLZ/zsNo4HB9uLZ.glb,0,1.0,0.0,-1.0,1.0,1.0,0.0,1.0,0.0,-1.0,0.9215992430761935,0.5982019694782059,-0.32339727359798753,0.9215992430761935,0.0,-0.9215992430761935,2.106452465057373,4.359707832336426,2.2532553672790527,50.0,118.0,68.0,9.249999046325684,16.257795333862305,7.007796287536621,0.0,0.0,0.0,0.0,1.0,1.0
237,mp3d/zsNo4HB9uLZ/zsNo4HB9uLZ.glb,0,1.0,1.0,0.0,1.0,1.0,0.0,1.0,1.0,0.0,0.9042068366188774,0.9042068366188774,0.0,0.9042068366188774,0.9042068366188774,0.0,2.3250439167022705,2.3250439167022705,0.0,45.0,45.0,0.0,7.999999523162842,7.999999523162842,0.0,0.0,0.0,0.0,0.0,0.0,0.0
238,mp3d/QUCTc6BB5sX/QUCTc6BB5sX.glb,0,0.0,0.0,0.0,0.0,0.0,0.0,0.0,0.0,0.0,0.8176581117476482,0.8222876767849787,0.004629565037330474,0.0,0.0,0.0,3.5726921558380127,3.5054385662078857,-0.06725358963012695,55.0,54.0,-1.0,10.250001907348633,10.25,-1.9073486328125e-06,0.0,0.0,0.0,0.0,0.0,0.0
239,mp3d/QUCTc6BB5sX/QUCTc6BB5sX.glb,0,0.0,0.0,0.0,0.0,0.0,0.0,0.0,0.0,0.0,0.8176581117476482,0.8222876767849787,0.004629565037330474,0.0,0.0,0.0,3.5726921558380127,3.5054385662078857,-0.06725358963012695,55.0,54.0,-1.0,10.250001907348633,10.25,-1.9073486328125e-06,0.0,0.0,0.0,0.0,0.0,0.0
240,mp3d/QUCTc6BB5sX/QUCTc6BB5sX.glb,0,1.0,1.0,0.0,1.0,1.0,0.0,0.9708117797290557,1.0,0.029188220270944254,0.9006419797398111,0.9188143874156333,0.018172407675822178,0.9006419797398111,0.9188143874156333,0.018172407675822178,0.314998984336853,0.8062965273857117,0.49129754304885864,71.0,67.0,-4.0,14.000001907348633,13.000000953674316,-1.0000009536743164,0.0,0.0,0.0,0.0,0.0,0.0
241,mp3d/X7HyMhZNoso/X7HyMhZNoso.glb,0,1.0,1.0,0.0,1.0,1.0,0.0,0.5484267172099426,0.5484267172099426,0.0,0.7001780391707544,0.7001780391707544,0.0,0.7001780391707544,0.7001780391707544,0.0,0.3255627453327179,0.3255627453327179,0.0,97.0,97.0,0.0,12.914084434509277,12.914084434509277,0.0,0.0,0.0,0.0,0.0,0.0,0.0
242,mp3d/X7HyMhZNoso/X7HyMhZNoso.glb,0,1.0,1.0,0.0,1.0,1.0,0.0,0.602720089027529,0.602720089027529,0.0,0.701989853330391,0.701989853330391,0.0,0.701989853330391,0.701989853330391,0.0,0.8092125058174133,0.8092125058174133,0.0,89.0,89.0,0.0,11.750776290893555,11.750776290893555,0.0,0.0,0.0,0.0,0.0,0.0,0.0
243,mp3d/X7HyMhZNoso/X7HyMhZNoso.glb,0,1.0,1.0,0.0,1.0,1.0,0.0,0.8093486448236862,0.8093486448236862,0.0,0.7427748682447721,0.7427748682447721,0.0,0.7427748682447721,0.7427748682447721,0.0,1.4973359107971191,1.4973359107971191,0.0,58.0,58.0,0.0,8.750776290893555,8.750776290893555,0.0,0.0,0.0,0.0,0.0,0.0,0.0
244,mp3d/X7HyMhZNoso/X7HyMhZNoso.glb,0,1.0,1.0,0.0,1.0,1.0,0.0,0.9914630058911624,0.19189949541098697,-0.7995635104801755,0.9642589103532486,0.2952199571406646,-0.669038953212584,0.9642589103532486,0.2952199571406646,-0.669038953212584,0.21848246455192566,0.12102437019348145,-0.09745809435844421,44.0,314.0,270.0,6.966843128204346,35.994712829589844,29.027869701385498,0.034482758620689655,0.013793103448275862,-0.020689655172413793,0.0,0.0,0.0
245,mp3d/X7HyMhZNoso/X7HyMhZNoso.glb,0,1.0,1.0,0.0,1.0,1.0,0.0,0.6760763746345841,0.6760763746345841,0.0,0.7686267231149571,0.7686267231149571,0.0,0.7686267231149571,0.7686267231149571,0.0,0.7860621213912964,0.7860621213912964,0.0,74.0,74.0,0.0,10.21684455871582,10.21684455871582,0.0,0.023809523809523808,0.023809523809523808,0.0,0.0,0.0,0.0
246,mp3d/X7HyMhZNoso/X7HyMhZNoso.glb,0,1.0,1.0,0.0,1.0,1.0,0.0,0.9914630058911624,0.9914630058911624,0.0,0.9642589103532486,0.9642589103532486,0.0,0.9642589103532486,0.9642589103532486,0.0,0.21848246455192566,0.21848246455192566,0.0,44.0,44.0,0.0,6.966843128204346,6.966843128204346,0.0,0.034482758620689655,0.034482758620689655,0.0,0.0,0.0,0.0
247,mp3d/zsNo4HB9uLZ/zsNo4HB9uLZ.glb,0,1.0,1.0,0.0,1.0,1.0,0.0,1.0,1.0,0.0,0.8733623068118587,0.8733623068118587,0.0,0.8733623068118587,0.8733623068118587,0.0,2.3674468994140625,2.3674468994140625,0.0,45.0,45.0,0.0,6.250001430511475,6.250001430511475,0.0,0.0,0.0,0.0,0.0,0.0,0.0
248,mp3d/zsNo4HB9uLZ/zsNo4HB9uLZ.glb,0,0.0,0.0,0.0,0.0,0.0,0.0,0.0,0.0,0.0,0.3451406991950776,0.11468379852956063,-0.230456900665517,0.0,0.0,0.0,8.191688537597656,8.981945037841797,0.7902565002441406,167.0,317.0,150.0,16.500003814697266,33.77678680419922,17.276782989501953,0.0,0.0,0.0,0.0,0.0,0.0
249,mp3d/zsNo4HB9uLZ/zsNo4HB9uLZ.glb,0,0.0,0.0,0.0,0.0,0.0,0.0,0.0,0.0,0.0,0.3257665943021829,0.3257665943021829,0.0,0.0,0.0,0.0,9.489612579345703,9.489612579345703,0.0,87.0,87.0,0.0,12.25,12.25,0.0,0.0,0.0,0.0,0.0,0.0,0.0
250,mp3d/zsNo4HB9uLZ/zsNo4HB9uLZ.glb,0,0.0,0.0,0.0,0.0,0.0,0.0,0.0,0.0,0.0,0.5751523495172471,0.5751523495172471,0.0,0.0,0.0,0.0,5.246484756469727,5.246484756469727,0.0,66.0,66.0,0.0,8.499999046325684,8.499999046325684,0.0,0.0,0.0,0.0,0.0,0.0,0.0
251,mp3d/zsNo4HB9uLZ/zsNo4HB9uLZ.glb,0,1.0,1.0,0.0,1.0,1.0,0.0,1.0,1.0,0.0,0.857242673179268,0.857242673179268,0.0,0.857242673179268,0.857242673179268,0.0,2.4880075454711914,2.4880075454711914,0.0,33.0,33.0,0.0,5.75,5.75,0.0,0.0,0.0,0.0,0.0,0.0,0.0
252,mp3d/zsNo4HB9uLZ/zsNo4HB9uLZ.glb,0,1.0,1.0,0.0,1.0,1.0,0.0,1.0,0.6900741462848943,-0.3099258537151057,0.9464539973256253,0.8260134644818509,-0.12044053284377443,0.9464539973256253,0.8260134644818509,-0.12044053284377443,0.8176321983337402,0.8176342248916626,2.0265579223632812e-06,33.0,71.0,38.0,6.500000953674316,9.999998092651367,3.499997138977051,0.0,0.0,0.0,0.0,0.0,0.0
253,mp3d/zsNo4HB9uLZ/zsNo4HB9uLZ.glb,0,0.0,0.0,0.0,0.0,0.0,0.0,0.0,0.0,0.0,0.4169833978161767,0.3144405202830505,-0.10254287753312624,0.0,0.0,0.0,8.069011688232422,6.919083595275879,-1.149928092956543,179.0,266.0,87.0,24.242076873779297,27.240734100341797,2.9986572265625,0.01020408163265306,0.00909090909090909,-0.00111317254174397,0.0,0.0,0.0
254,mp3d/zsNo4HB9uLZ/zsNo4HB9uLZ.glb,0,0.0,1.0,1.0,0.0,1.0,1.0,0.0,0.4748549208575002,0.4748549208575002,0.437129228322527,0.6045875187776196,0.16745829045509264,0.0,0.6045875187776196,0.6045875187776196,9.705124855041504,1.8292157649993896,-7.875909090042114,173.0,186.0,13.0,22.000003814697266,24.500003814697266,2.5,0.0,0.0,0.0,0.0,0.0,0.0
255,mp3d/zsNo4HB9uLZ/zsNo4HB9uLZ.glb,0,0.0,0.0,0.0,0.0,0.0,0.0,0.0,0.0,0.0,0.5864492187233112,0.6327098835859057,0.0462606648625945,0.0,0.0,0.0,8.090476036071777,8.499151229858398,0.4086751937866211,42.0,54.0,12.0,8.500000953674316,9.750000953674316,1.25,0.0,0.0,0.0,0.0,0.0,0.0
256,mp3d/TbHJrupSAjP/TbHJrupSAjP.glb,0,1.0,1.0,0.0,1.0,1.0,0.0,0.8296437778543173,0.8296437778543173,0.0,0.9337706428511074,0.9337706428511074,0.0,0.9337706428511074,0.9337706428511074,0.0,0.3255629539489746,0.3255629539489746,0.0,34.0,34.0,0.0,5.89352560043335,5.89352560043335,0.0,0.0,0.0,0.0,0.0,0.0,0.0
257,mp3d/TbHJrupSAjP/TbHJrupSAjP.glb,0,1.0,1.0,0.0,1.0,1.0,0.0,0.8296437778543173,0.8296437778543173,0.0,0.9337706428511074,0.9337706428511074,0.0,0.9337706428511074,0.9337706428511074,0.0,0.3255629539489746,0.3255629539489746,0.0,34.0,34.0,0.0,5.89352560043335,5.89352560043335,0.0,0.0,0.0,0.0,0.0,0.0,0.0
258,mp3d/TbHJrupSAjP/TbHJrupSAjP.glb,0,1.0,1.0,0.0,1.0,1.0,0.0,0.8296437778543173,0.8296437778543173,0.0,0.9337706428511074,0.9337706428511074,0.0,0.9337706428511074,0.9337706428511074,0.0,0.3255629539489746,0.3255629539489746,0.0,34.0,34.0,0.0,5.89352560043335,5.89352560043335,0.0,0.0,0.0,0.0,0.0,0.0,0.0
259,mp3d/TbHJrupSAjP/TbHJrupSAjP.glb,0,1.0,1.0,0.0,1.0,1.0,0.0,0.9615414262231015,0.9615414262231015,0.0,0.9559262753651899,0.9559262753651899,0.0,0.9559262753651899,0.9559262753651899,0.0,0.11715945601463318,0.11715945601463318,0.0,31.0,31.0,0.0,6.000535011291504,6.000535011291504,0.0,0.0,0.0,0.0,0.0,0.0,0.0
260,mp3d/TbHJrupSAjP/TbHJrupSAjP.glb,0,1.0,0.0,-1.0,1.0,1.0,0.0,0.47899970555543814,0.0,-0.47899970555543814,0.6526593254949856,0.5291664158059035,-0.12349290968908211,0.6526593254949856,0.0,-0.6526593254949856,1.3995883464813232,3.8885998725891113,2.489011526107788,118.0,68.0,-50.0,12.045441627502441,10.760978698730469,-1.2844629287719727,0.04,0.022727272727272728,-0.017272727272727273,0.0,1.0,1.0
261,mp3d/TbHJrupSAjP/TbHJrupSAjP.glb,0,1.0,1.0,0.0,1.0,1.0,0.0,0.7952686129077395,0.9615414262231015,0.16627281331536192,0.8755773319270166,0.9559262753651899,0.08034894343817334,0.8755773319270166,0.9559262753651899,0.08034894343817334,1.3653147220611572,0.11715945601463318,-1.248155266046524,37.0,31.0,-6.0,7.255112171173096,6.000535011291504,-1.2545771598815918,0.0,0.0,0.0,0.0,0.0,0.0
262,mp3d/2azQ1b91cZZ/2azQ1b91cZZ.glb,0,1.0,1.0,0.0,1.0,1.0,0.0,0.5720382884352102,0.5720382884352102,0.0,0.6453046512934322,0.6453046512934322,0.0,0.6453046512934322,0.6453046512934322,0.0,0.8289432525634766,0.8289432525634766,0.0,131.0,131.0,0.0,18.420490264892578,18.420490264892578,0.0,0.09333333333333334,0.09333333333333334,0.0,0.0,0.0,0.0
263,mp3d/2azQ1b91cZZ/2azQ1b91cZZ.glb,0,1.0,1.0,0.0,1.0,1.0,0.0,0.9162800417626215,0.9162800417626215,0.0,0.9382598361118705,0.9382598361118705,0.0,0.9382598361118705,0.9382598361118705,0.0,0.22303415834903717,0.22303415834903717,0.0,72.0,72.0,0.0,11.500005722045898,11.500005722045898,0.0,0.0,0.0,0.0,0.0,0.0,0.0
264,mp3d/2azQ1b91cZZ/2azQ1b91cZZ.glb,0,1.0,1.0,0.0,1.0,1.0,0.0,0.5720382884352102,0.6798057058464579,0.10776741741124773,0.6453046512934322,0.6928402034990943,0.04753555220566208,0.6453046512934322,0.6928402034990943,0.04753555220566208,0.8289432525634766,1.0803033113479614,0.25136005878448486,131.0,99.0,-32.0,18.420490264892578,15.500349044799805,-2.9201412200927734,0.09333333333333334,0.0,-0.09333333333333334,0.0,0.0,0.0
265,mp3d/2azQ1b91cZZ/2azQ1b91cZZ.glb,0,0.0,0.0,0.0,0.0,0.0,0.0,0.0,0.0,0.0,0.0022477539133083538,0.00850887296525294,0.0062611190519445865,0.0,0.0,0.0,9.868424415588379,9.868424415588379,0.0,260.0,204.0,-56.0,30.994823455810547,26.49481964111328,-4.500003814697266,0.008,0.009345794392523364,0.0013457943925233636,0.0,0.0,0.0
266,mp3d/2azQ1b91cZZ/2azQ1b91cZZ.glb,0,1.0,1.0,0.0,1.0,1.0,0.0,1.0,1.0,0.0,0.948471152728249,0.948471152728249,0.0,0.948471152728249,0.948471152728249,0.0,0.6570855975151062,0.6570855975151062,0.0,40.0,40.0,0.0,7.75,7.75,0.0,0.0,0.0,0.0,0.0,0.0,0.0
267,mp3d/2azQ1b91cZZ/2azQ1b91cZZ.glb,0,1.0,1.0,0.0,1.0,1.0,0.0,0.547304951808315,0.32472904669797903,-0.22257590511033593,0.6385073225354094,0.08013444836719984,-0.5583728741682096,0.6385073225354094,0.08013444836719984,-0.5583728741682096,0.398135244846344,0.6290509700775146,0.23091572523117065,93.0,139.0,46.0,14.684764862060547,24.750001907348633,10.065237045288086,0.2,0.0,-0.2,0.0,0.0,0.0
268,mp3d/oLBMNvg9in8/oLBMNvg9in8.glb,0,1.0,1.0,0.0,1.0,1.0,0.0,0.5975069274147159,0.5975069274147159,0.0,0.742280990295286,0.742280990295286,0.0,0.742280990295286,0.742280990295286,0.0,0.06950440257787704,0.06950440257787704,0.0,60.0,60.0,0.0,7.481324672698975,7.481324672698975,0.0,0.34285714285714286,0.34285714285714286,0.0,0.0,0.0,0.0
269,mp3d/oLBMNvg9in8/oLBMNvg9in8.glb,0,1.0,1.0,0.0,1.0,1.0,0.0,0.5975069274147159,0.5975069274147159,0.0,0.742280990295286,0.742280990295286,0.0,0.742280990295286,0.742280990295286,0.0,0.06950440257787704,0.06950440257787704,0.0,60.0,60.0,0.0,7.481324672698975,7.481324672698975,0.0,0.34285714285714286,0.34285714285714286,0.0,0.0,0.0,0.0
270,mp3d/oLBMNvg9in8/oLBMNvg9in8.glb,0,1.0,1.0,0.0,1.0,1.0,0.0,0.6105392836388222,0.5975069274147159,-0.013032356224106256,0.8276282726909941,0.742280990295286,-0.0853472823957081,0.8276282726909941,0.742280990295286,-0.0853472823957081,1.1634535789489746,0.06950440257787704,-1.0939491763710976,49.0,60.0,11.0,7.321630954742432,7.481324672698975,0.15969371795654297,0.10714285714285714,0.34285714285714286,0.2357142857142857,0.0,0.0,0.0
271,mp3d/2azQ1b91cZZ/2azQ1b91cZZ.glb,0,1.0,1.0,0.0,1.0,1.0,0.0,0.9432631349190891,0.9432631349190891,0.0,0.9525611406705047,0.9525611406705047,0.0,0.9525611406705047,0.9525611406705047,0.0,0.5005364418029785,0.5005364418029785,0.0,30.0,30.0,0.0,5.398231029510498,5.398231029510498,0.0,0.0,0.0,0.0,0.0,0.0,0.0
272,mp3d/2azQ1b91cZZ/2azQ1b91cZZ.glb,0,0.0,1.0,1.0,1.0,1.0,0.0,0.0,0.6249150284876943,0.6249150284876943,0.566582571857207,0.7456516209882506,0.1790690491310436,0.0,0.7456516209882506,0.7456516209882506,3.4259250164031982,2.2282443046569824,-1.1976807117462158,48.0,42.0,-6.0,9.398232460021973,8.148231506347656,-1.2500009536743164,0.0,0.0,0.0,1.0,0.0,-1.0
273,mp3d/2azQ1b91cZZ/2azQ1b91cZZ.glb,0,1.0,1.0,0.0,1.0,1.0,0.0,0.6249150284876943,0.6249150284876943,0.0,0.7456516209882506,0.7456516209882506,0.0,0.7456516209882506,0.7456516209882506,0.0,2.2282443046569824,2.2282443046569824,0.0,42.0,42.0,0.0,8.148231506347656,8.148231506347656,0.0,0.0,0.0,0.0,0.0,0.0,0.0
274,mp3d/TbHJrupSAjP/TbHJrupSAjP.glb,0,0.0,0.0,0.0,0.0,0.0,0.0,0.0,0.0,0.0,0.22791165351510997,0.22791165351510997,0.0,0.0,0.0,0.0,13.143559455871582,13.143559455871582,0.0,84.0,84.0,0.0,8.6276273727417,8.6276273727417,0.0,0.15789473684210525,0.15789473684210525,0.0,0.0,0.0,0.0
275,mp3d/TbHJrupSAjP/TbHJrupSAjP.glb,0,0.0,0.0,0.0,0.0,0.0,0.0,0.0,0.0,0.0,0.3172166973915911,0.3172166973915911,0.0,0.0,0.0,0.0,12.084573745727539,12.084573745727539,0.0,60.0,60.0,0.0,6.5156354904174805,6.5156354904174805,0.0,0.2,0.2,0.0,0.0,0.0,0.0
276,mp3d/TbHJrupSAjP/TbHJrupSAjP.glb,0,1.0,0.0,-1.0,1.0,0.0,-1.0,1.0,0.0,-1.0,0.8457098132734249,0.22791165351510997,-0.6177981597583149,0.8457098132734249,0.0,-0.8457098132734249,1.8003411293029785,13.143559455871582,11.343218326568604,68.0,84.0,16.0,8.034051895141602,8.6276273727417,0.5935754776000977,0.16666666666666666,0.15789473684210525,-0.008771929824561403,0.0,0.0,0.0
277,mp3d/2azQ1b91cZZ/2azQ1b91cZZ.glb,0,0.0,0.0,0.0,0.0,0.0,0.0,0.0,0.0,0.0,0.7151644646246448,0.7151644646246448,0.0,0.0,0.0,0.0,4.465804576873779,4.465804576873779,0.0,49.0,49.0,0.0,8.749999046325684,8.749999046325684,0.0,0.0,0.0,0.0,0.0,0.0,0.0
278,mp3d/2azQ1b91cZZ/2azQ1b91cZZ.glb,0,0.0,1.0,1.0,1.0,1.0,0.0,0.0,0.5272771714996444,0.5272771714996444,0.2903621173079581,0.2331433528809099,-0.05721876442704818,0.0,0.2331433528809099,0.2331433528809099,4.929884910583496,1.6248074769973755,-3.3050774335861206,139.0,164.0,25.0,22.267868041992188,24.267864227294922,1.9999961853027344,0.0,0.0,0.0,1.0,0.0,-1.0
279,mp3d/2azQ1b91cZZ/2azQ1b91cZZ.glb,0,1.0,1.0,0.0,1.0,1.0,0.0,0.8530590617908242,0.8390745971993375,-0.013984464591486723,0.8290401452915809,0.838936179194759,0.00989603390317817,0.8290401452915809,0.838936179194759,0.00989603390317817,1.6797924041748047,2.5574793815612793,0.8776869773864746,84.0,87.0,3.0,15.000005722045898,15.250003814697266,0.2499980926513672,0.0,0.0,0.0,0.0,0.0,0.0
280,mp3d/EU6Fwq7SyZv/EU6Fwq7SyZv.glb,0,1.0,1.0,0.0,1.0,1.0,0.0,0.9009259398290322,0.9929277956425301,0.09200185581349785,0.8898650327689763,0.9048653330062126,0.015000300237236308,0.8898650327689763,0.9048653330062126,0.015000300237236308,1.1959835290908813,0.9216839075088501,-0.27429962158203125,74.0,65.0,-9.0,13.528326988220215,12.27483081817627,-1.2534961700439453,0.0,0.0,0.0,0.0,0.0,0.0
281,mp3d/EU6Fwq7SyZv/EU6Fwq7SyZv.glb,0,1.0,1.0,0.0,1.0,1.0,0.0,0.5931631752835472,0.8202414783576103,0.22707830307406307,0.7138370568556424,0.23506727722329637,-0.478769779632346,0.7138370568556424,0.23506727722329637,-0.478769779632346,2.0050556659698486,2.3487629890441895,0.3437073230743408,144.0,82.0,-62.0,20.547500610351562,14.859064102172852,-5.688436508178711,0.060240963855421686,0.12698412698412698,0.06674316312870529,0.0,0.0,0.0
282,mp3d/EU6Fwq7SyZv/EU6Fwq7SyZv.glb,0,1.0,1.0,0.0,1.0,1.0,0.0,0.5418104209192347,0.4710588190196203,-0.07075160189961438,0.32894432973657417,0.5704478696593059,0.24150353992273177,0.32894432973657417,0.5704478696593059,0.24150353992273177,2.2610549926757812,0.809971034526825,-1.4510839581489563,130.0,198.0,68.0,22.494991302490234,25.87367057800293,3.3786792755126953,0.03333333333333333,0.0,-0.03333333333333333,0.0,0.0,0.0
283,mp3d/x8F5xyUWy9e/x8F5xyUWy9e.glb,0,0.0,0.0,0.0,1.0,1.0,0.0,0.0,0.0,0.0,0.646005529346791,0.646005529346791,0.0,0.0,0.0,0.0,3.5492899417877197,3.5492899417877197,0.0,55.0,55.0,0.0,11.455612182617188,11.455612182617188,0.0,0.0,0.0,0.0,1.0,1.0,0.0
284,mp3d/x8F5xyUWy9e/x8F5xyUWy9e.glb,0,0.0,0.0,0.0,1.0,1.0,0.0,0.0,0.0,0.0,0.646005529346791,0.646005529346791,0.0,0.0,0.0,0.0,3.5492899417877197,3.5492899417877197,0.0,55.0,55.0,0.0,11.455612182617188,11.455612182617188,0.0,0.0,0.0,0.0,1.0,1.0,0.0
285,mp3d/x8F5xyUWy9e/x8F5xyUWy9e.glb,0,0.0,1.0,1.0,1.0,1.0,0.0,0.0,0.25717372899926194,0.25717372899926194,0.01262492993348475,0.04062169618685234,0.02799676625336759,0.0,0.04062169618685234,0.04062169618685234,6.210569381713867,2.9488205909729004,-3.261748790740967,233.0,167.0,-66.0,34.949798583984375,27.41830825805664,-7.531490325927734,0.007142857142857143,0.0,-0.007142857142857143,1.0,0.0,-1.0
286,mp3d/2azQ1b91cZZ/2azQ1b91cZZ.glb,0,1.0,1.0,0.0,1.0,1.0,0.0,0.39831336325531375,0.28937027822131484,-0.10894308503399891,0.5670982865531736,0.44145524972449507,-0.12564303682867856,0.5670982865531736,0.44145524972449507,-0.12564303682867856,2.549095392227173,2.62135910987854,0.07226371765136719,164.0,235.0,71.0,21.249296188354492,29.24930191040039,8.000005722045898,0.011627906976744186,0.00847457627118644,-0.0031533307055577452,0.0,0.0,0.0
287,mp3d/2azQ1b91cZZ/2azQ1b91cZZ.glb,0,1.0,1.0,0.0,1.0,1.0,0.0,0.8258018052219401,0.8258018052219401,0.0,0.8777777407330394,0.8777777407330394,0.0,0.8777777407330394,0.8777777407330394,0.0,0.6259975433349609,0.6259975433349609,0.0,55.0,55.0,0.0,10.249285697937012,10.249285697937012,0.0,0.023809523809523808,0.023809523809523808,0.0,0.0,0.0,0.0
288,mp3d/2azQ1b91cZZ/2azQ1b91cZZ.glb,0,0.0,0.0,0.0,0.0,1.0,1.0,0.0,0.0,0.0,0.0020616070906107715,0.00029696709225666225,-0.0017646399983541092,0.0,0.0,0.0,16.273426055908203,12.408796310424805,-3.8646297454833984,136.0,207.0,71.0,22.749282836914062,37.24006271362305,14.490779876708984,0.010869565217391304,0.013333333333333334,0.00246376811594203,0.0,1.0,1.0
289,mp3d/8194nk5LbLH/8194nk5LbLH.glb,0,1.0,0.0,-1.0,1.0,1.0,0.0,0.44266602464227073,0.0,-0.44266602464227073,0.48276194491796603,0.3655452905303331,-0.11721665438763296,0.48276194491796603,0.0,-0.48276194491796603,2.8828623294830322,5.198816299438477,2.3159539699554443,137.0,110.0,-27.0,13.174663543701172,12.3759183883667,-0.7987451553344727,0.42105263157894735,0.34285714285714286,-0.07819548872180448,0.0,1.0,1.0
290,mp3d/8194nk5LbLH/8194nk5LbLH.glb,0,1.0,1.0,0.0,1.0,1.0,0.0,0.1660788396166934,0.1798955492834972,0.013816709666803817,0.012824635743369332,0.002547477460525184,-0.010277158282844149,0.012824635743369332,0.002547477460525184,-0.010277158282844149,1.4691994190216064,2.906707525253296,1.4375081062316895,243.0,220.0,-23.0,35.11570739746094,32.418678283691406,-2.6970291137695312,0.027972027972027972,0.04580152671755725,0.01782949874552928,0.0,0.0,0.0
291,mp3d/8194nk5LbLH/8194nk5LbLH.glb,0,1.0,1.0,0.0,1.0,1.0,0.0,0.4352863171314083,0.47310565332812615,0.037819336196717845,0.47785755287229464,0.5307880895069684,0.052930536634673786,0.47785755287229464,0.5307880895069684,0.052930536634673786,2.0717053413391113,0.9450014233589172,-1.126703917980194,166.0,219.0,53.0,13.398022651672363,12.327005386352539,-1.0710172653198242,0.5,0.6846846846846847,0.18468468468468469,0.0,0.0,0.0
292,mp3d/zsNo4HB9uLZ/zsNo4HB9uLZ.glb,0,1.0,1.0,0.0,1.0,1.0,0.0,0.8930968094905019,0.8930968094905019,0.0,0.9022710982094984,0.9022710982094984,0.0,0.9022710982094984,0.9022710982094984,0.0,0.9614325761795044,0.9614325761795044,0.0,58.0,58.0,0.0,10.190370559692383,10.190370559692383,0.0,0.23809523809523808,0.23809523809523808,0.0,0.0,0.0,0.0
293,mp3d/zsNo4HB9uLZ/zsNo4HB9uLZ.glb,0,1.0,1.0,0.0,1.0,1.0,0.0,0.8930968094905019,0.8930968094905019,0.0,0.9022710982094984,0.9022710982094984,0.0,0.9022710982094984,0.9022710982094984,0.0,0.9614325761795044,0.9614325761795044,0.0,58.0,58.0,0.0,10.190370559692383,10.190370559692383,0.0,0.23809523809523808,0.23809523809523808,0.0,0.0,0.0,0.0
294,mp3d/zsNo4HB9uLZ/zsNo4HB9uLZ.glb,0,1.0,1.0,0.0,1.0,1.0,0.0,0.8930968094905019,0.8930968094905019,0.0,0.9022710982094984,0.9022710982094984,0.0,0.9022710982094984,0.9022710982094984,0.0,0.9614325761795044,0.9614325761795044,0.0,58.0,58.0,0.0,10.190370559692383,10.190370559692383,0.0,0.23809523809523808,0.23809523809523808,0.0,0.0,0.0,0.0
295,mp3d/EU6Fwq7SyZv/EU6Fwq7SyZv.glb,0,0.0,0.0,0.0,1.0,1.0,0.0,0.0,0.0,0.0,0.1390605007226082,0.1390605007226082,0.0,0.0,0.0,0.0,9.786349296569824,9.786349296569824,0.0,83.0,83.0,0.0,16.529048919677734,16.529048919677734,0.0,0.0,0.0,0.0,1.0,1.0,0.0
296,mp3d/EU6Fwq7SyZv/EU6Fwq7SyZv.glb,0,1.0,1.0,0.0,1.0,1.0,0.0,0.3940775863764775,0.5075925108504838,0.11351492447400635,0.20688370811696602,0.3395273137552687,0.13264360563830266,0.20688370811696602,0.3395273137552687,0.13264360563830266,1.9708149433135986,1.8979443311691284,-0.07287061214447021,125.0,88.0,-37.0,19.00426483154297,14.754265785217285,-4.249999046325684,0.0,0.0,0.0,0.0,0.0,0.0
297,mp3d/EU6Fwq7SyZv/EU6Fwq7SyZv.glb,0,1.0,1.0,0.0,1.0,1.0,0.0,0.6478969733861335,0.40949432408845843,-0.23840264929767507,0.8225447103512304,0.2277645174232034,-0.5947801929280271,0.8225447103512304,0.2277645174232034,-0.5947801929280271,1.6533089876174927,1.4195502996444702,-0.23375868797302246,58.0,103.0,45.0,11.559175491333008,18.288787841796875,6.729612350463867,0.0,0.0,0.0,0.0,0.0,0.0
298,mp3d/TbHJrupSAjP/TbHJrupSAjP.glb,0,1.0,1.0,0.0,1.0,1.0,0.0,0.9068968729511053,0.9068968729511053,0.0,0.9407759773366628,0.9407759773366628,0.0,0.9407759773366628,0.9407759773366628,0.0,0.11795525997877121,0.11795525997877121,0.0,43.0,43.0,0.0,6.705503463745117,6.705503463745117,0.0,0.0,0.0,0.0,0.0,0.0,0.0
299,mp3d/TbHJrupSAjP/TbHJrupSAjP.glb,0,1.0,1.0,0.0,1.0,1.0,0.0,1.0,1.0,0.0,0.8892741598365752,0.934461190142718,0.045187030306142795,0.8892741598365752,0.934461190142718,0.045187030306142795,1.7242343425750732,0.8676722645759583,-0.856562077999115,31.0,36.0,5.0,4.887261867523193,5.909295082092285,1.0220332145690918,0.0,0.0,0.0,0.0,0.0,0.0
300,mp3d/TbHJrupSAjP/TbHJrupSAjP.glb,0,1.0,1.0,0.0,1.0,1.0,0.0,1.0,0.9068968729511053,-0.09310312704889467,0.934461190142718,0.9407759773366628,0.0063147871939448486,0.934461190142718,0.9407759773366628,0.0063147871939448486,0.8676722645759583,0.11795525997877121,-0.749717004597187,36.0,43.0,7.0,5.909295082092285,6.705503463745117,0.796208381652832,0.0,0.0,0.0,0.0,0.0,0.0
301,mp3d/zsNo4HB9uLZ/zsNo4HB9uLZ.glb,0,0.0,1.0,1.0,0.0,1.0,1.0,0.0,0.7943071103219331,0.7943071103219331,0.7124881005775255,0.75932419643694,0.046836095859414506,0.0,0.75932419643694,0.75932419643694,3.718733787536621,2.8565540313720703,-0.8621797561645508,76.0,96.0,20.0,8.25,10.500001907348633,2.250001907348633,0.0,0.0,0.0,0.0,0.0,0.0
302,mp3d/zsNo4HB9uLZ/zsNo4HB9uLZ.glb,0,1.0,1.0,0.0,1.0,1.0,0.0,0.6541354350771014,0.6065619455900675,-0.04757348948703388,0.8037607883631995,0.7604336257957518,-0.04332716256744773,0.8037607883631995,0.7604336257957518,-0.04332716256744773,1.271422266960144,1.6790740489959717,0.40765178203582764,107.0,135.0,28.0,12.749999046325684,13.749999046325684,1.0,0.0,0.0,0.0,0.0,0.0,0.0
303,mp3d/zsNo4HB9uLZ/zsNo4HB9uLZ.glb,0,1.0,1.0,0.0,1.0,1.0,0.0,0.8340226968786905,0.7413533747903294,-0.0926693220883611,0.8969988516216905,0.910564473207791,0.01356562158610053,0.8969988516216905,0.910564473207791,0.01356562158610053,1.6979001760482788,1.0541532039642334,-0.6437469720840454,64.0,100.0,36.0,9.999999046325684,11.250000953674316,1.2500019073486328,0.0,0.0,0.0,0.0,0.0,0.0
304,mp3d/X7HyMhZNoso/X7HyMhZNoso.glb,0,1.0,1.0,0.0,1.0,1.0,0.0,1.0,0.5566680272781285,-0.4433319727218715,0.6431832423207462,0.4919420569740374,-0.15124118534670877,0.6431832423207462,0.4919420569740374,-0.15124118534670877,1.9148389101028442,0.6403163075447083,-1.274522602558136,45.0,149.0,104.0,9.055633544921875,16.555635452270508,7.500001907348633,0.0,0.0,0.0,0.0,0.0,0.0
305,mp3d/X7HyMhZNoso/X7HyMhZNoso.glb,0,1.0,1.0,0.0,1.0,1.0,0.0,0.6926385638152045,0.6926385638152045,0.0,0.6466012515826628,0.6466012515826628,0.0,0.6466012515826628,0.6466012515826628,0.0,0.5458807349205017,0.5458807349205017,0.0,89.0,89.0,0.0,13.305630683898926,13.305630683898926,0.0,0.0,0.0,0.0,0.0,0.0,0.0
306,mp3d/X7HyMhZNoso/X7HyMhZNoso.glb,0,1.0,1.0,0.0,1.0,1.0,0.0,0.8239403277611153,1.0,0.17605967223888475,0.7782176535418497,0.9338612241919129,0.15564357065006318,0.7782176535418497,0.9338612241919129,0.15564357065006318,0.30069565773010254,0.47405174374580383,0.1733560860157013,70.0,44.0,-26.0,11.185267448425293,9.05589485168457,-2.1293725967407227,0.021739130434782608,0.0,-0.021739130434782608,0.0,0.0,0.0
307,mp3d/TbHJrupSAjP/TbHJrupSAjP.glb,0,1.0,1.0,0.0,1.0,1.0,0.0,0.41361498760736326,0.5336724854509358,0.12005749784357256,0.7219239414351053,0.7849014662290071,0.06297752479390184,0.7219239414351053,0.7849014662290071,0.06297752479390184,0.8684985041618347,1.3549420833587646,0.48644357919692993,200.0,133.0,-67.0,19.498836517333984,15.112285614013672,-4.3865509033203125,0.0379746835443038,0.0,-0.0379746835443038,0.0,0.0,0.0
308,mp3d/TbHJrupSAjP/TbHJrupSAjP.glb,1,0.0,0.0,0.0,0.0,0.0,0.0,0.0,0.0,0.0,0.0,0.0,0.0,0.0,0.0,0.0,0.0,0.0,0.0,0.0,0.0,0.0,0.0,0.0,0.0,0.0,0.0,0.0,0.0,0.0,0.0
309,mp3d/TbHJrupSAjP/TbHJrupSAjP.glb,0,1.0,1.0,0.0,1.0,1.0,0.0,0.7602410505033796,0.7602410505033796,0.0,0.8933584789113522,0.8933584789113522,0.0,0.8933584789113522,0.8933584789113522,0.0,1.511060357093811,1.511060357093811,0.0,73.0,73.0,0.0,10.608491897583008,10.608491897583008,0.0,0.0,0.0,0.0,0.0,0.0,0.0
310,mp3d/x8F5xyUWy9e/x8F5xyUWy9e.glb,0,1.0,0.0,-1.0,1.0,1.0,0.0,0.6547915295856755,0.0,-0.6547915295856755,0.6343317525212909,0.4093753204752786,-0.22495643204601234,0.6343317525212909,0.0,-0.6343317525212909,2.9920763969421387,4.757002830505371,1.7649264335632324,53.0,65.0,12.0,10.25,12.5,2.25,0.0,0.0,0.0,0.0,1.0,1.0
311,mp3d/x8F5xyUWy9e/x8F5xyUWy9e.glb,0,0.0,0.0,0.0,1.0,1.0,0.0,0.0,0.0,0.0,0.26054740456250663,0.26054740456250663,0.0,0.0,0.0,0.0,5.400814533233643,5.400814533233643,0.0,61.0,61.0,0.0,12.248695373535156,12.248695373535156,0.0,0.02,0.02,0.0,1.0,1.0,0.0
312,mp3d/x8F5xyUWy9e/x8F5xyUWy9e.glb,0,1.0,1.0,0.0,1.0,1.0,0.0,1.0,1.0,0.0,0.8362014217226543,0.8362014217226543,0.0,0.8362014217226543,0.8362014217226543,0.0,1.3087249994277954,1.3087249994277954,0.0,35.0,35.0,0.0,6.24869441986084,6.24869441986084,0.0,0.038461538461538464,0.038461538461538464,0.0,0.0,0.0,0.0
313,mp3d/2azQ1b91cZZ/2azQ1b91cZZ.glb,0,1.0,1.0,0.0,1.0,1.0,0.0,0.8330964645314699,0.8330964645314699,0.0,0.9141542128684677,0.9141542128684677,0.0,0.9141542128684677,0.9141542128684677,0.0,0.4587935507297516,0.4587935507297516,0.0,78.0,78.0,0.0,12.00000286102295,12.00000286102295,0.0,0.0,0.0,0.0,0.0,0.0,0.0
314,mp3d/2azQ1b91cZZ/2azQ1b91cZZ.glb,0,1.0,1.0,0.0,1.0,1.0,0.0,0.4080473452198262,0.9521102992266157,0.5440629540067895,0.5382953674826398,0.8872544324332649,0.348959064950625,0.5382953674826398,0.8872544324332649,0.348959064950625,0.8212740421295166,1.1161633729934692,0.29488933086395264,170.0,57.0,-113.0,24.5,10.500001907348633,-13.999998092651367,0.0,0.0,0.0,0.0,0.0,0.0
315,mp3d/2azQ1b91cZZ/2azQ1b91cZZ.glb,0,1.0,1.0,0.0,1.0,1.0,0.0,0.9521102992266157,0.9521102992266157,0.0,0.8872544324332649,0.8872544324332649,0.0,0.8872544324332649,0.8872544324332649,0.0,1.1161633729934692,1.1161633729934692,0.0,57.0,57.0,0.0,10.500001907348633,10.500001907348633,0.0,0.0,0.0,0.0,0.0,0.0,0.0
316,mp3d/EU6Fwq7SyZv/EU6Fwq7SyZv.glb,0,0.0,0.0,0.0,0.0,0.0,0.0,0.0,0.0,0.0,0.0615791860011307,0.09370844970759526,0.03212926370646456,0.0,0.0,0.0,10.699153900146484,11.187589645385742,0.4884357452392578,372.0,260.0,-112.0,29.466711044311523,21.56281089782715,-7.903900146484375,0.07894736842105263,0.07317073170731707,-0.005776636713735558,0.0,0.0,0.0
317,mp3d/EU6Fwq7SyZv/EU6Fwq7SyZv.glb,0,0.0,0.0,0.0,0.0,0.0,0.0,0.0,0.0,0.0,0.0615791860011307,0.06825169197056301,0.0066725059694323074,0.0,0.0,0.0,10.699153900146484,10.747836112976074,0.048682212829589844,372.0,361.0,-11.0,29.466711044311523,26.082218170166016,-3.384492874145508,0.07894736842105263,0.13592233009708737,0.05697496167603475,0.0,0.0,0.0
318,mp3d/EU6Fwq7SyZv/EU6Fwq7SyZv.glb,0,0.0,0.0,0.0,0.0,0.0,0.0,0.0,0.0,0.0,0.050120958232716256,0.04714171858943957,-0.0029792396432766835,0.0,0.0,0.0,10.796503067016602,10.679359436035156,-0.11714363098144531,342.0,376.0,34.0,28.87421989440918,31.697240829467773,2.8230209350585938,0.07964601769911504,0.07377049180327869,-0.005875525895836356,0.0,0.0,0.0
319,mp3d/EU6Fwq7SyZv/EU6Fwq7SyZv.glb,0,1.0,1.0,0.0,1.0,1.0,0.0,0.7612963084154849,0.10505788050729618,-0.6562384279081888,0.3279557046309287,0.012075024816778664,-0.31588067981415,0.3279557046309287,0.012075024816778664,-0.31588067981415,1.2253443002700806,1.933537244796753,0.7081929445266724,52.0,399.0,347.0,6.251584053039551,45.3017692565918,39.050185203552246,0.038461538461538464,0.06282722513089005,0.024365686669351586,0.0,0.0,0.0
320,mp3d/EU6Fwq7SyZv/EU6Fwq7SyZv.glb,0,1.0,1.0,0.0,1.0,1.0,0.0,0.22622149733774188,0.20177957558045082,-0.02444192175729107,0.16968932850471652,0.10041557610763012,-0.0692737523970864,0.16968932850471652,0.10041557610763012,-0.0692737523970864,1.871870994567871,1.3103171586990356,-0.5615538358688354,166.0,173.0,7.0,21.038265228271484,23.586668014526367,2.548402786254883,0.011764705882352941,0.07216494845360824,0.0604002425712553,0.0,0.0,0.0
321,mp3d/EU6Fwq7SyZv/EU6Fwq7SyZv.glb,0,1.0,1.0,0.0,1.0,1.0,0.0,0.7883653266209407,0.7883653266209407,0.0,0.8790795567715038,0.8790795567715038,0.0,0.8790795567715038,0.8790795567715038,0.0,0.7446960806846619,0.7446960806846619,0.0,39.0,39.0,0.0,6.036931991577148,6.036931991577148,0.0,0.04,0.04,0.0,0.0,0.0,0.0
322,mp3d/Z6MFQCViBuw/Z6MFQCViBuw.glb,0,1.0,1.0,0.0,1.0,1.0,0.0,0.8486880216837375,0.8486880216837375,0.0,0.8426860180621094,0.8426860180621094,0.0,0.8426860180621094,0.8426860180621094,0.0,0.8720669746398926,0.8720669746398926,0.0,51.0,51.0,0.0,9.689912796020508,9.689912796020508,0.0,0.0,0.0,0.0,0.0,0.0,0.0
323,mp3d/Z6MFQCViBuw/Z6MFQCViBuw.glb,0,0.0,0.0,0.0,1.0,1.0,0.0,0.0,0.0,0.0,0.6463216476213013,0.6463216476213013,0.0,0.0,0.0,0.0,3.331998109817505,3.331998109817505,0.0,63.0,63.0,0.0,12.273097038269043,12.273097038269043,0.0,0.0784313725490196,0.0784313725490196,0.0,1.0,1.0,0.0
324,mp3d/Z6MFQCViBuw/Z6MFQCViBuw.glb,0,0.0,0.0,0.0,0.0,0.0,0.0,0.0,0.0,0.0,0.00011212363134895852,7.626488920674402e-05,-3.58587421422145e-05,0.0,0.0,0.0,15.924131393432617,15.678251266479492,-0.245880126953125,213.0,212.0,-1.0,23.908430099487305,25.67558479309082,1.7671546936035156,0.3559322033898305,0.3225806451612903,-0.03335155822854019,0.0,0.0,0.0
325,mp3d/2azQ1b91cZZ/2azQ1b91cZZ.glb,0,1.0,0.0,-1.0,1.0,0.0,-1.0,0.8016477577744171,0.0,-0.8016477577744171,0.7078923655910649,0.1234191187404917,-0.5844732468505732,0.7078923655910649,0.0,-0.7078923655910649,0.04197950288653374,15.842623710632324,15.80064420774579,90.0,69.0,-21.0,15.251193046569824,4.003195285797119,-11.247997760772705,0.04838709677419355,2.111111111111111,2.0627240143369177,0.0,0.0,0.0
326,mp3d/2azQ1b91cZZ/2azQ1b91cZZ.glb,0,0.0,0.0,0.0,0.0,0.0,0.0,0.0,0.0,0.0,0.005722934990710442,0.011094109886380316,0.005371174895669874,0.0,0.0,0.0,24.547685623168945,24.547685623168945,0.0,146.0,127.0,-19.0,17.753204345703125,15.753199577331543,-2.000004768371582,0.1095890410958904,0.16923076923076924,0.059641728134878835,0.0,0.0,0.0
327,mp3d/2azQ1b91cZZ/2azQ1b91cZZ.glb,0,0.0,0.0,0.0,0.0,0.0,0.0,0.0,0.0,0.0,0.34971426940984407,0.604361755210592,0.2546474858007479,0.0,0.0,0.0,5.530028343200684,4.504406452178955,-1.0256218910217285,124.0,63.0,-61.0,16.732091903686523,11.501193046569824,-5.230898857116699,0.07246376811594203,0.06382978723404255,-0.008633980881899483,0.0,0.0,0.0
328,mp3d/2azQ1b91cZZ/2azQ1b91cZZ.glb,0,1.0,1.0,0.0,1.0,1.0,0.0,0.8213446210304555,0.6055763933825424,-0.21576822764791304,0.906802398127428,0.7719142755814699,-0.13488812254595817,0.906802398127428,0.7719142755814699,-0.13488812254595817,1.3389017581939697,1.3389017581939697,0.0,74.0,96.0,22.0,9.823131561279297,13.323135375976562,3.5000038146972656,0.0,0.0,0.0,0.0,0.0,0.0
329,mp3d/2azQ1b91cZZ/2azQ1b91cZZ.glb,0,0.0,0.0,0.0,1.0,1.0,0.0,0.0,0.0,0.0,0.18239947830850517,0.17996741562196575,-0.0024320626865394213,0.0,0.0,0.0,8.560133934020996,9.097539901733398,0.5374059677124023,171.0,156.0,-15.0,24.026824951171875,21.235769271850586,-2.791055679321289,0.0,0.0,0.0,1.0,1.0,0.0
330,mp3d/2azQ1b91cZZ/2azQ1b91cZZ.glb,0,1.0,1.0,0.0,1.0,1.0,0.0,1.0,1.0,0.0,0.9246843020434224,0.9246843020434224,0.0,0.9246843020434224,0.9246843020434224,0.0,1.3609539270401,1.3609539270401,0.0,39.0,39.0,0.0,7.494891166687012,7.494891166687012,0.0,0.0,0.0,0.0,0.0,0.0,0.0
331,mp3d/TbHJrupSAjP/TbHJrupSAjP.glb,0,1.0,1.0,0.0,1.0,1.0,0.0,0.6193080420055169,0.6193080420055169,0.0,0.8236615507423437,0.8236615507423437,0.0,0.8236615507423437,0.8236615507423437,0.0,0.569779634475708,0.569779634475708,0.0,68.0,68.0,0.0,10.472420692443848,10.472420692443848,0.0,0.0,0.0,0.0,0.0,0.0,0.0
332,mp3d/TbHJrupSAjP/TbHJrupSAjP.glb,0,1.0,1.0,0.0,1.0,1.0,0.0,1.0,1.0,0.0,0.8629054541984627,0.8629054541984627,0.0,0.8629054541984627,0.8629054541984627,0.0,2.184516191482544,2.184516191482544,0.0,27.0,27.0,0.0,4.499999046325684,4.499999046325684,0.0,0.0,0.0,0.0,0.0,0.0,0.0
333,mp3d/TbHJrupSAjP/TbHJrupSAjP.glb,0,1.0,1.0,0.0,1.0,1.0,0.0,0.6193080420055169,0.6193080420055169,0.0,0.8236615507423437,0.8236615507423437,0.0,0.8236615507423437,0.8236615507423437,0.0,0.569779634475708,0.569779634475708,0.0,68.0,68.0,0.0,10.472420692443848,10.472420692443848,0.0,0.0,0.0,0.0,0.0,0.0,0.0
334,mp3d/QUCTc6BB5sX/QUCTc6BB5sX.glb,0,1.0,1.0,0.0,1.0,1.0,0.0,0.718717372877234,0.8188306850810796,0.10011331220384556,0.7964958959293075,0.8629552852468101,0.06645938931750262,0.7964958959293075,0.8629552852468101,0.06645938931750262,0.8784539103507996,1.8828983306884766,1.004444420337677,90.0,73.0,-17.0,14.313318252563477,12.563318252563477,-1.75,0.0,0.0,0.0,0.0,0.0,0.0
335,mp3d/QUCTc6BB5sX/QUCTc6BB5sX.glb,0,1.0,1.0,0.0,1.0,1.0,0.0,0.9974706629076918,0.9974706629076918,0.0,0.930630467623683,0.930630467623683,0.0,0.930630467623683,0.930630467623683,0.0,0.473570853471756,0.473570853471756,0.0,60.0,60.0,0.0,10.313316345214844,10.313316345214844,0.0,0.0,0.0,0.0,0.0,0.0,0.0
336,mp3d/QUCTc6BB5sX/QUCTc6BB5sX.glb,0,1.0,1.0,0.0,1.0,1.0,0.0,0.718717372877234,0.7874898469705024,0.06877247409326837,0.7964958959293075,0.8303753752402796,0.03387947931097213,0.7964958959293075,0.8303753752402796,0.03387947931097213,0.8784539103507996,2.373248338699341,1.4947944283485413,90.0,76.0,-14.0,14.313318252563477,13.063318252563477,-1.25,0.0,0.0,0.0,0.0,0.0,0.0
337,mp3d/TbHJrupSAjP/TbHJrupSAjP.glb,0,1.0,1.0,0.0,1.0,1.0,0.0,0.9687124332733538,0.7424075364203206,-0.22630489685303312,0.7422371847331443,0.7625549138523966,0.020317729119252337,0.7422371847331443,0.7625549138523966,0.020317729119252337,2.4332220554351807,2.4948318004608154,0.061609745025634766,50.0,77.0,27.0,6.56112813949585,8.561128616333008,2.000000476837158,0.0,0.0,0.0,0.0,0.0,0.0
338,mp3d/TbHJrupSAjP/TbHJrupSAjP.glb,0,1.0,1.0,0.0,1.0,1.0,0.0,1.0,1.0,0.0,0.8913868282676563,0.8913868282676563,0.0,0.8913868282676563,0.8913868282676563,0.0,1.8575491905212402,1.8575491905212402,0.0,42.0,42.0,0.0,5.568464756011963,5.568464756011963,0.0,0.0,0.0,0.0,0.0,0.0,0.0
339,mp3d/TbHJrupSAjP/TbHJrupSAjP.glb,0,1.0,1.0,0.0,1.0,1.0,0.0,1.0,1.0,0.0,0.8913868282676563,0.8913868282676563,0.0,0.8913868282676563,0.8913868282676563,0.0,1.8575491905212402,1.8575491905212402,0.0,42.0,42.0,0.0,5.568464756011963,5.568464756011963,0.0,0.0,0.0,0.0,0.0,0.0,0.0
340,mp3d/2azQ1b91cZZ/2azQ1b91cZZ.glb,0,1.0,1.0,0.0,1.0,1.0,0.0,0.6864509171155425,0.6864509171155425,0.0,0.48556693398075645,0.48556693398075645,0.0,0.48556693398075645,0.48556693398075645,0.0,0.7341392040252686,0.7341392040252686,0.0,82.0,82.0,0.0,15.501494407653809,15.501494407653809,0.0,0.015873015873015872,0.015873015873015872,0.0,0.0,0.0,0.0
341,mp3d/2azQ1b91cZZ/2azQ1b91cZZ.glb,0,0.0,0.0,0.0,1.0,1.0,0.0,0.0,0.0,0.0,0.5424154582765272,0.5180962846984968,-0.024319173578030373,0.0,0.0,0.0,4.370087146759033,5.499824523925781,1.129737377166748,147.0,93.0,-54.0,20.750003814697266,15.750001907348633,-5.000001907348633,0.0,0.0,0.0,1.0,1.0,0.0
342,mp3d/2azQ1b91cZZ/2azQ1b91cZZ.glb,0,1.0,1.0,0.0,1.0,1.0,0.0,0.29354493392951286,0.8185393792550368,0.524994445325524,0.055093021349737904,0.8038854179298693,0.7487923965801314,0.055093021349737904,0.8038854179298693,0.7487923965801314,1.7841987609863281,0.33474084734916687,-1.4494579136371613,277.0,71.0,-206.0,36.250038146972656,13.000003814697266,-23.25003433227539,0.0,0.0,0.0,0.0,0.0,0.0
343,mp3d/Z6MFQCViBuw/Z6MFQCViBuw.glb,0,0.0,0.0,0.0,1.0,1.0,0.0,0.0,0.0,0.0,0.433429531271972,0.545061692825083,0.11163216155311101,0.0,0.0,0.0,4.138709545135498,3.731194019317627,-0.4075155258178711,63.0,51.0,-12.0,10.984546661376953,9.950826644897461,-1.0337200164794922,0.045454545454545456,0.0,-0.045454545454545456,1.0,1.0,0.0
344,mp3d/Z6MFQCViBuw/Z6MFQCViBuw.glb,0,0.0,0.0,0.0,0.0,0.0,0.0,0.0,0.0,0.0,0.03966864694705594,0.05176327788294888,0.012094630935892935,0.0,0.0,0.0,14.579360008239746,14.211446762084961,-0.36791324615478516,47.0,44.0,-3.0,9.0,8.500001907348633,-0.4999980926513672,0.0,0.0,0.0,0.0,0.0,0.0
345,mp3d/Z6MFQCViBuw/Z6MFQCViBuw.glb,0,0.0,0.0,0.0,1.0,1.0,0.0,0.0,0.0,0.0,0.3800304810605253,0.3800304810605253,0.0,0.0,0.0,0.0,4.588180065155029,4.588180065155029,0.0,60.0,60.0,0.0,11.537797927856445,11.537797927856445,0.0,0.043478260869565216,0.043478260869565216,0.0,1.0,1.0,0.0
346,mp3d/EU6Fwq7SyZv/EU6Fwq7SyZv.glb,0,0.0,0.0,0.0,0.0,0.0,0.0,0.0,0.0,0.0,0.058094815283058834,0.12421853203967002,0.06612371675661119,0.0,0.0,0.0,12.017990112304688,12.618637084960938,0.60064697265625,383.0,290.0,-93.0,32.689388275146484,18.286502838134766,-14.402885437011719,0.08661417322834646,0.6363636363636364,0.5497494631352899,0.0,0.0,0.0
347,mp3d/EU6Fwq7SyZv/EU6Fwq7SyZv.glb,0,0.0,0.0,0.0,0.0,0.0,0.0,0.0,0.0,0.0,0.058094815283058834,0.11781589580933262,0.059721080526273784,0.0,0.0,0.0,12.017990112304688,11.895336151123047,-0.12265396118164062,383.0,265.0,-118.0,32.689388275146484,22.066808700561523,-10.622579574584961,0.08661417322834646,0.07142857142857142,-0.015185601799775031,0.0,0.0,0.0
348,mp3d/EU6Fwq7SyZv/EU6Fwq7SyZv.glb,0,0.0,0.0,0.0,0.0,0.0,0.0,0.0,0.0,0.0,0.07837032601631574,0.11781589580933262,0.039445569793016874,0.0,0.0,0.0,11.813837051391602,11.895336151123047,0.08149909973144531,372.0,265.0,-107.0,29.466711044311523,22.066808700561523,-7.39990234375,0.07894736842105263,0.07142857142857142,-0.007518796992481203,0.0,0.0,0.0
349,mp3d/8194nk5LbLH/8194nk5LbLH.glb,1,0.0,0.0,0.0,0.0,0.0,0.0,0.0,0.0,0.0,0.0,0.0,0.0,0.0,0.0,0.0,0.0,0.0,0.0,0.0,0.0,0.0,0.0,0.0,0.0,0.0,0.0,0.0,0.0,0.0,0.0
350,mp3d/8194nk5LbLH/8194nk5LbLH.glb,0,1.0,1.0,0.0,1.0,1.0,0.0,0.5784761560151769,0.5784761560151769,0.0,0.12464170517896579,0.12464170517896579,0.0,0.12464170517896579,0.12464170517896579,0.0,1.696437954902649,1.696437954902649,0.0,153.0,153.0,0.0,24.97513198852539,24.97513198852539,0.0,0.03,0.03,0.0,0.0,0.0,0.0
351,mp3d/8194nk5LbLH/8194nk5LbLH.glb,0,1.0,1.0,0.0,1.0,1.0,0.0,0.7336630138135324,0.7336630138135324,0.0,0.30488809036270914,0.30488809036270914,0.0,0.30488809036270914,0.30488809036270914,0.0,0.7410374879837036,0.7410374879837036,0.0,112.0,112.0,0.0,19.69230842590332,19.69230842590332,0.0,0.06329113924050633,0.06329113924050633,0.0,0.0,0.0,0.0
352,mp3d/zsNo4HB9uLZ/zsNo4HB9uLZ.glb,0,0.0,0.0,0.0,0.0,0.0,0.0,0.0,0.0,0.0,0.05905765965469134,0.05486032615582295,-0.004197333498868389,0.0,0.0,0.0,14.132908821105957,14.343369483947754,0.21046066284179688,65.0,68.0,3.0,11.250000953674316,11.500000953674316,0.25,0.0,0.0,0.0,0.0,0.0,0.0
353,mp3d/zsNo4HB9uLZ/zsNo4HB9uLZ.glb,0,0.0,0.0,0.0,0.0,0.0,0.0,0.0,0.0,0.0,0.06401627200173858,0.06401627200173858,0.0,0.0,0.0,0.0,13.721918106079102,13.721918106079102,0.0,69.0,69.0,0.0,11.750000953674316,11.750000953674316,0.0,0.0,0.0,0.0,0.0,0.0,0.0
354,mp3d/zsNo4HB9uLZ/zsNo4HB9uLZ.glb,0,0.0,0.0,0.0,0.0,0.0,0.0,0.0,0.0,0.0,0.03579678277700555,0.03579678277700555,0.0,0.0,0.0,0.0,15.570423126220703,15.570423126220703,0.0,73.0,73.0,0.0,12.750001907348633,12.750001907348633,0.0,0.0,0.0,0.0,0.0,0.0,0.0
355,mp3d/TbHJrupSAjP/TbHJrupSAjP.glb,0,1.0,1.0,0.0,1.0,1.0,0.0,0.9108700204013962,0.8221253437916561,-0.08874467660974006,0.8522138013513387,0.8676529621629177,0.015439160811578923,0.8522138013513387,0.8676529621629177,0.015439160811578923,1.1690577268600464,0.28770312666893005,-0.8813546001911163,76.0,82.0,6.0,9.28693675994873,10.289419174194336,1.0024824142456055,0.14634146341463414,0.13333333333333333,-0.013008130081300806,0.0,0.0,0.0
356,mp3d/TbHJrupSAjP/TbHJrupSAjP.glb,0,0.0,0.0,0.0,0.0,0.0,0.0,0.0,0.0,0.0,0.22501167289750276,0.22501167289750276,0.0,0.0,0.0,0.0,13.262227058410645,13.262227058410645,0.0,84.0,84.0,0.0,8.6276273727417,8.6276273727417,0.0,0.15789473684210525,0.15789473684210525,0.0,0.0,0.0,0.0
357,mp3d/TbHJrupSAjP/TbHJrupSAjP.glb,0,1.0,1.0,0.0,1.0,1.0,0.0,0.9106266083352446,0.8221253437916561,-0.08850126454358842,0.8669922357507553,0.8676529621629177,0.0006607264121623047,0.8669922357507553,0.8676529621629177,0.0006607264121623047,1.1573903560638428,0.28770312666893005,-0.8696872293949127,72.0,82.0,10.0,9.289419174194336,10.289419174194336,1.0,0.14634146341463414,0.13333333333333333,-0.013008130081300806,0.0,0.0,0.0
358,mp3d/TbHJrupSAjP/TbHJrupSAjP.glb,0,1.0,1.0,0.0,1.0,1.0,0.0,0.81985931495344,0.81985931495344,0.0,0.9158262947526317,0.9158262947526317,0.0,0.9158262947526317,0.9158262947526317,0.0,0.49671584367752075,0.49671584367752075,0.0,70.0,70.0,0.0,11.980425834655762,11.980425834655762,0.0,0.0,0.0,0.0,0.0,0.0,0.0
359,mp3d/TbHJrupSAjP/TbHJrupSAjP.glb,0,1.0,1.0,0.0,1.0,1.0,0.0,0.81985931495344,0.81985931495344,0.0,0.9158262947526317,0.9158262947526317,0.0,0.9158262947526317,0.9158262947526317,0.0,0.49671584367752075,0.49671584367752075,0.0,70.0,70.0,0.0,11.980425834655762,11.980425834655762,0.0,0.0,0.0,0.0,0.0,0.0,0.0
360,mp3d/TbHJrupSAjP/TbHJrupSAjP.glb,0,1.0,1.0,0.0,1.0,1.0,0.0,0.9427719980499025,0.9427719980499025,0.0,0.9238937543434533,0.9238937543434533,0.0,0.9238937543434533,0.9238937543434533,0.0,1.0212889909744263,1.0212889909744263,0.0,60.0,60.0,0.0,10.418493270874023,10.418493270874023,0.0,0.0,0.0,0.0,0.0,0.0,0.0
361,mp3d/zsNo4HB9uLZ/zsNo4HB9uLZ.glb,0,1.0,1.0,0.0,1.0,1.0,0.0,1.0,1.0,0.0,0.8868467016512295,0.8868467016512295,0.0,0.8868467016512295,0.8868467016512295,0.0,2.1809401512145996,2.1809401512145996,0.0,60.0,60.0,0.0,8.985586166381836,8.985586166381836,0.0,0.02702702702702703,0.02702702702702703,0.0,0.0,0.0,0.0
362,mp3d/zsNo4HB9uLZ/zsNo4HB9uLZ.glb,0,1.0,1.0,0.0,1.0,1.0,0.0,1.0,1.0,0.0,0.9103328982051591,0.9103328982051591,0.0,0.9103328982051591,0.9103328982051591,0.0,1.8574609756469727,1.8574609756469727,0.0,58.0,58.0,0.0,8.985586166381836,8.985586166381836,0.0,0.02702702702702703,0.02702702702702703,0.0,0.0,0.0,0.0
363,mp3d/zsNo4HB9uLZ/zsNo4HB9uLZ.glb,0,1.0,1.0,0.0,1.0,1.0,0.0,1.0,0.9315272701126963,-0.06847272988730368,0.9403423670125591,0.9267005393767331,-0.013641827635825998,0.9403423670125591,0.9267005393767331,-0.013641827635825998,0.7500511407852173,1.304868221282959,0.5548170804977417,54.0,64.0,10.0,9.0,9.735586166381836,0.7355861663818359,0.0,0.025,0.025,0.0,0.0,0.0
364,mp3d/2azQ1b91cZZ/2azQ1b91cZZ.glb,0,1.0,1.0,0.0,1.0,1.0,0.0,1.0,1.0,0.0,0.9842985828632281,0.9842985828632281,0.0,0.9842985828632281,0.9842985828632281,0.0,0.4530070126056671,0.4530070126056671,0.0,33.0,33.0,0.0,6.75,6.75,0.0,0.0,0.0,0.0,0.0,0.0,0.0
365,mp3d/2azQ1b91cZZ/2azQ1b91cZZ.glb,0,1.0,0.0,-1.0,1.0,1.0,0.0,1.0,0.0,-1.0,0.9842985828632281,0.01901481532094504,-0.9652837675422831,0.9842985828632281,0.0,-0.9842985828632281,0.4530070126056671,4.34254264831543,3.8895356357097626,33.0,170.0,137.0,6.75,27.137794494628906,20.387794494628906,0.0,0.02727272727272727,0.02727272727272727,0.0,1.0,1.0
366,mp3d/2azQ1b91cZZ/2azQ1b91cZZ.glb,0,1.0,1.0,0.0,1.0,1.0,0.0,0.8917503227889922,0.8917503227889922,0.0,0.9308253412373823,0.9308253412373823,0.0,0.9308253412373823,0.9308253412373823,0.0,1.2804741859436035,1.2804741859436035,0.0,40.0,40.0,0.0,7.999999046325684,7.999999046325684,0.0,0.0,0.0,0.0,0.0,0.0,0.0
367,mp3d/zsNo4HB9uLZ/zsNo4HB9uLZ.glb,0,1.0,1.0,0.0,1.0,1.0,0.0,1.0,1.0,0.0,0.8949285505922938,0.8949285505922938,0.0,0.8949285505922938,0.8949285505922938,0.0,1.2077454328536987,1.2077454328536987,0.0,58.0,58.0,0.0,8.327947616577148,8.327947616577148,0.0,0.15789473684210525,0.15789473684210525,0.0,0.0,0.0,0.0
368,mp3d/zsNo4HB9uLZ/zsNo4HB9uLZ.glb,0,1.0,1.0,0.0,1.0,1.0,0.0,1.0,1.0,0.0,0.8949285505922938,0.8949285505922938,0.0,0.8949285505922938,0.8949285505922938,0.0,1.2077454328536987,1.2077454328536987,0.0,58.0,58.0,0.0,8.327947616577148,8.327947616577148,0.0,0.15789473684210525,0.15789473684210525,0.0,0.0,0.0,0.0
369,mp3d/zsNo4HB9uLZ/zsNo4HB9uLZ.glb,0,1.0,1.0,0.0,1.0,1.0,0.0,1.0,1.0,0.0,0.8285154520556969,0.8285154520556969,0.0,0.8285154520556969,0.8285154520556969,0.0,2.400684118270874,2.400684118270874,0.0,59.0,59.0,0.0,7.827947616577148,7.827947616577148,0.0,0.16666666666666666,0.16666666666666666,0.0,0.0,0.0,0.0
370,mp3d/X7HyMhZNoso/X7HyMhZNoso.glb,0,1.0,1.0,0.0,1.0,1.0,0.0,0.9051076626072493,0.9051076626072493,0.0,0.8885000455180366,0.8885000455180366,0.0,0.8885000455180366,0.8885000455180366,0.0,0.19559891521930695,0.19559891521930695,0.0,59.0,59.0,0.0,10.279077529907227,10.279077529907227,0.0,0.0,0.0,0.0,0.0,0.0,0.0
371,mp3d/X7HyMhZNoso/X7HyMhZNoso.glb,0,1.0,1.0,0.0,1.0,1.0,0.0,0.9740959519171023,0.9051076626072493,-0.06898828930985301,0.9555111916263983,0.8885000455180366,-0.06701114610836167,0.9555111916263983,0.8885000455180366,-0.06701114610836167,0.1703229695558548,0.19559891521930695,0.02527594566345215,50.0,59.0,9.0,9.5510835647583,10.279077529907227,0.7279939651489258,0.0,0.0,0.0,0.0,0.0,0.0
372,mp3d/X7HyMhZNoso/X7HyMhZNoso.glb,0,1.0,1.0,0.0,1.0,1.0,0.0,0.9740959519171023,0.9740959519171023,0.0,0.9555111916263983,0.9555111916263983,0.0,0.9555111916263983,0.9555111916263983,0.0,0.1703229695558548,0.1703229695558548,0.0,50.0,50.0,0.0,9.5510835647583,9.5510835647583,0.0,0.0,0.0,0.0,0.0,0.0,0.0
373,mp3d/X7HyMhZNoso/X7HyMhZNoso.glb,0,1.0,1.0,0.0,1.0,1.0,0.0,0.8083398503244024,0.8083398503244024,0.0,0.9068672846161064,0.9068672846161064,0.0,0.9068672846161064,0.9068672846161064,0.0,0.5865216255187988,0.5865216255187988,0.0,45.0,45.0,0.0,6.765628814697266,6.765628814697266,0.0,0.0,0.0,0.0,0.0,0.0,0.0
374,mp3d/X7HyMhZNoso/X7HyMhZNoso.glb,0,1.0,1.0,0.0,1.0,1.0,0.0,0.8083398503244024,0.8083398503244024,0.0,0.9068672846161064,0.9068672846161064,0.0,0.9068672846161064,0.9068672846161064,0.0,0.5865216255187988,0.5865216255187988,0.0,45.0,45.0,0.0,6.765628814697266,6.765628814697266,0.0,0.0,0.0,0.0,0.0,0.0,0.0
375,mp3d/X7HyMhZNoso/X7HyMhZNoso.glb,0,1.0,1.0,0.0,1.0,1.0,0.0,1.0,1.0,0.0,0.8944186243716692,0.8944186243716692,0.0,0.8944186243716692,0.8944186243716692,0.0,1.3404840230941772,1.3404840230941772,0.0,38.0,38.0,0.0,5.015629768371582,5.015629768371582,0.0,0.0,0.0,0.0,0.0,0.0,0.0
376,mp3d/TbHJrupSAjP/TbHJrupSAjP.glb,0,1.0,1.0,0.0,1.0,1.0,0.0,1.0,1.0,0.0,0.8193530202330179,0.8193530202330179,0.0,0.8193530202330179,0.8193530202330179,0.0,2.79697847366333,2.79697847366333,0.0,32.0,32.0,0.0,5.25,5.25,0.0,0.0,0.0,0.0,0.0,0.0,0.0
377,mp3d/TbHJrupSAjP/TbHJrupSAjP.glb,0,1.0,1.0,0.0,1.0,1.0,0.0,1.0,1.0,0.0,0.8193530202330179,0.8193530202330179,0.0,0.8193530202330179,0.8193530202330179,0.0,2.79697847366333,2.79697847366333,0.0,32.0,32.0,0.0,5.25,5.25,0.0,0.0,0.0,0.0,0.0,0.0,0.0
378,mp3d/TbHJrupSAjP/TbHJrupSAjP.glb,0,0.0,0.0,0.0,1.0,1.0,0.0,0.0,0.0,0.0,0.6299987620043036,0.6299987620043036,0.0,0.0,0.0,0.0,3.3030734062194824,3.3030734062194824,0.0,73.0,73.0,0.0,10.499999046325684,10.499999046325684,0.0,0.0,0.0,0.0,1.0,1.0,0.0
379,mp3d/QUCTc6BB5sX/QUCTc6BB5sX.glb,0,1.0,1.0,0.0,1.0,1.0,0.0,0.8749589157398454,0.4506468457897066,-0.4243120699501388,0.854427724793963,0.571950504599723,-0.28247722019424004,0.854427724793963,0.571950504599723,-0.28247722019424004,1.2876768112182617,0.608856201171875,-0.6788206100463867,81.0,204.0,123.0,14.449871063232422,28.05532455444336,13.605453491210938,0.0847457627118644,0.05172413793103448,-0.03302162478082992,0.0,0.0,0.0
380,mp3d/QUCTc6BB5sX/QUCTc6BB5sX.glb,0,1.0,1.0,0.0,1.0,1.0,0.0,0.6643027312533748,1.0,0.3356972687466252,0.7326748753922355,0.824970939164884,0.09229606377264843,0.7326748753922355,0.824970939164884,0.09229606377264843,0.8403332829475403,2.6119863986968994,1.7716531157493591,142.0,63.0,-79.0,19.03205108642578,10.837450981140137,-8.194600105285645,0.125,0.10638297872340426,-0.018617021276595744,0.0,0.0,0.0
381,mp3d/QUCTc6BB5sX/QUCTc6BB5sX.glb,0,1.0,1.0,0.0,1.0,1.0,0.0,0.9848562254797046,0.9848562254797046,0.0,0.8657738481656732,0.8657738481656732,0.0,0.8657738481656732,0.8657738481656732,0.0,0.6668877601623535,0.6668877601623535,0.0,71.0,71.0,0.0,12.837450981140137,12.837450981140137,0.0,0.09090909090909091,0.09090909090909091,0.0,0.0,0.0,0.0
382,mp3d/X7HyMhZNoso/X7HyMhZNoso.glb,0,1.0,0.0,-1.0,1.0,1.0,0.0,0.7588354997726853,0.0,-0.7588354997726853,0.4847710766596917,0.16513185694665808,-0.31963921971303366,0.4847710766596917,0.0,-0.4847710766596917,0.5805906057357788,9.479399681091309,8.89880907535553,80.0,140.0,60.0,11.755489349365234,20.639892578125,8.884403228759766,0.0,0.0,0.0,0.0,1.0,1.0
383,mp3d/X7HyMhZNoso/X7HyMhZNoso.glb,0,0.0,0.0,0.0,0.0,0.0,0.0,0.0,0.0,0.0,0.30322241875473543,0.36051964382089396,0.05729722506615853,0.0,0.0,0.0,3.9690651893615723,3.666447162628174,-0.30261802673339844,106.0,63.0,-43.0,9.752704620361328,7.429716110229492,-2.322988510131836,0.17777777777777778,0.12121212121212122,-0.05656565656565657,0.0,0.0,0.0
384,mp3d/X7HyMhZNoso/X7HyMhZNoso.glb,0,0.0,0.0,0.0,0.0,0.0,0.0,0.0,0.0,0.0,0.15913982845095173,0.22755639403267688,0.06841656558172515,0.0,0.0,0.0,7.018574237823486,6.806044101715088,-0.21253013610839844,210.0,190.0,-20.0,8.261377334594727,5.990769863128662,-2.2706074714660645,0.582089552238806,0.9791666666666666,0.39707711442786064,0.0,0.0,0.0
385,mp3d/zsNo4HB9uLZ/zsNo4HB9uLZ.glb,0,1.0,1.0,0.0,1.0,1.0,0.0,0.9798696157508819,1.0,0.02013038424911806,0.9193504852157545,0.9020992936784265,-0.017251191537328014,0.9193504852157545,0.9020992936784265,-0.017251191537328014,0.3263016641139984,1.5762757062911987,1.2499740421772003,65.0,58.0,-7.0,10.573312759399414,9.323311805725098,-1.2500009536743164,0.09090909090909091,0.10256410256410256,0.011655011655011649,0.0,0.0,0.0
386,mp3d/zsNo4HB9uLZ/zsNo4HB9uLZ.glb,0,0.0,0.0,0.0,0.0,0.0,0.0,0.0,0.0,0.0,0.7111477460943386,0.7111477460943386,0.0,0.0,0.0,0.0,4.453378200531006,4.453378200531006,0.0,44.0,44.0,0.0,6.331827163696289,6.331827163696289,0.0,0.1111111111111111,0.1111111111111111,0.0,0.0,0.0,0.0
387,mp3d/zsNo4HB9uLZ/zsNo4HB9uLZ.glb,0,1.0,1.0,0.0,1.0,1.0,0.0,1.0,1.0,0.0,0.9280073995615379,0.9280073995615379,0.0,0.9280073995615379,0.9280073995615379,0.0,0.95408695936203,0.95408695936203,0.0,59.0,59.0,0.0,9.831826210021973,9.831826210021973,0.0,0.07317073170731707,0.07317073170731707,0.0,0.0,0.0,0.0
388,mp3d/EU6Fwq7SyZv/EU6Fwq7SyZv.glb,0,1.0,1.0,0.0,1.0,1.0,0.0,0.682409580521581,0.682409580521581,0.0,0.4199822500411546,0.4199822500411546,0.0,0.4199822500411546,0.4199822500411546,0.0,0.4641694128513336,0.4641694128513336,0.0,74.0,74.0,0.0,11.293517112731934,11.293517112731934,0.0,0.021739130434782608,0.021739130434782608,0.0,0.0,0.0,0.0
389,mp3d/EU6Fwq7SyZv/EU6Fwq7SyZv.glb,0,1.0,1.0,0.0,1.0,1.0,0.0,0.5912913491893055,0.8766633988200822,0.28537204963077667,0.7333737683460199,0.8369861848325544,0.10361241648653452,0.7333737683460199,0.8369861848325544,0.10361241648653452,1.2240959405899048,1.3917222023010254,0.1676262617111206,80.0,56.0,-24.0,13.033852577209473,8.791064262390137,-4.242788314819336,0.0,0.0,0.0,0.0,0.0,0.0
390,mp3d/EU6Fwq7SyZv/EU6Fwq7SyZv.glb,0,1.0,1.0,0.0,1.0,1.0,0.0,0.33699737113384864,0.4935128637672383,0.15651549263338965,0.3289198707393316,0.49262419943027363,0.16370432869094204,0.3289198707393316,0.49262419943027363,0.16370432869094204,0.9188991785049438,1.3755130767822266,0.4566138982772827,154.0,107.0,-47.0,22.869033813476562,15.616217613220215,-7.252816200256348,0.0,0.0,0.0,0.0,0.0,0.0
391,mp3d/Z6MFQCViBuw/Z6MFQCViBuw.glb,0,0.0,0.0,0.0,0.0,0.0,0.0,0.0,0.0,0.0,0.09991961365856905,0.09991961365856905,0.0,0.0,0.0,0.0,10.754985809326172,10.754985809326172,0.0,101.0,101.0,0.0,16.576152801513672,16.576152801513672,0.0,0.0,0.0,0.0,0.0,0.0,0.0
392,mp3d/Z6MFQCViBuw/Z6MFQCViBuw.glb,0,1.0,1.0,0.0,1.0,1.0,0.0,0.9034013931629113,0.9034013931629113,0.0,0.8550310965055845,0.8550310965055845,0.0,0.8550310965055845,0.8550310965055845,0.0,0.6393055319786072,0.6393055319786072,0.0,68.0,68.0,0.0,12.410828590393066,12.410828590393066,0.0,0.0,0.0,0.0,0.0,0.0,0.0
393,mp3d/Z6MFQCViBuw/Z6MFQCViBuw.glb,0,0.0,0.0,0.0,0.0,0.0,0.0,0.0,0.0,0.0,0.211058777421411,0.15391061242769155,-0.05714816499371944,0.0,0.0,0.0,10.507881164550781,10.34500503540039,-0.16287612915039062,64.0,79.0,15.0,11.820160865783691,13.078108787536621,1.2579479217529297,0.0,0.0,0.0,0.0,0.0,0.0
394,mp3d/2azQ1b91cZZ/2azQ1b91cZZ.glb,0,1.0,1.0,0.0,1.0,1.0,0.0,0.9110453489157083,0.9110453489157083,0.0,0.859859057862921,0.859859057862921,0.0,0.859859057862921,0.859859057862921,0.0,0.5752140879631042,0.5752140879631042,0.0,42.0,42.0,0.0,6.99972677230835,6.99972677230835,0.0,0.034482758620689655,0.034482758620689655,0.0,0.0,0.0,0.0
395,mp3d/2azQ1b91cZZ/2azQ1b91cZZ.glb,0,1.0,1.0,0.0,1.0,1.0,0.0,0.9110453489157083,0.9110453489157083,0.0,0.859859057862921,0.859859057862921,0.0,0.859859057862921,0.859859057862921,0.0,0.5752140879631042,0.5752140879631042,0.0,42.0,42.0,0.0,6.99972677230835,6.99972677230835,0.0,0.034482758620689655,0.034482758620689655,0.0,0.0,0.0,0.0
396,mp3d/2azQ1b91cZZ/2azQ1b91cZZ.glb,0,1.0,1.0,0.0,1.0,1.0,0.0,0.7502675142598536,0.7502675142598536,0.0,0.7973605618362123,0.7973605618362123,0.0,0.7973605618362123,0.7973605618362123,0.0,0.3371656537055969,0.3371656537055969,0.0,59.0,59.0,0.0,8.499726295471191,8.499726295471191,0.0,0.02857142857142857,0.02857142857142857,0.0,0.0,0.0,0.0
397,mp3d/Z6MFQCViBuw/Z6MFQCViBuw.glb,0,0.0,1.0,1.0,0.0,1.0,1.0,0.0,0.8290694084691009,0.8290694084691009,0.22630995655912392,0.7454672091116581,0.5191572525525342,0.0,0.7454672091116581,0.7454672091116581,8.5503511428833,0.11901344358921051,-8.43133769929409,58.0,78.0,20.0,10.807096481323242,12.03844928741455,1.2313528060913086,0.022727272727272728,0.0,-0.022727272727272728,0.0,0.0,0.0
398,mp3d/Z6MFQCViBuw/Z6MFQCViBuw.glb,0,0.0,0.0,0.0,0.0,0.0,0.0,0.0,0.0,0.0,1.5773720885588446e-07,1.452878028237572e-05,1.4371043073519835e-05,0.0,0.0,0.0,26.296680450439453,25.420631408691406,-0.8760490417480469,305.0,198.0,-107.0,47.55289840698242,30.194543838500977,-17.358354568481445,0.005235602094240838,0.016260162601626018,0.01102456050738518,0.0,0.0,0.0
399,mp3d/Z6MFQCViBuw/Z6MFQCViBuw.glb,0,0.0,0.0,0.0,0.0,0.0,0.0,0.0,0.0,0.0,0.18651687891306193,0.18651687891306193,0.0,0.0,0.0,0.0,9.302473068237305,9.302473068237305,0.0,62.0,62.0,0.0,11.557096481323242,11.557096481323242,0.0,0.02127659574468085,0.02127659574468085,0.0,0.0,0.0,0.0
400,mp3d/8194nk5LbLH/8194nk5LbLH.glb,0,1.0,1.0,0.0,1.0,1.0,0.0,0.7367804280111717,0.7367804280111717,0.0,0.7392119504817379,0.7392119504817379,0.0,0.7392119504817379,0.7392119504817379,0.0,2.4369821548461914,2.4369821548461914,0.0,52.0,52.0,0.0,7.696173667907715,7.696173667907715,0.0,0.0967741935483871,0.0967741935483871,0.0,0.0,0.0,0.0
401,mp3d/8194nk5LbLH/8194nk5LbLH.glb,0,1.0,1.0,0.0,1.0,1.0,0.0,0.9536200757833041,1.0,0.0463799242166959,0.9030913847269101,0.9414003055116333,0.038308920784723255,0.9030913847269101,0.9414003055116333,0.038308920784723255,0.9853302240371704,1.1690081357955933,0.18367791175842285,44.0,37.0,-7.0,5.946173191070557,4.752659797668457,-1.1935133934020996,0.125,0.0,-0.125,0.0,0.0,0.0
402,mp3d/8194nk5LbLH/8194nk5LbLH.glb,0,1.0,1.0,0.0,1.0,1.0,0.0,0.9536200757833041,0.9536200757833041,0.0,0.9030913847269101,0.9030913847269101,0.0,0.9030913847269101,0.9030913847269101,0.0,0.9853302240371704,0.9853302240371704,0.0,44.0,44.0,0.0,5.946173191070557,5.946173191070557,0.0,0.125,0.125,0.0,0.0,0.0,0.0
403,mp3d/2azQ1b91cZZ/2azQ1b91cZZ.glb,0,1.0,1.0,0.0,1.0,1.0,0.0,1.0,0.8392359415690104,-0.16076405843098962,0.8841675101715473,0.6852726117815661,-0.1988948983899812,0.8841675101715473,0.6852726117815661,-0.1988948983899812,1.6280964612960815,2.3099489212036133,0.6818524599075317,48.0,65.0,17.0,7.749999046325684,10.5,2.7500009536743164,0.0,0.0,0.0,0.0,0.0,0.0
404,mp3d/2azQ1b91cZZ/2azQ1b91cZZ.glb,0,0.0,0.0,0.0,0.0,0.0,0.0,0.0,0.0,0.0,0.13896555877794836,0.5547083199563474,0.41574276117839903,0.0,0.0,0.0,13.962970733642578,4.091512680053711,-9.871458053588867,37.0,60.0,23.0,7.500005722045898,10.750003814697266,3.249998092651367,0.0,0.0,0.0,0.0,0.0,0.0
405,mp3d/2azQ1b91cZZ/2azQ1b91cZZ.glb,0,0.0,0.0,0.0,0.0,0.0,0.0,0.0,0.0,0.0,3.7970060499230257e-05,0.0008215770598941195,0.0007836069993948893,0.0,0.0,0.0,18.094192504882812,16.747474670410156,-1.3467178344726562,245.0,180.0,-65.0,36.422359466552734,24.72977638244629,-11.692583084106445,0.10596026490066225,0.1743119266055046,0.06835166170484235,0.0,0.0,0.0
406,mp3d/TbHJrupSAjP/TbHJrupSAjP.glb,0,1.0,1.0,0.0,1.0,1.0,0.0,0.8829480489095052,0.8829480489095052,0.0,0.9384878084922127,0.9384878084922127,0.0,0.9384878084922127,0.9384878084922127,0.0,0.16979174315929413,0.16979174315929413,0.0,70.0,70.0,0.0,11.25,11.25,0.0,0.0,0.0,0.0,0.0,0.0,0.0
407,mp3d/TbHJrupSAjP/TbHJrupSAjP.glb,0,1.0,1.0,0.0,1.0,1.0,0.0,0.9690893219738472,0.9690893219738472,0.0,0.9298025363305821,0.9298025363305821,0.0,0.9298025363305821,0.9298025363305821,0.0,0.4061468839645386,0.4061468839645386,0.0,58.0,58.0,0.0,10.25,10.25,0.0,0.0,0.0,0.0,0.0,0.0,0.0
408,mp3d/TbHJrupSAjP/TbHJrupSAjP.glb,0,1.0,1.0,0.0,1.0,1.0,0.0,0.9035842586190593,0.9035842586190593,0.0,0.9117924491149985,0.9117924491149985,0.0,0.9117924491149985,0.9117924491149985,0.0,0.1949646919965744,0.1949646919965744,0.0,63.0,63.0,0.0,10.993070602416992,10.993070602416992,0.0,0.044444444444444446,0.044444444444444446,0.0,0.0,0.0,0.0
409,mp3d/TbHJrupSAjP/TbHJrupSAjP.glb,0,1.0,1.0,0.0,1.0,1.0,0.0,0.9353627051384722,0.8522753315198714,-0.08308737361860075,0.9411174300544357,0.5427329694890888,-0.39838446056534693,0.9411174300544357,0.5427329694890888,-0.39838446056534693,0.2730417847633362,0.22950394451618195,-0.043537840247154236,50.0,48.0,-2.0,7.500001907348633,8.231168746948242,0.7311668395996094,0.0,0.058823529411764705,0.058823529411764705,0.0,0.0,0.0
410,mp3d/TbHJrupSAjP/TbHJrupSAjP.glb,0,1.0,1.0,0.0,1.0,1.0,0.0,1.0,0.7015220065530758,-0.29847799344692416,0.9024943401288061,0.8902479722734649,-0.012246367855341278,0.9024943401288061,0.8902479722734649,-0.012246367855341278,2.1849546432495117,0.2730417847633362,-1.9119128584861755,55.0,84.0,29.0,7.000001907348633,10.00000286102295,3.0000009536743164,0.0,0.0,0.0,0.0,0.0,0.0
411,mp3d/TbHJrupSAjP/TbHJrupSAjP.glb,0,1.0,1.0,0.0,1.0,1.0,0.0,0.8271527523993186,0.8271527523993186,0.0,0.4933407398670517,0.4933407398670517,0.0,0.4933407398670517,0.4933407398670517,0.0,2.514373302459717,2.514373302459717,0.0,55.0,55.0,0.0,8.481168746948242,8.481168746948242,0.0,0.05714285714285714,0.05714285714285714,0.0,0.0,0.0,0.0
412,mp3d/pLe4wQe7qrG/pLe4wQe7qrG.glb,0,0.0,0.0,0.0,1.0,1.0,0.0,0.0,0.0,0.0,0.44248006775281595,0.44248006775281595,0.0,0.0,0.0,0.0,5.353897571563721,5.353897571563721,0.0,50.0,50.0,0.0,8.0,8.0,0.0,0.0,0.0,0.0,1.0,1.0,0.0
413,mp3d/pLe4wQe7qrG/pLe4wQe7qrG.glb,0,1.0,1.0,0.0,1.0,1.0,0.0,0.5476305296850257,0.6951569772691825,0.14752644758415678,0.6109890486411507,0.8040048101700468,0.1930157615288961,0.6109890486411507,0.8040048101700468,0.1930157615288961,2.108314275741577,1.5520551204681396,-0.5562591552734375,53.0,40.0,-13.0,8.25831127166748,6.505729675292969,-1.7525815963745117,0.0,0.0,0.0,0.0,0.0,0.0
414,mp3d/pLe4wQe7qrG/pLe4wQe7qrG.glb,0,1.0,1.0,0.0,1.0,1.0,0.0,0.785289619511502,0.785289619511502,0.0,0.9014902838901249,0.9014902838901249,0.0,0.9014902838901249,0.9014902838901249,0.0,0.7187110185623169,0.7187110185623169,0.0,40.0,40.0,0.0,5.759026050567627,5.759026050567627,0.0,0.0,0.0,0.0,0.0,0.0,0.0
415,mp3d/zsNo4HB9uLZ/zsNo4HB9uLZ.glb,0,1.0,1.0,0.0,1.0,1.0,0.0,1.0,1.0,0.0,0.872714864835449,0.872714864835449,0.0,0.872714864835449,0.872714864835449,0.0,1.8218159675598145,1.8218159675598145,0.0,51.0,51.0,0.0,6.500000953674316,6.500000953674316,0.0,0.0,0.0,0.0,0.0,0.0,0.0
416,mp3d/zsNo4HB9uLZ/zsNo4HB9uLZ.glb,0,1.0,1.0,0.0,1.0,1.0,0.0,1.0,1.0,0.0,0.872714864835449,0.872714864835449,0.0,0.872714864835449,0.872714864835449,0.0,1.8218159675598145,1.8218159675598145,0.0,51.0,51.0,0.0,6.500000953674316,6.500000953674316,0.0,0.0,0.0,0.0,0.0,0.0,0.0
417,mp3d/zsNo4HB9uLZ/zsNo4HB9uLZ.glb,0,1.0,1.0,0.0,1.0,1.0,0.0,1.0,1.0,0.0,0.9340513551954214,0.9340513551954214,0.0,0.9340513551954214,0.9340513551954214,0.0,1.1349670886993408,1.1349670886993408,0.0,49.0,49.0,0.0,6.250000476837158,6.250000476837158,0.0,0.0,0.0,0.0,0.0,0.0,0.0
418,mp3d/zsNo4HB9uLZ/zsNo4HB9uLZ.glb,0,1.0,1.0,0.0,1.0,1.0,0.0,1.0,1.0,0.0,0.8878749006522674,0.8878749006522674,0.0,0.8878749006522674,0.8878749006522674,0.0,1.883327603340149,1.883327603340149,0.0,53.0,53.0,0.0,10.986807823181152,10.986807823181152,0.0,0.044444444444444446,0.044444444444444446,0.0,0.0,0.0,0.0
419,mp3d/zsNo4HB9uLZ/zsNo4HB9uLZ.glb,0,1.0,1.0,0.0,1.0,1.0,0.0,1.0,1.0,0.0,0.8878749006522674,0.8878749006522674,0.0,0.8878749006522674,0.8878749006522674,0.0,1.883327603340149,1.883327603340149,0.0,53.0,53.0,0.0,10.986807823181152,10.986807823181152,0.0,0.044444444444444446,0.044444444444444446,0.0,0.0,0.0,0.0
420,mp3d/zsNo4HB9uLZ/zsNo4HB9uLZ.glb,0,1.0,1.0,0.0,1.0,1.0,0.0,1.0,1.0,0.0,0.8878749006522674,0.8878749006522674,0.0,0.8878749006522674,0.8878749006522674,0.0,1.883327603340149,1.883327603340149,0.0,53.0,53.0,0.0,10.986807823181152,10.986807823181152,0.0,0.044444444444444446,0.044444444444444446,0.0,0.0,0.0,0.0
421,mp3d/QUCTc6BB5sX/QUCTc6BB5sX.glb,0,0.0,0.0,0.0,0.0,0.0,0.0,0.0,0.0,0.0,0.006399472553762843,0.00027018093023538977,-0.006129291623527453,0.0,0.0,0.0,19.739748001098633,19.228063583374023,-0.5116844177246094,132.0,252.0,120.0,18.490257263183594,30.90532684326172,12.415069580078125,0.02666666666666667,0.032,0.005333333333333332,0.0,0.0,0.0
422,mp3d/QUCTc6BB5sX/QUCTc6BB5sX.glb,0,0.0,0.0,0.0,0.0,0.0,0.0,0.0,0.0,0.0,0.01663670080381909,0.01663670080381909,0.0,0.0,0.0,0.0,19.739748001098633,19.739748001098633,0.0,94.0,94.0,0.0,14.990257263183594,14.990257263183594,0.0,0.03278688524590164,0.03278688524590164,0.0,0.0,0.0,0.0
423,mp3d/QUCTc6BB5sX/QUCTc6BB5sX.glb,0,0.0,0.0,0.0,0.0,0.0,0.0,0.0,0.0,0.0,0.055898076211338084,7.541009984781492e-05,-0.05582266611149027,0.0,0.0,0.0,19.271148681640625,24.849021911621094,5.577873229980469,77.0,195.0,118.0,9.990255355834961,29.976802825927734,19.986547470092773,0.04878048780487805,0.03305785123966942,-0.015722636565208628,0.0,0.0,0.0
424,mp3d/EU6Fwq7SyZv/EU6Fwq7SyZv.glb,0,1.0,1.0,0.0,1.0,1.0,0.0,0.9315604699191303,1.0,0.06843953008086967,0.8679680371154253,0.878348918518141,0.010380881402715758,0.8679680371154253,0.878348918518141,0.010380881402715758,0.3011656105518341,0.7782495617866516,0.4770839512348175,40.0,36.0,-4.0,6.494665622711182,5.494664669036865,-1.0000009536743164,0.037037037037037035,0.043478260869565216,0.006441223832528181,0.0,0.0,0.0
425,mp3d/EU6Fwq7SyZv/EU6Fwq7SyZv.glb,0,1.0,1.0,0.0,1.0,1.0,0.0,1.0,1.0,0.0,0.878348918518141,0.878348918518141,0.0,0.878348918518141,0.878348918518141,0.0,0.7782495617866516,0.7782495617866516,0.0,36.0,36.0,0.0,5.494664669036865,5.494664669036865,0.0,0.043478260869565216,0.043478260869565216,0.0,0.0,0.0,0.0
426,mp3d/EU6Fwq7SyZv/EU6Fwq7SyZv.glb,0,1.0,1.0,0.0,1.0,1.0,0.0,1.0,1.0,0.0,0.878348918518141,0.878348918518141,0.0,0.878348918518141,0.878348918518141,0.0,0.7782495617866516,0.7782495617866516,0.0,36.0,36.0,0.0,5.494664669036865,5.494664669036865,0.0,0.043478260869565216,0.043478260869565216,0.0,0.0,0.0,0.0
427,mp3d/QUCTc6BB5sX/QUCTc6BB5sX.glb,0,1.0,1.0,0.0,1.0,1.0,0.0,1.0,1.0,0.0,0.9345628768585532,0.9124623608711729,-0.022100515987380276,0.9345628768585532,0.9124623608711729,-0.022100515987380276,0.5390233993530273,2.0202505588531494,1.481227159500122,80.0,74.0,-6.0,15.259103775024414,13.75008487701416,-1.509018898010254,0.0625,0.06896551724137931,0.006465517241379309,0.0,0.0,0.0
428,mp3d/QUCTc6BB5sX/QUCTc6BB5sX.glb,0,1.0,1.0,0.0,1.0,1.0,0.0,1.0,1.0,0.0,0.9124623608711729,0.9124623608711729,0.0,0.9124623608711729,0.9124623608711729,0.0,2.0202505588531494,2.0202505588531494,0.0,74.0,74.0,0.0,13.75008487701416,13.75008487701416,0.0,0.06896551724137931,0.06896551724137931,0.0,0.0,0.0,0.0
429,mp3d/QUCTc6BB5sX/QUCTc6BB5sX.glb,0,0.0,0.0,0.0,0.0,1.0,1.0,0.0,0.0,0.0,0.5949133061586724,0.761959058920037,0.16704575276136457,0.0,0.0,0.0,5.100255966186523,4.967195987701416,-0.13305997848510742,121.0,103.0,-18.0,19.610883712768555,18.53833770751953,-1.0725460052490234,0.10975609756097561,0.05194805194805195,-0.05780804561292366,0.0,1.0,1.0
430,mp3d/Z6MFQCViBuw/Z6MFQCViBuw.glb,0,1.0,1.0,0.0,1.0,1.0,0.0,0.9048496781008826,0.9048496781008826,0.0,0.7444876525684937,0.7444876525684937,0.0,0.7444876525684937,0.7444876525684937,0.0,0.5350529551506042,0.5350529551506042,0.0,54.0,54.0,0.0,11.030241012573242,11.030241012573242,0.0,0.0,0.0,0.0,0.0,0.0,0.0
431,mp3d/Z6MFQCViBuw/Z6MFQCViBuw.glb,0,1.0,1.0,0.0,1.0,1.0,0.0,0.45605508777730897,0.8108544521816259,0.3547993644043169,0.4799269586840416,0.6997948684696336,0.21986790978559195,0.4799269586840416,0.6997948684696336,0.21986790978559195,2.847222089767456,1.7254763841629028,-1.1217457056045532,123.0,60.0,-63.0,21.884878158569336,12.308879852294922,-9.575998306274414,0.0,0.0,0.0,0.0,0.0,0.0
432,mp3d/Z6MFQCViBuw/Z6MFQCViBuw.glb,0,1.0,1.0,0.0,1.0,1.0,0.0,0.9048496781008826,0.9048496781008826,0.0,0.7444876525684937,0.7444876525684937,0.0,0.7444876525684937,0.7444876525684937,0.0,0.5350529551506042,0.5350529551506042,0.0,54.0,54.0,0.0,11.030241012573242,11.030241012573242,0.0,0.0,0.0,0.0,0.0,0.0,0.0
433,mp3d/QUCTc6BB5sX/QUCTc6BB5sX.glb,0,0.0,0.0,0.0,0.0,0.0,0.0,0.0,0.0,0.0,0.31498121138198937,0.2625215864970888,-0.05245962488490058,0.0,0.0,0.0,16.38953971862793,16.592594146728516,0.20305442810058594,182.0,118.0,-64.0,12.633070945739746,4.495538711547852,-8.137532234191895,1.0508474576271187,2.3181818181818183,1.2673343605546996,0.0,0.0,0.0
434,mp3d/QUCTc6BB5sX/QUCTc6BB5sX.glb,0,0.0,0.0,0.0,0.0,0.0,0.0,0.0,0.0,0.0,0.3190385713235075,0.2625215864970888,-0.056516984826418704,0.0,0.0,0.0,16.386531829833984,16.592594146728516,0.20606231689453125,197.0,118.0,-79.0,14.553045272827148,4.495538711547852,-10.057506561279297,0.8873239436619719,2.3181818181818183,1.4308578745198464,0.0,0.0,0.0
435,mp3d/QUCTc6BB5sX/QUCTc6BB5sX.glb,0,0.0,0.0,0.0,0.0,0.0,0.0,0.0,0.0,0.0,0.32684989584367985,0.3190385713235075,-0.007811324520172358,0.0,0.0,0.0,16.537826538085938,16.386531829833984,-0.15129470825195312,229.0,197.0,-32.0,21.6321964263916,14.553045272827148,-7.079151153564453,0.5918367346938775,0.8873239436619719,0.29548720896809433,0.0,0.0,0.0
436,mp3d/oLBMNvg9in8/oLBMNvg9in8.glb,0,0.0,1.0,1.0,0.0,1.0,1.0,0.0,0.42617889760432237,0.42617889760432237,0.09699511735239191,0.41279017101042104,0.3157950536580291,0.0,0.41279017101042104,0.41279017101042104,7.652371406555176,2.6615896224975586,-4.990781784057617,318.0,119.0,-199.0,28.470321655273438,16.690750122070312,-11.779571533203125,0.23880597014925373,0.09090909090909091,-0.14789687924016282,0.0,0.0,0.0
437,mp3d/oLBMNvg9in8/oLBMNvg9in8.glb,0,1.0,1.0,0.0,1.0,1.0,0.0,0.225411101132837,0.29232544724887677,0.06691434611603977,0.19286110909349208,0.4487967716246921,0.25593566253120004,0.19286110909349208,0.4487967716246921,0.25593566253120004,2.3837573528289795,0.9130919575691223,-1.4706653952598572,269.0,201.0,-68.0,31.556766510009766,24.333309173583984,-7.223457336425781,0.05185185185185185,0.0967741935483871,0.044922341696535244,0.0,0.0,0.0
438,mp3d/oLBMNvg9in8/oLBMNvg9in8.glb,0,1.0,1.0,0.0,1.0,1.0,0.0,0.27804243145206203,0.29232544724887677,0.014283015796814735,0.4429567427568826,0.4487967716246921,0.005840028867809488,0.4429567427568826,0.4487967716246921,0.005840028867809488,0.700899600982666,0.9130919575691223,0.2121923565864563,208.0,201.0,-7.0,25.583309173583984,24.333309173583984,-1.25,0.09183673469387756,0.0967741935483871,0.004937458854509538,0.0,0.0,0.0
439,mp3d/zsNo4HB9uLZ/zsNo4HB9uLZ.glb,0,1.0,1.0,0.0,1.0,1.0,0.0,1.0,1.0,0.0,0.8392395423867137,0.8392395423867137,0.0,0.8392395423867137,0.8392395423867137,0.0,2.386913776397705,2.386913776397705,0.0,39.0,39.0,0.0,4.253316879272461,4.253316879272461,0.0,0.05555555555555555,0.05555555555555555,0.0,0.0,0.0,0.0
440,mp3d/zsNo4HB9uLZ/zsNo4HB9uLZ.glb,0,1.0,1.0,0.0,1.0,1.0,0.0,1.0,1.0,0.0,0.8392395423867137,0.8392395423867137,0.0,0.8392395423867137,0.8392395423867137,0.0,2.386913776397705,2.386913776397705,0.0,39.0,39.0,0.0,4.253316879272461,4.253316879272461,0.0,0.05555555555555555,0.05555555555555555,0.0,0.0,0.0,0.0
441,mp3d/zsNo4HB9uLZ/zsNo4HB9uLZ.glb,0,1.0,1.0,0.0,1.0,1.0,0.0,1.0,1.0,0.0,0.8392395423867137,0.8392395423867137,0.0,0.8392395423867137,0.8392395423867137,0.0,2.386913776397705,2.386913776397705,0.0,39.0,39.0,0.0,4.253316879272461,4.253316879272461,0.0,0.05555555555555555,0.05555555555555555,0.0,0.0,0.0,0.0
442,mp3d/EU6Fwq7SyZv/EU6Fwq7SyZv.glb,0,0.0,0.0,0.0,0.0,0.0,0.0,0.0,0.0,0.0,0.0738918149775682,0.0738918149775682,0.0,0.0,0.0,0.0,6.377746105194092,6.377746105194092,0.0,123.0,123.0,0.0,18.778289794921875,18.778289794921875,0.0,0.013157894736842105,0.013157894736842105,0.0,0.0,0.0,0.0
443,mp3d/EU6Fwq7SyZv/EU6Fwq7SyZv.glb,0,1.0,1.0,0.0,1.0,1.0,0.0,0.6968469506722657,0.6711369528262034,-0.025709997846062205,0.1356039326936504,0.1283187668747569,-0.007285165818893491,0.1356039326936504,0.1283187668747569,-0.007285165818893491,2.05667781829834,2.1222853660583496,0.06560754776000977,92.0,105.0,13.0,16.202651977539062,16.823345184326172,0.6206932067871094,0.030303030303030304,0.029411764705882353,-0.0008912655971479513,0.0,0.0,0.0
444,mp3d/EU6Fwq7SyZv/EU6Fwq7SyZv.glb,0,1.0,0.0,-1.0,1.0,0.0,-1.0,0.7025820027122381,0.0,-0.7025820027122381,0.13509248007417837,0.1853643503915048,0.05027187031732644,0.13509248007417837,0.0,-0.13509248007417837,2.8516645431518555,5.130321502685547,2.2786569595336914,99.0,78.0,-21.0,16.070392608642578,12.995420455932617,-3.074972152709961,0.03076923076923077,0.03773584905660377,0.006966618287373001,0.0,0.0,0.0
445,mp3d/zsNo4HB9uLZ/zsNo4HB9uLZ.glb,0,1.0,1.0,0.0,1.0,1.0,0.0,1.0,1.0,0.0,0.8348520611584042,0.888495926391496,0.053643865233091836,0.8348520611584042,0.888495926391496,0.053643865233091836,2.9762842655181885,1.7263576984405518,-1.2499265670776367,52.0,60.0,8.0,9.616153717041016,10.866153717041016,1.25,0.0975609756097561,0.08695652173913043,-0.010604453870625669,0.0,0.0,0.0
446,mp3d/zsNo4HB9uLZ/zsNo4HB9uLZ.glb,0,0.0,0.0,0.0,1.0,1.0,0.0,0.0,0.0,0.0,0.7341596572389324,0.7341596572389324,0.0,0.0,0.0,0.0,5.385501861572266,5.385501861572266,0.0,70.0,70.0,0.0,12.616153717041016,12.616153717041016,0.0,0.07547169811320754,0.07547169811320754,0.0,1.0,1.0,0.0
447,mp3d/zsNo4HB9uLZ/zsNo4HB9uLZ.glb,0,0.0,0.0,0.0,0.0,0.0,0.0,0.0,0.0,0.0,0.7632052143044047,0.7632052143044047,0.0,0.0,0.0,0.0,5.0972700119018555,5.0972700119018555,0.0,53.0,53.0,0.0,9.6161527633667,9.6161527633667,0.0,0.0975609756097561,0.0975609756097561,0.0,0.0,0.0,0.0
448,mp3d/2azQ1b91cZZ/2azQ1b91cZZ.glb,0,1.0,1.0,0.0,1.0,1.0,0.0,0.9532031340035871,0.9532031340035871,0.0,0.9027556041473737,0.9027556041473737,0.0,0.9027556041473737,0.9027556041473737,0.0,0.34538543224334717,0.34538543224334717,0.0,55.0,55.0,0.0,8.349600791931152,8.349600791931152,0.0,0.1111111111111111,0.1111111111111111,0.0,0.0,0.0,0.0
449,mp3d/2azQ1b91cZZ/2azQ1b91cZZ.glb,0,1.0,1.0,0.0,1.0,1.0,0.0,0.9532031340035871,0.9532031340035871,0.0,0.9027556041473737,0.9027556041473737,0.0,0.9027556041473737,0.9027556041473737,0.0,0.34538543224334717,0.34538543224334717,0.0,55.0,55.0,0.0,8.349600791931152,8.349600791931152,0.0,0.1111111111111111,0.1111111111111111,0.0,0.0,0.0,0.0
450,mp3d/2azQ1b91cZZ/2azQ1b91cZZ.glb,0,1.0,1.0,0.0,1.0,1.0,0.0,0.9532031340035871,0.9532031340035871,0.0,0.9027556041473737,0.9027556041473737,0.0,0.9027556041473737,0.9027556041473737,0.0,0.34538543224334717,0.34538543224334717,0.0,55.0,55.0,0.0,8.349600791931152,8.349600791931152,0.0,0.1111111111111111,0.1111111111111111,0.0,0.0,0.0,0.0
451,mp3d/TbHJrupSAjP/TbHJrupSAjP.glb,0,0.0,0.0,0.0,0.0,0.0,0.0,0.0,0.0,0.0,0.04464909197795748,0.08511169929538417,0.040462607317426694,0.0,0.0,0.0,5.444284915924072,4.291958808898926,-1.1523261070251465,305.0,315.0,10.0,33.74297332763672,36.24296569824219,2.4999923706054688,0.007352941176470588,0.00684931506849315,-0.0005036261079774378,0.0,0.0,0.0
452,mp3d/TbHJrupSAjP/TbHJrupSAjP.glb,0,0.0,0.0,0.0,0.0,0.0,0.0,0.0,0.0,0.0,0.1201893758942598,0.03687317924051308,-0.08331619665374673,0.0,0.0,0.0,6.391064167022705,6.768547534942627,0.3774833679199219,239.0,282.0,43.0,28.306663513183594,32.74296951293945,4.436305999755859,0.008771929824561403,0.007575757575757576,-0.001196172248803827,0.0,0.0,0.0
453,mp3d/TbHJrupSAjP/TbHJrupSAjP.glb,0,0.0,0.0,0.0,0.0,0.0,0.0,0.0,0.0,0.0,0.04609238376639024,0.0747435666481978,0.02865118288180756,0.0,0.0,0.0,6.217417240142822,6.477430820465088,0.2600135803222656,245.0,252.0,7.0,29.01955223083496,28.742971420288086,-0.276580810546875,0.008620689655172414,0.008620689655172414,0.0,0.0,0.0,0.0
454,mp3d/QUCTc6BB5sX/QUCTc6BB5sX.glb,0,1.0,1.0,0.0,1.0,1.0,0.0,0.936436196291568,0.936436196291568,0.0,0.9027656161262253,0.9027656161262253,0.0,0.9027656161262253,0.9027656161262253,0.0,0.9052634239196777,0.9052634239196777,0.0,68.0,68.0,0.0,10.017557144165039,10.017557144165039,0.0,0.0,0.0,0.0,0.0,0.0,0.0
455,mp3d/QUCTc6BB5sX/QUCTc6BB5sX.glb,1,0.0,0.0,0.0,0.0,0.0,0.0,0.0,0.0,0.0,0.0,0.0,0.0,0.0,0.0,0.0,0.0,0.0,0.0,0.0,0.0,0.0,0.0,0.0,0.0,0.0,0.0,0.0,0.0,0.0,0.0
456,mp3d/QUCTc6BB5sX/QUCTc6BB5sX.glb,0,1.0,1.0,0.0,1.0,1.0,0.0,0.37880092543635246,0.31253876357169835,-0.06626216186465411,0.38191997080297857,0.27010718513813053,-0.11181278566484804,0.38191997080297857,0.27010718513813053,-0.11181278566484804,0.8630109429359436,0.9619539976119995,0.09894305467605591,172.0,208.0,36.0,24.764467239379883,30.014846801757812,5.25037956237793,0.0,0.01652892561983471,0.01652892561983471,0.0,0.0,0.0
457,mp3d/Z6MFQCViBuw/Z6MFQCViBuw.glb,0,1.0,1.0,0.0,1.0,1.0,0.0,0.9035848519515268,0.9035848519515268,0.0,0.9024596603111158,0.9024596603111158,0.0,0.9024596603111158,0.9024596603111158,0.0,0.5953180193901062,0.5953180193901062,0.0,64.0,64.0,0.0,13.481441497802734,13.481441497802734,0.0,0.0,0.0,0.0,0.0,0.0,0.0
458,mp3d/Z6MFQCViBuw/Z6MFQCViBuw.glb,0,1.0,1.0,0.0,1.0,1.0,0.0,0.9896616480186098,0.9896616480186098,0.0,0.7812436445314124,0.7812436445314124,0.0,0.7812436445314124,0.7812436445314124,0.0,0.6553770899772644,0.6553770899772644,0.0,60.0,60.0,0.0,12.308879852294922,12.308879852294922,0.0,0.0,0.0,0.0,0.0,0.0,0.0
459,mp3d/Z6MFQCViBuw/Z6MFQCViBuw.glb,0,1.0,1.0,0.0,1.0,1.0,0.0,0.9896616480186098,0.9896616480186098,0.0,0.7812436445314124,0.7812436445314124,0.0,0.7812436445314124,0.7812436445314124,0.0,0.6553770899772644,0.6553770899772644,0.0,60.0,60.0,0.0,12.308879852294922,12.308879852294922,0.0,0.0,0.0,0.0,0.0,0.0,0.0
460,mp3d/EU6Fwq7SyZv/EU6Fwq7SyZv.glb,0,1.0,1.0,0.0,1.0,1.0,0.0,0.7426214378046925,0.7426214378046925,0.0,0.9029826844260527,0.9029826844260527,0.0,0.9029826844260527,0.9029826844260527,0.0,0.7731707096099854,0.7731707096099854,0.0,49.0,49.0,0.0,6.332587718963623,6.332587718963623,0.0,0.037037037037037035,0.037037037037037035,0.0,0.0,0.0,0.0
461,mp3d/EU6Fwq7SyZv/EU6Fwq7SyZv.glb,0,1.0,1.0,0.0,1.0,1.0,0.0,0.7426214378046925,0.7426214378046925,0.0,0.9029826844260527,0.9029826844260527,0.0,0.9029826844260527,0.9029826844260527,0.0,0.7731707096099854,0.7731707096099854,0.0,49.0,49.0,0.0,6.332587718963623,6.332587718963623,0.0,0.037037037037037035,0.037037037037037035,0.0,0.0,0.0,0.0
462,mp3d/EU6Fwq7SyZv/EU6Fwq7SyZv.glb,0,1.0,1.0,0.0,1.0,1.0,0.0,0.5527774993985889,0.5527774993985889,0.0,0.7984261559375708,0.7984261559375708,0.0,0.7984261559375708,0.7984261559375708,0.0,0.383669376373291,0.383669376373291,0.0,60.0,60.0,0.0,8.507429122924805,8.507429122924805,0.0,0.0,0.0,0.0,0.0,0.0,0.0
463,mp3d/X7HyMhZNoso/X7HyMhZNoso.glb,0,1.0,1.0,0.0,1.0,1.0,0.0,0.7565450770245509,0.8757849261415521,0.11923984911700125,0.8633781668011724,0.9105348195968271,0.04715665279565473,0.8633781668011724,0.9105348195968271,0.04715665279565473,0.9477491974830627,0.12456845492124557,-0.8231807425618172,47.0,44.0,-3.0,7.27783727645874,6.286945343017578,-0.9908919334411621,0.0,0.0,0.0,0.0,0.0,0.0
464,mp3d/X7HyMhZNoso/X7HyMhZNoso.glb,0,1.0,1.0,0.0,1.0,1.0,0.0,0.7565450770245509,0.7565450770245509,0.0,0.8633781668011724,0.8633781668011724,0.0,0.8633781668011724,0.8633781668011724,0.0,0.9477491974830627,0.9477491974830627,0.0,47.0,47.0,0.0,7.27783727645874,7.27783727645874,0.0,0.0,0.0,0.0,0.0,0.0,0.0
465,mp3d/X7HyMhZNoso/X7HyMhZNoso.glb,0,1.0,1.0,0.0,1.0,1.0,0.0,0.7565450770245509,0.7565450770245509,0.0,0.8633781668011724,0.8633781668011724,0.0,0.8633781668011724,0.8633781668011724,0.0,0.9477491974830627,0.9477491974830627,0.0,47.0,47.0,0.0,7.27783727645874,7.27783727645874,0.0,0.0,0.0,0.0,0.0,0.0,0.0
466,mp3d/oLBMNvg9in8/oLBMNvg9in8.glb,0,1.0,1.0,0.0,1.0,1.0,0.0,0.6779281262946375,0.6779281262946375,0.0,0.8569409568888713,0.8569409568888713,0.0,0.8569409568888713,0.8569409568888713,0.0,0.15383300185203552,0.15383300185203552,0.0,66.0,66.0,0.0,11.477682113647461,11.477682113647461,0.0,0.046511627906976744,0.046511627906976744,0.0,0.0,0.0,0.0
467,mp3d/oLBMNvg9in8/oLBMNvg9in8.glb,0,1.0,1.0,0.0,1.0,1.0,0.0,0.8823167047031425,0.990808715262712,0.10849201055956947,0.9193419012276132,0.8878215885646901,-0.0315203126629231,0.9193419012276132,0.8878215885646901,-0.0315203126629231,1.0442557334899902,1.9996798038482666,0.9554240703582764,48.0,44.0,-4.0,8.818878173828125,7.853224754333496,-0.9656534194946289,0.030303030303030304,0.03333333333333333,0.003030303030303029,0.0,0.0,0.0
468,mp3d/oLBMNvg9in8/oLBMNvg9in8.glb,0,1.0,0.0,-1.0,1.0,0.0,-1.0,0.8823167047031425,0.0,-0.8823167047031425,0.9193419012276132,0.285774808465816,-0.6335670927617971,0.9193419012276132,0.0,-0.9193419012276132,1.0442557334899902,5.324754238128662,4.280498504638672,48.0,209.0,161.0,8.818878173828125,25.514766693115234,16.69588851928711,0.030303030303030304,0.08695652173913043,0.05665349143610013,0.0,0.0,0.0
469,mp3d/Z6MFQCViBuw/Z6MFQCViBuw.glb,0,0.0,0.0,0.0,0.0,0.0,0.0,0.0,0.0,0.0,0.07992352399859337,0.6970629074950923,0.6171393834964989,0.0,0.0,0.0,12.34119987487793,5.218014717102051,-7.123185157775879,104.0,68.0,-36.0,19.250011444091797,12.61568546295166,-6.634325981140137,0.0,0.0,0.0,0.0,0.0,0.0
470,mp3d/Z6MFQCViBuw/Z6MFQCViBuw.glb,0,1.0,1.0,0.0,1.0,1.0,0.0,0.8914375162326009,0.8552626902623238,-0.0361748259702771,0.8555931330792846,0.8894408161842786,0.033847683104993975,0.8555931330792846,0.8894408161842786,0.033847683104993975,0.23532260954380035,0.9581396579742432,0.7228170484304428,88.0,93.0,5.0,18.227359771728516,18.99831771850586,0.7709579467773438,0.0,0.0,0.0,0.0,0.0,0.0
471,mp3d/Z6MFQCViBuw/Z6MFQCViBuw.glb,0,1.0,1.0,0.0,1.0,1.0,0.0,0.9186261564482623,1.0,0.08137384355173771,0.8864611916228833,0.8530501825467096,-0.03341100907617367,0.8864611916228833,0.8530501825467096,-0.03341100907617367,0.25043728947639465,2.2485485076904297,1.998111218214035,91.0,82.0,-9.0,17.687883377075195,15.687881469726562,-2.000001907348633,0.0,0.0,0.0,0.0,0.0,0.0
472,mp3d/TbHJrupSAjP/TbHJrupSAjP.glb,0,1.0,1.0,0.0,1.0,1.0,0.0,0.773180607675519,0.773180607675519,0.0,0.9092310531605305,0.9092310531605305,0.0,0.9092310531605305,0.9092310531605305,0.0,0.6400970816612244,0.6400970816612244,0.0,82.0,82.0,0.0,11.501615524291992,11.501615524291992,0.0,0.0,0.0,0.0,0.0,0.0,0.0
473,mp3d/TbHJrupSAjP/TbHJrupSAjP.glb,0,0.0,0.0,0.0,0.0,0.0,0.0,0.0,0.0,0.0,0.583483260304463,0.583483260304463,0.0,0.0,0.0,0.0,5.798405170440674,5.798405170440674,0.0,44.0,44.0,0.0,8.000001907348633,8.000001907348633,0.0,0.0,0.0,0.0,0.0,0.0,0.0
474,mp3d/TbHJrupSAjP/TbHJrupSAjP.glb,0,1.0,1.0,0.0,1.0,1.0,0.0,0.7568362621550865,0.773180607675519,0.016344345520432513,0.8496199448955444,0.9092310531605305,0.05961110826498617,0.8496199448955444,0.9092310531605305,0.05961110826498617,0.5868377685546875,0.6400970816612244,0.053259313106536865,72.0,82.0,10.0,11.75,11.501615524291992,-0.2483844757080078,0.0,0.0,0.0,0.0,0.0,0.0
475,mp3d/zsNo4HB9uLZ/zsNo4HB9uLZ.glb,0,1.0,1.0,0.0,1.0,1.0,0.0,1.0,1.0,0.0,0.908107389829757,0.908107389829757,0.0,0.908107389829757,0.908107389829757,0.0,0.8844695687294006,0.8844695687294006,0.0,58.0,58.0,0.0,10.005812644958496,10.005812644958496,0.0,0.0,0.0,0.0,0.0,0.0,0.0
476,mp3d/zsNo4HB9uLZ/zsNo4HB9uLZ.glb,0,1.0,1.0,0.0,1.0,1.0,0.0,1.0,1.0,0.0,0.908107389829757,0.8480810135968823,-0.06002637623287477,0.908107389829757,0.8480810135968823,-0.06002637623287477,0.8844695687294006,2.7596774101257324,1.8752078413963318,58.0,49.0,-9.0,10.005812644958496,7.7558112144470215,-2.2500014305114746,0.0,0.0,0.0,0.0,0.0,0.0
477,mp3d/zsNo4HB9uLZ/zsNo4HB9uLZ.glb,0,1.0,1.0,0.0,1.0,1.0,0.0,1.0,1.0,0.0,0.908107389829757,0.908107389829757,0.0,0.908107389829757,0.908107389829757,0.0,0.8844695687294006,0.8844695687294006,0.0,58.0,58.0,0.0,10.005812644958496,10.005812644958496,0.0,0.0,0.0,0.0,0.0,0.0,0.0
478,mp3d/oLBMNvg9in8/oLBMNvg9in8.glb,0,1.0,1.0,0.0,1.0,1.0,0.0,0.9145755951790302,1.0,0.0854244048209698,0.9328036384726892,0.9288103875280643,-0.003993250944624882,0.9328036384726892,0.9288103875280643,-0.003993250944624882,0.24051852524280548,1.1392968893051147,0.8987783640623093,43.0,33.0,-10.0,8.015424728393555,6.818502426147461,-1.1969223022460938,0.0,0.0,0.0,0.0,0.0,0.0
479,mp3d/oLBMNvg9in8/oLBMNvg9in8.glb,0,1.0,1.0,0.0,1.0,1.0,0.0,1.0,1.0,0.0,0.9288103875280643,0.9288103875280643,0.0,0.9288103875280643,0.9288103875280643,0.0,1.1392968893051147,1.1392968893051147,0.0,33.0,33.0,0.0,6.818502426147461,6.818502426147461,0.0,0.0,0.0,0.0,0.0,0.0,0.0
480,mp3d/oLBMNvg9in8/oLBMNvg9in8.glb,0,1.0,1.0,0.0,1.0,1.0,0.0,1.0,1.0,0.0,0.9288103875280643,0.9288103875280643,0.0,0.9288103875280643,0.9288103875280643,0.0,1.1392968893051147,1.1392968893051147,0.0,33.0,33.0,0.0,6.818502426147461,6.818502426147461,0.0,0.0,0.0,0.0,0.0,0.0,0.0
481,mp3d/QUCTc6BB5sX/QUCTc6BB5sX.glb,0,1.0,1.0,0.0,1.0,1.0,0.0,1.0,1.0,0.0,0.8672617890601992,0.8672617890601992,0.0,0.8672617890601992,0.8672617890601992,0.0,0.9509150981903076,0.9509150981903076,0.0,44.0,44.0,0.0,6.015198230743408,6.015198230743408,0.0,0.04,0.04,0.0,0.0,0.0,0.0
482,mp3d/QUCTc6BB5sX/QUCTc6BB5sX.glb,0,1.0,1.0,0.0,1.0,1.0,0.0,0.8285043703410786,0.8285043703410786,0.0,0.8682961874742161,0.8682961874742161,0.0,0.8682961874742161,0.8682961874742161,0.0,0.3222675025463104,0.3222675025463104,0.0,52.0,52.0,0.0,7.265198230743408,7.265198230743408,0.0,0.03333333333333333,0.03333333333333333,0.0,0.0,0.0,0.0
483,mp3d/QUCTc6BB5sX/QUCTc6BB5sX.glb,0,1.0,0.0,-1.0,1.0,1.0,0.0,0.7509795893696527,0.0,-0.7509795893696527,0.7693346793796197,0.6753125928544387,-0.09402208652518107,0.7693346793796197,0.0,-0.7693346793796197,2.69500470161438,3.1359000205993652,0.44089531898498535,57.0,79.0,22.0,8.015195846557617,9.765195846557617,1.75,0.030303030303030304,0.025,-0.0053030303030303025,0.0,1.0,1.0
484,mp3d/EU6Fwq7SyZv/EU6Fwq7SyZv.glb,0,1.0,1.0,0.0,1.0,1.0,0.0,0.9050389507294326,1.0,0.09496104927056737,0.9417916157898295,0.9523058631302008,0.010514247340371319,0.9417916157898295,0.9523058631302008,0.010514247340371319,0.7896859645843506,1.1220240592956543,0.3323380947113037,45.0,35.0,-10.0,8.765069961547852,7.014164924621582,-1.7509050369262695,0.0,0.0,0.0,0.0,0.0,0.0
485,mp3d/EU6Fwq7SyZv/EU6Fwq7SyZv.glb,0,1.0,1.0,0.0,1.0,1.0,0.0,0.7717603410190788,0.7717603410190788,0.0,0.7296098821864623,0.7296098821864623,0.0,0.7296098821864623,0.7296098821864623,0.0,2.171377658843994,2.171377658843994,0.0,54.0,54.0,0.0,10.27874755859375,10.27874755859375,0.0,0.0,0.0,0.0,0.0,0.0,0.0
486,mp3d/EU6Fwq7SyZv/EU6Fwq7SyZv.glb,0,1.0,1.0,0.0,1.0,1.0,0.0,0.6617078505669733,0.6617078505669733,0.0,0.8524994708523292,0.8524994708523292,0.0,0.8524994708523292,0.8524994708523292,0.0,1.3390038013458252,1.3390038013458252,0.0,79.0,79.0,0.0,11.988265991210938,11.988265991210938,0.0,0.061224489795918366,0.061224489795918366,0.0,0.0,0.0,0.0
487,mp3d/2azQ1b91cZZ/2azQ1b91cZZ.glb,0,0.0,0.0,0.0,0.0,0.0,0.0,0.0,0.0,0.0,0.8374364218224952,0.8315669230698791,-0.005869498752616109,0.0,0.0,0.0,3.317673683166504,3.2119317054748535,-0.10574197769165039,49.0,39.0,-10.0,6.34631872177124,6.000003337860107,-0.3463153839111328,0.18518518518518517,0.0,-0.18518518518518517,0.0,0.0,0.0
488,mp3d/2azQ1b91cZZ/2azQ1b91cZZ.glb,0,1.0,1.0,0.0,1.0,1.0,0.0,1.0,1.0,0.0,0.8835445538036215,0.8044589476582659,-0.07908560614535565,0.8835445538036215,0.8044589476582659,-0.07908560614535565,2.523301839828491,2.969468593597412,0.4461667537689209,42.0,52.0,10.0,6.750003337860107,8.750007629394531,2.000004291534424,0.0,0.0,0.0,0.0,0.0,0.0
489,mp3d/2azQ1b91cZZ/2azQ1b91cZZ.glb,0,1.0,1.0,0.0,1.0,1.0,0.0,1.0,0.39655066010125417,-0.6034493398987458,0.9147237384695136,0.3362650760500703,-0.5784586624194433,0.9147237384695136,0.3362650760500703,-0.5784586624194433,1.7438347339630127,1.7438377141952515,2.9802322387695312e-06,56.0,148.0,92.0,8.000005722045898,23.056018829345703,15.056013107299805,0.0,0.0,0.0,0.0,0.0,0.0
490,mp3d/QUCTc6BB5sX/QUCTc6BB5sX.glb,0,1.0,1.0,0.0,1.0,1.0,0.0,0.9677329172586729,0.9677329172586729,0.0,0.9445937158813394,0.9445937158813394,0.0,0.9445937158813394,0.9445937158813394,0.0,0.182770237326622,0.182770237326622,0.0,50.0,50.0,0.0,7.50822639465332,7.50822639465332,0.0,0.0,0.0,0.0,0.0,0.0,0.0
491,mp3d/QUCTc6BB5sX/QUCTc6BB5sX.glb,0,1.0,1.0,0.0,1.0,1.0,0.0,0.8294096566253085,0.8294096566253085,0.0,0.9081952583146597,0.9081952583146597,0.0,0.9081952583146597,0.9081952583146597,0.0,1.161585807800293,1.161585807800293,0.0,60.0,60.0,0.0,8.760396957397461,8.760396957397461,0.0,0.0,0.0,0.0,0.0,0.0,0.0
492,mp3d/QUCTc6BB5sX/QUCTc6BB5sX.glb,0,1.0,1.0,0.0,1.0,1.0,0.0,0.9677329172586729,0.9677329172586729,0.0,0.9445937158813394,0.9445937158813394,0.0,0.9445937158813394,0.9445937158813394,0.0,0.182770237326622,0.182770237326622,0.0,50.0,50.0,0.0,7.50822639465332,7.50822639465332,0.0,0.0,0.0,0.0,0.0,0.0,0.0
493,mp3d/2azQ1b91cZZ/2azQ1b91cZZ.glb,0,0.0,0.0,0.0,0.0,0.0,0.0,0.0,0.0,0.0,0.785011868748994,0.785011868748994,0.0,0.0,0.0,0.0,4.284947395324707,4.284947395324707,0.0,43.0,43.0,0.0,7.250003337860107,7.250003337860107,0.0,0.0,0.0,0.0,0.0,0.0,0.0
494,mp3d/2azQ1b91cZZ/2azQ1b91cZZ.glb,0,1.0,1.0,0.0,1.0,1.0,0.0,1.0,1.0,0.0,0.957273917357952,0.957273917357952,0.0,0.957273917357952,0.957273917357952,0.0,0.5198896527290344,0.5198896527290344,0.0,49.0,49.0,0.0,7.500004291534424,7.500004291534424,0.0,0.0,0.0,0.0,0.0,0.0,0.0
495,mp3d/2azQ1b91cZZ/2azQ1b91cZZ.glb,0,0.0,0.0,0.0,0.0,0.0,0.0,0.0,0.0,0.0,0.7882734393283528,0.7882734393283528,0.0,0.0,0.0,0.0,3.3195340633392334,3.3195340633392334,0.0,38.0,38.0,0.0,6.250001430511475,6.250001430511475,0.0,0.0,0.0,0.0,0.0,0.0,0.0
496,mp3d/2azQ1b91cZZ/2azQ1b91cZZ.glb,0,0.0,0.0,0.0,1.0,1.0,0.0,0.0,0.0,0.0,0.5864387081341019,0.5864387081341019,0.0,0.0,0.0,0.0,3.7943766117095947,3.7943766117095947,0.0,71.0,71.0,0.0,11.723690032958984,11.723690032958984,0.0,0.04081632653061224,0.04081632653061224,0.0,1.0,1.0,0.0
497,mp3d/2azQ1b91cZZ/2azQ1b91cZZ.glb,0,1.0,1.0,0.0,1.0,1.0,0.0,0.9606636084627509,0.9606636084627509,0.0,0.9595050475234441,0.9595050475234441,0.0,0.9595050475234441,0.9595050475234441,0.0,0.24204121530056,0.24204121530056,0.0,55.0,55.0,0.0,9.980169296264648,9.980169296264648,0.0,0.047619047619047616,0.047619047619047616,0.0,0.0,0.0,0.0
498,mp3d/2azQ1b91cZZ/2azQ1b91cZZ.glb,0,1.0,1.0,0.0,1.0,1.0,0.0,0.9606636084627509,0.9606636084627509,0.0,0.9595050475234441,0.9595050475234441,0.0,0.9595050475234441,0.9595050475234441,0.0,0.24204121530056,0.24204121530056,0.0,55.0,55.0,0.0,9.980169296264648,9.980169296264648,0.0,0.047619047619047616,0.047619047619047616,0.0,0.0,0.0,0.0
499,mp3d/QUCTc6BB5sX/QUCTc6BB5sX.glb,0,0.0,0.0,0.0,0.0,0.0,0.0,0.0,0.0,0.0,0.8083079672115498,0.8083079672115498,0.0,0.0,0.0,0.0,3.715315341949463,3.715315341949463,0.0,97.0,97.0,0.0,5.946463584899902,5.946463584899902,0.0,2.6,2.6,0.0,0.0,0.0,0.0
500,mp3d/QUCTc6BB5sX/QUCTc6BB5sX.glb,0,1.0,1.0,0.0,1.0,1.0,0.0,0.8494367964930543,0.8494367964930543,0.0,0.8583809150330948,0.8583809150330948,0.0,0.8583809150330948,0.8583809150330948,0.0,1.5767035484313965,1.5767035484313965,0.0,57.0,57.0,0.0,11.02374267578125,11.02374267578125,0.0,0.0,0.0,0.0,0.0,0.0,0.0
501,mp3d/QUCTc6BB5sX/QUCTc6BB5sX.glb,0,1.0,1.0,0.0,1.0,1.0,0.0,0.8494367964930543,0.8494367964930543,0.0,0.8583809150330948,0.8583809150330948,0.0,0.8583809150330948,0.8583809150330948,0.0,1.5767035484313965,1.5767035484313965,0.0,57.0,57.0,0.0,11.02374267578125,11.02374267578125,0.0,0.0,0.0,0.0,0.0,0.0,0.0
502,mp3d/EU6Fwq7SyZv/EU6Fwq7SyZv.glb,0,0.0,0.0,0.0,1.0,1.0,0.0,0.0,0.0,0.0,0.07079971699828663,0.06350010013977177,-0.007299616858514865,0.0,0.0,0.0,3.11391019821167,3.3528881072998047,0.23897790908813477,248.0,249.0,1.0,24.98027801513672,27.596786499023438,2.6165084838867188,0.019801980198019802,0.07017543859649122,0.05037345839847142,1.0,1.0,0.0
503,mp3d/EU6Fwq7SyZv/EU6Fwq7SyZv.glb,0,0.0,0.0,0.0,1.0,1.0,0.0,0.0,0.0,0.0,0.51665135682066,0.51665135682066,0.0,0.0,0.0,0.0,4.199398040771484,4.199398040771484,0.0,67.0,67.0,0.0,10.533563613891602,10.533563613891602,0.0,0.0,0.0,0.0,1.0,1.0,0.0
504,mp3d/EU6Fwq7SyZv/EU6Fwq7SyZv.glb,0,1.0,1.0,0.0,1.0,1.0,0.0,0.4053140895255173,0.43916397900461646,0.03384988947909917,0.37713391956483255,0.4368033459383398,0.05966942637350725,0.37713391956483255,0.4368033459383398,0.05966942637350725,0.615867555141449,0.615867555141449,0.0,117.0,97.0,-20.0,12.97387981414795,11.973878860473633,-1.0000009536743164,0.1320754716981132,0.14285714285714285,0.010781671159029643,0.0,0.0,0.0
505,mp3d/zsNo4HB9uLZ/zsNo4HB9uLZ.glb,0,0.0,0.0,0.0,0.0,0.0,0.0,0.0,0.0,0.0,0.04122764174156078,0.0001322640716144868,-0.041095377669946295,0.0,0.0,0.0,11.447093963623047,12.5891695022583,1.142075538635254,82.0,259.0,177.0,11.476899147033691,30.54824447631836,19.071345329284668,0.06382978723404255,0.12598425196850394,0.06215446473446139,0.0,0.0,0.0
506,mp3d/zsNo4HB9uLZ/zsNo4HB9uLZ.glb,0,0.0,0.0,0.0,0.0,0.0,0.0,0.0,0.0,0.0,0.049004718718551735,0.03732855160291101,-0.011676167115640727,0.0,0.0,0.0,14.536128997802734,14.326086044311523,-0.21004295349121094,84.0,88.0,4.0,9.97690200805664,11.226900100708008,1.2499980926513672,0.07317073170731707,0.06521739130434782,-0.007953340402969244,0.0,0.0,0.0
507,mp3d/zsNo4HB9uLZ/zsNo4HB9uLZ.glb,0,1.0,1.0,0.0,1.0,1.0,0.0,0.9316157642957212,0.9316157642957212,0.0,0.9540139592296358,0.9540139592296358,0.0,0.9540139592296358,0.9540139592296358,0.0,0.2989594638347626,0.2989594638347626,0.0,45.0,45.0,0.0,7.000530242919922,7.000530242919922,0.0,0.0,0.0,0.0,0.0,0.0,0.0
508,mp3d/oLBMNvg9in8/oLBMNvg9in8.glb,0,1.0,1.0,0.0,1.0,1.0,0.0,0.7855606981277984,0.7855606981277984,0.0,0.7699531657140616,0.7699531657140616,0.0,0.7699531657140616,0.7699531657140616,0.0,0.48546677827835083,0.48546677827835083,0.0,68.0,68.0,0.0,11.94628620147705,11.94628620147705,0.0,0.020833333333333332,0.020833333333333332,0.0,0.0,0.0,0.0
509,mp3d/oLBMNvg9in8/oLBMNvg9in8.glb,0,1.0,0.0,-1.0,1.0,0.0,-1.0,0.21919432398646752,0.0,-0.21919432398646752,0.0693398273599718,0.03569269403373931,-0.03364713332623249,0.0693398273599718,0.0,-0.0693398273599718,0.15487320721149445,9.6802396774292,9.525366470217705,344.0,288.0,-56.0,42.813758850097656,36.03205871582031,-6.781700134277344,0.011695906432748537,0.0,-0.011695906432748537,0.0,0.0,0.0
510,mp3d/oLBMNvg9in8/oLBMNvg9in8.glb,0,1.0,1.0,0.0,1.0,1.0,0.0,0.5067725572691744,0.5067725572691744,0.0,0.34670025257291764,0.34670025257291764,0.0,0.34670025257291764,0.34670025257291764,0.0,1.0462034940719604,1.0462034940719604,0.0,113.0,113.0,0.0,18.518234252929688,18.518234252929688,0.0,0.06666666666666667,0.06666666666666667,0.0,0.0,0.0,0.0
511,mp3d/2azQ1b91cZZ/2azQ1b91cZZ.glb,0,0.0,0.0,0.0,1.0,1.0,0.0,0.0,0.0,0.0,0.00035661863471644483,0.002418803460416434,0.002062184825699989,0.0,0.0,0.0,5.129332542419434,5.891067028045654,0.7617344856262207,296.0,222.0,-74.0,34.99264907836914,27.74264907836914,-7.25,0.014184397163120567,0.017857142857142856,0.003672745694022289,1.0,1.0,0.0
512,mp3d/2azQ1b91cZZ/2azQ1b91cZZ.glb,0,0.0,0.0,0.0,1.0,1.0,0.0,0.0,0.0,0.0,0.04045872545002981,0.00019782753148256103,-0.04026089791854725,0.0,0.0,0.0,3.656322479248047,3.8253607749938965,0.1690382957458496,203.0,319.0,116.0,23.49111557006836,42.468910217285156,18.977794647216797,0.031578947368421054,0.017543859649122806,-0.014035087719298248,1.0,1.0,0.0
513,mp3d/2azQ1b91cZZ/2azQ1b91cZZ.glb,0,0.0,0.0,0.0,0.0,1.0,1.0,0.0,0.0,0.0,0.03530207051088996,0.00034221132212870477,-0.03495985918876125,0.0,0.0,0.0,5.845098495483398,4.318778038024902,-1.526320457458496,158.0,328.0,170.0,21.718181610107422,40.71818161010742,19.0,0.022727272727272728,0.012195121951219513,-0.010532150776053215,0.0,1.0,1.0
514,mp3d/zsNo4HB9uLZ/zsNo4HB9uLZ.glb,0,1.0,1.0,0.0,1.0,1.0,0.0,0.986508099571756,0.986508099571756,0.0,0.9089035467784305,0.9089035467784305,0.0,0.9089035467784305,0.9089035467784305,0.0,0.6559012532234192,0.6559012532234192,0.0,60.0,60.0,0.0,9.705679893493652,9.705679893493652,0.0,0.2,0.2,0.0,0.0,0.0,0.0
515,mp3d/zsNo4HB9uLZ/zsNo4HB9uLZ.glb,0,1.0,1.0,0.0,1.0,1.0,0.0,1.0,1.0,0.0,0.8696965346828347,0.8515393461903705,-0.01815718849246417,0.8696965346828347,0.8515393461903705,-0.01815718849246417,2.1745638847351074,2.849343776702881,0.6747798919677734,51.0,64.0,13.0,7.705679893493652,9.455679893493652,1.75,0.24324324324324326,0.20454545454545456,-0.0386977886977887,0.0,0.0,0.0
516,mp3d/zsNo4HB9uLZ/zsNo4HB9uLZ.glb,0,1.0,1.0,0.0,1.0,1.0,0.0,0.5908257833102374,0.4419418754069542,-0.1488839079032832,0.6570733534577575,0.3681779451559557,-0.2888954083018018,0.6570733534577575,0.3681779451559557,-0.2888954083018018,0.5127055048942566,2.3019845485687256,1.789279043674469,130.0,152.0,22.0,16.205677032470703,21.665138244628906,5.459461212158203,0.1267605633802817,0.1702127659574468,0.04345220257716512,0.0,0.0,0.0
517,mp3d/TbHJrupSAjP/TbHJrupSAjP.glb,0,1.0,1.0,0.0,1.0,1.0,0.0,0.6520047408249383,0.6520047408249383,0.0,0.8386986238353459,0.8386986238353459,0.0,0.8386986238353459,0.8386986238353459,0.0,0.5954421758651733,0.5954421758651733,0.0,103.0,103.0,0.0,14.833693504333496,14.833693504333496,0.0,0.1111111111111111,0.1111111111111111,0.0,0.0,0.0,0.0
518,mp3d/TbHJrupSAjP/TbHJrupSAjP.glb,0,1.0,1.0,0.0,1.0,1.0,0.0,0.6520047408249383,0.7236393491144104,0.0716346082894721,0.8386986238353459,0.858944323223443,0.02024569938809717,0.8386986238353459,0.858944323223443,0.02024569938809717,0.5954421758651733,0.8903208374977112,0.29487866163253784,103.0,97.0,-6.0,14.833693504333496,13.365274429321289,-1.468419075012207,0.1111111111111111,0.1206896551724138,0.009578544061302693,0.0,0.0,0.0
519,mp3d/TbHJrupSAjP/TbHJrupSAjP.glb,0,1.0,1.0,0.0,1.0,1.0,0.0,0.7236393491144104,0.7236393491144104,0.0,0.858944323223443,0.858944323223443,0.0,0.858944323223443,0.858944323223443,0.0,0.8903208374977112,0.8903208374977112,0.0,97.0,97.0,0.0,13.365274429321289,13.365274429321289,0.0,0.1206896551724138,0.1206896551724138,0.0,0.0,0.0,0.0
520,mp3d/x8F5xyUWy9e/x8F5xyUWy9e.glb,0,1.0,1.0,0.0,1.0,1.0,0.0,0.8359465231725599,0.8359465231725599,0.0,0.8304671980247547,0.8304671980247547,0.0,0.8304671980247547,0.8304671980247547,0.0,1.0197826623916626,1.0197826623916626,0.0,49.0,49.0,0.0,8.945810317993164,8.945810317993164,0.0,0.0,0.0,0.0,0.0,0.0,0.0
521,mp3d/x8F5xyUWy9e/x8F5xyUWy9e.glb,0,1.0,1.0,0.0,1.0,1.0,0.0,0.8613285658721057,0.8359465231725599,-0.025382042699545804,0.9079658651662466,0.8304671980247547,-0.0774986671414919,0.9079658651662466,0.8304671980247547,-0.0774986671414919,1.2838935852050781,1.0197826623916626,-0.2641109228134155,45.0,49.0,4.0,8.682190895080566,8.945810317993164,0.26361942291259766,0.0,0.0,0.0,0.0,0.0,0.0
522,mp3d/x8F5xyUWy9e/x8F5xyUWy9e.glb,0,1.0,1.0,0.0,1.0,1.0,0.0,0.8359465231725599,0.5002819934666835,-0.33566452970587646,0.8304671980247547,0.6510687969812652,-0.17939840104348947,0.8304671980247547,0.6510687969812652,-0.17939840104348947,1.0197826623916626,1.938549518585205,0.9187668561935425,49.0,108.0,59.0,8.945810317993164,14.948007583618164,6.002197265625,0.0,0.03278688524590164,0.03278688524590164,0.0,0.0,0.0
523,mp3d/TbHJrupSAjP/TbHJrupSAjP.glb,0,1.0,1.0,0.0,1.0,1.0,0.0,0.5432976786295572,0.5030534061384789,-0.040244272491078315,0.62196701714487,0.5888483215888473,-0.03311869555602276,0.62196701714487,0.5888483215888473,-0.03311869555602276,0.3765493929386139,1.5048526525497437,1.1283032596111298,126.0,132.0,6.0,18.75,20.25,1.5,0.0,0.0,0.0,0.0,0.0,0.0
524,mp3d/TbHJrupSAjP/TbHJrupSAjP.glb,0,1.0,1.0,0.0,1.0,1.0,0.0,0.9344907020000667,0.9344907020000667,0.0,0.936111342278066,0.936111342278066,0.0,0.936111342278066,0.936111342278066,0.0,0.20166103541851044,0.20166103541851044,0.0,67.0,67.0,0.0,10.900944709777832,10.900944709777832,0.0,0.0851063829787234,0.0851063829787234,0.0,0.0,0.0,0.0
525,mp3d/TbHJrupSAjP/TbHJrupSAjP.glb,0,1.0,1.0,0.0,1.0,1.0,0.0,0.8481080930867746,0.8481080930867746,0.0,0.9136174702907678,0.9136174702907678,0.0,0.9136174702907678,0.9136174702907678,0.0,1.3898561000823975,1.3898561000823975,0.0,68.0,68.0,0.0,12.011241912841797,12.011241912841797,0.0,0.0,0.0,0.0,0.0,0.0,0.0
526,mp3d/EU6Fwq7SyZv/EU6Fwq7SyZv.glb,0,1.0,1.0,0.0,1.0,1.0,0.0,0.9053212813876178,0.6290416408748649,-0.2762796405127529,0.9227514774409222,0.7240935794593293,-0.19865789798159295,0.9227514774409222,0.7240935794593293,-0.19865789798159295,0.5165544152259827,1.6369355916976929,1.1203811764717102,39.0,58.0,19.0,6.276300430297852,9.032896995544434,2.756596565246582,0.0,0.0,0.0,0.0,0.0,0.0
527,mp3d/EU6Fwq7SyZv/EU6Fwq7SyZv.glb,0,1.0,1.0,0.0,1.0,1.0,0.0,0.8385206657437622,0.8385206657437622,0.0,0.8771363884546097,0.8771363884546097,0.0,0.8771363884546097,0.8771363884546097,0.0,1.1226494312286377,1.1226494312286377,0.0,41.0,41.0,0.0,6.77630090713501,6.77630090713501,0.0,0.0,0.0,0.0,0.0,0.0,0.0
528,mp3d/EU6Fwq7SyZv/EU6Fwq7SyZv.glb,0,1.0,1.0,0.0,1.0,1.0,0.0,0.15757817258126064,0.13272401921215482,-0.02485415336910582,0.08217606957005673,0.07578051157462466,-0.006395557995432066,0.08217606957005673,0.07578051157462466,-0.006395557995432066,1.3550620079040527,0.8064364790916443,-0.5486255288124084,295.0,333.0,38.0,36.0587272644043,42.811153411865234,6.7524261474609375,0.0,0.040697674418604654,0.040697674418604654,0.0,0.0,0.0
529,mp3d/TbHJrupSAjP/TbHJrupSAjP.glb,0,1.0,1.0,0.0,1.0,1.0,0.0,0.8047447216968818,0.8047447216968818,0.0,0.9190654911397251,0.9190654911397251,0.0,0.9190654911397251,0.9190654911397251,0.0,0.40089309215545654,0.40089309215545654,0.0,39.0,39.0,0.0,6.5521368980407715,6.5521368980407715,0.0,0.0,0.0,0.0,0.0,0.0,0.0
530,mp3d/TbHJrupSAjP/TbHJrupSAjP.glb,0,1.0,1.0,0.0,1.0,1.0,0.0,0.8047447216968818,0.8047447216968818,0.0,0.9190654911397251,0.9190654911397251,0.0,0.9190654911397251,0.9190654911397251,0.0,0.40089309215545654,0.40089309215545654,0.0,39.0,39.0,0.0,6.5521368980407715,6.5521368980407715,0.0,0.0,0.0,0.0,0.0,0.0,0.0
531,mp3d/TbHJrupSAjP/TbHJrupSAjP.glb,0,1.0,1.0,0.0,1.0,1.0,0.0,1.0,0.3287871244618859,-0.6712128755381142,0.9233683250359838,0.4710611219751147,-0.4523072030608691,0.9233683250359838,0.4710611219751147,-0.4523072030608691,1.1545850038528442,1.989943265914917,0.8353582620620728,29.0,117.0,88.0,5.056448459625244,16.03711700439453,10.980668544769287,0.0,0.0,0.0,0.0,0.0,0.0
532,mp3d/oLBMNvg9in8/oLBMNvg9in8.glb,0,1.0,1.0,0.0,1.0,1.0,0.0,0.790351572050774,0.790351572050774,0.0,0.8996667832107624,0.8996667832107624,0.0,0.8996667832107624,0.8996667832107624,0.0,1.0084168910980225,1.0084168910980225,0.0,87.0,87.0,0.0,11.026745796203613,11.026745796203613,0.0,0.023809523809523808,0.023809523809523808,0.0,0.0,0.0,0.0
533,mp3d/oLBMNvg9in8/oLBMNvg9in8.glb,0,1.0,1.0,0.0,1.0,1.0,0.0,0.6395659514642552,0.5698149674211368,-0.06975098404311841,0.7769338241717422,0.8339038726762793,0.05697004850453713,0.7769338241717422,0.8339038726762793,0.05697004850453713,2.212110996246338,0.6804873943328857,-1.5316236019134521,135.0,143.0,8.0,13.62643814086914,15.294448852539062,1.6680107116699219,0.018867924528301886,0.01694915254237288,-0.0019187719859290048,0.0,0.0,0.0
534,mp3d/oLBMNvg9in8/oLBMNvg9in8.glb,0,1.0,1.0,0.0,1.0,1.0,0.0,0.929761885987916,0.929761885987916,0.0,0.8641730112729579,0.8641730112729579,0.0,0.8641730112729579,0.8641730112729579,0.0,1.961676001548767,1.961676001548767,0.0,80.0,80.0,0.0,9.373373985290527,9.373373985290527,0.0,0.027777777777777776,0.027777777777777776,0.0,0.0,0.0,0.0
535,mp3d/EU6Fwq7SyZv/EU6Fwq7SyZv.glb,0,0.0,0.0,0.0,0.0,0.0,0.0,0.0,0.0,0.0,0.10701589308651,0.07422978338227447,-0.032786109704235525,0.0,0.0,0.0,12.729925155639648,11.486598014831543,-1.2433271408081055,405.0,319.0,-86.0,40.4848747253418,35.30152893066406,-5.183345794677734,0.05521472392638037,0.027972027972027972,-0.027242695954352397,0.0,0.0,0.0
536,mp3d/EU6Fwq7SyZv/EU6Fwq7SyZv.glb,0,0.0,0.0,0.0,0.0,0.0,0.0,0.0,0.0,0.0,0.13608433214526774,0.054258347933644396,-0.08182598421162335,0.0,0.0,0.0,12.889379501342773,13.307504653930664,0.4181251525878906,347.0,395.0,48.0,34.5134162902832,42.28173828125,7.768321990966797,0.02877697841726619,0.01764705882352941,-0.011129919593736777,0.0,0.0,0.0
537,mp3d/EU6Fwq7SyZv/EU6Fwq7SyZv.glb,0,0.0,0.0,0.0,0.0,0.0,0.0,0.0,0.0,0.0,0.11068994141678255,0.17719756233424266,0.06650762091746011,0.0,0.0,0.0,9.644556999206543,12.648656845092773,3.0040998458862305,393.0,330.0,-63.0,39.018829345703125,30.801509857177734,-8.21731948852539,0.025477707006369428,0.024193548387096774,-0.0012841586192726545,0.0,0.0,0.0
538,mp3d/QUCTc6BB5sX/QUCTc6BB5sX.glb,0,0.0,0.0,0.0,0.0,0.0,0.0,0.0,0.0,0.0,0.223728131242186,0.223728131242186,0.0,0.0,0.0,0.0,10.44826889038086,10.44826889038086,0.0,34.0,34.0,0.0,5.226977348327637,5.226977348327637,0.0,0.13043478260869565,0.13043478260869565,0.0,0.0,0.0,0.0
539,mp3d/QUCTc6BB5sX/QUCTc6BB5sX.glb,0,0.0,0.0,0.0,0.0,0.0,0.0,0.0,0.0,0.0,0.2447910521682206,0.223728131242186,-0.021062920926034623,0.0,0.0,0.0,10.501825332641602,10.44826889038086,-0.05355644226074219,32.0,34.0,2.0,4.764871120452881,5.226977348327637,0.46210622787475586,0.0,0.13043478260869565,0.13043478260869565,0.0,0.0,0.0
540,mp3d/QUCTc6BB5sX/QUCTc6BB5sX.glb,0,0.0,0.0,0.0,0.0,0.0,0.0,0.0,0.0,0.0,0.19869538048381524,0.0639952909019729,-0.13470008958184235,0.0,0.0,0.0,11.445882797241211,15.513933181762695,4.068050384521484,39.0,66.0,27.0,6.226977348327637,11.500001907348633,5.273024559020996,0.1111111111111111,0.0,-0.1111111111111111,0.0,0.0,0.0
541,mp3d/2azQ1b91cZZ/2azQ1b91cZZ.glb,0,1.0,1.0,0.0,1.0,1.0,0.0,1.0,1.0,0.0,0.890776013869903,0.890776013869903,0.0,0.890776013869903,0.890776013869903,0.0,1.7308528423309326,1.7308528423309326,0.0,43.0,43.0,0.0,6.180880546569824,6.180880546569824,0.0,0.0,0.0,0.0,0.0,0.0,0.0
542,mp3d/2azQ1b91cZZ/2azQ1b91cZZ.glb,0,1.0,1.0,0.0,1.0,1.0,0.0,1.0,0.9893728170058371,-0.010627182994162876,0.890776013869903,0.9261360577773019,0.035360043907398886,0.890776013869903,0.9261360577773019,0.035360043907398886,1.7308528423309326,0.45331183075904846,-1.2775410115718842,43.0,52.0,9.0,6.180880546569824,7.485276699066162,1.304396152496338,0.0,0.0,0.0,0.0,0.0,0.0
543,mp3d/2azQ1b91cZZ/2azQ1b91cZZ.glb,0,1.0,1.0,0.0,1.0,1.0,0.0,0.9893728170058371,0.9893728170058371,0.0,0.9261360577773019,0.9261360577773019,0.0,0.9261360577773019,0.9261360577773019,0.0,0.45331183075904846,0.45331183075904846,0.0,52.0,52.0,0.0,7.485276699066162,7.485276699066162,0.0,0.0,0.0,0.0,0.0,0.0,0.0
544,mp3d/zsNo4HB9uLZ/zsNo4HB9uLZ.glb,0,0.0,0.0,0.0,0.0,0.0,0.0,0.0,0.0,0.0,0.07295060685509029,0.07295060685509029,0.0,0.0,0.0,0.0,11.527141571044922,11.527141571044922,0.0,49.0,49.0,0.0,10.000001907348633,10.000001907348633,0.0,0.0,0.0,0.0,0.0,0.0,0.0
545,mp3d/zsNo4HB9uLZ/zsNo4HB9uLZ.glb,0,1.0,1.0,0.0,1.0,1.0,0.0,0.8858143170267955,0.7141516982712124,-0.17166261875558309,0.9692076161744243,0.9156998568532598,-0.05350775932116447,0.9692076161744243,0.9156998568532598,-0.05350775932116447,0.34580034017562866,0.9154011607170105,0.5696008205413818,40.0,45.0,5.0,5.20025634765625,6.45025634765625,1.25,0.13636363636363635,0.1111111111111111,-0.02525252525252525,0.0,0.0,0.0
546,mp3d/zsNo4HB9uLZ/zsNo4HB9uLZ.glb,0,1.0,1.0,0.0,1.0,1.0,0.0,0.8858143170267955,0.7141516982712124,-0.17166261875558309,0.9692076161744243,0.9156998568532598,-0.05350775932116447,0.9692076161744243,0.9156998568532598,-0.05350775932116447,0.34580034017562866,0.9154011607170105,0.5696008205413818,40.0,45.0,5.0,5.20025634765625,6.45025634765625,1.25,0.13636363636363635,0.1111111111111111,-0.02525252525252525,0.0,0.0,0.0
547,mp3d/Z6MFQCViBuw/Z6MFQCViBuw.glb,0,0.0,0.0,0.0,0.0,0.0,0.0,0.0,0.0,0.0,0.018123893112583386,0.027115300802361006,0.00899140768977762,0.0,0.0,0.0,24.288959503173828,23.013153076171875,-1.2758064270019531,70.0,76.0,6.0,14.213350296020508,14.201953887939453,-0.011396408081054688,0.0,0.0,0.0,0.0,0.0,0.0
548,mp3d/Z6MFQCViBuw/Z6MFQCViBuw.glb,0,1.0,0.0,-1.0,1.0,0.0,-1.0,1.0,0.0,-1.0,0.9154093131608236,0.2746192831898912,-0.6407900299709324,0.9154093131608236,0.0,-0.9154093131608236,1.262382984161377,6.713846206665039,5.451463222503662,57.0,46.0,-11.0,10.750007629394531,8.25,-2.5000076293945312,0.0,0.0,0.0,0.0,0.0,0.0
549,mp3d/Z6MFQCViBuw/Z6MFQCViBuw.glb,0,0.0,0.0,0.0,0.0,0.0,0.0,0.0,0.0,0.0,0.0406759951991593,0.10462373957037485,0.06394774437121556,0.0,0.0,0.0,18.60821533203125,18.834758758544922,0.22654342651367188,72.0,47.0,-25.0,12.58912181854248,8.672410011291504,-3.9167118072509766,0.0,0.0,0.0,0.0,0.0,0.0
550,mp3d/Z6MFQCViBuw/Z6MFQCViBuw.glb,0,1.0,0.0,-1.0,1.0,0.0,-1.0,0.8768958978682165,0.0,-0.8768958978682165,0.8575210063356351,0.0028369398617495317,-0.8546840664738856,0.8575210063356351,0.0,-0.8575210063356351,0.9341020584106445,23.653701782226562,22.719599723815918,101.0,297.0,196.0,19.287919998168945,36.56102752685547,17.273107528686523,0.0,0.1564625850340136,0.1564625850340136,0.0,0.0,0.0
551,mp3d/Z6MFQCViBuw/Z6MFQCViBuw.glb,0,1.0,1.0,0.0,1.0,1.0,0.0,0.26113509258934237,0.8768958978682165,0.6157608052788741,0.06993333110672428,0.8575210063356351,0.7875876752289108,0.06993333110672428,0.8575210063356351,0.7875876752289108,0.795759379863739,0.9341020584106445,0.13834267854690552,365.0,101.0,-264.0,64.76914978027344,19.287919998168945,-45.48122978210449,0.003861003861003861,0.0,-0.003861003861003861,0.0,0.0,0.0
552,mp3d/Z6MFQCViBuw/Z6MFQCViBuw.glb,0,0.0,0.0,0.0,0.0,0.0,0.0,0.0,0.0,0.0,0.0005502219981151964,0.0024234165713192418,0.0018731945732040453,0.0,0.0,0.0,24.442983627319336,24.495874404907227,0.052890777587890625,583.0,309.0,-274.0,99.08539581298828,35.60783767700195,-63.47755813598633,0.012658227848101266,0.2,0.18734177215189873,0.0,0.0,0.0
553,mp3d/x8F5xyUWy9e/x8F5xyUWy9e.glb,0,1.0,1.0,0.0,1.0,1.0,0.0,0.480990383049617,0.41500999998168503,-0.06598038306793197,0.7278850649322961,0.6151072241499282,-0.11277784078236786,0.7278850649322961,0.6151072241499282,-0.11277784078236786,0.5527925491333008,2.4230802059173584,1.8702876567840576,120.0,137.0,17.0,12.57979965209961,14.57979965209961,2.0,0.0,0.0,0.0,0.0,0.0,0.0
554,mp3d/x8F5xyUWy9e/x8F5xyUWy9e.glb,0,1.0,0.0,-1.0,1.0,1.0,0.0,1.0,0.0,-1.0,0.9412657538675345,0.8466827196279074,-0.0945830342396271,0.9412657538675345,0.0,-0.9412657538675345,1.0732353925704956,3.2973690032958984,2.224133610725403,30.0,42.0,12.0,5.079798221588135,6.828311443328857,1.7485132217407227,0.0,0.0,0.0,0.0,1.0,1.0
555,mp3d/x8F5xyUWy9e/x8F5xyUWy9e.glb,0,1.0,1.0,0.0,1.0,1.0,0.0,1.0,1.0,0.0,0.9412657538675345,0.9412657538675345,0.0,0.9412657538675345,0.9412657538675345,0.0,1.0732353925704956,1.0732353925704956,0.0,30.0,30.0,0.0,5.079798221588135,5.079798221588135,0.0,0.0,0.0,0.0,0.0,0.0,0.0
556,mp3d/EU6Fwq7SyZv/EU6Fwq7SyZv.glb,0,0.0,0.0,0.0,0.0,0.0,0.0,0.0,0.0,0.0,0.008692814719558593,0.08750349890132783,0.07881068418176923,0.0,0.0,0.0,9.891256332397461,10.792791366577148,0.9015350341796875,293.0,152.0,-141.0,35.084205627441406,20.54279327392578,-14.541412353515625,0.06338028169014084,0.03614457831325301,-0.027235703376887833,0.0,0.0,0.0
557,mp3d/EU6Fwq7SyZv/EU6Fwq7SyZv.glb,0,0.0,0.0,0.0,0.0,0.0,0.0,0.0,0.0,0.0,0.0040397935675710855,0.008961011020721025,0.00492121745314994,0.0,0.0,0.0,11.90863037109375,10.62790584564209,-1.2807245254516602,261.0,258.0,-3.0,30.414112091064453,38.340240478515625,7.926128387451172,0.07142857142857142,0.01948051948051948,-0.051948051948051945,0.0,0.0,0.0
558,mp3d/EU6Fwq7SyZv/EU6Fwq7SyZv.glb,0,0.0,0.0,0.0,0.0,0.0,0.0,0.0,0.0,0.0,0.01013001347987134,0.024163237525118304,0.014033224045246963,0.0,0.0,0.0,10.435905456542969,10.61806869506836,0.18216323852539062,275.0,237.0,-38.0,33.16523742675781,29.334320068359375,-3.8309173583984375,0.03731343283582089,0.01694915254237288,-0.02036428029344801,0.0,0.0,0.0
559,mp3d/Z6MFQCViBuw/Z6MFQCViBuw.glb,0,1.0,1.0,0.0,1.0,1.0,0.0,1.0,1.0,0.0,0.9946949726870986,0.9946949726870986,0.0,0.9946949726870986,0.9946949726870986,0.0,0.7939208745956421,0.7939208745956421,0.0,45.0,45.0,0.0,10.999999046325684,10.999999046325684,0.0,0.0,0.0,0.0,0.0,0.0,0.0
560,mp3d/Z6MFQCViBuw/Z6MFQCViBuw.glb,0,1.0,1.0,0.0,1.0,1.0,0.0,1.0,1.0,0.0,0.9946949726870986,0.9946949726870986,0.0,0.9946949726870986,0.9946949726870986,0.0,0.7939208745956421,0.7939208745956421,0.0,45.0,45.0,0.0,10.999999046325684,10.999999046325684,0.0,0.0,0.0,0.0,0.0,0.0,0.0
561,mp3d/Z6MFQCViBuw/Z6MFQCViBuw.glb,0,1.0,1.0,0.0,1.0,1.0,0.0,1.0,1.0,0.0,0.9946949726870986,0.9946949726870986,0.0,0.9946949726870986,0.9946949726870986,0.0,0.7939208745956421,0.7939208745956421,0.0,45.0,45.0,0.0,10.999999046325684,10.999999046325684,0.0,0.0,0.0,0.0,0.0,0.0,0.0
562,mp3d/X7HyMhZNoso/X7HyMhZNoso.glb,0,1.0,1.0,0.0,1.0,1.0,0.0,0.8879803739939298,0.9940245897687334,0.10604421577480361,0.9009836795677048,0.956212154509923,0.055228474942218275,0.9009836795677048,0.956212154509923,0.055228474942218275,0.4145870804786682,0.6806646585464478,0.26607757806777954,74.0,59.0,-15.0,11.713095664978027,10.463522911071777,-1.24957275390625,0.041666666666666664,0.046511627906976744,0.004844961240310079,0.0,0.0,0.0
563,mp3d/X7HyMhZNoso/X7HyMhZNoso.glb,0,1.0,1.0,0.0,1.0,1.0,0.0,0.9482924934192233,0.8341877975352759,-0.11410469588394734,0.6595771370798758,0.6435443714031585,-0.016032765676717298,0.6595771370798758,0.6435443714031585,-0.016032765676717298,0.8833051323890686,0.806559145450592,-0.07674598693847656,63.0,72.0,9.0,10.968133926391602,12.468414306640625,1.5002803802490234,0.08888888888888889,0.0784313725490196,-0.010457516339869286,0.0,0.0,0.0
564,mp3d/X7HyMhZNoso/X7HyMhZNoso.glb,0,0.0,0.0,0.0,0.0,0.0,0.0,0.0,0.0,0.0,0.24695027983579002,0.24695027983579002,0.0,0.0,0.0,0.0,6.4601263999938965,6.4601263999938965,0.0,37.0,37.0,0.0,7.55878210067749,7.55878210067749,0.0,0.1875,0.1875,0.0,0.0,0.0,0.0
565,mp3d/TbHJrupSAjP/TbHJrupSAjP.glb,0,1.0,0.0,-1.0,1.0,1.0,0.0,0.5555828971604788,0.0,-0.5555828971604788,0.4533134463162847,0.334612859720365,-0.1187005865959197,0.4533134463162847,0.0,-0.4533134463162847,0.5995516180992126,3.5094196796417236,2.909868061542511,114.0,202.0,88.0,17.908926010131836,28.703062057495117,10.794136047363281,0.0641025641025641,0.12598425196850394,0.06188168786593984,0.0,1.0,1.0
566,mp3d/TbHJrupSAjP/TbHJrupSAjP.glb,0,1.0,1.0,0.0,1.0,1.0,0.0,0.6211933282390952,0.5302623892421356,-0.09093093899695959,0.5762054670433776,0.5895735557517757,0.013368088708398118,0.5762054670433776,0.5895735557517757,0.013368088708398118,0.39403069019317627,0.9565445184707642,0.5625138282775879,116.0,141.0,25.0,16.017385482788086,18.76409339904785,2.7467079162597656,0.07042253521126761,0.1411764705882353,0.07075393537696768,0.0,0.0,0.0
567,mp3d/TbHJrupSAjP/TbHJrupSAjP.glb,0,1.0,1.0,0.0,1.0,1.0,0.0,0.583998856767729,0.583998856767729,0.0,0.16382188076178905,0.16382188076178905,0.0,0.16382188076178905,0.16382188076178905,0.0,0.26433315873146057,0.26433315873146057,0.0,102.0,102.0,0.0,17.037521362304688,17.037521362304688,0.0,0.06666666666666667,0.06666666666666667,0.0,0.0,0.0,0.0
568,mp3d/QUCTc6BB5sX/QUCTc6BB5sX.glb,0,1.0,1.0,0.0,1.0,1.0,0.0,0.979376218895999,0.979376218895999,0.0,0.8700197698304923,0.8700197698304923,0.0,0.8700197698304923,0.8700197698304923,0.0,0.7028203010559082,0.7028203010559082,0.0,64.0,64.0,0.0,10.587450981140137,10.587450981140137,0.0,0.10869565217391304,0.10869565217391304,0.0,0.0,0.0,0.0
569,mp3d/QUCTc6BB5sX/QUCTc6BB5sX.glb,0,1.0,1.0,0.0,1.0,1.0,0.0,0.9567838163882424,0.9567838163882424,0.0,0.8618367030991164,0.8618367030991164,0.0,0.8618367030991164,0.8618367030991164,0.0,0.4998137950897217,0.4998137950897217,0.0,63.0,63.0,0.0,10.837450981140137,10.837450981140137,0.0,0.10638297872340426,0.10638297872340426,0.0,0.0,0.0,0.0
570,mp3d/QUCTc6BB5sX/QUCTc6BB5sX.glb,0,1.0,1.0,0.0,1.0,1.0,0.0,0.9567838163882424,0.9567838163882424,0.0,0.8618367030991164,0.8618367030991164,0.0,0.8618367030991164,0.8618367030991164,0.0,0.4998137950897217,0.4998137950897217,0.0,63.0,63.0,0.0,10.837450981140137,10.837450981140137,0.0,0.10638297872340426,0.10638297872340426,0.0,0.0,0.0,0.0
571,mp3d/zsNo4HB9uLZ/zsNo4HB9uLZ.glb,0,1.0,1.0,0.0,1.0,1.0,0.0,0.8875464045140156,0.8875464045140156,0.0,0.868034912836694,0.868034912836694,0.0,0.868034912836694,0.868034912836694,0.0,2.8916854858398438,2.8916854858398438,0.0,79.0,79.0,0.0,11.75047779083252,11.75047779083252,0.0,0.0,0.0,0.0,0.0,0.0,0.0
572,mp3d/zsNo4HB9uLZ/zsNo4HB9uLZ.glb,0,0.0,0.0,0.0,0.0,0.0,0.0,0.0,0.0,0.0,0.5640116052380234,0.7460190971689019,0.1820074919308785,0.0,0.0,0.0,6.393346786499023,5.397971153259277,-0.9953756332397461,92.0,56.0,-36.0,12.5,9.0,-3.5,0.0,0.0,0.0,0.0,0.0,0.0
573,mp3d/zsNo4HB9uLZ/zsNo4HB9uLZ.glb,0,1.0,1.0,0.0,1.0,1.0,0.0,0.8022380830499269,1.0,0.19776191695007306,0.8879473159069543,0.9398070375518777,0.05185972164492336,0.8879473159069543,0.9398070375518777,0.05185972164492336,0.6128123998641968,1.3412638902664185,0.7284514904022217,83.0,50.0,-33.0,12.999999046325684,9.249999046325684,-3.75,0.0,0.0,0.0,0.0,0.0,0.0
574,mp3d/Z6MFQCViBuw/Z6MFQCViBuw.glb,0,0.0,0.0,0.0,0.0,0.0,0.0,0.0,0.0,0.0,0.04362691789527371,0.04362691789527371,0.0,0.0,0.0,0.0,20.71784782409668,20.71784782409668,0.0,45.0,45.0,0.0,11.063006401062012,11.063006401062012,0.0,0.0,0.0,0.0,0.0,0.0,0.0
575,mp3d/Z6MFQCViBuw/Z6MFQCViBuw.glb,0,0.0,0.0,0.0,0.0,0.0,0.0,0.0,0.0,0.0,0.028095968313582298,0.028095968313582298,0.0,0.0,0.0,0.0,21.944997787475586,21.944997787475586,0.0,51.0,51.0,0.0,12.313007354736328,12.313007354736328,0.0,0.0,0.0,0.0,0.0,0.0,0.0
576,mp3d/Z6MFQCViBuw/Z6MFQCViBuw.glb,0,1.0,0.0,-1.0,1.0,1.0,0.0,0.844213580475307,0.0,-0.844213580475307,0.8786867010087617,0.3710197015676005,-0.5076669994411611,0.8786867010087617,0.0,-0.8786867010087617,1.5604486465454102,5.285122871398926,3.7246742248535156,66.0,112.0,46.0,12.15556526184082,19.7919864654541,7.636421203613281,0.04081632653061224,0.0375,-0.003316326530612243,0.0,1.0,1.0
577,mp3d/QUCTc6BB5sX/QUCTc6BB5sX.glb,0,0.0,0.0,0.0,0.0,0.0,0.0,0.0,0.0,0.0,0.03321988252600937,0.0002334760352371277,-0.03298640649077224,0.0,0.0,0.0,8.198033332824707,24.6083984375,16.410365104675293,224.0,299.0,75.0,39.997764587402344,55.76263427734375,15.764869689941406,0.012422360248447204,0.017857142857142856,0.005434782608695652,0.0,0.0,0.0
578,mp3d/QUCTc6BB5sX/QUCTc6BB5sX.glb,0,0.0,0.0,0.0,0.0,0.0,0.0,0.0,0.0,0.0,0.003298731386135393,0.4463200148976339,0.4430212835114985,0.0,0.0,0.0,8.426644325256348,5.909215450286865,-2.5174288749694824,194.0,162.0,-32.0,37.50221633911133,24.28397560119629,-13.218240737915039,0.013245033112582781,0.0,-0.013245033112582781,0.0,0.0,0.0
579,mp3d/QUCTc6BB5sX/QUCTc6BB5sX.glb,0,0.0,0.0,0.0,0.0,0.0,0.0,0.0,0.0,0.0,0.49182780750344485,0.49182780750344485,0.0,0.0,0.0,0.0,8.218578338623047,8.218578338623047,0.0,50.0,50.0,0.0,8.25000286102295,8.25000286102295,0.0,0.0,0.0,0.0,0.0,0.0,0.0
580,mp3d/TbHJrupSAjP/TbHJrupSAjP.glb,0,1.0,1.0,0.0,1.0,1.0,0.0,1.0,0.9097528900038241,-0.09024710999617591,0.8967206382890884,0.9055130378344389,0.008792399545350493,0.8967206382890884,0.9055130378344389,0.008792399545350493,1.0142945051193237,0.2443668395280838,-0.7699276655912399,43.0,46.0,3.0,7.759970664978027,8.549068450927734,0.789097785949707,0.0,0.0,0.0,0.0,0.0,0.0
581,mp3d/TbHJrupSAjP/TbHJrupSAjP.glb,0,1.0,1.0,0.0,1.0,1.0,0.0,0.9097528900038241,0.9097528900038241,0.0,0.9055130378344389,0.9055130378344389,0.0,0.9055130378344389,0.9055130378344389,0.0,0.2443668395280838,0.2443668395280838,0.0,46.0,46.0,0.0,8.549068450927734,8.549068450927734,0.0,0.0,0.0,0.0,0.0,0.0,0.0
582,mp3d/TbHJrupSAjP/TbHJrupSAjP.glb,0,1.0,1.0,0.0,1.0,1.0,0.0,0.9097528900038241,0.9097528900038241,0.0,0.9055130378344389,0.9055130378344389,0.0,0.9055130378344389,0.9055130378344389,0.0,0.2443668395280838,0.2443668395280838,0.0,46.0,46.0,0.0,8.549068450927734,8.549068450927734,0.0,0.0,0.0,0.0,0.0,0.0,0.0
583,mp3d/x8F5xyUWy9e/x8F5xyUWy9e.glb,0,1.0,1.0,0.0,1.0,1.0,0.0,1.0,1.0,0.0,0.9363559005922972,0.8896129988411401,-0.04674290175115714,0.9363559005922972,0.8896129988411401,-0.04674290175115714,1.4099353551864624,2.451939582824707,1.0420042276382446,47.0,40.0,-7.0,8.75027084350586,7.500269889831543,-1.2500009536743164,0.0,0.0,0.0,0.0,0.0,0.0
584,mp3d/x8F5xyUWy9e/x8F5xyUWy9e.glb,0,1.0,1.0,0.0,1.0,1.0,0.0,1.0,0.8949287449434832,-0.10507125505651682,0.929070201662565,0.8980571327164216,-0.03101306894614342,0.929070201662565,0.8980571327164216,-0.03101306894614342,1.0180904865264893,2.0691561698913574,1.0510656833648682,59.0,79.0,20.0,9.75027084350586,11.00027084350586,1.25,0.0,0.0,0.0,0.0,0.0,0.0
585,mp3d/x8F5xyUWy9e/x8F5xyUWy9e.glb,0,1.0,1.0,0.0,1.0,1.0,0.0,0.9604350727765221,0.9604350727765221,0.0,0.6409166030649261,0.6409166030649261,0.0,0.6409166030649261,0.6409166030649261,0.0,1.7985317707061768,1.7985317707061768,0.0,61.0,61.0,0.0,10.249999046325684,10.249999046325684,0.0,0.0,0.0,0.0,0.0,0.0,0.0
586,mp3d/Z6MFQCViBuw/Z6MFQCViBuw.glb,0,0.0,0.0,0.0,0.0,0.0,0.0,0.0,0.0,0.0,0.0500134050320674,0.0500134050320674,0.0,0.0,0.0,0.0,13.752117156982422,13.752117156982422,0.0,41.0,41.0,0.0,8.845749855041504,8.845749855041504,0.0,0.0,0.0,0.0,0.0,0.0,0.0
587,mp3d/Z6MFQCViBuw/Z6MFQCViBuw.glb,0,0.0,0.0,0.0,0.0,0.0,0.0,0.0,0.0,0.0,0.0500134050320674,0.0500134050320674,0.0,0.0,0.0,0.0,13.752117156982422,13.752117156982422,0.0,41.0,41.0,0.0,8.845749855041504,8.845749855041504,0.0,0.0,0.0,0.0,0.0,0.0,0.0
588,mp3d/Z6MFQCViBuw/Z6MFQCViBuw.glb,0,0.0,0.0,0.0,1.0,1.0,0.0,0.0,0.0,0.0,0.19580882844688766,0.34227140917765614,0.14646258073076848,0.0,0.0,0.0,5.4515485763549805,5.331554412841797,-0.1199941635131836,101.0,60.0,-41.0,14.749637603759766,10.324666976928711,-4.424970626831055,0.0,0.0,0.0,1.0,1.0,0.0
589,mp3d/TbHJrupSAjP/TbHJrupSAjP.glb,0,1.0,1.0,0.0,1.0,1.0,0.0,1.0,1.0,0.0,0.8399095428312001,0.8399095428312001,0.0,0.8399095428312001,0.8399095428312001,0.0,2.6302804946899414,2.6302804946899414,0.0,38.0,38.0,0.0,6.054327964782715,6.054327964782715,0.0,0.04,0.04,0.0,0.0,0.0,0.0
590,mp3d/TbHJrupSAjP/TbHJrupSAjP.glb,0,1.0,1.0,0.0,1.0,1.0,0.0,0.8665237995919793,0.8665237995919793,0.0,0.9075305805755385,0.9075305805755385,0.0,0.9075305805755385,0.9075305805755385,0.0,0.5468302369117737,0.5468302369117737,0.0,61.0,61.0,0.0,9.666215896606445,9.666215896606445,0.0,0.02564102564102564,0.02564102564102564,0.0,0.0,0.0,0.0
591,mp3d/TbHJrupSAjP/TbHJrupSAjP.glb,0,1.0,1.0,0.0,1.0,1.0,0.0,1.0,1.0,0.0,0.9265689240563633,0.9265689240563633,0.0,0.9265689240563633,0.9265689240563633,0.0,0.7246575951576233,0.7246575951576233,0.0,50.0,50.0,0.0,8.339072227478027,8.339072227478027,0.0,0.029411764705882353,0.029411764705882353,0.0,0.0,0.0,0.0
592,mp3d/Z6MFQCViBuw/Z6MFQCViBuw.glb,0,0.0,1.0,1.0,1.0,1.0,0.0,0.0,0.20870323354163792,0.20870323354163792,0.010150022329853492,0.005355570316069982,-0.004794452013783509,0.0,0.005355570316069982,0.005355570316069982,3.879040479660034,0.7672197222709656,-3.1118207573890686,335.0,222.0,-113.0,44.22126007080078,36.532142639160156,-7.689117431640625,0.011363636363636364,0.006896551724137931,-0.004467084639498433,1.0,0.0,-1.0
593,mp3d/Z6MFQCViBuw/Z6MFQCViBuw.glb,0,1.0,1.0,0.0,1.0,1.0,0.0,0.3135759498387551,0.29613529844711856,-0.01744065139163653,0.18107349254191388,0.1576438753462856,-0.023429617195628277,0.18107349254191388,0.1576438753462856,-0.023429617195628277,0.6537958979606628,0.43271157145500183,-0.221084326505661,173.0,197.0,24.0,24.314289093017578,25.746259689331055,1.4319705963134766,0.0,0.028846153846153848,0.028846153846153848,0.0,0.0,0.0
594,mp3d/Z6MFQCViBuw/Z6MFQCViBuw.glb,0,0.0,0.0,0.0,0.0,0.0,0.0,0.0,0.0,0.0,0.030665759167325585,0.030665759167325585,0.0,0.0,0.0,0.0,17.28720474243164,17.28720474243164,0.0,72.0,72.0,0.0,12.420343399047852,12.420343399047852,0.0,0.0,0.0,0.0,0.0,0.0,0.0
595,mp3d/TbHJrupSAjP/TbHJrupSAjP.glb,0,1.0,1.0,0.0,1.0,1.0,0.0,1.0,1.0,0.0,0.8591173128259906,0.8591173128259906,0.0,0.8591173128259906,0.8591173128259906,0.0,2.21182918548584,2.21182918548584,0.0,41.0,41.0,0.0,7.750000953674316,7.750000953674316,0.0,0.0,0.0,0.0,0.0,0.0,0.0
596,mp3d/TbHJrupSAjP/TbHJrupSAjP.glb,0,1.0,1.0,0.0,1.0,1.0,0.0,1.0,1.0,0.0,0.818248196465185,0.818248196465185,0.0,0.818248196465185,0.818248196465185,0.0,2.7137274742126465,2.7137274742126465,0.0,39.0,39.0,0.0,7.500001430511475,7.500001430511475,0.0,0.0,0.0,0.0,0.0,0.0,0.0
597,mp3d/TbHJrupSAjP/TbHJrupSAjP.glb,0,1.0,1.0,0.0,1.0,1.0,0.0,1.0,1.0,0.0,0.8591173128259906,0.8591173128259906,0.0,0.8591173128259906,0.8591173128259906,0.0,2.21182918548584,2.21182918548584,0.0,41.0,41.0,0.0,7.750000953674316,7.750000953674316,0.0,0.0,0.0,0.0,0.0,0.0,0.0
598,mp3d/X7HyMhZNoso/X7HyMhZNoso.glb,0,1.0,1.0,0.0,1.0,1.0,0.0,1.0,1.0,0.0,0.916921061149129,0.937454546277018,0.020533485127888995,0.916921061149129,0.937454546277018,0.020533485127888995,1.211596131324768,0.9297240376472473,-0.28187209367752075,40.0,37.0,-3.0,6.499998569488525,6.249999523162842,-0.2499990463256836,0.0,0.0,0.0,0.0,0.0,0.0
599,mp3d/X7HyMhZNoso/X7HyMhZNoso.glb,0,1.0,1.0,0.0,1.0,1.0,0.0,1.0,0.6535472082321547,-0.34645279176784527,0.937454546277018,0.8592213081592002,-0.0782332381178178,0.937454546277018,0.8592213081592002,-0.0782332381178178,0.9297240376472473,0.24907073378562927,-0.680653303861618,37.0,75.0,38.0,6.249999523162842,10.249999046325684,3.999999523162842,0.0,0.0,0.0,0.0,0.0,0.0
600,mp3d/X7HyMhZNoso/X7HyMhZNoso.glb,0,1.0,1.0,0.0,1.0,1.0,0.0,1.0,1.0,0.0,0.937454546277018,0.937454546277018,0.0,0.937454546277018,0.937454546277018,0.0,0.9297240376472473,0.9297240376472473,0.0,37.0,37.0,0.0,6.249999523162842,6.249999523162842,0.0,0.0,0.0,0.0,0.0,0.0,0.0
601,mp3d/X7HyMhZNoso/X7HyMhZNoso.glb,0,1.0,1.0,0.0,1.0,1.0,0.0,0.9774610678730615,0.9774610678730615,0.0,0.9383660657370875,0.9383660657370875,0.0,0.9383660657370875,0.9383660657370875,0.0,0.7983556985855103,0.7983556985855103,0.0,60.0,60.0,0.0,9.999499320983887,9.999499320983887,0.0,0.11904761904761904,0.11904761904761904,0.0,0.0,0.0,0.0
602,mp3d/X7HyMhZNoso/X7HyMhZNoso.glb,0,1.0,1.0,0.0,1.0,1.0,0.0,0.9774610678730615,0.9774610678730615,0.0,0.9383660657370875,0.9383660657370875,0.0,0.9383660657370875,0.9383660657370875,0.0,0.7983556985855103,0.7983556985855103,0.0,60.0,60.0,0.0,9.999499320983887,9.999499320983887,0.0,0.11904761904761904,0.11904761904761904,0.0,0.0,0.0,0.0
603,mp3d/X7HyMhZNoso/X7HyMhZNoso.glb,0,1.0,1.0,0.0,1.0,1.0,0.0,0.9774610678730615,0.9774610678730615,0.0,0.9383660657370875,0.9383660657370875,0.0,0.9383660657370875,0.9383660657370875,0.0,0.7983556985855103,0.7983556985855103,0.0,60.0,60.0,0.0,9.999499320983887,9.999499320983887,0.0,0.11904761904761904,0.11904761904761904,0.0,0.0,0.0,0.0
604,mp3d/X7HyMhZNoso/X7HyMhZNoso.glb,0,1.0,1.0,0.0,1.0,1.0,0.0,1.0,1.0,0.0,0.9157012638342643,0.9157012638342643,0.0,0.9157012638342643,0.9157012638342643,0.0,1.5797975063323975,1.5797975063323975,0.0,35.0,35.0,0.0,6.785970687866211,6.785970687866211,0.0,0.0,0.0,0.0,0.0,0.0,0.0
605,mp3d/X7HyMhZNoso/X7HyMhZNoso.glb,0,1.0,1.0,0.0,1.0,1.0,0.0,0.9175194629835473,0.6691288169389439,-0.24839064604460337,0.9136136192408256,0.7975141510859449,-0.1160994681548807,0.9136136192408256,0.7975141510859449,-0.1160994681548807,1.7116755247116089,1.3623456954956055,-0.3493298292160034,44.0,81.0,37.0,8.789020538330078,12.051636695861816,3.2626161575317383,0.0,0.0,0.0,0.0,0.0,0.0
606,mp3d/X7HyMhZNoso/X7HyMhZNoso.glb,0,1.0,1.0,0.0,1.0,1.0,0.0,0.8004394370260955,0.8004394370260955,0.0,0.9051305965544626,0.9051305965544626,0.0,0.9051305965544626,0.9051305965544626,0.0,1.2853883504867554,1.2853883504867554,0.0,57.0,57.0,0.0,10.07458782196045,10.07458782196045,0.0,0.0,0.0,0.0,0.0,0.0,0.0
607,mp3d/QUCTc6BB5sX/QUCTc6BB5sX.glb,0,0.0,0.0,0.0,0.0,0.0,0.0,0.0,0.0,0.0,0.0015898765585776501,0.0006559419559699737,-0.0009339346026076764,0.0,0.0,0.0,13.4445219039917,14.798867225646973,1.3543453216552734,309.0,355.0,46.0,37.165462493896484,39.91544723510742,2.7499847412109375,0.02,0.018633540372670808,-0.0013664596273291925,0.0,0.0,0.0
608,mp3d/QUCTc6BB5sX/QUCTc6BB5sX.glb,0,1.0,1.0,0.0,1.0,1.0,0.0,0.8658866908148967,0.8658866908148967,0.0,0.9271933228719619,0.9271933228719619,0.0,0.9271933228719619,0.9271933228719619,0.0,0.9665718674659729,0.9665718674659729,0.0,58.0,58.0,0.0,10.51185417175293,10.51185417175293,0.0,0.0,0.0,0.0,0.0,0.0,0.0
609,mp3d/QUCTc6BB5sX/QUCTc6BB5sX.glb,0,1.0,1.0,0.0,1.0,1.0,0.0,0.8658866908148967,1.0,0.13411330918510334,0.9271933228719619,0.9380702863198266,0.010876963447864707,0.9271933228719619,0.9380702863198266,0.010876963447864707,0.9665718674659729,1.2837727069854736,0.31720083951950073,58.0,47.0,-11.0,10.51185417175293,8.261852264404297,-2.250001907348633,0.0,0.0,0.0,0.0,0.0,0.0
610,mp3d/Z6MFQCViBuw/Z6MFQCViBuw.glb,0,0.0,0.0,0.0,1.0,1.0,0.0,0.0,0.0,0.0,0.41994364171916987,0.11348091050417324,-0.3064627312149966,0.0,0.0,0.0,3.9423365592956543,6.638775825500488,2.696439266204834,106.0,125.0,19.0,17.22816276550293,21.42092514038086,4.19276237487793,0.0,0.0,0.0,1.0,1.0,0.0
611,mp3d/Z6MFQCViBuw/Z6MFQCViBuw.glb,0,1.0,1.0,0.0,1.0,1.0,0.0,1.0,1.0,0.0,0.8830496134095756,0.8830496134095756,0.0,0.8830496134095756,0.8830496134095756,0.0,2.0482699871063232,2.0482699871063232,0.0,48.0,48.0,0.0,7.83880090713501,7.83880090713501,0.0,0.0,0.0,0.0,0.0,0.0,0.0
612,mp3d/Z6MFQCViBuw/Z6MFQCViBuw.glb,0,1.0,1.0,0.0,1.0,1.0,0.0,1.0,1.0,0.0,0.9214252927392318,0.9214252927392318,0.0,0.9214252927392318,0.9214252927392318,0.0,0.5840959548950195,0.5840959548950195,0.0,54.0,54.0,0.0,9.342597007751465,9.342597007751465,0.0,0.0,0.0,0.0,0.0,0.0,0.0
613,mp3d/X7HyMhZNoso/X7HyMhZNoso.glb,0,1.0,1.0,0.0,1.0,1.0,0.0,1.0,1.0,0.0,0.9433672941463233,0.9433672941463233,0.0,0.9433672941463233,0.9433672941463233,0.0,0.9427432417869568,0.9427432417869568,0.0,51.0,51.0,0.0,6.7967119216918945,6.7967119216918945,0.0,0.0,0.0,0.0,0.0,0.0,0.0
614,mp3d/X7HyMhZNoso/X7HyMhZNoso.glb,0,1.0,1.0,0.0,1.0,1.0,0.0,1.0,1.0,0.0,0.9433672941463233,0.9433672941463233,0.0,0.9433672941463233,0.9433672941463233,0.0,0.9427432417869568,0.9427432417869568,0.0,51.0,51.0,0.0,6.7967119216918945,6.7967119216918945,0.0,0.0,0.0,0.0,0.0,0.0,0.0
615,mp3d/X7HyMhZNoso/X7HyMhZNoso.glb,0,1.0,1.0,0.0,1.0,1.0,0.0,1.0,1.0,0.0,0.9433672941463233,0.9433672941463233,0.0,0.9433672941463233,0.9433672941463233,0.0,0.9427432417869568,0.9427432417869568,0.0,51.0,51.0,0.0,6.7967119216918945,6.7967119216918945,0.0,0.0,0.0,0.0,0.0,0.0,0.0
616,mp3d/X7HyMhZNoso/X7HyMhZNoso.glb,0,1.0,1.0,0.0,1.0,1.0,0.0,0.9736514866170745,1.0,0.026348513382925542,0.9101270651096379,0.9413249836780833,0.031197918568445338,0.9101270651096379,0.9413249836780833,0.031197918568445338,2.3237221240997314,1.228452205657959,-1.0952699184417725,54.0,48.0,-6.0,9.531309127807617,8.538825035095215,-0.9924840927124023,0.0,0.0,0.0,0.0,0.0,0.0
617,mp3d/X7HyMhZNoso/X7HyMhZNoso.glb,0,1.0,1.0,0.0,1.0,1.0,0.0,0.8211473976813203,0.8211473976813203,0.0,0.77125599993133,0.77125599993133,0.0,0.77125599993133,0.77125599993133,0.0,2.4616386890411377,2.4616386890411377,0.0,79.0,79.0,0.0,11.301470756530762,11.301470756530762,0.0,0.0,0.0,0.0,0.0,0.0,0.0
618,mp3d/X7HyMhZNoso/X7HyMhZNoso.glb,0,1.0,1.0,0.0,1.0,1.0,0.0,0.467166813539943,0.7400984590597379,0.27293164551979493,0.6504666211381401,0.8041764012877178,0.1537097801495777,0.6504666211381401,0.8041764012877178,0.1537097801495777,0.4874080717563629,0.6928750276565552,0.20546695590019226,158.0,78.0,-80.0,19.864795684814453,12.539106369018555,-7.325689315795898,0.0,0.0,0.0,0.0,0.0,0.0
619,mp3d/EU6Fwq7SyZv/EU6Fwq7SyZv.glb,0,1.0,1.0,0.0,1.0,1.0,0.0,0.7139929749558588,0.7139929749558588,0.0,0.8770980350442258,0.8770980350442258,0.0,0.8770980350442258,0.8770980350442258,0.0,1.268246054649353,1.268246054649353,0.0,68.0,68.0,0.0,8.176976203918457,8.176976203918457,0.0,0.029411764705882353,0.029411764705882353,0.0,0.0,0.0,0.0
620,mp3d/EU6Fwq7SyZv/EU6Fwq7SyZv.glb,0,1.0,1.0,0.0,1.0,1.0,0.0,0.9327372782495836,0.9327372782495836,0.0,0.9460512180848797,0.9460512180848797,0.0,0.9460512180848797,0.9460512180848797,0.0,0.11336493492126465,0.11336493492126465,0.0,42.0,42.0,0.0,6.259322643280029,6.259322643280029,0.0,0.0,0.0,0.0,0.0,0.0,0.0
621,mp3d/EU6Fwq7SyZv/EU6Fwq7SyZv.glb,0,1.0,1.0,0.0,1.0,1.0,0.0,0.9474775572250425,0.9474775572250425,0.0,0.9422845269358474,0.9422845269358474,0.0,0.9422845269358474,0.9422845269358474,0.0,0.8188127279281616,0.8188127279281616,0.0,60.0,60.0,0.0,6.1619439125061035,6.1619439125061035,0.0,0.038461538461538464,0.038461538461538464,0.0,0.0,0.0,0.0
622,mp3d/2azQ1b91cZZ/2azQ1b91cZZ.glb,0,1.0,1.0,0.0,1.0,1.0,0.0,0.8124273285542256,0.8124273285542256,0.0,0.7623316593207706,0.7623316593207706,0.0,0.7623316593207706,0.7623316593207706,0.0,0.9897605776786804,0.9897605776786804,0.0,77.0,77.0,0.0,13.615211486816406,13.615211486816406,0.0,0.0,0.0,0.0,0.0,0.0,0.0
623,mp3d/2azQ1b91cZZ/2azQ1b91cZZ.glb,0,1.0,0.0,-1.0,1.0,0.0,-1.0,0.5942111036610007,0.0,-0.5942111036610007,0.6649075391000767,0.03342862621680911,-0.6314789128832676,0.6649075391000767,0.0,-0.6649075391000767,0.838261067867279,17.946786880493164,17.108525812625885,115.0,148.0,33.0,18.615219116210938,19.883514404296875,1.2682952880859375,0.0,0.012658227848101266,0.012658227848101266,0.0,0.0,0.0
624,mp3d/2azQ1b91cZZ/2azQ1b91cZZ.glb,0,1.0,1.0,0.0,1.0,1.0,0.0,1.0,1.0,0.0,0.9471206646281277,0.9471206646281277,0.0,0.9471206646281277,0.9471206646281277,0.0,1.2892556190490723,1.2892556190490723,0.0,51.0,51.0,0.0,10.365215301513672,10.365215301513672,0.0,0.0,0.0,0.0,0.0,0.0,0.0
625,mp3d/Z6MFQCViBuw/Z6MFQCViBuw.glb,0,1.0,1.0,0.0,1.0,1.0,0.0,0.9697054898617756,0.9697054898617756,0.0,0.9328064196282542,0.9328064196282542,0.0,0.9328064196282542,0.9328064196282542,0.0,0.13319429755210876,0.13319429755210876,0.0,39.0,39.0,0.0,8.500005722045898,8.500005722045898,0.0,0.0,0.0,0.0,0.0,0.0,0.0
626,mp3d/Z6MFQCViBuw/Z6MFQCViBuw.glb,0,1.0,1.0,0.0,1.0,1.0,0.0,0.9697054898617756,0.9697054898617756,0.0,0.9328064196282542,0.9328064196282542,0.0,0.9328064196282542,0.9328064196282542,0.0,0.13319429755210876,0.13319429755210876,0.0,39.0,39.0,0.0,8.500005722045898,8.500005722045898,0.0,0.0,0.0,0.0,0.0,0.0,0.0
627,mp3d/Z6MFQCViBuw/Z6MFQCViBuw.glb,0,1.0,1.0,0.0,1.0,1.0,0.0,0.9697054898617756,0.9697054898617756,0.0,0.9328064196282542,0.9328064196282542,0.0,0.9328064196282542,0.9328064196282542,0.0,0.13319429755210876,0.13319429755210876,0.0,39.0,39.0,0.0,8.500005722045898,8.500005722045898,0.0,0.0,0.0,0.0,0.0,0.0,0.0
628,mp3d/zsNo4HB9uLZ/zsNo4HB9uLZ.glb,0,1.0,1.0,0.0,1.0,1.0,0.0,0.8759975107120673,0.8759975107120673,0.0,0.9235663931816078,0.9235663931816078,0.0,0.9235663931816078,0.9235663931816078,0.0,0.6339600086212158,0.6339600086212158,0.0,49.0,49.0,0.0,7.249998092651367,7.249998092651367,0.0,0.0,0.0,0.0,0.0,0.0,0.0
629,mp3d/zsNo4HB9uLZ/zsNo4HB9uLZ.glb,0,1.0,1.0,0.0,1.0,1.0,0.0,0.8759975107120673,1.0,0.12400248928793267,0.9235663931816078,0.894232154081472,-0.029334239100135773,0.9235663931816078,0.894232154081472,-0.029334239100135773,0.6339600086212158,1.866768479347229,1.2328084707260132,49.0,37.0,-12.0,7.249998092651367,5.999998092651367,-1.25,0.0,0.0,0.0,0.0,0.0,0.0
630,mp3d/zsNo4HB9uLZ/zsNo4HB9uLZ.glb,0,1.0,1.0,0.0,1.0,1.0,0.0,0.8759975107120673,0.8759975107120673,0.0,0.9235663931816078,0.9235663931816078,0.0,0.9235663931816078,0.9235663931816078,0.0,0.6339600086212158,0.6339600086212158,0.0,49.0,49.0,0.0,7.249998092651367,7.249998092651367,0.0,0.0,0.0,0.0,0.0,0.0,0.0
631,mp3d/x8F5xyUWy9e/x8F5xyUWy9e.glb,0,0.0,0.0,0.0,1.0,1.0,0.0,0.0,0.0,0.0,0.12804372262841787,0.3205481871622622,0.19250446453384432,0.0,0.0,0.0,8.431022644042969,4.910580635070801,-3.520442008972168,91.0,83.0,-8.0,14.604634284973145,12.409013748168945,-2.195620536804199,0.1,0.09803921568627451,-0.001960784313725497,1.0,1.0,0.0
632,mp3d/x8F5xyUWy9e/x8F5xyUWy9e.glb,0,0.0,0.0,0.0,1.0,1.0,0.0,0.0,0.0,0.0,0.39437660594080404,0.4513251272320739,0.05694852129126987,0.0,0.0,0.0,4.8183441162109375,4.546596527099609,-0.2717475891113281,68.0,70.0,2.0,10.555140495300293,10.794416427612305,0.23927593231201172,0.11363636363636363,0.1111111111111111,-0.0025252525252525276,1.0,1.0,0.0
633,mp3d/x8F5xyUWy9e/x8F5xyUWy9e.glb,0,1.0,0.0,-1.0,1.0,1.0,0.0,0.15960931164934408,0.0,-0.15960931164934408,0.04766860195648869,0.05619131159555041,0.008522709639061717,0.04766860195648869,0.0,-0.04766860195648869,0.15394710004329681,8.86723518371582,8.713288083672523,278.0,124.0,-154.0,31.547325134277344,17.75111961364746,-13.796205520629883,0.046875,0.06944444444444445,0.022569444444444448,0.0,1.0,1.0
634,mp3d/X7HyMhZNoso/X7HyMhZNoso.glb,0,0.0,0.0,0.0,0.0,0.0,0.0,0.0,0.0,0.0,0.2570610129448765,0.2570610129448765,0.0,0.0,0.0,0.0,4.653032302856445,4.653032302856445,0.0,52.0,52.0,0.0,7.427518844604492,7.427518844604492,0.0,0.0625,0.0625,0.0,0.0,0.0,0.0
635,mp3d/X7HyMhZNoso/X7HyMhZNoso.glb,0,1.0,1.0,0.0,1.0,1.0,0.0,0.8508147256422545,0.8508147256422545,0.0,0.838868605929744,0.838868605929744,0.0,0.838868605929744,0.838868605929744,0.0,1.9461406469345093,1.9461406469345093,0.0,83.0,83.0,0.0,13.231331825256348,13.231331825256348,0.0,0.01818181818181818,0.01818181818181818,0.0,0.0,0.0,0.0
636,mp3d/X7HyMhZNoso/X7HyMhZNoso.glb,0,1.0,0.0,-1.0,1.0,0.0,-1.0,0.8508147256422545,0.0,-0.8508147256422545,0.838868605929744,0.10819067218922582,-0.7306779337405181,0.838868605929744,0.0,-0.838868605929744,1.9461406469345093,8.329593658447266,6.383453011512756,83.0,230.0,147.0,13.231331825256348,23.632904052734375,10.401572227478027,0.01818181818181818,0.23076923076923078,0.2125874125874126,0.0,0.0,0.0
637,mp3d/EU6Fwq7SyZv/EU6Fwq7SyZv.glb,0,1.0,1.0,0.0,1.0,1.0,0.0,0.9562016867390702,0.9562016867390702,0.0,0.9054942885913806,0.9054942885913806,0.0,0.9054942885913806,0.9054942885913806,0.0,0.4754483103752136,0.4754483103752136,0.0,74.0,74.0,0.0,12.248044967651367,12.248044967651367,0.0,0.0,0.0,0.0,0.0,0.0,0.0
638,mp3d/EU6Fwq7SyZv/EU6Fwq7SyZv.glb,0,1.0,0.0,-1.0,1.0,1.0,0.0,0.9573937506115023,0.0,-0.9573937506115023,0.8011436091246418,0.7937721142321946,-0.00737149489244715,0.8011436091246418,0.0,-0.8011436091246418,2.4158694744110107,3.7956039905548096,1.3797345161437988,64.0,63.0,-1.0,12.232794761657715,11.482673645019531,-0.7501211166381836,0.0,0.0,0.0,0.0,1.0,1.0
639,mp3d/EU6Fwq7SyZv/EU6Fwq7SyZv.glb,0,1.0,1.0,0.0,1.0,1.0,0.0,0.9573937506115023,1.0,0.04260624938849766,0.8011436091246418,0.8141162538591008,0.012972644734459027,0.8011436091246418,0.8141162538591008,0.012972644734459027,2.4158694744110107,2.9434890747070312,0.5276196002960205,64.0,54.0,-10.0,12.232794761657715,9.982673645019531,-2.2501211166381836,0.0,0.0,0.0,0.0,0.0,0.0
640,mp3d/x8F5xyUWy9e/x8F5xyUWy9e.glb,0,1.0,1.0,0.0,1.0,1.0,0.0,0.9783408740227632,0.9783408740227632,0.0,0.8871883577950371,0.8871883577950371,0.0,0.8871883577950371,0.8871883577950371,0.0,0.8157743215560913,0.8157743215560913,0.0,46.0,46.0,0.0,7.951723575592041,7.951723575592041,0.0,0.15151515151515152,0.15151515151515152,0.0,0.0,0.0,0.0
641,mp3d/x8F5xyUWy9e/x8F5xyUWy9e.glb,0,1.0,1.0,0.0,1.0,1.0,0.0,0.9783408740227632,0.9783408740227632,0.0,0.8871883577950371,0.8871883577950371,0.0,0.8871883577950371,0.8871883577950371,0.0,0.8157743215560913,0.8157743215560913,0.0,46.0,46.0,0.0,7.951723575592041,7.951723575592041,0.0,0.15151515151515152,0.15151515151515152,0.0,0.0,0.0,0.0
642,mp3d/x8F5xyUWy9e/x8F5xyUWy9e.glb,0,0.0,1.0,1.0,0.0,1.0,1.0,0.0,0.9783408740227632,0.9783408740227632,0.362096043146029,0.8871883577950371,0.5250923146490081,0.0,0.8871883577950371,0.8871883577950371,9.811882972717285,0.8157743215560913,-8.996108651161194,79.0,46.0,-33.0,11.848397254943848,7.951723575592041,-3.8966736793518066,0.0625,0.15151515151515152,0.08901515151515152,0.0,0.0,0.0
643,mp3d/2azQ1b91cZZ/2azQ1b91cZZ.glb,0,0.0,0.0,0.0,1.0,0.0,-1.0,0.0,0.0,0.0,0.037376703941549225,0.2794476949517337,0.24207099101018448,0.0,0.0,0.0,10.601547241210938,8.267810821533203,-2.3337364196777344,203.0,79.0,-124.0,33.33845520019531,12.838451385498047,-20.500003814697266,0.0,0.0,0.0,1.0,0.0,-1.0
644,mp3d/2azQ1b91cZZ/2azQ1b91cZZ.glb,0,1.0,1.0,0.0,1.0,1.0,0.0,0.5097531004626031,0.6081409573865567,0.09838785692395358,0.5810184633754569,0.68579758434692,0.10477912097146302,0.5810184633754569,0.68579758434692,0.10477912097146302,1.3352315425872803,0.5301439166069031,-0.8050876259803772,150.0,114.0,-36.0,20.088459014892578,16.838455200195312,-3.2500038146972656,0.0,0.0,0.0,0.0,0.0,0.0
645,mp3d/2azQ1b91cZZ/2azQ1b91cZZ.glb,0,0.0,0.0,0.0,0.0,0.0,0.0,0.0,0.0,0.0,0.2068848458872227,0.2068848458872227,0.0,0.0,0.0,0.0,10.889945030212402,10.889945030212402,0.0,50.0,50.0,0.0,9.338452339172363,9.338452339172363,0.0,0.0,0.0,0.0,0.0,0.0,0.0
646,mp3d/QUCTc6BB5sX/QUCTc6BB5sX.glb,0,1.0,0.0,-1.0,1.0,0.0,-1.0,1.0,0.0,-1.0,0.8686306999860354,0.8099897873838486,-0.058640912602186734,0.8686306999860354,0.0,-0.8686306999860354,2.551133155822754,3.618654727935791,1.067521572113037,59.0,52.0,-7.0,8.78969669342041,7.534838676452637,-1.2548580169677734,0.0,0.0,0.0,0.0,0.0,0.0
647,mp3d/QUCTc6BB5sX/QUCTc6BB5sX.glb,0,1.0,1.0,0.0,1.0,1.0,0.0,0.7466618021172687,0.7466618021172687,0.0,0.6145520658286181,0.6145520658286181,0.0,0.6145520658286181,0.6145520658286181,0.0,2.508237361907959,2.508237361907959,0.0,107.0,107.0,0.0,14.42896842956543,14.42896842956543,0.0,0.0,0.0,0.0,0.0,0.0,0.0
648,mp3d/QUCTc6BB5sX/QUCTc6BB5sX.glb,0,1.0,1.0,0.0,1.0,1.0,0.0,1.0,1.0,0.0,0.852757689134391,0.852757689134391,0.0,0.852757689134391,0.852757689134391,0.0,2.675067901611328,2.675067901611328,0.0,61.0,61.0,0.0,9.040395736694336,9.040395736694336,0.0,0.0,0.0,0.0,0.0,0.0,0.0
649,mp3d/pLe4wQe7qrG/pLe4wQe7qrG.glb,0,1.0,1.0,0.0,1.0,1.0,0.0,0.4460102565915224,0.6790113859729002,0.23300112938137785,0.07589529314353613,0.7402638992758003,0.6643686061322641,0.07589529314353613,0.7402638992758003,0.6643686061322641,2.039231538772583,2.5504980087280273,0.5112664699554443,101.0,43.0,-58.0,11.439712524414062,7.51420259475708,-3.9255099296569824,0.2962962962962963,0.0,-0.2962962962962963,0.0,0.0,0.0
650,mp3d/pLe4wQe7qrG/pLe4wQe7qrG.glb,0,1.0,1.0,0.0,1.0,1.0,0.0,0.6376574723707487,0.6376574723707487,0.0,0.4881301734868984,0.4881301734868984,0.0,0.4881301734868984,0.4881301734868984,0.0,1.9490326642990112,1.9490326642990112,0.0,56.0,56.0,0.0,8.001520156860352,8.001520156860352,0.0,0.0,0.0,0.0,0.0,0.0,0.0
651,mp3d/pLe4wQe7qrG/pLe4wQe7qrG.glb,0,1.0,1.0,0.0,1.0,1.0,0.0,0.7847748479520047,0.6168901699525889,-0.16788467799941575,0.5599208882109279,0.3734332412409169,-0.18648764697001097,0.5599208882109279,0.3734332412409169,-0.18648764697001097,0.45157116651535034,0.8570797443389893,0.4055085778236389,48.0,62.0,14.0,6.501519680023193,8.27088737487793,1.7693676948547363,0.0,0.1111111111111111,0.1111111111111111,0.0,0.0,0.0
652,mp3d/X7HyMhZNoso/X7HyMhZNoso.glb,0,1.0,1.0,0.0,1.0,1.0,0.0,1.0,1.0,0.0,0.8598373629886837,0.8598373629886837,0.0,0.8598373629886837,0.8598373629886837,0.0,2.621457576751709,2.621457576751709,0.0,40.0,40.0,0.0,6.999999046325684,6.999999046325684,0.0,0.0,0.0,0.0,0.0,0.0,0.0
653,mp3d/X7HyMhZNoso/X7HyMhZNoso.glb,0,1.0,1.0,0.0,1.0,1.0,0.0,1.0,1.0,0.0,0.9513476454293371,0.9513476454293371,0.0,0.9513476454293371,0.9513476454293371,0.0,0.7464505434036255,0.7464505434036255,0.0,44.0,44.0,0.0,8.249999046325684,8.249999046325684,0.0,0.0,0.0,0.0,0.0,0.0,0.0
654,mp3d/X7HyMhZNoso/X7HyMhZNoso.glb,0,1.0,1.0,0.0,1.0,1.0,0.0,1.0,1.0,0.0,0.9513476454293371,0.9513476454293371,0.0,0.9513476454293371,0.9513476454293371,0.0,0.7464505434036255,0.7464505434036255,0.0,44.0,44.0,0.0,8.249999046325684,8.249999046325684,0.0,0.0,0.0,0.0,0.0,0.0,0.0
655,mp3d/zsNo4HB9uLZ/zsNo4HB9uLZ.glb,0,1.0,1.0,0.0,1.0,1.0,0.0,1.0,1.0,0.0,0.9074724840566373,0.9134583090418633,0.00598582498522604,0.9074724840566373,0.9134583090418633,0.00598582498522604,2.169196367263794,1.9601311683654785,-0.20906519889831543,57.0,57.0,0.0,8.0,8.25,0.25,0.0,0.0,0.0,0.0,0.0,0.0
656,mp3d/zsNo4HB9uLZ/zsNo4HB9uLZ.glb,0,1.0,1.0,0.0,1.0,1.0,0.0,0.9769008488757858,0.9769008488757858,0.0,0.9047361431271793,0.9047361431271793,0.0,0.9047361431271793,0.9047361431271793,0.0,1.3708399534225464,1.3708399534225464,0.0,80.0,80.0,0.0,9.738900184631348,9.738900184631348,0.0,0.13953488372093023,0.13953488372093023,0.0,0.0,0.0,0.0
657,mp3d/zsNo4HB9uLZ/zsNo4HB9uLZ.glb,0,0.0,0.0,0.0,0.0,0.0,0.0,0.0,0.0,0.0,0.45683984785100956,0.45683984785100956,0.0,0.0,0.0,0.0,8.506157875061035,8.506157875061035,0.0,54.0,54.0,0.0,7.238900661468506,7.238900661468506,0.0,0.18181818181818182,0.18181818181818182,0.0,0.0,0.0,0.0
658,mp3d/TbHJrupSAjP/TbHJrupSAjP.glb,0,0.0,1.0,1.0,1.0,1.0,0.0,0.0,0.9714727100262923,0.9714727100262923,0.7625862139242009,0.9720093317103158,0.2094231177861149,0.0,0.9720093317103158,0.9720093317103158,3.2976608276367188,0.5941740274429321,-2.7034868001937866,70.0,33.0,-37.0,8.500004768371582,4.750003337860107,-3.7500014305114746,0.0,0.0,0.0,1.0,0.0,-1.0
659,mp3d/TbHJrupSAjP/TbHJrupSAjP.glb,0,0.0,0.0,0.0,0.0,0.0,0.0,0.0,0.0,0.0,0.0865660904558895,0.0865660904558895,0.0,0.0,0.0,0.0,11.010355949401855,11.010355949401855,0.0,54.0,54.0,0.0,7.6171441078186035,7.6171441078186035,0.0,0.09090909090909091,0.09090909090909091,0.0,0.0,0.0,0.0
660,mp3d/TbHJrupSAjP/TbHJrupSAjP.glb,0,0.0,0.0,0.0,1.0,1.0,0.0,0.0,0.0,0.0,0.5390958142463795,0.7473389645526304,0.20824315030625085,0.0,0.0,0.0,3.087697982788086,3.4417691230773926,0.35407114028930664,81.0,65.0,-16.0,10.750003814697266,7.731165885925293,-3.0188379287719727,0.0,0.0625,0.0625,1.0,1.0,0.0
661,mp3d/oLBMNvg9in8/oLBMNvg9in8.glb,0,1.0,1.0,0.0,1.0,1.0,0.0,0.6521417879795275,0.6521417879795275,0.0,0.8078911161953375,0.8078911161953375,0.0,0.8078911161953375,0.8078911161953375,0.0,1.934770107269287,1.934770107269287,0.0,104.0,104.0,0.0,12.398548126220703,12.398548126220703,0.0,0.12,0.12,0.0,0.0,0.0,0.0
662,mp3d/oLBMNvg9in8/oLBMNvg9in8.glb,0,1.0,1.0,0.0,1.0,1.0,0.0,0.6941303976916404,0.6941303976916404,0.0,0.8158949077672734,0.8158949077672734,0.0,0.8158949077672734,0.8158949077672734,0.0,2.455986738204956,2.455986738204956,0.0,94.0,94.0,0.0,11.648548126220703,11.648548126220703,0.0,0.1276595744680851,0.1276595744680851,0.0,0.0,0.0,0.0
663,mp3d/oLBMNvg9in8/oLBMNvg9in8.glb,0,1.0,1.0,0.0,1.0,1.0,0.0,0.9360051825746966,0.9360051825746966,0.0,0.8619658716858324,0.8619658716858324,0.0,0.8619658716858324,0.8619658716858324,0.0,1.749098777770996,1.749098777770996,0.0,56.0,56.0,0.0,8.638425827026367,8.638425827026367,0.0,0.0,0.0,0.0,0.0,0.0,0.0
664,mp3d/QUCTc6BB5sX/QUCTc6BB5sX.glb,0,0.0,0.0,0.0,0.0,0.0,0.0,0.0,0.0,0.0,0.42689644691411494,0.42689644691411494,0.0,0.0,0.0,0.0,12.621724128723145,12.621724128723145,0.0,68.0,68.0,0.0,12.732013702392578,12.732013702392578,0.0,0.019230769230769232,0.019230769230769232,0.0,0.0,0.0,0.0
665,mp3d/QUCTc6BB5sX/QUCTc6BB5sX.glb,0,0.0,0.0,0.0,0.0,0.0,0.0,0.0,0.0,0.0,0.1445584456029863,0.14453581106963118,-2.2634533355131436e-05,0.0,0.0,0.0,13.01617431640625,12.439413070678711,-0.5767612457275391,187.0,188.0,1.0,24.62108039855957,24.546167373657227,-0.07491302490234375,0.0784313725490196,0.0594059405940594,-0.019025431954960204,0.0,0.0,0.0
666,mp3d/QUCTc6BB5sX/QUCTc6BB5sX.glb,0,1.0,1.0,0.0,1.0,1.0,0.0,1.0,1.0,0.0,0.8781332612666138,0.8781332612666138,0.0,0.8781332612666138,0.8781332612666138,0.0,2.018286943435669,2.018286943435669,0.0,77.0,77.0,0.0,14.210918426513672,14.210918426513672,0.0,0.06896551724137931,0.06896551724137931,0.0,0.0,0.0,0.0
667,mp3d/Z6MFQCViBuw/Z6MFQCViBuw.glb,0,1.0,1.0,0.0,1.0,1.0,0.0,0.9629881136067431,0.8417016917247174,-0.12128642188202565,0.9543128807447034,0.908019992955687,-0.04629288778901641,0.9543128807447034,0.908019992955687,-0.04629288778901641,0.4127337634563446,1.645730972290039,1.2329972088336945,60.0,70.0,10.0,13.879570007324219,15.879570007324219,2.0,0.0,0.0,0.0,0.0,0.0,0.0
668,mp3d/Z6MFQCViBuw/Z6MFQCViBuw.glb,0,0.0,0.0,0.0,0.0,0.0,0.0,0.0,0.0,0.0,0.654295597423683,0.5518230736234445,-0.10247252380023852,0.0,0.0,0.0,5.017025470733643,6.23893928527832,1.2219138145446777,72.0,79.0,7.0,16.37957191467285,17.623361587524414,1.2437896728515625,0.0,0.014084507042253521,0.014084507042253521,0.0,0.0,0.0
669,mp3d/Z6MFQCViBuw/Z6MFQCViBuw.glb,0,1.0,1.0,0.0,1.0,1.0,0.0,0.8690656474678504,0.8690656474678504,0.0,0.9306735085038763,0.9306735085038763,0.0,0.9306735085038763,0.9306735085038763,0.0,0.6771343946456909,0.6771343946456909,0.0,72.0,72.0,0.0,15.379575729370117,15.379575729370117,0.0,0.0,0.0,0.0,0.0,0.0,0.0
670,mp3d/zsNo4HB9uLZ/zsNo4HB9uLZ.glb,0,1.0,1.0,0.0,1.0,1.0,0.0,1.0,1.0,0.0,0.9066693884023675,0.9066693884023675,0.0,0.9066693884023675,0.9066693884023675,0.0,2.232853651046753,2.232853651046753,0.0,47.0,47.0,0.0,7.005808353424072,7.005808353424072,0.0,0.0,0.0,0.0,0.0,0.0,0.0
671,mp3d/zsNo4HB9uLZ/zsNo4HB9uLZ.glb,0,1.0,1.0,0.0,1.0,1.0,0.0,1.0,0.8810546511911401,-0.11894534880885987,0.9066693884023675,0.8673300051360213,-0.03933938326634623,0.9066693884023675,0.8673300051360213,-0.03933938326634623,2.232853651046753,1.8006500005722046,-0.43220365047454834,47.0,79.0,32.0,7.005808353424072,10.013763427734375,3.0079550743103027,0.0,0.024390243902439025,0.024390243902439025,0.0,0.0,0.0
672,mp3d/zsNo4HB9uLZ/zsNo4HB9uLZ.glb,0,1.0,1.0,0.0,1.0,1.0,0.0,1.0,1.0,0.0,0.9066693884023675,0.9066693884023675,0.0,0.9066693884023675,0.9066693884023675,0.0,2.232853651046753,2.232853651046753,0.0,47.0,47.0,0.0,7.005808353424072,7.005808353424072,0.0,0.0,0.0,0.0,0.0,0.0,0.0
673,mp3d/zsNo4HB9uLZ/zsNo4HB9uLZ.glb,0,0.0,0.0,0.0,0.0,0.0,0.0,0.0,0.0,0.0,0.6030498303223437,0.6030498303223437,0.0,0.0,0.0,0.0,6.648789405822754,6.648789405822754,0.0,60.0,60.0,0.0,9.705679893493652,9.705679893493652,0.0,0.2,0.2,0.0,0.0,0.0,0.0
674,mp3d/zsNo4HB9uLZ/zsNo4HB9uLZ.glb,0,0.0,1.0,1.0,0.0,1.0,1.0,0.0,0.5320422362032788,0.5320422362032788,0.3088502870475529,0.4583729060233144,0.14952261897576147,0.0,0.4583729060233144,0.4583729060233144,7.517997741699219,1.5667462348937988,-5.95125150680542,119.0,152.0,33.0,18.07680892944336,23.423660278320312,5.346851348876953,0.18072289156626506,0.1485148514851485,-0.03220804008111655,0.0,0.0,0.0
675,mp3d/zsNo4HB9uLZ/zsNo4HB9uLZ.glb,0,0.0,0.0,0.0,0.0,0.0,0.0,0.0,0.0,0.0,0.4266554771636248,0.4266554771636248,0.0,0.0,0.0,0.0,8.661008834838867,8.661008834838867,0.0,34.0,34.0,0.0,3.9556784629821777,3.9556784629821777,0.0,0.4090909090909091,0.4090909090909091,0.0,0.0,0.0,0.0
676,mp3d/QUCTc6BB5sX/QUCTc6BB5sX.glb,0,0.0,0.0,0.0,0.0,0.0,0.0,0.0,0.0,0.0,0.004487082627370037,0.004487082627370037,0.0,0.0,0.0,0.0,19.268415451049805,19.268415451049805,0.0,65.0,65.0,0.0,13.750001907348633,13.750001907348633,0.0,0.0,0.0,0.0,0.0,0.0,0.0
677,mp3d/QUCTc6BB5sX/QUCTc6BB5sX.glb,0,0.0,0.0,0.0,1.0,1.0,0.0,0.0,0.0,0.0,0.3973372095108607,0.3973372095108607,0.0,0.0,0.0,0.0,8.223825454711914,8.223825454711914,0.0,72.0,72.0,0.0,11.16529655456543,11.16529655456543,0.0,0.022222222222222223,0.022222222222222223,0.0,1.0,1.0,0.0
678,mp3d/QUCTc6BB5sX/QUCTc6BB5sX.glb,0,1.0,1.0,0.0,1.0,1.0,0.0,0.7754412512529738,0.7754412512529738,0.0,0.8770464865249429,0.8770464865249429,0.0,0.8770464865249429,0.8770464865249429,0.0,0.13219429552555084,0.13219429552555084,0.0,46.0,46.0,0.0,7.41529655456543,7.41529655456543,0.0,0.03333333333333333,0.03333333333333333,0.0,0.0,0.0,0.0
679,mp3d/EU6Fwq7SyZv/EU6Fwq7SyZv.glb,0,1.0,1.0,0.0,1.0,1.0,0.0,0.7135531524353133,0.7135531524353133,0.0,0.756958026403699,0.756958026403699,0.0,0.756958026403699,0.756958026403699,0.0,1.9895455837249756,1.9895455837249756,0.0,73.0,73.0,0.0,13.835897445678711,13.835897445678711,0.0,0.0,0.0,0.0,0.0,0.0,0.0
680,mp3d/EU6Fwq7SyZv/EU6Fwq7SyZv.glb,0,1.0,1.0,0.0,1.0,1.0,0.0,0.7875984809839597,0.7875984809839597,0.0,0.8096440216558902,0.8096440216558902,0.0,0.8096440216558902,0.8096440216558902,0.0,0.7479201555252075,0.7479201555252075,0.0,67.0,67.0,0.0,12.535128593444824,12.535128593444824,0.0,0.0,0.0,0.0,0.0,0.0,0.0
681,mp3d/EU6Fwq7SyZv/EU6Fwq7SyZv.glb,0,1.0,1.0,0.0,1.0,1.0,0.0,0.6719347593380183,0.7135531524353133,0.04161839309729498,0.6987755050899361,0.756958026403699,0.05818252131376289,0.6987755050899361,0.756958026403699,0.05818252131376289,2.7344069480895996,1.9895455837249756,-0.744861364364624,80.0,73.0,-7.0,14.692867279052734,13.835897445678711,-0.8569698333740234,0.0,0.0,0.0,0.0,0.0,0.0
682,mp3d/oLBMNvg9in8/oLBMNvg9in8.glb,0,1.0,0.0,-1.0,1.0,1.0,0.0,0.3623777919714971,0.0,-0.3623777919714971,0.5950631735679918,0.2792910246438806,-0.31577214892411115,0.5950631735679918,0.0,-0.5950631735679918,1.5940847396850586,7.705395221710205,6.1113104820251465,139.0,132.0,-7.0,18.150226593017578,18.08292007446289,-0.0673065185546875,0.11688311688311688,0.11688311688311688,0.0,0.0,1.0,1.0
683,mp3d/oLBMNvg9in8/oLBMNvg9in8.glb,0,1.0,1.0,0.0,1.0,1.0,0.0,0.7463606351440822,0.7463606351440822,0.0,0.8918198641685626,0.8918198641685626,0.0,0.8918198641685626,0.8918198641685626,0.0,0.6544327735900879,0.6544327735900879,0.0,66.0,66.0,0.0,8.812414169311523,8.812414169311523,0.0,0.225,0.225,0.0,0.0,0.0,0.0
684,mp3d/oLBMNvg9in8/oLBMNvg9in8.glb,0,1.0,1.0,0.0,1.0,1.0,0.0,0.9886622020576633,0.8994621082952516,-0.08920009376241167,0.8922120903637496,0.8579191902858739,-0.034292900077875665,0.8922120903637496,0.8579191902858739,-0.034292900077875665,1.4808872938156128,2.013201951980591,0.532314658164978,50.0,54.0,4.0,6.652665615081787,7.312413692474365,0.6597480773925781,0.3870967741935484,0.2647058823529412,-0.1223908918406072,0.0,0.0,0.0
685,mp3d/X7HyMhZNoso/X7HyMhZNoso.glb,0,1.0,1.0,0.0,1.0,1.0,0.0,0.7796701010872666,0.7796701010872666,0.0,0.8237851156994673,0.8237851156994673,0.0,0.8237851156994673,0.8237851156994673,0.0,0.5781864523887634,0.5781864523887634,0.0,43.0,43.0,0.0,6.245561122894287,6.245561122894287,0.0,0.08,0.08,0.0,0.0,0.0,0.0
686,mp3d/X7HyMhZNoso/X7HyMhZNoso.glb,0,1.0,0.0,-1.0,1.0,1.0,0.0,0.20632902686567936,0.0,-0.20632902686567936,0.2410174573314481,0.04983778485298589,-0.1911796724784622,0.2410174573314481,0.0,-0.2410174573314481,2.081324815750122,4.133979797363281,2.052654981613159,227.0,272.0,45.0,23.600543975830078,28.84011459350586,5.239570617675781,0.023255813953488372,0.037037037037037035,0.013781223083548663,0.0,1.0,1.0
687,mp3d/X7HyMhZNoso/X7HyMhZNoso.glb,0,1.0,1.0,0.0,1.0,1.0,0.0,0.6485205562931369,0.6485205562931369,0.0,0.7697866175033623,0.7697866175033623,0.0,0.7697866175033623,0.7697866175033623,0.0,0.7639318704605103,0.7639318704605103,0.0,49.0,49.0,0.0,7.508593559265137,7.508593559265137,0.0,0.06451612903225806,0.06451612903225806,0.0,0.0,0.0,0.0
688,mp3d/X7HyMhZNoso/X7HyMhZNoso.glb,0,0.0,0.0,0.0,0.0,0.0,0.0,0.0,0.0,0.0,0.6739335839365472,0.5019628114366949,-0.17197077249985238,0.0,0.0,0.0,6.195062160491943,6.22239351272583,0.02733135223388672,93.0,203.0,110.0,17.92487335205078,31.9196834564209,13.994810104370117,0.0,0.015625,0.015625,0.0,0.0,0.0
689,mp3d/X7HyMhZNoso/X7HyMhZNoso.glb,0,0.0,0.0,0.0,0.0,0.0,0.0,0.0,0.0,0.0,0.5146383393420091,0.5218364390065439,0.007198099664534774,0.0,0.0,0.0,11.06413459777832,11.21767807006836,0.15354347229003906,173.0,141.0,-32.0,21.377735137939453,19.127735137939453,-2.25,0.1590909090909091,0.25316455696202533,0.09407364787111624,0.0,0.0,0.0
690,mp3d/X7HyMhZNoso/X7HyMhZNoso.glb,0,0.0,0.0,0.0,0.0,0.0,0.0,0.0,0.0,0.0,0.4641765818717158,0.4641765818717158,0.0,0.0,0.0,0.0,11.498117446899414,11.498117446899414,0.0,133.0,133.0,0.0,18.487506866455078,18.487506866455078,0.0,0.1038961038961039,0.1038961038961039,0.0,0.0,0.0,0.0
691,mp3d/oLBMNvg9in8/oLBMNvg9in8.glb,0,0.0,0.0,0.0,1.0,1.0,0.0,0.0,0.0,0.0,0.7578904264985815,0.7578904264985815,0.0,0.0,0.0,0.0,3.035013198852539,3.035013198852539,0.0,91.0,91.0,0.0,11.744583129882812,11.744583129882812,0.0,0.2391304347826087,0.2391304347826087,0.0,1.0,1.0,0.0
692,mp3d/oLBMNvg9in8/oLBMNvg9in8.glb,0,1.0,1.0,0.0,1.0,1.0,0.0,0.7786169138839693,0.7227346071843027,-0.05588230669966654,0.8266357610931904,0.7545830544660879,-0.0720527066271025,0.8266357610931904,0.7545830544660879,-0.0720527066271025,2.2366182804107666,1.9984689950942993,-0.23814928531646729,79.0,93.0,14.0,11.37051010131836,12.249685287475586,0.8791751861572266,0.0,0.22916666666666666,0.22916666666666666,0.0,0.0,0.0
693,mp3d/oLBMNvg9in8/oLBMNvg9in8.glb,0,1.0,0.0,-1.0,1.0,0.0,-1.0,0.8446093753696116,0.0,-0.8446093753696116,0.8627508039535362,0.8065050741305396,-0.05624572982299658,0.8627508039535362,0.0,-0.8627508039535362,2.61409854888916,3.112114906311035,0.498016357421875,83.0,85.0,2.0,10.48208999633789,8.473130226135254,-2.0089597702026367,0.2682926829268293,0.71875,0.4504573170731707,0.0,0.0,0.0
694,mp3d/EU6Fwq7SyZv/EU6Fwq7SyZv.glb,0,1.0,1.0,0.0,1.0,1.0,0.0,0.5210229149773253,0.5210229149773253,0.0,0.3491381477463006,0.3491381477463006,0.0,0.3491381477463006,0.3491381477463006,0.0,2.76183819770813,2.76183819770813,0.0,101.0,101.0,0.0,16.00426483154297,16.00426483154297,0.0,0.0,0.0,0.0,0.0,0.0,0.0
695,mp3d/EU6Fwq7SyZv/EU6Fwq7SyZv.glb,0,0.0,0.0,0.0,0.0,0.0,0.0,0.0,0.0,0.0,0.3541082054135478,0.3541082054135478,0.0,0.0,0.0,0.0,10.56603717803955,10.56603717803955,0.0,44.0,44.0,0.0,9.530259132385254,9.530259132385254,0.0,0.0,0.0,0.0,0.0,0.0,0.0
696,mp3d/EU6Fwq7SyZv/EU6Fwq7SyZv.glb,0,0.0,1.0,1.0,0.0,1.0,1.0,0.0,0.32569818617761676,0.32569818617761676,0.11953429146018593,0.03291908250460611,-0.08661520895557982,0.0,0.03291908250460611,0.03291908250460611,4.525723934173584,2.5220038890838623,-2.0037200450897217,94.0,165.0,71.0,16.23118782043457,25.602195739746094,9.371007919311523,0.015384615384615385,0.0196078431372549,0.004223227752639516,0.0,0.0,0.0
697,mp3d/TbHJrupSAjP/TbHJrupSAjP.glb,0,1.0,1.0,0.0,1.0,1.0,0.0,1.0,1.0,0.0,0.9139707741285779,0.9139707741285779,0.0,0.9139707741285779,0.9139707741285779,0.0,1.354467511177063,1.354467511177063,0.0,39.0,39.0,0.0,5.00408935546875,5.00408935546875,0.0,0.0,0.0,0.0,0.0,0.0,0.0
698,mp3d/TbHJrupSAjP/TbHJrupSAjP.glb,0,1.0,1.0,0.0,1.0,1.0,0.0,1.0,1.0,0.0,0.9139707741285779,0.9139707741285779,0.0,0.9139707741285779,0.9139707741285779,0.0,1.354467511177063,1.354467511177063,0.0,39.0,39.0,0.0,5.00408935546875,5.00408935546875,0.0,0.0,0.0,0.0,0.0,0.0,0.0
699,mp3d/TbHJrupSAjP/TbHJrupSAjP.glb,0,1.0,1.0,0.0,1.0,1.0,0.0,1.0,1.0,0.0,0.9139707741285779,0.9139707741285779,0.0,0.9139707741285779,0.9139707741285779,0.0,1.354467511177063,1.354467511177063,0.0,39.0,39.0,0.0,5.00408935546875,5.00408935546875,0.0,0.0,0.0,0.0,0.0,0.0,0.0
700,mp3d/QUCTc6BB5sX/QUCTc6BB5sX.glb,0,0.0,0.0,0.0,1.0,1.0,0.0,0.0,0.0,0.0,0.39112281727652015,0.39112281727652015,0.0,0.0,0.0,0.0,7.352844715118408,7.352844715118408,0.0,87.0,87.0,0.0,14.420784950256348,14.420784950256348,0.0,0.017241379310344827,0.017241379310344827,0.0,1.0,1.0,0.0
701,mp3d/QUCTc6BB5sX/QUCTc6BB5sX.glb,0,1.0,1.0,0.0,1.0,1.0,0.0,0.8977171921744574,0.8977171921744574,0.0,0.9149639263169007,0.9149639263169007,0.0,0.9149639263169007,0.9149639263169007,0.0,0.10103482753038406,0.10103482753038406,0.0,60.0,60.0,0.0,9.236923217773438,9.236923217773438,0.0,0.02631578947368421,0.02631578947368421,0.0,0.0,0.0,0.0
702,mp3d/QUCTc6BB5sX/QUCTc6BB5sX.glb,0,1.0,0.0,-1.0,1.0,1.0,0.0,0.8740603162801844,0.0,-0.8740603162801844,0.8444963396994991,0.5003080393999568,-0.3441883002995423,0.8444963396994991,0.0,-0.8444963396994991,2.8627686500549316,6.0973615646362305,3.234592914581299,62.0,85.0,23.0,9.48692512512207,13.261898040771484,3.774972915649414,0.02564102564102564,0.018518518518518517,-0.007122507122507123,0.0,1.0,1.0
703,mp3d/Z6MFQCViBuw/Z6MFQCViBuw.glb,0,0.0,0.0,0.0,0.0,0.0,0.0,0.0,0.0,0.0,0.03863962017155549,0.03863962017155549,0.0,0.0,0.0,0.0,19.757221221923828,19.757221221923828,0.0,68.0,68.0,0.0,12.823907852172852,12.823907852172852,0.0,0.0,0.0,0.0,0.0,0.0,0.0
704,mp3d/Z6MFQCViBuw/Z6MFQCViBuw.glb,0,1.0,1.0,0.0,1.0,1.0,0.0,1.0,1.0,0.0,0.9169435432143911,0.9169435432143911,0.0,0.9169435432143911,0.9169435432143911,0.0,1.779920220375061,1.779920220375061,0.0,39.0,39.0,0.0,8.500005722045898,8.500005722045898,0.0,0.0,0.0,0.0,0.0,0.0,0.0
705,mp3d/Z6MFQCViBuw/Z6MFQCViBuw.glb,0,0.0,0.0,0.0,0.0,0.0,0.0,0.0,0.0,0.0,0.0005242700407137807,0.027665464811964538,0.027141194771250758,0.0,0.0,0.0,21.474136352539062,19.778383255004883,-1.6957530975341797,256.0,162.0,-94.0,45.40977478027344,23.802818298339844,-21.606956481933594,0.07692307692307693,0.010416666666666666,-0.06650641025641026,0.0,0.0,0.0
706,mp3d/oLBMNvg9in8/oLBMNvg9in8.glb,0,1.0,1.0,0.0,1.0,1.0,0.0,0.853501903060609,0.853501903060609,0.0,0.8851580619749674,0.8851580619749674,0.0,0.8851580619749674,0.8851580619749674,0.0,1.2731815576553345,1.2731815576553345,0.0,76.0,76.0,0.0,9.20168685913086,9.20168685913086,0.0,0.05714285714285714,0.05714285714285714,0.0,0.0,0.0,0.0
707,mp3d/oLBMNvg9in8/oLBMNvg9in8.glb,0,1.0,1.0,0.0,1.0,1.0,0.0,0.7354830375024024,0.7354830375024024,0.0,0.8836090359244128,0.8836090359244128,0.0,0.8836090359244128,0.8836090359244128,0.0,0.18582816421985626,0.18582816421985626,0.0,81.0,81.0,0.0,10.678230285644531,10.678230285644531,0.0,0.05,0.05,0.0,0.0,0.0,0.0
708,mp3d/oLBMNvg9in8/oLBMNvg9in8.glb,0,1.0,1.0,0.0,1.0,1.0,0.0,0.853501903060609,0.853501903060609,0.0,0.8851580619749674,0.8851580619749674,0.0,0.8851580619749674,0.8851580619749674,0.0,1.2731815576553345,1.2731815576553345,0.0,76.0,76.0,0.0,9.20168685913086,9.20168685913086,0.0,0.05714285714285714,0.05714285714285714,0.0,0.0,0.0,0.0
709,mp3d/TbHJrupSAjP/TbHJrupSAjP.glb,0,1.0,1.0,0.0,1.0,1.0,0.0,1.0,1.0,0.0,0.942884496401383,0.942884496401383,0.0,0.942884496401383,0.942884496401383,0.0,0.8198097348213196,0.8198097348213196,0.0,40.0,40.0,0.0,7.53416633605957,7.53416633605957,0.0,0.0,0.0,0.0,0.0,0.0,0.0
710,mp3d/TbHJrupSAjP/TbHJrupSAjP.glb,0,1.0,1.0,0.0,1.0,1.0,0.0,0.8157545984679659,0.8157545984679659,0.0,0.8954967886220094,0.8954967886220094,0.0,0.8954967886220094,0.8954967886220094,0.0,1.183990716934204,1.183990716934204,0.0,49.0,49.0,0.0,9.534165382385254,9.534165382385254,0.0,0.0,0.0,0.0,0.0,0.0,0.0
711,mp3d/TbHJrupSAjP/TbHJrupSAjP.glb,0,1.0,1.0,0.0,1.0,1.0,0.0,1.0,1.0,0.0,0.942884496401383,0.942884496401383,0.0,0.942884496401383,0.942884496401383,0.0,0.8198097348213196,0.8198097348213196,0.0,40.0,40.0,0.0,7.53416633605957,7.53416633605957,0.0,0.0,0.0,0.0,0.0,0.0,0.0
712,mp3d/zsNo4HB9uLZ/zsNo4HB9uLZ.glb,0,1.0,1.0,0.0,1.0,1.0,0.0,1.0,1.0,0.0,0.9176801274197327,0.9176801274197327,0.0,0.9176801274197327,0.9176801274197327,0.0,1.6110657453536987,1.6110657453536987,0.0,70.0,70.0,0.0,12.957651138305664,12.957651138305664,0.0,0.09433962264150944,0.09433962264150944,0.0,0.0,0.0,0.0
713,mp3d/zsNo4HB9uLZ/zsNo4HB9uLZ.glb,0,1.0,0.0,-1.0,1.0,0.0,-1.0,1.0,0.0,-1.0,0.8723998832438845,0.7706290692924754,-0.10177081395140908,0.8723998832438845,0.0,-0.8723998832438845,2.8602895736694336,4.565268516540527,1.7049789428710938,64.0,56.0,-8.0,11.707650184631348,9.957650184631348,-1.75,0.10416666666666667,0.12195121951219512,0.017784552845528448,0.0,0.0,0.0
714,mp3d/zsNo4HB9uLZ/zsNo4HB9uLZ.glb,0,1.0,1.0,0.0,1.0,1.0,0.0,1.0,1.0,0.0,0.9176801274197327,0.8723998832438845,-0.045280244175848194,0.9176801274197327,0.8723998832438845,-0.045280244175848194,1.6110657453536987,2.8602895736694336,1.2492238283157349,70.0,64.0,-6.0,12.957651138305664,11.707650184631348,-1.2500009536743164,0.09433962264150944,0.10416666666666667,0.00982704402515723,0.0,0.0,0.0
715,mp3d/zsNo4HB9uLZ/zsNo4HB9uLZ.glb,0,0.0,0.0,0.0,0.0,0.0,0.0,0.0,0.0,0.0,0.7151450542644598,0.7430499240368519,0.027904869772392038,0.0,0.0,0.0,6.551466464996338,6.301957130432129,-0.24950933456420898,61.0,61.0,0.0,10.493934631347656,10.743934631347656,0.25,0.023255813953488372,0.022727272727272728,-0.0005285412262156439,0.0,0.0,0.0
716,mp3d/zsNo4HB9uLZ/zsNo4HB9uLZ.glb,0,1.0,0.0,-1.0,1.0,0.0,-1.0,1.0,0.0,-1.0,0.9030907718374145,0.7748097128487302,-0.12828105898868425,0.9030907718374145,0.0,-0.9030907718374145,2.051272392272949,4.282299995422363,2.231027603149414,68.0,44.0,-24.0,12.24393367767334,8.493934631347656,-3.7499990463256836,0.02,0.02857142857142857,0.00857142857142857,0.0,0.0,0.0
717,mp3d/zsNo4HB9uLZ/zsNo4HB9uLZ.glb,0,1.0,1.0,0.0,1.0,1.0,0.0,0.8120793193889495,0.8120793193889495,0.0,0.8384526957025062,0.8384526957025062,0.0,0.8384526957025062,0.8384526957025062,0.0,0.8195900917053223,0.8195900917053223,0.0,92.0,92.0,0.0,15.366153717041016,15.366153717041016,0.0,0.0625,0.0625,0.0,0.0,0.0,0.0
718,mp3d/2azQ1b91cZZ/2azQ1b91cZZ.glb,0,1.0,1.0,0.0,1.0,1.0,0.0,1.0,1.0,0.0,0.9114260346349685,0.9114260346349685,0.0,0.9114260346349685,0.9114260346349685,0.0,1.0957801342010498,1.0957801342010498,0.0,32.0,32.0,0.0,4.388885498046875,4.388885498046875,0.0,0.2631578947368421,0.2631578947368421,0.0,0.0,0.0,0.0
719,mp3d/2azQ1b91cZZ/2azQ1b91cZZ.glb,0,1.0,1.0,0.0,1.0,1.0,0.0,1.0,1.0,0.0,0.9114260346349685,0.9114260346349685,0.0,0.9114260346349685,0.9114260346349685,0.0,1.0957801342010498,1.0957801342010498,0.0,32.0,32.0,0.0,4.388885498046875,4.388885498046875,0.0,0.2631578947368421,0.2631578947368421,0.0,0.0,0.0,0.0
720,mp3d/2azQ1b91cZZ/2azQ1b91cZZ.glb,0,1.0,1.0,0.0,1.0,1.0,0.0,1.0,1.0,0.0,0.9114260346349685,0.9114260346349685,0.0,0.9114260346349685,0.9114260346349685,0.0,1.0957801342010498,1.0957801342010498,0.0,32.0,32.0,0.0,4.388885498046875,4.388885498046875,0.0,0.2631578947368421,0.2631578947368421,0.0,0.0,0.0,0.0
721,mp3d/2azQ1b91cZZ/2azQ1b91cZZ.glb,0,1.0,1.0,0.0,1.0,1.0,0.0,0.9508869264818332,0.9508869264818332,0.0,0.9646083945307299,0.9646083945307299,0.0,0.9646083945307299,0.9646083945307299,0.0,0.6141814589500427,0.6141814589500427,0.0,43.0,43.0,0.0,5.000000953674316,5.000000953674316,0.0,0.0,0.0,0.0,0.0,0.0,0.0
722,mp3d/2azQ1b91cZZ/2azQ1b91cZZ.glb,0,0.0,1.0,1.0,1.0,1.0,0.0,0.0,0.7314516214224008,0.7314516214224008,0.06823897414972117,0.7637350579414466,0.6954960837917255,0.0,0.7637350579414466,0.7637350579414466,3.639425754547119,2.940828800201416,-0.6985969543457031,150.0,47.0,-103.0,19.5,6.5,-13.0,0.0,0.0,0.0,1.0,0.0,-1.0
723,mp3d/2azQ1b91cZZ/2azQ1b91cZZ.glb,0,1.0,1.0,0.0,1.0,1.0,0.0,0.8268583546514097,0.8268583546514097,0.0,0.9145601010126254,0.9145601010126254,0.0,0.9145601010126254,0.9145601010126254,0.0,0.4496499001979828,0.4496499001979828,0.0,48.0,48.0,0.0,5.75,5.75,0.0,0.0,0.0,0.0,0.0,0.0,0.0
724,mp3d/oLBMNvg9in8/oLBMNvg9in8.glb,0,0.0,0.0,0.0,0.0,0.0,0.0,0.0,0.0,0.0,0.5064642648606128,0.589688385060878,0.08322412020026515,0.0,0.0,0.0,6.159051895141602,6.872314453125,0.7132625579833984,90.0,88.0,-2.0,11.101821899414062,9.90217399597168,-1.1996479034423828,0.18,0.2727272727272727,0.09272727272727271,0.0,0.0,0.0
725,mp3d/oLBMNvg9in8/oLBMNvg9in8.glb,0,1.0,1.0,0.0,1.0,1.0,0.0,0.8877038707370936,0.8877038707370936,0.0,0.919286825133264,0.919286825133264,0.0,0.919286825133264,0.919286825133264,0.0,0.32627394795417786,0.32627394795417786,0.0,59.0,59.0,0.0,9.109797477722168,9.109797477722168,0.0,0.225,0.225,0.0,0.0,0.0,0.0
726,mp3d/oLBMNvg9in8/oLBMNvg9in8.glb,0,1.0,1.0,0.0,1.0,1.0,0.0,0.8232024176809911,0.8342307611332894,0.011028343452298306,0.9048126426369146,0.9033174414859888,-0.001495201150925829,0.9048126426369146,0.9033174414859888,-0.001495201150925829,0.38780608773231506,0.45946890115737915,0.07166281342506409,65.0,95.0,30.0,9.823589324951172,9.693723678588867,-0.1298656463623047,0.2558139534883721,1.0238095238095237,0.7679955703211516,0.0,0.0,0.0
727,mp3d/oLBMNvg9in8/oLBMNvg9in8.glb,0,1.0,1.0,0.0,1.0,1.0,0.0,1.0,1.0,0.0,0.933064135082815,0.933064135082815,0.0,0.933064135082815,0.933064135082815,0.0,0.728286623954773,0.728286623954773,0.0,42.0,42.0,0.0,5.300955772399902,5.300955772399902,0.0,0.0,0.0,0.0,0.0,0.0,0.0
728,mp3d/oLBMNvg9in8/oLBMNvg9in8.glb,0,1.0,1.0,0.0,1.0,1.0,0.0,0.8843472887149466,0.8843472887149466,0.0,0.9022915715612295,0.9022915715612295,0.0,0.9022915715612295,0.9022915715612295,0.0,0.7282865643501282,0.7282865643501282,0.0,45.0,45.0,0.0,6.050956726074219,6.050956726074219,0.0,0.0,0.0,0.0,0.0,0.0,0.0
729,mp3d/oLBMNvg9in8/oLBMNvg9in8.glb,0,1.0,1.0,0.0,1.0,1.0,0.0,0.8843472887149466,0.8843472887149466,0.0,0.9022915715612295,0.9022915715612295,0.0,0.9022915715612295,0.9022915715612295,0.0,0.7282865643501282,0.7282865643501282,0.0,45.0,45.0,0.0,6.050956726074219,6.050956726074219,0.0,0.0,0.0,0.0,0.0,0.0,0.0
730,mp3d/8194nk5LbLH/8194nk5LbLH.glb,0,1.0,1.0,0.0,1.0,1.0,0.0,0.2826325525565762,0.388710152485183,0.10607759992860677,0.007843051170825982,0.03437617016048484,0.026533118989658856,0.007843051170825982,0.03437617016048484,0.026533118989658856,1.0492242574691772,1.0420588254928589,-0.007165431976318359,251.0,180.0,-71.0,38.49222946166992,27.987838745117188,-10.504390716552734,0.0064516129032258064,0.017699115044247787,0.011247502141021982,0.0,0.0,0.0
731,mp3d/8194nk5LbLH/8194nk5LbLH.glb,0,1.0,1.0,0.0,1.0,1.0,0.0,0.5955430834948926,0.5955430834948926,0.0,0.12857158456715434,0.12857158456715434,0.0,0.12857158456715434,0.12857158456715434,0.0,1.6252692937850952,1.6252692937850952,0.0,100.0,100.0,0.0,18.267623901367188,18.267623901367188,0.0,0.0,0.0,0.0,0.0,0.0,0.0
732,mp3d/8194nk5LbLH/8194nk5LbLH.glb,0,1.0,1.0,0.0,1.0,1.0,0.0,0.44404722719776385,0.6593428525057706,0.21529562530800678,0.03334369770643765,0.14083643346794614,0.10749273576150849,0.03334369770643765,0.14083643346794614,0.10749273576150849,1.9104509353637695,1.8612780570983887,-0.04917287826538086,149.0,93.0,-56.0,24.5,16.5,-8.0,0.0,0.0,0.0,0.0,0.0,0.0
733,mp3d/oLBMNvg9in8/oLBMNvg9in8.glb,0,1.0,0.0,-1.0,1.0,0.0,-1.0,0.4442122660541916,0.0,-0.4442122660541916,0.5510458084184393,0.2735371287096352,-0.2775086797088041,0.5510458084184393,0.0,-0.5510458084184393,0.6134082078933716,8.250944137573242,7.637535929679871,180.0,116.0,-64.0,18.43585968017578,4.556675910949707,-13.879183769226074,0.13636363636363635,0.7391304347826086,0.6027667984189723,0.0,0.0,0.0
734,mp3d/oLBMNvg9in8/oLBMNvg9in8.glb,0,1.0,1.0,0.0,1.0,1.0,0.0,0.8326558763542756,0.8326558763542756,0.0,0.7860584099995632,0.7860584099995632,0.0,0.7860584099995632,0.7860584099995632,0.0,1.9067248106002808,1.9067248106002808,0.0,108.0,108.0,0.0,9.835317611694336,9.835317611694336,0.0,0.10256410256410256,0.10256410256410256,0.0,0.0,0.0,0.0
735,mp3d/oLBMNvg9in8/oLBMNvg9in8.glb,0,1.0,1.0,0.0,1.0,1.0,0.0,0.7026633840095168,0.7219111478580985,0.019247763848581734,0.7385048851268997,0.7767983843577169,0.03829349923081715,0.7385048851268997,0.7767983843577169,0.03829349923081715,2.737638473510742,1.5431889295578003,-1.194449543952942,119.0,115.0,-4.0,11.654848098754883,11.344103813171387,-0.3107442855834961,0.08695652173913043,0.08888888888888889,0.00193236714975846,0.0,0.0,0.0
736,mp3d/oLBMNvg9in8/oLBMNvg9in8.glb,0,0.0,0.0,0.0,0.0,0.0,0.0,0.0,0.0,0.0,0.7094270502581339,0.7094270502581339,0.0,0.0,0.0,0.0,5.305635452270508,5.305635452270508,0.0,56.0,56.0,0.0,7.600558280944824,7.600558280944824,0.0,0.0,0.0,0.0,0.0,0.0,0.0
737,mp3d/oLBMNvg9in8/oLBMNvg9in8.glb,0,0.0,0.0,0.0,0.0,0.0,0.0,0.0,0.0,0.0,0.689172430081213,0.689172430081213,0.0,0.0,0.0,0.0,8.8808012008667,8.8808012008667,0.0,59.0,59.0,0.0,7.254892349243164,7.254892349243164,0.0,0.06896551724137931,0.06896551724137931,0.0,0.0,0.0,0.0
738,mp3d/oLBMNvg9in8/oLBMNvg9in8.glb,0,0.0,0.0,0.0,0.0,0.0,0.0,0.0,0.0,0.0,0.689172430081213,0.689172430081213,0.0,0.0,0.0,0.0,8.8808012008667,8.8808012008667,0.0,59.0,59.0,0.0,7.254892349243164,7.254892349243164,0.0,0.06896551724137931,0.06896551724137931,0.0,0.0,0.0,0.0
739,mp3d/QUCTc6BB5sX/QUCTc6BB5sX.glb,0,0.0,0.0,0.0,1.0,0.0,-1.0,0.0,0.0,0.0,0.2506405420211243,0.1257191670520767,-0.1249213749690476,0.0,0.0,0.0,9.73537540435791,9.764748573303223,0.0293731689453125,361.0,390.0,29.0,48.30046081542969,43.05293273925781,-5.247528076171875,0.02040816326530612,0.017142857142857144,-0.003265306122448977,1.0,0.0,-1.0
740,mp3d/QUCTc6BB5sX/QUCTc6BB5sX.glb,0,0.0,0.0,0.0,0.0,0.0,0.0,0.0,0.0,0.0,0.2680394958243329,0.18547637206682277,-0.08256312375751013,0.0,0.0,0.0,9.262788772583008,9.44001579284668,0.17722702026367188,276.0,405.0,129.0,26.88265037536621,39.95659637451172,13.073945999145508,0.16666666666666666,0.10179640718562874,-0.06487025948103792,0.0,0.0,0.0
741,mp3d/QUCTc6BB5sX/QUCTc6BB5sX.glb,0,0.0,0.0,0.0,1.0,1.0,0.0,0.0,0.0,0.0,0.1903154513435334,0.46475309363844003,0.27443764229490664,0.0,0.0,0.0,6.41754150390625,4.002096652984619,-2.415444850921631,199.0,200.0,1.0,32.997562408447266,30.195785522460938,-2.801776885986328,0.007518796992481203,0.00819672131147541,0.0006779243189942077,1.0,1.0,0.0
742,mp3d/zsNo4HB9uLZ/zsNo4HB9uLZ.glb,0,1.0,1.0,0.0,1.0,1.0,0.0,0.9782175296996942,0.9782175296996942,0.0,0.9680303614111413,0.9680303614111413,0.0,0.9680303614111413,0.9680303614111413,0.0,0.3724574148654938,0.3724574148654938,0.0,55.0,55.0,0.0,10.499998092651367,10.499998092651367,0.0,0.0,0.0,0.0,0.0,0.0,0.0
743,mp3d/zsNo4HB9uLZ/zsNo4HB9uLZ.glb,0,1.0,1.0,0.0,1.0,1.0,0.0,0.9782175296996942,0.9782175296996942,0.0,0.9680303614111413,0.9680303614111413,0.0,0.9680303614111413,0.9680303614111413,0.0,0.3724574148654938,0.3724574148654938,0.0,55.0,55.0,0.0,10.499998092651367,10.499998092651367,0.0,0.0,0.0,0.0,0.0,0.0,0.0
744,mp3d/zsNo4HB9uLZ/zsNo4HB9uLZ.glb,0,1.0,1.0,0.0,1.0,1.0,0.0,0.9782175296996942,0.9782175296996942,0.0,0.9680303614111413,0.9680303614111413,0.0,0.9680303614111413,0.9680303614111413,0.0,0.3724574148654938,0.3724574148654938,0.0,55.0,55.0,0.0,10.499998092651367,10.499998092651367,0.0,0.0,0.0,0.0,0.0,0.0,0.0
745,mp3d/zsNo4HB9uLZ/zsNo4HB9uLZ.glb,0,1.0,1.0,0.0,1.0,1.0,0.0,1.0,1.0,0.0,0.9469664050766317,0.9469664050766317,0.0,0.9469664050766317,0.9469664050766317,0.0,1.3866215944290161,1.3866215944290161,0.0,35.0,35.0,0.0,5.5,5.5,0.0,0.0,0.0,0.0,0.0,0.0,0.0
746,mp3d/zsNo4HB9uLZ/zsNo4HB9uLZ.glb,0,0.0,0.0,0.0,1.0,1.0,0.0,0.0,0.0,0.0,0.8067690165028257,0.8067690165028257,0.0,0.0,0.0,0.0,3.9325904846191406,3.9325904846191406,0.0,37.0,37.0,0.0,5.25,5.25,0.0,0.0,0.0,0.0,1.0,1.0,0.0
747,mp3d/zsNo4HB9uLZ/zsNo4HB9uLZ.glb,0,0.0,0.0,0.0,0.0,0.0,0.0,0.0,0.0,0.0,0.6866810287484005,0.6866810287484005,0.0,0.0,0.0,0.0,5.740604400634766,5.740604400634766,0.0,34.0,34.0,0.0,6.499999046325684,6.499999046325684,0.0,0.0,0.0,0.0,0.0,0.0,0.0
748,mp3d/X7HyMhZNoso/X7HyMhZNoso.glb,0,0.0,0.0,0.0,0.0,0.0,0.0,0.0,0.0,0.0,0.0003570548176236203,0.00021663424950077497,-0.00014042056812284536,0.0,0.0,0.0,17.055898666381836,17.136133193969727,0.08023452758789062,621.0,710.0,89.0,98.44204711914062,115.06828308105469,16.626235961914062,0.002564102564102564,0.0,-0.002564102564102564,0.0,0.0,0.0
749,mp3d/X7HyMhZNoso/X7HyMhZNoso.glb,0,0.0,0.0,0.0,0.0,0.0,0.0,0.0,0.0,0.0,0.5821421220289126,0.5978589491444415,0.01571682711552891,0.0,0.0,0.0,6.68986177444458,6.5666069984436035,-0.12325477600097656,180.0,162.0,-18.0,26.81311798095703,24.950763702392578,-1.8623542785644531,0.01834862385321101,0.0891089108910891,0.0707602870378781,0.0,0.0,0.0
750,mp3d/X7HyMhZNoso/X7HyMhZNoso.glb,0,0.0,0.0,0.0,0.0,0.0,0.0,0.0,0.0,0.0,0.5683902974671777,0.5683902974671777,0.0,0.0,0.0,0.0,5.852011680603027,5.852011680603027,0.0,130.0,130.0,0.0,20.691160202026367,20.691160202026367,0.0,0.08433734939759036,0.08433734939759036,0.0,0.0,0.0,0.0
751,mp3d/QUCTc6BB5sX/QUCTc6BB5sX.glb,0,1.0,1.0,0.0,1.0,1.0,0.0,0.9663401943832556,0.9663401943832556,0.0,0.8975730151745953,0.8975730151745953,0.0,0.8975730151745953,0.8975730151745953,0.0,1.1495507955551147,1.1495507955551147,0.0,75.0,75.0,0.0,8.696846008300781,8.696846008300781,0.0,0.28205128205128205,0.28205128205128205,0.0,0.0,0.0,0.0
752,mp3d/QUCTc6BB5sX/QUCTc6BB5sX.glb,0,1.0,1.0,0.0,1.0,1.0,0.0,0.7855039803556929,0.7855039803556929,0.0,0.8785227651284975,0.8785227651284975,0.0,0.8785227651284975,0.8785227651284975,0.0,0.9848567247390747,0.9848567247390747,0.0,84.0,84.0,0.0,10.699006080627441,10.699006080627441,0.0,0.23404255319148937,0.23404255319148937,0.0,0.0,0.0,0.0
753,mp3d/QUCTc6BB5sX/QUCTc6BB5sX.glb,0,1.0,1.0,0.0,1.0,1.0,0.0,0.9663401943832556,0.9663401943832556,0.0,0.8975730151745953,0.8975730151745953,0.0,0.8975730151745953,0.8975730151745953,0.0,1.1495507955551147,1.1495507955551147,0.0,75.0,75.0,0.0,8.696846008300781,8.696846008300781,0.0,0.28205128205128205,0.28205128205128205,0.0,0.0,0.0,0.0
754,mp3d/EU6Fwq7SyZv/EU6Fwq7SyZv.glb,0,1.0,1.0,0.0,1.0,1.0,0.0,0.6609983455192272,0.6609983455192272,0.0,0.20671368732344533,0.20671368732344533,0.0,0.20671368732344533,0.20671368732344533,0.0,2.000816583633423,2.000816583633423,0.0,91.0,91.0,0.0,16.507490158081055,16.507490158081055,0.0,0.07352941176470588,0.07352941176470588,0.0,0.0,0.0,0.0
755,mp3d/EU6Fwq7SyZv/EU6Fwq7SyZv.glb,0,1.0,1.0,0.0,1.0,1.0,0.0,0.6169867722802006,0.6609983455192272,0.0440115732390266,0.1815857707200265,0.20671368732344533,0.025127916603418843,0.1815857707200265,0.20671368732344533,0.025127916603418843,1.530873417854309,2.000816583633423,0.46994316577911377,107.0,91.0,-16.0,17.685020446777344,16.507490158081055,-1.177530288696289,0.0684931506849315,0.07352941176470588,0.005036261079774382,0.0,0.0,0.0
756,mp3d/EU6Fwq7SyZv/EU6Fwq7SyZv.glb,0,1.0,1.0,0.0,1.0,1.0,0.0,0.8376694289154485,0.6408708482570756,-0.19679858065837286,0.8717483184654593,0.6732586857329397,-0.19848963273251963,0.8717483184654593,0.6732586857329397,-0.19848963273251963,1.0545157194137573,1.7736936807632446,0.7191779613494873,70.0,104.0,34.0,13.025930404663086,17.02593231201172,4.000001907348633,0.0,0.0,0.0,0.0,0.0,0.0
757,mp3d/2azQ1b91cZZ/2azQ1b91cZZ.glb,0,0.0,0.0,0.0,0.0,0.0,0.0,0.0,0.0,0.0,0.0364363123339109,0.019926141294848716,-0.01651017103906218,0.0,0.0,0.0,11.086852073669434,11.148505210876465,0.06165313720703125,100.0,122.0,22.0,12.25000286102295,12.750000953674316,0.4999980926513672,0.0,0.0,0.0,0.0,0.0,0.0
758,mp3d/2azQ1b91cZZ/2azQ1b91cZZ.glb,0,1.0,1.0,0.0,1.0,1.0,0.0,1.0,1.0,0.0,0.9365286605261177,0.9365286605261177,0.0,0.9365286605261177,0.9365286605261177,0.0,1.1884844303131104,1.1884844303131104,0.0,37.0,37.0,0.0,4.500000476837158,4.500000476837158,0.0,0.0,0.0,0.0,0.0,0.0,0.0
759,mp3d/2azQ1b91cZZ/2azQ1b91cZZ.glb,0,1.0,0.0,-1.0,1.0,1.0,0.0,0.17573404150076555,0.0,-0.17573404150076555,0.03190560197252541,0.0008783977167755587,-0.031027204255749855,0.03190560197252541,0.0,-0.03190560197252541,0.2862222492694855,10.783916473388672,10.497694224119186,225.0,208.0,-17.0,31.5230655670166,38.71647644042969,7.193410873413086,0.0916030534351145,0.025477707006369428,-0.06612534642874507,0.0,1.0,1.0
760,mp3d/TbHJrupSAjP/TbHJrupSAjP.glb,0,1.0,1.0,0.0,1.0,1.0,0.0,0.3494521789638995,0.6083713010283477,0.25891912206444817,0.2740436605029705,0.6645643689265738,0.39052070842360326,0.2740436605029705,0.6645643689265738,0.39052070842360326,0.7893893718719482,0.28528738021850586,-0.5041019916534424,173.0,96.0,-77.0,25.846227645874023,14.846230506896973,-10.99999713897705,0.0,0.0,0.0,0.0,0.0,0.0
761,mp3d/TbHJrupSAjP/TbHJrupSAjP.glb,0,1.0,1.0,0.0,1.0,1.0,0.0,0.3494521273875498,0.6083713010283477,0.25891917364079786,0.33149932972952506,0.6645643689265738,0.3330650391970487,0.33149932972952506,0.6645643689265738,0.3330650391970487,0.285287082195282,0.28528738021850586,2.980232238769531e-07,184.0,96.0,-88.0,25.84623146057129,14.846230506896973,-11.000000953674316,0.0,0.0,0.0,0.0,0.0,0.0
762,mp3d/TbHJrupSAjP/TbHJrupSAjP.glb,0,1.0,1.0,0.0,1.0,1.0,0.0,0.7965791730691381,0.7965791730691381,0.0,0.867649513424974,0.867649513424974,0.0,0.867649513424974,0.867649513424974,0.0,0.3427782952785492,0.3427782952785492,0.0,71.0,71.0,0.0,11.338509559631348,11.338509559631348,0.0,0.022222222222222223,0.022222222222222223,0.0,0.0,0.0,0.0
763,mp3d/EU6Fwq7SyZv/EU6Fwq7SyZv.glb,0,1.0,1.0,0.0,1.0,1.0,0.0,0.47333785943103546,0.47333785943103546,0.0,0.5170943775272011,0.5170943775272011,0.0,0.5170943775272011,0.5170943775272011,0.0,1.9720031023025513,1.9720031023025513,0.0,95.0,95.0,0.0,13.327834129333496,13.327834129333496,0.0,0.05454545454545454,0.05454545454545454,0.0,0.0,0.0,0.0
764,mp3d/EU6Fwq7SyZv/EU6Fwq7SyZv.glb,0,1.0,0.0,-1.0,1.0,0.0,-1.0,0.47333785943103546,0.0,-0.47333785943103546,0.5170943775272011,0.001958529605994899,-0.5151358479212063,0.5170943775272011,0.0,-0.5170943775272011,1.9720031023025513,8.353522300720215,6.381519198417664,95.0,167.0,72.0,13.327834129333496,20.51856231689453,7.190728187561035,0.05454545454545454,0.012048192771084338,-0.0424972617743702,0.0,0.0,0.0
765,mp3d/EU6Fwq7SyZv/EU6Fwq7SyZv.glb,0,1.0,1.0,0.0,1.0,1.0,0.0,0.787176990345886,0.5987767870599305,-0.18840020328595541,0.6781941254292294,0.6208147793856263,-0.05737934604360306,0.6781941254292294,0.6208147793856263,-0.05737934604360306,2.0369656085968018,1.732688307762146,-0.30427730083465576,48.0,73.0,25.0,8.014167785644531,10.535759925842285,2.521592140197754,0.0,0.06818181818181818,0.06818181818181818,0.0,0.0,0.0
766,mp3d/TbHJrupSAjP/TbHJrupSAjP.glb,0,0.0,0.0,0.0,0.0,0.0,0.0,0.0,0.0,0.0,0.640070792722469,0.7338861466012938,0.09381535387882478,0.0,0.0,0.0,4.910518646240234,3.320673704147339,-1.5898449420928955,44.0,76.0,32.0,5.815784454345703,9.644793510437012,3.8290090560913086,0.3333333333333333,0.4318181818181818,0.09848484848484851,0.0,0.0,0.0
767,mp3d/TbHJrupSAjP/TbHJrupSAjP.glb,0,1.0,1.0,0.0,1.0,1.0,0.0,1.0,1.0,0.0,0.845822732505623,0.845822732505623,0.0,0.845822732505623,0.845822732505623,0.0,2.807115077972412,2.807115077972412,0.0,33.0,33.0,0.0,6.779106140136719,6.779106140136719,0.0,0.0,0.0,0.0,0.0,0.0,0.0
768,mp3d/TbHJrupSAjP/TbHJrupSAjP.glb,0,1.0,1.0,0.0,1.0,1.0,0.0,0.811420091013543,0.8691906136173562,0.05777052260381321,0.6859388325359397,0.6452113286348456,-0.04072750390109403,0.6859388325359397,0.6452113286348456,-0.04072750390109403,2.242548704147339,2.9191386699676514,0.6765899658203125,68.0,65.0,-3.0,11.284165382385254,10.53416633605957,-0.7499990463256836,0.0,0.0,0.0,0.0,0.0,0.0
769,mp3d/oLBMNvg9in8/oLBMNvg9in8.glb,0,0.0,0.0,0.0,1.0,1.0,0.0,0.0,0.0,0.0,0.7686359549310758,0.7686359549310758,0.0,0.0,0.0,0.0,3.576909065246582,3.576909065246582,0.0,80.0,80.0,0.0,11.42298698425293,11.42298698425293,0.0,0.24,0.24,0.0,1.0,1.0,0.0
770,mp3d/oLBMNvg9in8/oLBMNvg9in8.glb,0,0.0,0.0,0.0,1.0,1.0,0.0,0.0,0.0,0.0,0.7686359549310758,0.7686359549310758,0.0,0.0,0.0,0.0,3.576909065246582,3.576909065246582,0.0,80.0,80.0,0.0,11.42298698425293,11.42298698425293,0.0,0.24,0.24,0.0,1.0,1.0,0.0
771,mp3d/oLBMNvg9in8/oLBMNvg9in8.glb,0,0.0,0.0,0.0,1.0,1.0,0.0,0.0,0.0,0.0,0.8409122621818802,0.7686359549310758,-0.07227630725080436,0.0,0.0,0.0,3.211430549621582,3.576909065246582,0.365478515625,62.0,80.0,18.0,9.82163143157959,11.42298698425293,1.6013555526733398,0.07894736842105263,0.24,0.16105263157894736,1.0,1.0,0.0
772,mp3d/EU6Fwq7SyZv/EU6Fwq7SyZv.glb,0,1.0,1.0,0.0,1.0,1.0,0.0,0.7090929819649291,0.7090929819649291,0.0,0.7572312387248421,0.7572312387248421,0.0,0.7572312387248421,0.7572312387248421,0.0,2.529029369354248,2.529029369354248,0.0,37.0,37.0,0.0,8.532271385192871,8.532271385192871,0.0,0.0,0.0,0.0,0.0,0.0,0.0
773,mp3d/EU6Fwq7SyZv/EU6Fwq7SyZv.glb,0,1.0,1.0,0.0,1.0,1.0,0.0,0.1503765441995705,0.33109911637551753,0.18072257217594703,0.00469790762820348,0.2744420067653354,0.26974409913713193,0.00469790762820348,0.2744420067653354,0.26974409913713193,2.4399051666259766,2.648799180984497,0.2088940143585205,307.0,120.0,-187.0,40.23349380493164,18.272998809814453,-21.960494995117188,0.018518518518518517,0.0,-0.018518518518518517,0.0,0.0,0.0
774,mp3d/EU6Fwq7SyZv/EU6Fwq7SyZv.glb,0,1.0,1.0,0.0,1.0,1.0,0.0,0.6906263056607462,0.7552883316090305,0.0646620259482843,0.7311592032107126,0.8205709244455555,0.08941172123484287,0.7311592032107126,0.8205709244455555,0.08941172123484287,2.736949920654297,1.9976774454116821,-0.7392724752426147,38.0,34.0,-4.0,8.760416030883789,8.010416030883789,-0.75,0.0,0.0,0.0,0.0,0.0,0.0
775,mp3d/EU6Fwq7SyZv/EU6Fwq7SyZv.glb,0,1.0,1.0,0.0,1.0,1.0,0.0,1.0,1.0,0.0,0.8568344103997793,0.8568344103997793,0.0,0.8568344103997793,0.8568344103997793,0.0,2.7268905639648438,2.7268905639648438,0.0,45.0,45.0,0.0,8.0093994140625,8.0093994140625,0.0,0.0,0.0,0.0,0.0,0.0,0.0
776,mp3d/EU6Fwq7SyZv/EU6Fwq7SyZv.glb,0,1.0,1.0,0.0,1.0,1.0,0.0,0.40341961247271346,0.3600903635323057,-0.04332924894040774,0.6312285027009469,0.5108618310881455,-0.12036667161280135,0.6312285027009469,0.5108618310881455,-0.12036667161280135,0.8502932190895081,0.8506937623023987,0.000400543212890625,213.0,242.0,29.0,25.436874389648438,28.497663497924805,3.060789108276367,0.02,0.008928571428571428,-0.011071428571428572,0.0,0.0,0.0
777,mp3d/EU6Fwq7SyZv/EU6Fwq7SyZv.glb,0,1.0,1.0,0.0,1.0,1.0,0.0,0.3694722897705539,0.5944939871079068,0.2250216973373529,0.5314931395031693,0.7584076887124332,0.2269145492092639,0.5314931395031693,0.7584076887124332,0.2269145492092639,0.10960134118795395,0.2541792094707489,0.14457786828279495,211.0,128.0,-83.0,27.774028778076172,17.26129150390625,-10.512737274169922,0.0,0.0,0.0,0.0,0.0,0.0
778,mp3d/2azQ1b91cZZ/2azQ1b91cZZ.glb,0,0.0,1.0,1.0,0.0,1.0,1.0,0.0,0.9747157442711262,0.9747157442711262,0.34180385583401324,0.7911264850739119,0.4493226292398987,0.0,0.7911264850739119,0.7911264850739119,11.877010345458984,0.4369998276233673,-11.440010517835617,70.0,70.0,0.0,2.138279676437378,12.749286651611328,10.61100697517395,4.8,0.019230769230769232,-4.780769230769231,0.0,0.0,0.0
779,mp3d/2azQ1b91cZZ/2azQ1b91cZZ.glb,0,0.0,0.0,0.0,0.0,0.0,0.0,0.0,0.0,0.0,0.021024822279289992,0.10931169979923376,0.08828687751994377,0.0,0.0,0.0,15.089997291564941,15.472443580627441,0.3824462890625,247.0,90.0,-157.0,36.74928665161133,15.249290466308594,-21.499996185302734,0.006756756756756757,0.016129032258064516,0.009372275501307759,0.0,0.0,0.0
780,mp3d/2azQ1b91cZZ/2azQ1b91cZZ.glb,0,0.0,0.0,0.0,0.0,0.0,0.0,0.0,0.0,0.0,0.001731634289751981,0.055612178341156664,0.05388054405140468,0.0,0.0,0.0,17.279722213745117,15.897549629211426,-1.3821725845336914,154.0,122.0,-32.0,26.422256469726562,18.249286651611328,-8.172969818115234,0.028037383177570093,0.013513513513513514,-0.014523869664056579,0.0,0.0,0.0
781,mp3d/EU6Fwq7SyZv/EU6Fwq7SyZv.glb,0,1.0,1.0,0.0,1.0,1.0,0.0,0.8980480038525397,0.8980480038525397,0.0,0.9177119529069359,0.9177119529069359,0.0,0.9177119529069359,0.9177119529069359,0.0,0.4942786991596222,0.4942786991596222,0.0,40.0,40.0,0.0,6.249999046325684,6.249999046325684,0.0,0.0,0.0,0.0,0.0,0.0,0.0
782,mp3d/EU6Fwq7SyZv/EU6Fwq7SyZv.glb,0,1.0,1.0,0.0,1.0,1.0,0.0,0.8980480038525397,0.8980480038525397,0.0,0.9177119529069359,0.9177119529069359,0.0,0.9177119529069359,0.9177119529069359,0.0,0.4942786991596222,0.4942786991596222,0.0,40.0,40.0,0.0,6.249999046325684,6.249999046325684,0.0,0.0,0.0,0.0,0.0,0.0,0.0
783,mp3d/EU6Fwq7SyZv/EU6Fwq7SyZv.glb,0,1.0,1.0,0.0,1.0,1.0,0.0,0.3741730274964205,0.1279205068162873,-0.2462525206801332,0.395546067002024,0.03881931361497899,-0.356726753387045,0.395546067002024,0.03881931361497899,-0.356726753387045,0.6567189693450928,0.47443369030952454,-0.18228527903556824,106.0,382.0,276.0,15.000544548034668,43.87724304199219,28.87669849395752,0.0,0.033707865168539325,0.033707865168539325,0.0,0.0,0.0
784,mp3d/QUCTc6BB5sX/QUCTc6BB5sX.glb,0,1.0,1.0,0.0,1.0,1.0,0.0,1.0,1.0,0.0,0.9383148258484643,0.9383148258484643,0.0,0.9383148258484643,0.9383148258484643,0.0,1.2173219919204712,1.2173219919204712,0.0,45.0,45.0,0.0,6.790969371795654,6.790969371795654,0.0,0.0,0.0,0.0,0.0,0.0,0.0
785,mp3d/QUCTc6BB5sX/QUCTc6BB5sX.glb,0,1.0,1.0,0.0,1.0,1.0,0.0,1.0,1.0,0.0,0.9383148258484643,0.9383148258484643,0.0,0.9383148258484643,0.9383148258484643,0.0,1.2173219919204712,1.2173219919204712,0.0,45.0,45.0,0.0,6.790969371795654,6.790969371795654,0.0,0.0,0.0,0.0,0.0,0.0,0.0
786,mp3d/QUCTc6BB5sX/QUCTc6BB5sX.glb,0,1.0,1.0,0.0,1.0,1.0,0.0,1.0,1.0,0.0,0.9383148258484643,0.9383148258484643,0.0,0.9383148258484643,0.9383148258484643,0.0,1.2173219919204712,1.2173219919204712,0.0,45.0,45.0,0.0,6.790969371795654,6.790969371795654,0.0,0.0,0.0,0.0,0.0,0.0,0.0
787,mp3d/oLBMNvg9in8/oLBMNvg9in8.glb,0,1.0,1.0,0.0,1.0,1.0,0.0,0.932440435344953,0.932440435344953,0.0,0.9305053657224557,0.9305053657224557,0.0,0.9305053657224557,0.9305053657224557,0.0,0.9532744288444519,0.9532744288444519,0.0,59.0,59.0,0.0,9.172554016113281,9.172554016113281,0.0,0.0,0.0,0.0,0.0,0.0,0.0
788,mp3d/oLBMNvg9in8/oLBMNvg9in8.glb,0,0.0,1.0,1.0,1.0,1.0,0.0,0.0,0.932440435344953,0.932440435344953,0.8474325158036327,0.9305053657224557,0.08307284991882302,0.0,0.9305053657224557,0.9305053657224557,3.113652467727661,0.9532744288444519,-2.1603780388832092,75.0,59.0,-16.0,11.422554969787598,9.172554016113281,-2.2500009536743164,0.0,0.0,0.0,1.0,0.0,-1.0
789,mp3d/oLBMNvg9in8/oLBMNvg9in8.glb,0,1.0,1.0,0.0,1.0,1.0,0.0,0.8063917001482168,0.9937866201793449,0.18739492003112812,0.9034385606671861,0.9477742020082172,0.04433564134103107,0.9034385606671861,0.9477742020082172,0.04433564134103107,1.2826244831085205,0.7504397630691528,-0.5321847200393677,65.0,55.0,-10.0,10.606334686279297,8.606334686279297,-2.0,0.0,0.0,0.0,0.0,0.0,0.0
790,mp3d/TbHJrupSAjP/TbHJrupSAjP.glb,0,1.0,1.0,0.0,1.0,1.0,0.0,0.9256741183187788,0.9256741183187788,0.0,0.9396331334816571,0.9396331334816571,0.0,0.9396331334816571,0.9396331334816571,0.0,0.22483229637145996,0.22483229637145996,0.0,44.0,44.0,0.0,6.980158805847168,6.980158805847168,0.0,0.0,0.0,0.0,0.0,0.0,0.0
791,mp3d/TbHJrupSAjP/TbHJrupSAjP.glb,0,1.0,1.0,0.0,1.0,1.0,0.0,0.9256741183187788,0.9256741183187788,0.0,0.9396331334816571,0.9396331334816571,0.0,0.9396331334816571,0.9396331334816571,0.0,0.22483229637145996,0.22483229637145996,0.0,44.0,44.0,0.0,6.980158805847168,6.980158805847168,0.0,0.0,0.0,0.0,0.0,0.0,0.0
792,mp3d/TbHJrupSAjP/TbHJrupSAjP.glb,0,1.0,1.0,0.0,1.0,1.0,0.0,0.9256741183187788,0.9256741183187788,0.0,0.9396331334816571,0.9396331334816571,0.0,0.9396331334816571,0.9396331334816571,0.0,0.22483229637145996,0.22483229637145996,0.0,44.0,44.0,0.0,6.980158805847168,6.980158805847168,0.0,0.0,0.0,0.0,0.0,0.0,0.0
793,mp3d/QUCTc6BB5sX/QUCTc6BB5sX.glb,0,0.0,0.0,0.0,0.0,0.0,0.0,0.0,0.0,0.0,0.12333063585501193,0.12333063585501193,0.0,0.0,0.0,0.0,11.185136795043945,11.185136795043945,0.0,102.0,102.0,0.0,17.930665969848633,17.930665969848633,0.0,0.0,0.0,0.0,0.0,0.0,0.0
794,mp3d/QUCTc6BB5sX/QUCTc6BB5sX.glb,0,0.0,0.0,0.0,0.0,0.0,0.0,0.0,0.0,0.0,0.1539462836879854,0.1539462836879854,0.0,0.0,0.0,0.0,9.08317756652832,9.08317756652832,0.0,158.0,158.0,0.0,22.28233528137207,22.28233528137207,0.0,0.05434782608695652,0.05434782608695652,0.0,0.0,0.0,0.0
795,mp3d/QUCTc6BB5sX/QUCTc6BB5sX.glb,0,1.0,0.0,-1.0,1.0,0.0,-1.0,0.6501909988183419,0.0,-0.6501909988183419,0.5214813060319216,0.13095488268907768,-0.3905264233428439,0.5214813060319216,0.0,-0.5214813060319216,1.2042498588562012,5.19234037399292,3.9880905151367188,99.0,168.0,69.0,15.70950984954834,23.912853240966797,8.203343391418457,0.08823529411764706,0.06930693069306931,-0.01892836342457775,0.0,0.0,0.0
796,mp3d/QUCTc6BB5sX/QUCTc6BB5sX.glb,0,1.0,1.0,0.0,1.0,1.0,0.0,0.740180244161809,0.740180244161809,0.0,0.8066027847190379,0.8066027847190379,0.0,0.8066027847190379,0.8066027847190379,0.0,2.476733684539795,2.476733684539795,0.0,74.0,74.0,0.0,12.703194618225098,12.703194618225098,0.0,0.05660377358490566,0.05660377358490566,0.0,0.0,0.0,0.0
797,mp3d/QUCTc6BB5sX/QUCTc6BB5sX.glb,0,1.0,1.0,0.0,1.0,1.0,0.0,1.0,1.0,0.0,0.9344541553421005,0.9344541553421005,0.0,0.9344541553421005,0.9344541553421005,0.0,1.259926676750183,1.259926676750183,0.0,54.0,54.0,0.0,8.953195571899414,8.953195571899414,0.0,0.07894736842105263,0.07894736842105263,0.0,0.0,0.0,0.0
798,mp3d/QUCTc6BB5sX/QUCTc6BB5sX.glb,0,1.0,1.0,0.0,1.0,1.0,0.0,0.8995004091791147,0.8995004091791147,0.0,0.9354271241906903,0.9354271241906903,0.0,0.9354271241906903,0.9354271241906903,0.0,0.3452594578266144,0.3452594578266144,0.0,64.0,64.0,0.0,10.453195571899414,10.453195571899414,0.0,0.06818181818181818,0.06818181818181818,0.0,0.0,0.0,0.0
799,mp3d/2azQ1b91cZZ/2azQ1b91cZZ.glb,0,0.0,0.0,0.0,0.0,0.0,0.0,0.0,0.0,0.0,0.00037944623714812186,0.018199482437398294,0.01782003620025017,0.0,0.0,0.0,10.765934944152832,8.005982398986816,-2.7599525451660156,348.0,279.0,-69.0,52.25002670288086,34.25143051147461,-17.99859619140625,0.0,0.007246376811594203,0.007246376811594203,0.0,0.0,0.0
800,mp3d/2azQ1b91cZZ/2azQ1b91cZZ.glb,0,0.0,0.0,0.0,0.0,0.0,0.0,0.0,0.0,0.0,0.0015110118343719438,0.001362076616504477,-0.00014893521786746669,0.0,0.0,0.0,17.874107360839844,12.001853942871094,-5.87225341796875,236.0,395.0,159.0,30.736345291137695,39.24415969848633,8.507814407348633,0.008064516129032258,0.006329113924050633,-0.001735402204981625,0.0,0.0,0.0
801,mp3d/2azQ1b91cZZ/2azQ1b91cZZ.glb,0,0.0,0.0,0.0,0.0,0.0,0.0,0.0,0.0,0.0,0.002015749812992437,0.0026022802746196423,0.0005865304616272052,0.0,0.0,0.0,11.889787673950195,11.882824897766113,-0.006962776184082031,339.0,301.0,-38.0,48.107635498046875,40.250022888183594,-7.857612609863281,0.02,0.0,-0.02,0.0,0.0,0.0
802,mp3d/2azQ1b91cZZ/2azQ1b91cZZ.glb,0,1.0,1.0,0.0,1.0,1.0,0.0,1.0,1.0,0.0,0.899070653692946,0.899070653692946,0.0,0.899070653692946,0.899070653692946,0.0,1.5016218423843384,1.5016218423843384,0.0,62.0,62.0,0.0,11.75000286102295,11.75000286102295,0.0,0.0,0.0,0.0,0.0,0.0,0.0
803,mp3d/2azQ1b91cZZ/2azQ1b91cZZ.glb,0,0.0,1.0,1.0,0.0,1.0,1.0,0.0,0.8405768371139684,0.8405768371139684,0.03942043339840648,0.5904634429839775,0.551043009585571,0.0,0.5904634429839775,0.5904634429839775,6.533440589904785,0.9735320806503296,-5.559908509254456,218.0,84.0,-134.0,29.589359283447266,15.250003814697266,-14.33935546875,0.03333333333333333,0.0,-0.03333333333333333,0.0,0.0,0.0
804,mp3d/2azQ1b91cZZ/2azQ1b91cZZ.glb,1,0.0,0.0,0.0,0.0,0.0,0.0,0.0,0.0,0.0,0.0,0.0,0.0,0.0,0.0,0.0,0.0,0.0,0.0,0.0,0.0,0.0,0.0,0.0,0.0,0.0,0.0,0.0,0.0,0.0,0.0
805,mp3d/2azQ1b91cZZ/2azQ1b91cZZ.glb,0,1.0,1.0,0.0,1.0,1.0,0.0,0.8917312383793842,0.8917312383793842,0.0,0.9329278481821106,0.9329278481821106,0.0,0.9329278481821106,0.9329278481821106,0.0,0.4145679473876953,0.4145679473876953,0.0,43.0,43.0,0.0,6.499998569488525,6.499998569488525,0.0,0.0,0.0,0.0,0.0,0.0,0.0
806,mp3d/2azQ1b91cZZ/2azQ1b91cZZ.glb,0,1.0,1.0,0.0,1.0,1.0,0.0,0.8917312383793842,0.8917312383793842,0.0,0.9329278481821106,0.9329278481821106,0.0,0.9329278481821106,0.9329278481821106,0.0,0.4145679473876953,0.4145679473876953,0.0,43.0,43.0,0.0,6.499998569488525,6.499998569488525,0.0,0.0,0.0,0.0,0.0,0.0,0.0
807,mp3d/2azQ1b91cZZ/2azQ1b91cZZ.glb,0,1.0,1.0,0.0,1.0,1.0,0.0,0.8917312383793842,0.8917312383793842,0.0,0.9329278481821106,0.9329278481821106,0.0,0.9329278481821106,0.9329278481821106,0.0,0.4145679473876953,0.4145679473876953,0.0,43.0,43.0,0.0,6.499998569488525,6.499998569488525,0.0,0.0,0.0,0.0,0.0,0.0,0.0
808,mp3d/2azQ1b91cZZ/2azQ1b91cZZ.glb,0,1.0,1.0,0.0,1.0,1.0,0.0,1.0,1.0,0.0,0.9510722223538121,0.9510722223538121,0.0,0.9510722223538121,0.9510722223538121,0.0,0.5691187381744385,0.5691187381744385,0.0,40.0,40.0,0.0,6.750000476837158,6.750000476837158,0.0,0.0,0.0,0.0,0.0,0.0,0.0
809,mp3d/2azQ1b91cZZ/2azQ1b91cZZ.glb,0,1.0,1.0,0.0,1.0,1.0,0.0,1.0,1.0,0.0,0.9510722223538121,0.9510722223538121,0.0,0.9510722223538121,0.9510722223538121,0.0,0.5691187381744385,0.5691187381744385,0.0,40.0,40.0,0.0,6.750000476837158,6.750000476837158,0.0,0.0,0.0,0.0,0.0,0.0,0.0
810,mp3d/2azQ1b91cZZ/2azQ1b91cZZ.glb,0,1.0,1.0,0.0,1.0,1.0,0.0,1.0,0.905155310775061,-0.09484468922493905,0.9510722223538121,0.9351597091933277,-0.015912513160484365,0.9510722223538121,0.9351597091933277,-0.015912513160484365,0.5691187381744385,0.4419823884963989,-0.12713634967803955,40.0,44.0,4.0,6.750000476837158,7.750000476837158,1.0,0.0,0.0,0.0,0.0,0.0,0.0
811,mp3d/oLBMNvg9in8/oLBMNvg9in8.glb,0,1.0,1.0,0.0,1.0,1.0,0.0,0.5098033552849267,0.5098033552849267,0.0,0.8043209895150313,0.8043209895150313,0.0,0.8043209895150313,0.8043209895150313,0.0,0.5021775364875793,0.5021775364875793,0.0,107.0,107.0,0.0,11.739117622375488,11.739117622375488,0.0,0.17647058823529413,0.17647058823529413,0.0,0.0,0.0,0.0
812,mp3d/oLBMNvg9in8/oLBMNvg9in8.glb,0,1.0,1.0,0.0,1.0,1.0,0.0,0.9721987642380411,0.9721987642380411,0.0,0.8917655638693066,0.8917655638693066,0.0,0.8917655638693066,0.8917655638693066,0.0,1.0294392108917236,1.0294392108917236,0.0,43.0,43.0,0.0,6.155779838562012,6.155779838562012,0.0,0.41379310344827586,0.41379310344827586,0.0,0.0,0.0,0.0
813,mp3d/oLBMNvg9in8/oLBMNvg9in8.glb,0,1.0,1.0,0.0,1.0,1.0,0.0,0.3803181099460797,0.5296383359366448,0.1493202259905651,0.6281113021817886,0.7771902654497479,0.14907896326795933,0.6281113021817886,0.7771902654497479,0.14907896326795933,0.284616619348526,0.3818081021308899,0.09719148278236389,161.0,96.0,-65.0,15.735883712768555,11.299487113952637,-4.436396598815918,0.18181818181818182,0.24489795918367346,0.06307977736549164,0.0,0.0,0.0
814,mp3d/TbHJrupSAjP/TbHJrupSAjP.glb,0,1.0,1.0,0.0,1.0,1.0,0.0,0.8000271764714749,0.7320516887484769,-0.067975487722998,0.9403933232359272,0.8927252404778511,-0.0476680827580761,0.9403933232359272,0.8927252404778511,-0.0476680827580761,0.27834901213645935,0.45523375272750854,0.1768847405910492,58.0,62.0,4.0,8.478205680847168,9.265459060668945,0.7872533798217773,0.0,0.02702702702702703,0.02702702702702703,0.0,0.0,0.0
815,mp3d/TbHJrupSAjP/TbHJrupSAjP.glb,0,1.0,1.0,0.0,1.0,1.0,0.0,0.41625874463528734,0.41625874463528734,0.0,0.7757201632094078,0.7757201632094078,0.0,0.7757201632094078,0.7757201632094078,0.0,0.27844730019569397,0.27844730019569397,0.0,144.0,144.0,0.0,16.294660568237305,16.294660568237305,0.0,0.0,0.0,0.0,0.0,0.0,0.0
816,mp3d/TbHJrupSAjP/TbHJrupSAjP.glb,0,1.0,1.0,0.0,1.0,1.0,0.0,0.8000271764714749,0.8000271764714749,0.0,0.9403933232359272,0.9403933232359272,0.0,0.9403933232359272,0.9403933232359272,0.0,0.27834901213645935,0.27834901213645935,0.0,58.0,58.0,0.0,8.478205680847168,8.478205680847168,0.0,0.0,0.0,0.0,0.0,0.0,0.0
817,mp3d/x8F5xyUWy9e/x8F5xyUWy9e.glb,0,1.0,1.0,0.0,1.0,1.0,0.0,1.0,1.0,0.0,0.9524625536728112,0.9524625536728112,0.0,0.9524625536728112,0.9524625536728112,0.0,0.8247349262237549,0.8247349262237549,0.0,35.0,35.0,0.0,7.109961986541748,7.109961986541748,0.0,0.0,0.0,0.0,0.0,0.0,0.0
818,mp3d/x8F5xyUWy9e/x8F5xyUWy9e.glb,0,1.0,1.0,0.0,1.0,1.0,0.0,1.0,1.0,0.0,0.9524625536728112,0.9524625536728112,0.0,0.9524625536728112,0.9524625536728112,0.0,0.8247349262237549,0.8247349262237549,0.0,35.0,35.0,0.0,7.109961986541748,7.109961986541748,0.0,0.0,0.0,0.0,0.0,0.0,0.0
819,mp3d/x8F5xyUWy9e/x8F5xyUWy9e.glb,0,1.0,1.0,0.0,1.0,1.0,0.0,1.0,1.0,0.0,0.9524625536728112,0.9524625536728112,0.0,0.9524625536728112,0.9524625536728112,0.0,0.8247349262237549,0.8247349262237549,0.0,35.0,35.0,0.0,7.109961986541748,7.109961986541748,0.0,0.0,0.0,0.0,0.0,0.0,0.0
820,mp3d/zsNo4HB9uLZ/zsNo4HB9uLZ.glb,0,0.0,0.0,0.0,1.0,1.0,0.0,0.0,0.0,0.0,0.778840457971768,0.7234391755465284,-0.05540128242523967,0.0,0.0,0.0,3.733001232147217,3.7330007553100586,-4.76837158203125e-07,65.0,91.0,26.0,8.250000953674316,10.75,2.4999990463256836,0.0,0.0,0.0,1.0,1.0,0.0
821,mp3d/zsNo4HB9uLZ/zsNo4HB9uLZ.glb,0,1.0,1.0,0.0,1.0,1.0,0.0,1.0,1.0,0.0,0.9347258338452928,0.9347258338452928,0.0,0.9347258338452928,0.9347258338452928,0.0,1.329459547996521,1.329459547996521,0.0,44.0,44.0,0.0,5.249999523162842,5.249999523162842,0.0,0.0,0.0,0.0,0.0,0.0,0.0
822,mp3d/zsNo4HB9uLZ/zsNo4HB9uLZ.glb,0,1.0,1.0,0.0,1.0,1.0,0.0,1.0,1.0,0.0,0.8771856065869557,0.8771856065869557,0.0,0.8771856065869557,0.8771856065869557,0.0,2.003849506378174,2.003849506378174,0.0,45.0,45.0,0.0,4.988900661468506,4.988900661468506,0.0,0.25,0.25,0.0,0.0,0.0,0.0
823,mp3d/Z6MFQCViBuw/Z6MFQCViBuw.glb,0,1.0,1.0,0.0,1.0,1.0,0.0,0.9945752632701659,0.9945752632701659,0.0,0.9800282167500972,0.9800282167500972,0.0,0.9800282167500972,0.9800282167500972,0.0,0.30439645051956177,0.30439645051956177,0.0,36.0,36.0,0.0,6.571969985961914,6.571969985961914,0.0,0.0,0.0,0.0,0.0,0.0,0.0
824,mp3d/Z6MFQCViBuw/Z6MFQCViBuw.glb,0,1.0,1.0,0.0,1.0,1.0,0.0,0.9945752632701659,0.9945752632701659,0.0,0.9800282167500972,0.9800282167500972,0.0,0.9800282167500972,0.9800282167500972,0.0,0.30439645051956177,0.30439645051956177,0.0,36.0,36.0,0.0,6.571969985961914,6.571969985961914,0.0,0.0,0.0,0.0,0.0,0.0,0.0
825,mp3d/Z6MFQCViBuw/Z6MFQCViBuw.glb,0,1.0,1.0,0.0,1.0,1.0,0.0,0.7354658661826105,0.7354658661826105,0.0,0.8113190520387102,0.8113190520387102,0.0,0.8113190520387102,0.8113190520387102,0.0,2.419398069381714,2.419398069381714,0.0,47.0,47.0,0.0,8.887317657470703,8.887317657470703,0.0,0.0,0.0,0.0,0.0,0.0,0.0
826,mp3d/zsNo4HB9uLZ/zsNo4HB9uLZ.glb,0,1.0,1.0,0.0,1.0,1.0,0.0,1.0,1.0,0.0,0.974967269006325,0.974967269006325,0.0,0.974967269006325,0.974967269006325,0.0,0.8280259370803833,0.8280259370803833,0.0,36.0,36.0,0.0,6.750030517578125,6.750030517578125,0.0,0.0,0.0,0.0,0.0,0.0,0.0
827,mp3d/zsNo4HB9uLZ/zsNo4HB9uLZ.glb,0,1.0,1.0,0.0,1.0,1.0,0.0,1.0,1.0,0.0,0.974967269006325,0.974967269006325,0.0,0.974967269006325,0.974967269006325,0.0,0.8280259370803833,0.8280259370803833,0.0,36.0,36.0,0.0,6.750030517578125,6.750030517578125,0.0,0.0,0.0,0.0,0.0,0.0,0.0
828,mp3d/zsNo4HB9uLZ/zsNo4HB9uLZ.glb,0,0.0,0.0,0.0,0.0,0.0,0.0,0.0,0.0,0.0,0.48095693263964107,0.48095693263964107,0.0,0.0,0.0,0.0,7.20775032043457,7.20775032043457,0.0,26.0,26.0,0.0,4.750030517578125,4.750030517578125,0.0,0.0,0.0,0.0,0.0,0.0,0.0
829,mp3d/TbHJrupSAjP/TbHJrupSAjP.glb,0,1.0,1.0,0.0,1.0,1.0,0.0,0.8138951998863311,0.7037071060413459,-0.11018809384498518,0.8929919720729784,0.8328846784995898,-0.06010729357338862,0.8929919720729784,0.8328846784995898,-0.06010729357338862,0.2339397668838501,0.2339397668838501,0.0,81.0,103.0,22.0,12.772833824157715,14.772833824157715,2.0,0.019230769230769232,0.016666666666666666,-0.0025641025641025654,0.0,0.0,0.0
830,mp3d/TbHJrupSAjP/TbHJrupSAjP.glb,0,1.0,1.0,0.0,1.0,1.0,0.0,0.7204578102791851,0.7204578102791851,0.0,0.7986386924983586,0.7986386924983586,0.0,0.7986386924983586,0.7986386924983586,0.0,0.7565147280693054,0.7565147280693054,0.0,109.0,109.0,0.0,14.429364204406738,14.429364204406738,0.0,0.06779661016949153,0.06779661016949153,0.0,0.0,0.0,0.0
831,mp3d/TbHJrupSAjP/TbHJrupSAjP.glb,0,1.0,1.0,0.0,1.0,1.0,0.0,0.5939948429452319,0.7037071060413459,0.10971226309611404,0.7552331795981071,0.8328846784995898,0.07765149890148271,0.7552331795981071,0.8328846784995898,0.07765149890148271,0.11701440811157227,0.2339397668838501,0.11692535877227783,125.0,103.0,-22.0,17.50141143798828,14.772833824157715,-2.7285776138305664,0.014084507042253521,0.016666666666666666,0.002582159624413145,0.0,0.0,0.0
832,mp3d/2azQ1b91cZZ/2azQ1b91cZZ.glb,0,0.0,0.0,0.0,0.0,0.0,0.0,0.0,0.0,0.0,0.35494683746096084,0.35494683746096084,0.0,0.0,0.0,0.0,9.422847747802734,9.422847747802734,0.0,44.0,44.0,0.0,6.745272636413574,6.745272636413574,0.0,0.03571428571428571,0.03571428571428571,0.0,0.0,0.0,0.0
833,mp3d/2azQ1b91cZZ/2azQ1b91cZZ.glb,0,0.0,0.0,0.0,0.0,0.0,0.0,0.0,0.0,0.0,0.35494683746096084,0.35494683746096084,0.0,0.0,0.0,0.0,9.422847747802734,9.422847747802734,0.0,44.0,44.0,0.0,6.745272636413574,6.745272636413574,0.0,0.03571428571428571,0.03571428571428571,0.0,0.0,0.0,0.0
834,mp3d/2azQ1b91cZZ/2azQ1b91cZZ.glb,0,1.0,1.0,0.0,1.0,1.0,0.0,0.7351475165409684,0.8261922519576541,0.09104473541668567,0.6387786694120265,0.6468857936465562,0.008107124234529639,0.6387786694120265,0.6468857936465562,0.008107124234529639,0.48919859528541565,1.21686851978302,0.7276699244976044,92.0,81.0,-11.0,13.478076934814453,11.992819786071777,-1.4852571487426758,0.15789473684210525,0.12,-0.03789473684210526,0.0,0.0,0.0
835,mp3d/TbHJrupSAjP/TbHJrupSAjP.glb,0,1.0,1.0,0.0,1.0,1.0,0.0,0.9546880042568247,0.9546880042568247,0.0,0.8990370779442366,0.8990370779442366,0.0,0.8990370779442366,0.8990370779442366,0.0,0.8382739424705505,0.8382739424705505,0.0,40.0,40.0,0.0,6.445015907287598,6.445015907287598,0.0,0.0,0.0,0.0,0.0,0.0,0.0
836,mp3d/TbHJrupSAjP/TbHJrupSAjP.glb,0,1.0,1.0,0.0,1.0,1.0,0.0,0.9546880042568247,0.9546880042568247,0.0,0.8990370779442366,0.8990370779442366,0.0,0.8990370779442366,0.8990370779442366,0.0,0.8382739424705505,0.8382739424705505,0.0,40.0,40.0,0.0,6.445015907287598,6.445015907287598,0.0,0.0,0.0,0.0,0.0,0.0,0.0
837,mp3d/TbHJrupSAjP/TbHJrupSAjP.glb,0,1.0,1.0,0.0,1.0,1.0,0.0,0.9546880042568247,0.9546880042568247,0.0,0.8990370779442366,0.8990370779442366,0.0,0.8990370779442366,0.8990370779442366,0.0,0.8382739424705505,0.8382739424705505,0.0,40.0,40.0,0.0,6.445015907287598,6.445015907287598,0.0,0.0,0.0,0.0,0.0,0.0,0.0
838,mp3d/oLBMNvg9in8/oLBMNvg9in8.glb,0,1.0,1.0,0.0,1.0,1.0,0.0,0.7142825857076275,0.7142825857076275,0.0,0.8047210220816148,0.8047210220816148,0.0,0.8047210220816148,0.8047210220816148,0.0,1.7005021572113037,1.7005021572113037,0.0,47.0,47.0,0.0,6.640868663787842,6.640868663787842,0.0,0.0,0.0,0.0,0.0,0.0,0.0
839,mp3d/oLBMNvg9in8/oLBMNvg9in8.glb,0,1.0,1.0,0.0,1.0,1.0,0.0,0.7142825857076275,0.7142825857076275,0.0,0.8047210220816148,0.8047210220816148,0.0,0.8047210220816148,0.8047210220816148,0.0,1.7005021572113037,1.7005021572113037,0.0,47.0,47.0,0.0,6.640868663787842,6.640868663787842,0.0,0.0,0.0,0.0,0.0,0.0,0.0
840,mp3d/oLBMNvg9in8/oLBMNvg9in8.glb,0,1.0,1.0,0.0,1.0,1.0,0.0,0.8450656246307311,0.8450656246307311,0.0,0.8840225760488647,0.8840225760488647,0.0,0.8840225760488647,0.8840225760488647,0.0,0.5767848491668701,0.5767848491668701,0.0,40.0,40.0,0.0,5.613122463226318,5.613122463226318,0.0,0.0,0.0,0.0,0.0,0.0,0.0
841,mp3d/QUCTc6BB5sX/QUCTc6BB5sX.glb,0,0.0,0.0,0.0,0.0,0.0,0.0,0.0,0.0,0.0,0.005020057638075911,0.0010142741858568181,-0.004005783452219093,0.0,0.0,0.0,18.21612548828125,18.546911239624023,0.33078575134277344,171.0,197.0,26.0,31.30895233154297,36.30325698852539,4.994304656982422,0.0,0.00684931506849315,0.00684931506849315,0.0,0.0,0.0
842,mp3d/QUCTc6BB5sX/QUCTc6BB5sX.glb,0,0.0,0.0,0.0,0.0,0.0,0.0,0.0,0.0,0.0,0.0028488586937411727,0.0006090931168353873,-0.0022397655769057856,0.0,0.0,0.0,16.64246940612793,16.63703727722168,-0.00543212890625,178.0,193.0,15.0,32.297325134277344,36.277748107910156,3.9804229736328125,0.0,0.0136986301369863,0.0136986301369863,0.0,0.0,0.0
843,mp3d/QUCTc6BB5sX/QUCTc6BB5sX.glb,0,0.0,0.0,0.0,0.0,0.0,0.0,0.0,0.0,0.0,0.0003783720398863044,0.0003433077532712425,-3.5064286615061886e-05,0.0,0.0,0.0,32.777381896972656,32.03364181518555,-0.7437400817871094,142.0,144.0,2.0,24.27930450439453,24.318544387817383,0.03923988342285156,0.0,0.050505050505050504,0.050505050505050504,0.0,0.0,0.0
844,mp3d/oLBMNvg9in8/oLBMNvg9in8.glb,0,1.0,1.0,0.0,1.0,1.0,0.0,0.6771822280159048,0.6771822280159048,0.0,0.7910953153284725,0.7910953153284725,0.0,0.7910953153284725,0.7910953153284725,0.0,0.5637600421905518,0.5637600421905518,0.0,82.0,82.0,0.0,11.580939292907715,11.580939292907715,0.0,0.22916666666666666,0.22916666666666666,0.0,0.0,0.0,0.0
845,mp3d/oLBMNvg9in8/oLBMNvg9in8.glb,0,1.0,1.0,0.0,1.0,1.0,0.0,0.6608637545355551,0.6608637545355551,0.0,0.5989191102148911,0.5989191102148911,0.0,0.5989191102148911,0.5989191102148911,0.0,2.9580583572387695,2.9580583572387695,0.0,84.0,84.0,0.0,11.866903305053711,11.866903305053711,0.0,0.0,0.0,0.0,0.0,0.0,0.0
846,mp3d/oLBMNvg9in8/oLBMNvg9in8.glb,0,1.0,1.0,0.0,1.0,1.0,0.0,0.35650388955078655,0.42458513755637783,0.06808124800559129,0.33303079124429646,0.4886392238562083,0.15560843261191182,0.33303079124429646,0.4886392238562083,0.15560843261191182,0.9548870325088501,1.4514813423156738,0.49659430980682373,159.0,144.0,-15.0,21.99809455871582,18.47075080871582,-3.52734375,0.125,0.014084507042253521,-0.11091549295774648,0.0,0.0,0.0
847,mp3d/Z6MFQCViBuw/Z6MFQCViBuw.glb,0,0.0,0.0,0.0,0.0,0.0,0.0,0.0,0.0,0.0,0.11550537637234096,0.10180328027478781,-0.013702096097553143,0.0,0.0,0.0,12.087591171264648,12.92412281036377,0.8365316390991211,72.0,55.0,-17.0,13.448467254638672,10.532913208007812,-2.9155540466308594,0.0,0.0,0.0,0.0,0.0,0.0
848,mp3d/Z6MFQCViBuw/Z6MFQCViBuw.glb,0,0.0,0.0,0.0,1.0,1.0,0.0,0.0,0.0,0.0,0.6328998142933614,0.6328998142933614,0.0,0.0,0.0,0.0,3.561253070831299,3.561253070831299,0.0,64.0,64.0,0.0,12.440980911254883,12.440980911254883,0.0,0.0,0.0,0.0,1.0,1.0,0.0
849,mp3d/Z6MFQCViBuw/Z6MFQCViBuw.glb,0,1.0,1.0,0.0,1.0,1.0,0.0,1.0,1.0,0.0,0.8204322843809796,0.8204322843809796,0.0,0.8204322843809796,0.8204322843809796,0.0,2.2086966037750244,2.2086966037750244,0.0,40.0,40.0,0.0,6.506155967712402,6.506155967712402,0.0,0.0,0.0,0.0,0.0,0.0,0.0
850,mp3d/oLBMNvg9in8/oLBMNvg9in8.glb,0,0.0,0.0,0.0,0.0,0.0,0.0,0.0,0.0,0.0,0.3367697449650584,0.3367697437154137,-1.2496447210352812e-09,0.0,0.0,0.0,14.041558265686035,14.041558265686035,0.0,144.0,137.0,-7.0,3.549306869506836,3.549306869506836,0.0,3.6666666666666665,3.8333333333333335,0.16666666666666696,0.0,0.0,0.0
851,mp3d/oLBMNvg9in8/oLBMNvg9in8.glb,0,0.0,0.0,0.0,0.0,0.0,0.0,0.0,0.0,0.0,0.33282078660342823,0.33282078660342823,0.0,0.0,0.0,0.0,14.041558265686035,14.041558265686035,0.0,190.0,190.0,0.0,7.310518264770508,7.310518264770508,0.0,1.8235294117647058,1.8235294117647058,0.0,0.0,0.0,0.0
852,mp3d/oLBMNvg9in8/oLBMNvg9in8.glb,0,0.0,0.0,0.0,0.0,0.0,0.0,0.0,0.0,0.0,0.3288950010632658,0.3406257951302372,0.011730794066971417,0.0,0.0,0.0,14.024219512939453,14.041558265686035,0.01733875274658203,255.0,251.0,-4.0,15.054391860961914,15.983537673950195,0.9291458129882812,0.8923076923076924,0.7246376811594203,-0.16767001114827207,0.0,0.0,0.0
853,mp3d/X7HyMhZNoso/X7HyMhZNoso.glb,0,1.0,1.0,0.0,1.0,1.0,0.0,0.7125839928928782,0.7125839928928782,0.0,0.8390973600538915,0.8390973600538915,0.0,0.8390973600538915,0.8390973600538915,0.0,0.7034522891044617,0.7034522891044617,0.0,81.0,81.0,0.0,12.46424388885498,12.46424388885498,0.0,0.11764705882352941,0.11764705882352941,0.0,0.0,0.0,0.0
854,mp3d/X7HyMhZNoso/X7HyMhZNoso.glb,0,1.0,1.0,0.0,1.0,1.0,0.0,0.7125839928928782,0.7125839928928782,0.0,0.8390973600538915,0.8390973600538915,0.0,0.8390973600538915,0.8390973600538915,0.0,0.7034522891044617,0.7034522891044617,0.0,81.0,81.0,0.0,12.46424388885498,12.46424388885498,0.0,0.11764705882352941,0.11764705882352941,0.0,0.0,0.0,0.0
855,mp3d/X7HyMhZNoso/X7HyMhZNoso.glb,0,1.0,1.0,0.0,1.0,1.0,0.0,0.7125839928928782,0.7125839928928782,0.0,0.8390973600538915,0.8390973600538915,0.0,0.8390973600538915,0.8390973600538915,0.0,0.7034522891044617,0.7034522891044617,0.0,81.0,81.0,0.0,12.46424388885498,12.46424388885498,0.0,0.11764705882352941,0.11764705882352941,0.0,0.0,0.0,0.0
856,mp3d/X7HyMhZNoso/X7HyMhZNoso.glb,0,0.0,0.0,0.0,0.0,0.0,0.0,0.0,0.0,0.0,0.045227187913698785,0.045227187913698785,0.0,0.0,0.0,0.0,11.213935852050781,11.213935852050781,0.0,128.0,128.0,0.0,19.72464942932129,19.72464942932129,0.0,0.01282051282051282,0.01282051282051282,0.0,0.0,0.0,0.0
857,mp3d/X7HyMhZNoso/X7HyMhZNoso.glb,0,0.0,0.0,0.0,0.0,0.0,0.0,0.0,0.0,0.0,0.23188739748654869,0.23188739748654869,0.0,0.0,0.0,0.0,9.057393074035645,9.057393074035645,0.0,59.0,59.0,0.0,9.388092041015625,9.388092041015625,0.0,0.0,0.0,0.0,0.0,0.0,0.0
858,mp3d/X7HyMhZNoso/X7HyMhZNoso.glb,0,0.0,0.0,0.0,0.0,0.0,0.0,0.0,0.0,0.0,0.04439847486561736,0.008731481253843943,-0.03566699361177342,0.0,0.0,0.0,8.909627914428711,14.468048095703125,5.558420181274414,184.0,156.0,-28.0,26.51211929321289,27.194416046142578,0.6822967529296875,0.06422018348623854,0.0,-0.06422018348623854,0.0,0.0,0.0
859,mp3d/2azQ1b91cZZ/2azQ1b91cZZ.glb,0,0.0,0.0,0.0,0.0,0.0,0.0,0.0,0.0,0.0,7.486285650599805e-05,7.486285650599805e-05,0.0,0.0,0.0,0.0,21.786542892456055,21.786542892456055,0.0,139.0,139.0,0.0,25.135597229003906,25.135597229003906,0.0,0.0196078431372549,0.0196078431372549,0.0,0.0,0.0,0.0
860,mp3d/2azQ1b91cZZ/2azQ1b91cZZ.glb,0,0.0,0.0,0.0,0.0,0.0,0.0,0.0,0.0,0.0,4.925835535405304e-08,0.0032686831730021505,0.003268633914646796,0.0,0.0,0.0,18.502037048339844,17.893402099609375,-0.6086349487304688,448.0,121.0,-327.0,79.78313446044922,19.635589599609375,-60.147544860839844,0.021806853582554516,0.025,0.0031931464174454853,0.0,0.0,0.0
861,mp3d/2azQ1b91cZZ/2azQ1b91cZZ.glb,0,0.0,0.0,0.0,0.0,0.0,0.0,0.0,0.0,0.0,3.129408898809309e-09,3.1603877072967955e-06,3.157258298397986e-06,0.0,0.0,0.0,21.542625427246094,19.2141056060791,-2.328519821166992,335.0,209.0,-126.0,55.616127014160156,33.3519172668457,-22.264209747314453,0.013392857142857142,0.044444444444444446,0.031051587301587302,0.0,0.0,0.0
862,mp3d/zsNo4HB9uLZ/zsNo4HB9uLZ.glb,0,0.0,1.0,1.0,0.0,1.0,1.0,0.0,1.0,1.0,0.793544998483986,0.8745491452783125,0.08100414679432655,0.0,0.8745491452783125,0.8745491452783125,3.915149688720703,2.6727488040924072,-1.242400884628296,46.0,53.0,7.0,8.000000953674316,9.250000953674316,1.25,0.0,0.0,0.0,0.0,0.0,0.0
863,mp3d/zsNo4HB9uLZ/zsNo4HB9uLZ.glb,0,1.0,1.0,0.0,1.0,1.0,0.0,1.0,0.8739983793667084,-0.12600162063329157,0.9243667607438041,0.8942934874794654,-0.03007327326433873,0.9243667607438041,0.8942934874794654,-0.03007327326433873,0.9668811559677124,1.1840866804122925,0.21720552444458008,60.0,87.0,27.0,11.000000953674316,12.750703811645508,1.7507028579711914,0.0,0.0,0.0,0.0,0.0,0.0
864,mp3d/zsNo4HB9uLZ/zsNo4HB9uLZ.glb,0,1.0,1.0,0.0,1.0,1.0,0.0,1.0,1.0,0.0,0.9243667607438041,0.9243667607438041,0.0,0.9243667607438041,0.9243667607438041,0.0,0.9668811559677124,0.9668811559677124,0.0,60.0,60.0,0.0,11.000000953674316,11.000000953674316,0.0,0.0,0.0,0.0,0.0,0.0,0.0
865,mp3d/zsNo4HB9uLZ/zsNo4HB9uLZ.glb,0,1.0,1.0,0.0,1.0,1.0,0.0,0.951655079208041,0.951655079208041,0.0,0.8753509626730505,0.903098660343939,0.027747697670888583,0.8753509626730505,0.903098660343939,0.027747697670888583,2.546323299407959,1.2508031129837036,-1.2955201864242554,101.0,100.0,-1.0,15.00000286102295,15.00000286102295,0.0,0.0,0.0,0.0,0.0,0.0,0.0
866,mp3d/zsNo4HB9uLZ/zsNo4HB9uLZ.glb,0,0.0,0.0,0.0,0.0,0.0,0.0,0.0,0.0,0.0,0.28160793845294446,0.28160793845294446,0.0,0.0,0.0,0.0,11.901738166809082,11.901738166809082,0.0,47.0,47.0,0.0,7.000000953674316,7.000000953674316,0.0,0.0,0.0,0.0,0.0,0.0,0.0
867,mp3d/zsNo4HB9uLZ/zsNo4HB9uLZ.glb,0,0.0,0.0,0.0,0.0,0.0,0.0,0.0,0.0,0.0,0.10780785081421772,0.1528220673096056,0.04501421649538788,0.0,0.0,0.0,11.636286735534668,12.549688339233398,0.9134016036987305,288.0,323.0,35.0,37.752357482910156,35.0176887512207,-2.734668731689453,0.013157894736842105,0.0,-0.013157894736842105,0.0,0.0,0.0
868,mp3d/zsNo4HB9uLZ/zsNo4HB9uLZ.glb,0,0.0,0.0,0.0,0.0,0.0,0.0,0.0,0.0,0.0,0.7623186281012765,0.7586293173202772,-0.003689310780999322,0.0,0.0,0.0,3.828238010406494,5.223862648010254,1.3956246376037598,55.0,61.0,6.0,7.205679893493652,8.705679893493652,1.5,0.2571428571428571,0.21951219512195122,-0.0376306620209059,0.0,0.0,0.0
869,mp3d/zsNo4HB9uLZ/zsNo4HB9uLZ.glb,0,1.0,1.0,0.0,1.0,1.0,0.0,0.990987386045941,0.990987386045941,0.0,0.9120236741127331,0.9120236741127331,0.0,0.9120236741127331,0.9120236741127331,0.0,0.7895545363426208,0.7895545363426208,0.0,61.0,61.0,0.0,8.956436157226562,8.956436157226562,0.0,0.21428571428571427,0.21428571428571427,0.0,0.0,0.0,0.0
870,mp3d/zsNo4HB9uLZ/zsNo4HB9uLZ.glb,0,1.0,1.0,0.0,1.0,1.0,0.0,0.7423379805587039,0.5934378459168422,-0.1489001346418617,0.8723743486419278,0.7329489209828199,-0.13942542765910781,0.8723743486419278,0.7329489209828199,-0.13942542765910781,0.7895545363426208,0.7895545363426208,0.0,97.0,109.0,12.0,11.95643424987793,14.956436157226562,3.000001907348633,0.16666666666666666,0.13636363636363635,-0.030303030303030304,0.0,0.0,0.0
871,mp3d/Z6MFQCViBuw/Z6MFQCViBuw.glb,0,0.0,0.0,0.0,0.0,0.0,0.0,0.0,0.0,0.0,0.020168745442957246,0.009443205478134356,-0.01072553996482289,0.0,0.0,0.0,25.06850242614746,27.09551239013672,2.027009963989258,51.0,64.0,13.0,11.828256607055664,14.328265190124512,2.5000085830688477,0.0,0.0,0.0,0.0,0.0,0.0
872,mp3d/Z6MFQCViBuw/Z6MFQCViBuw.glb,0,0.0,0.0,0.0,0.0,0.0,0.0,0.0,0.0,0.0,0.13039844798460412,0.13976303332674087,0.009364585342136744,0.0,0.0,0.0,9.871147155761719,10.774343490600586,0.9031963348388672,130.0,115.0,-15.0,19.458770751953125,19.01531219482422,-0.44345855712890625,0.0,0.025974025974025976,0.025974025974025976,0.0,0.0,0.0
873,mp3d/Z6MFQCViBuw/Z6MFQCViBuw.glb,0,1.0,1.0,0.0,1.0,1.0,0.0,0.9055879918386487,0.9055879918386487,0.0,0.8708557040934704,0.8708557040934704,0.0,0.8708557040934704,0.8708557040934704,0.0,0.9005482196807861,0.9005482196807861,0.0,73.0,73.0,0.0,14.814092636108398,14.814092636108398,0.0,0.0,0.0,0.0,0.0,0.0,0.0
874,mp3d/QUCTc6BB5sX/QUCTc6BB5sX.glb,0,0.0,1.0,1.0,0.0,1.0,1.0,0.0,0.39788053423735087,0.39788053423735087,0.15525796667864222,0.40636687439599467,0.25110890771735245,0.0,0.40636687439599467,0.40636687439599467,10.607156753540039,1.9697827100753784,-8.63737404346466,58.0,201.0,143.0,9.500000953674316,29.684295654296875,20.18429470062256,0.0,0.016666666666666666,0.016666666666666666,0.0,0.0,0.0
875,mp3d/QUCTc6BB5sX/QUCTc6BB5sX.glb,0,0.0,0.0,0.0,0.0,0.0,0.0,0.0,0.0,0.0,0.046767202261771966,0.008337173199613425,-0.03843002906215854,0.0,0.0,0.0,10.132059097290039,10.242684364318848,0.1106252670288086,122.0,196.0,74.0,18.975757598876953,29.47576141357422,10.500003814697266,0.012987012987012988,0.008403361344537815,-0.004583651642475173,0.0,0.0,0.0
876,mp3d/QUCTc6BB5sX/QUCTc6BB5sX.glb,0,1.0,1.0,0.0,1.0,1.0,0.0,0.5974985728957883,0.597497016259972,-1.5566358163576766e-06,0.20981014897573083,0.32236934064064077,0.11255919166490994,0.20981014897573083,0.32236934064064077,0.11255919166490994,1.5762462615966797,0.5798724889755249,-0.9963737726211548,122.0,122.0,0.0,19.76708221435547,19.767133712768555,5.14984130859375e-05,0.0,0.0,0.0,0.0,0.0,0.0
877,mp3d/QUCTc6BB5sX/QUCTc6BB5sX.glb,0,1.0,1.0,0.0,1.0,1.0,0.0,0.9852262269734684,0.9852262269734684,0.0,0.9494730810830593,0.9494730810830593,0.0,0.9494730810830593,0.9494730810830593,0.0,0.4440602660179138,0.4440602660179138,0.0,54.0,54.0,0.0,10.756855010986328,10.756855010986328,0.0,0.0,0.0,0.0,0.0,0.0,0.0
878,mp3d/QUCTc6BB5sX/QUCTc6BB5sX.glb,0,1.0,1.0,0.0,1.0,1.0,0.0,0.8826570877117735,0.8646538868471353,-0.018003200864638247,0.9146798688937924,0.8664078933999263,-0.04827197549386608,0.9146798688937924,0.8664078933999263,-0.04827197549386608,0.9290708899497986,1.2869656085968018,0.3578947186470032,64.0,70.0,6.0,12.006855010986328,12.256853103637695,0.2499980926513672,0.0,0.0,0.0,0.0,0.0,0.0
879,mp3d/QUCTc6BB5sX/QUCTc6BB5sX.glb,0,1.0,1.0,0.0,1.0,1.0,0.0,0.8646537522941519,0.8646537522941519,0.0,0.8830228485065682,0.8830228485065682,0.0,0.8830228485065682,0.8830228485065682,0.0,1.7110430002212524,1.7110430002212524,0.0,60.0,60.0,0.0,12.256855010986328,12.256855010986328,0.0,0.0,0.0,0.0,0.0,0.0,0.0
880,mp3d/2azQ1b91cZZ/2azQ1b91cZZ.glb,0,1.0,1.0,0.0,1.0,1.0,0.0,0.749299235525435,0.749299235525435,0.0,0.7941710596756314,0.7941710596756314,0.0,0.7941710596756314,0.7941710596756314,0.0,2.7357702255249023,2.7357702255249023,0.0,54.0,54.0,0.0,10.250000953674316,10.250000953674316,0.0,0.0,0.0,0.0,0.0,0.0,0.0
881,mp3d/2azQ1b91cZZ/2azQ1b91cZZ.glb,0,1.0,1.0,0.0,1.0,1.0,0.0,0.9035668092615464,0.9035668092615464,0.0,0.9522056737953521,0.9522056737953521,0.0,0.9522056737953521,0.9522056737953521,0.0,0.44538238644599915,0.44538238644599915,0.0,47.0,47.0,0.0,8.5,8.5,0.0,0.0,0.0,0.0,0.0,0.0,0.0
882,mp3d/2azQ1b91cZZ/2azQ1b91cZZ.glb,0,0.0,0.0,0.0,0.0,0.0,0.0,0.0,0.0,0.0,0.010210867216329533,0.010210867216329533,0.0,0.0,0.0,0.0,18.441650390625,18.441650390625,0.0,65.0,65.0,0.0,12.820591926574707,12.820591926574707,0.0,0.05555555555555555,0.05555555555555555,0.0,0.0,0.0,0.0
883,mp3d/EU6Fwq7SyZv/EU6Fwq7SyZv.glb,0,1.0,1.0,0.0,1.0,1.0,0.0,0.938259313812043,0.938259313812043,0.0,0.8882008894255954,0.8882008894255954,0.0,0.8882008894255954,0.8882008894255954,0.0,2.0952470302581787,2.0952470302581787,0.0,111.0,111.0,0.0,7.486043930053711,7.486043930053711,0.0,1.3666666666666667,1.3666666666666667,0.0,0.0,0.0,0.0
884,mp3d/EU6Fwq7SyZv/EU6Fwq7SyZv.glb,0,1.0,1.0,0.0,1.0,1.0,0.0,0.9073659657606465,0.938259313812043,0.03089334805139643,0.9354745018661085,0.8882008894255954,-0.04727361244051309,0.9354745018661085,0.8882008894255954,-0.04727361244051309,0.3089785873889923,2.0952470302581787,1.7862684428691864,55.0,65.0,10.0,7.7409234046936035,7.486043930053711,-0.2548794746398926,0.0,0.3333333333333333,0.3333333333333333,0.0,0.0,0.0
885,mp3d/EU6Fwq7SyZv/EU6Fwq7SyZv.glb,0,1.0,1.0,0.0,1.0,1.0,0.0,0.9509624390004247,0.938259313812043,-0.012703125188381681,0.8967293696577989,0.8882008894255954,-0.008528480232203539,0.8967293696577989,0.8882008894255954,-0.008528480232203539,2.0952470302581787,2.0952470302581787,0.0,56.0,65.0,9.0,7.386044025421143,7.486043930053711,0.09999990463256836,0.20689655172413793,0.3333333333333333,0.1264367816091954,0.0,0.0,0.0
886,mp3d/EU6Fwq7SyZv/EU6Fwq7SyZv.glb,0,0.0,1.0,1.0,1.0,1.0,0.0,0.0,0.45002789368024426,0.45002789368024426,0.19435779049087862,0.3901815699042459,0.1958237794133673,0.0,0.3901815699042459,0.3901815699042459,4.57948112487793,2.7031307220458984,-1.8763504028320312,120.0,91.0,-29.0,20.306018829345703,15.79389476776123,-4.512124061584473,0.0,0.03125,0.03125,1.0,0.0,-1.0
887,mp3d/EU6Fwq7SyZv/EU6Fwq7SyZv.glb,0,1.0,1.0,0.0,1.0,1.0,0.0,0.7264458335120298,0.7264458335120298,0.0,0.8155844533732951,0.8155844533732951,0.0,0.8155844533732951,0.8155844533732951,0.0,0.07731311023235321,0.07731311023235321,0.0,50.0,50.0,0.0,9.784202575683594,9.784202575683594,0.0,0.0,0.0,0.0,0.0,0.0,0.0
888,mp3d/EU6Fwq7SyZv/EU6Fwq7SyZv.glb,0,1.0,0.0,-1.0,1.0,1.0,0.0,0.566580215736578,0.0,-0.566580215736578,0.6495819162874207,0.625617610896652,-0.02396430539076866,0.6495819162874207,0.0,-0.6495819162874207,0.1931745558977127,3.683739423751831,3.4905648678541183,70.0,62.0,-8.0,12.544901847839355,12.035496711730957,-0.5094051361083984,0.0,0.0,0.0,0.0,1.0,1.0
889,mp3d/QUCTc6BB5sX/QUCTc6BB5sX.glb,0,0.0,0.0,0.0,0.0,0.0,0.0,0.0,0.0,0.0,0.4595343933593215,0.7405175335571047,0.2809831401977832,0.0,0.0,0.0,8.600973129272461,4.400646209716797,-4.200326919555664,183.0,125.0,-58.0,14.319145202636719,15.339011192321777,1.0198659896850586,0.6271186440677966,0.36507936507936506,-0.26203927898843155,0.0,0.0,0.0
890,mp3d/QUCTc6BB5sX/QUCTc6BB5sX.glb,0,0.0,0.0,0.0,0.0,0.0,0.0,0.0,0.0,0.0,0.6686901690904987,0.6686901690904987,0.0,0.0,0.0,0.0,8.127613067626953,8.127613067626953,0.0,75.0,75.0,0.0,15.00000286102295,15.00000286102295,0.0,0.0,0.0,0.0,0.0,0.0,0.0
891,mp3d/QUCTc6BB5sX/QUCTc6BB5sX.glb,0,0.0,0.0,0.0,0.0,0.0,0.0,0.0,0.0,0.0,0.003964313451667722,0.003964313451667722,0.0,0.0,0.0,0.0,32.649478912353516,32.649478912353516,0.0,103.0,103.0,0.0,19.44029998779297,19.44029998779297,0.0,0.012658227848101266,0.012658227848101266,0.0,0.0,0.0,0.0
892,mp3d/zsNo4HB9uLZ/zsNo4HB9uLZ.glb,0,1.0,1.0,0.0,1.0,1.0,0.0,1.0,1.0,0.0,0.9421940937616672,0.9287959641707376,-0.013398129590929564,0.9421940937616672,0.9287959641707376,-0.013398129590929564,1.1786706447601318,1.8769264221191406,0.6982557773590088,48.0,44.0,-4.0,10.00000286102295,9.250000953674316,-0.7500019073486328,0.0,0.0,0.0,0.0,0.0,0.0
893,mp3d/zsNo4HB9uLZ/zsNo4HB9uLZ.glb,0,1.0,1.0,0.0,1.0,1.0,0.0,1.0,1.0,0.0,0.9421940937616672,0.8730279032905977,-0.06916619047106953,0.9421940937616672,0.8730279032905977,-0.06916619047106953,1.1786706447601318,2.869680643081665,1.6910099983215332,48.0,40.0,-8.0,10.00000286102295,8.250000953674316,-1.7500019073486328,0.0,0.0,0.0,0.0,0.0,0.0
894,mp3d/zsNo4HB9uLZ/zsNo4HB9uLZ.glb,0,1.0,1.0,0.0,1.0,1.0,0.0,1.0,1.0,0.0,0.9287959641707376,0.9287959641707376,0.0,0.9287959641707376,0.9287959641707376,0.0,1.8769264221191406,1.8769264221191406,0.0,44.0,44.0,0.0,9.250000953674316,9.250000953674316,0.0,0.0,0.0,0.0,0.0,0.0,0.0
895,mp3d/TbHJrupSAjP/TbHJrupSAjP.glb,0,1.0,1.0,0.0,1.0,1.0,0.0,0.8158750142136665,0.8158750142136665,0.0,0.327885166810001,0.327885166810001,0.0,0.327885166810001,0.327885166810001,0.0,0.2291146218776703,0.2291146218776703,0.0,118.0,118.0,0.0,18.25,18.25,0.0,0.0,0.0,0.0,0.0,0.0,0.0
896,mp3d/TbHJrupSAjP/TbHJrupSAjP.glb,0,1.0,1.0,0.0,1.0,1.0,0.0,0.902407004059993,0.8889383470975566,-0.013468656962436376,0.346211594032454,0.3470530423768999,0.0008414483444458831,0.346211594032454,0.3470530423768999,0.0008414483444458831,1.2695988416671753,0.6025775074958801,-0.6670213341712952,103.0,106.0,3.0,16.500003814697266,16.750001907348633,0.2499980926513672,0.0,0.0,0.0,0.0,0.0,0.0
897,mp3d/TbHJrupSAjP/TbHJrupSAjP.glb,0,0.0,0.0,0.0,0.0,0.0,0.0,0.0,0.0,0.0,0.26438136831110637,0.26438136831110637,0.0,0.0,0.0,0.0,5.437756538391113,5.437756538391113,0.0,93.0,93.0,0.0,14.75,14.75,0.0,0.0,0.0,0.0,0.0,0.0,0.0
898,mp3d/zsNo4HB9uLZ/zsNo4HB9uLZ.glb,0,1.0,1.0,0.0,1.0,1.0,0.0,1.0,1.0,0.0,0.9241500579686939,0.9241500579686939,0.0,0.9241500579686939,0.9241500579686939,0.0,1.1743825674057007,1.1743825674057007,0.0,42.0,42.0,0.0,5.581829071044922,5.581829071044922,0.0,0.125,0.125,0.0,0.0,0.0,0.0
899,mp3d/zsNo4HB9uLZ/zsNo4HB9uLZ.glb,0,1.0,0.0,-1.0,1.0,1.0,0.0,0.9133578048860839,0.0,-0.9133578048860839,0.9288966535810391,0.8353946816056319,-0.09350197197540722,0.9288966535810391,0.0,-0.9288966535810391,0.17208439111709595,3.2482047080993652,3.0761203169822693,47.0,45.0,-2.0,6.831829071044922,6.081828594207764,-0.7500004768371582,0.10344827586206896,0.11538461538461539,0.011936339522546427,0.0,1.0,1.0
900,mp3d/zsNo4HB9uLZ/zsNo4HB9uLZ.glb,0,1.0,1.0,0.0,1.0,1.0,0.0,1.0,0.9133578048860839,-0.08664219511391613,0.9241500579686939,0.9288966535810391,0.00474659561234525,0.9241500579686939,0.9288966535810391,0.00474659561234525,1.1743825674057007,0.17208439111709595,-1.0022981762886047,42.0,47.0,5.0,5.581829071044922,6.831829071044922,1.25,0.125,0.10344827586206896,-0.021551724137931036,0.0,0.0,0.0
901,mp3d/X7HyMhZNoso/X7HyMhZNoso.glb,0,0.0,0.0,0.0,1.0,1.0,0.0,0.0,0.0,0.0,0.12745694158268958,0.12745694158268958,0.0,0.0,0.0,0.0,8.954244613647461,8.954244613647461,0.0,109.0,109.0,0.0,16.65393829345703,16.65393829345703,0.0,0.0,0.0,0.0,1.0,1.0,0.0
902,mp3d/X7HyMhZNoso/X7HyMhZNoso.glb,0,1.0,1.0,0.0,1.0,1.0,0.0,1.0,1.0,0.0,0.8699030968064669,0.8699030968064669,0.0,0.8699030968064669,0.8699030968064669,0.0,2.0786633491516113,2.0786633491516113,0.0,43.0,43.0,0.0,7.0,7.0,0.0,0.0,0.0,0.0,0.0,0.0,0.0
903,mp3d/X7HyMhZNoso/X7HyMhZNoso.glb,0,0.0,0.0,0.0,1.0,1.0,0.0,0.0,0.0,0.0,0.027785282591541942,0.027785282591541942,0.0,0.0,0.0,0.0,11.562692642211914,11.562692642211914,0.0,129.0,129.0,0.0,20.437557220458984,20.437557220458984,0.0,0.0,0.0,0.0,1.0,1.0,0.0
904,mp3d/Z6MFQCViBuw/Z6MFQCViBuw.glb,0,1.0,0.0,-1.0,1.0,0.0,-1.0,1.0,0.0,-1.0,0.9401030740614872,0.21503219236053794,-0.7250708817009492,0.9401030740614872,0.0,-0.9401030740614872,1.7903826236724854,6.114365100860596,4.32398247718811,70.0,64.0,-6.0,15.049365997314453,12.750885963439941,-2.2984800338745117,0.0,0.0,0.0,0.0,0.0,0.0
905,mp3d/Z6MFQCViBuw/Z6MFQCViBuw.glb,0,1.0,1.0,0.0,1.0,1.0,0.0,0.85105338342924,0.7254908105555868,-0.12556257287365313,0.2539009209948088,0.18804997318092406,-0.06585094781388476,0.2539009209948088,0.18804997318092406,-0.06585094781388476,0.48929259181022644,0.7524094581604004,0.26311686635017395,92.0,125.0,33.0,18.67806053161621,21.910720825195312,3.2326602935791016,0.0,0.0,0.0,0.0,0.0,0.0
906,mp3d/Z6MFQCViBuw/Z6MFQCViBuw.glb,0,0.0,0.0,0.0,0.0,0.0,0.0,0.0,0.0,0.0,0.22266060585953087,0.22266060585953087,0.0,0.0,0.0,0.0,5.429600238800049,5.429600238800049,0.0,73.0,73.0,0.0,14.513915061950684,14.513915061950684,0.0,0.0,0.0,0.0,0.0,0.0,0.0
907,mp3d/oLBMNvg9in8/oLBMNvg9in8.glb,0,1.0,1.0,0.0,1.0,1.0,0.0,0.7281586158970932,0.7281586158970932,0.0,0.8607423571104319,0.8607423571104319,0.0,0.8607423571104319,0.8607423571104319,0.0,1.5563228130340576,1.5563228130340576,0.0,67.0,67.0,0.0,10.51356029510498,10.51356029510498,0.0,0.0,0.0,0.0,0.0,0.0,0.0
908,mp3d/oLBMNvg9in8/oLBMNvg9in8.glb,0,1.0,1.0,0.0,1.0,1.0,0.0,0.9003692590547094,0.7103888848426849,-0.18998037421202452,0.9244090983483482,0.8967414627641124,-0.027667635584235795,0.9244090983483482,0.8967414627641124,-0.027667635584235795,0.46611106395721436,0.21762731671333313,-0.24848374724388123,56.0,87.0,31.0,8.502666473388672,10.7765474319458,2.273880958557129,0.0,0.0,0.0,0.0,0.0,0.0
909,mp3d/oLBMNvg9in8/oLBMNvg9in8.glb,0,1.0,1.0,0.0,1.0,1.0,0.0,0.9003692590547094,0.9003692590547094,0.0,0.9244090983483482,0.9244090983483482,0.0,0.9244090983483482,0.9244090983483482,0.0,0.46611106395721436,0.46611106395721436,0.0,56.0,56.0,0.0,8.502666473388672,8.502666473388672,0.0,0.0,0.0,0.0,0.0,0.0,0.0
910,mp3d/zsNo4HB9uLZ/zsNo4HB9uLZ.glb,0,0.0,1.0,1.0,0.0,1.0,1.0,0.0,0.6866447282416606,0.6866447282416606,0.7985839354379201,0.8752989256134829,0.07671499017556282,0.0,0.8752989256134829,0.8752989256134829,3.4522852897644043,0.2304118424654007,-3.2218734472990036,76.0,97.0,21.0,9.75,12.999998092651367,3.249998092651367,0.0,0.0,0.0,0.0,0.0,0.0
911,mp3d/zsNo4HB9uLZ/zsNo4HB9uLZ.glb,0,0.0,0.0,0.0,1.0,0.0,-1.0,0.0,0.0,0.0,0.35323521569867,0.5714598259779852,0.21822461027931517,0.0,0.0,0.0,5.625583171844482,6.529483318328857,0.903900146484375,202.0,92.0,-110.0,22.75,13.250001907348633,-9.499998092651367,0.0,0.0,0.0,1.0,0.0,-1.0
912,mp3d/zsNo4HB9uLZ/zsNo4HB9uLZ.glb,0,0.0,1.0,1.0,1.0,1.0,0.0,0.0,0.34671537875814396,0.34671537875814396,0.369916695201957,0.5200073756250649,0.15009068042310791,0.0,0.5200073756250649,0.5200073756250649,6.730748653411865,0.6168290376663208,-6.113919615745544,253.0,221.0,-32.0,29.0,25.745555877685547,-3.254444122314453,0.0,0.009615384615384616,0.009615384615384616,1.0,0.0,-1.0
913,mp3d/zsNo4HB9uLZ/zsNo4HB9uLZ.glb,0,1.0,1.0,0.0,1.0,1.0,0.0,0.9252801390167595,0.9252801390167595,0.0,0.8648998909471226,0.8648998909471226,0.0,0.8648998909471226,0.8648998909471226,0.0,2.3709592819213867,2.3709592819213867,0.0,58.0,58.0,0.0,12.736808776855469,12.736808776855469,0.0,0.038461538461538464,0.038461538461538464,0.0,0.0,0.0,0.0
914,mp3d/zsNo4HB9uLZ/zsNo4HB9uLZ.glb,0,1.0,1.0,0.0,1.0,1.0,0.0,0.7148208602267719,0.8579224175803425,0.14310155735357055,0.8374446717068207,0.8336152917084281,-0.0038293799983926124,0.8374446717068207,0.8336152917084281,-0.0038293799983926124,0.5807271599769592,1.4469965696334839,0.8662694096565247,100.0,72.0,-28.0,16.4868106842041,13.736808776855469,-2.750001907348633,0.029850746268656716,0.03571428571428571,0.0058635394456289965,0.0,0.0,0.0
915,mp3d/zsNo4HB9uLZ/zsNo4HB9uLZ.glb,0,1.0,1.0,0.0,1.0,1.0,0.0,1.0,1.0,0.0,0.8639220279658757,0.8344321016683439,-0.029489926297531777,0.8639220279658757,0.8344321016683439,-0.029489926297531777,2.6990578174591064,2.714664936065674,0.015607118606567383,53.0,44.0,-9.0,10.986807823181152,9.236808776855469,-1.7499990463256836,0.044444444444444446,0.05263157894736842,0.008187134502923972,0.0,0.0,0.0
916,mp3d/Z6MFQCViBuw/Z6MFQCViBuw.glb,0,1.0,1.0,0.0,1.0,1.0,0.0,0.694847455755105,0.6106142998641165,-0.08423315589098845,0.7352540654543432,0.7053898650943007,-0.02986420036004256,0.7352540654543432,0.7053898650943007,-0.02986420036004256,1.8625593185424805,1.986914873123169,0.12435555458068848,60.0,74.0,14.0,9.774295806884766,11.122642517089844,1.3483467102050781,0.025,0.021739130434782608,-0.0032608695652173933,0.0,0.0,0.0
917,mp3d/Z6MFQCViBuw/Z6MFQCViBuw.glb,0,0.0,0.0,0.0,0.0,0.0,0.0,0.0,0.0,0.0,3.862089327177467e-06,0.0001839914143756961,0.00018012932504851863,0.0,0.0,0.0,19.755817413330078,23.35476303100586,3.5989456176757812,197.0,103.0,-94.0,27.72490692138672,19.643911361694336,-8.080995559692383,0.0,0.0,0.0,0.0,0.0,0.0
918,mp3d/Z6MFQCViBuw/Z6MFQCViBuw.glb,0,0.0,0.0,0.0,1.0,1.0,0.0,0.0,0.0,0.0,0.5955595831443898,0.5955595831443898,0.0,0.0,0.0,0.0,4.270414352416992,4.270414352416992,0.0,61.0,61.0,0.0,10.425748825073242,10.425748825073242,0.0,0.0,0.0,0.0,1.0,1.0,0.0
919,mp3d/8194nk5LbLH/8194nk5LbLH.glb,0,0.0,0.0,0.0,0.0,0.0,0.0,0.0,0.0,0.0,0.006005683416508056,0.10073993372859792,0.09473425031208986,0.0,0.0,0.0,4.451584815979004,5.710747718811035,1.2591629028320312,300.0,134.0,-166.0,40.601226806640625,16.820049285888672,-23.781177520751953,0.0783132530120482,0.057971014492753624,-0.02034223851929457,0.0,0.0,0.0
920,mp3d/8194nk5LbLH/8194nk5LbLH.glb,0,0.0,0.0,0.0,0.0,0.0,0.0,0.0,0.0,0.0,0.00021686335148614046,0.08811153246107596,0.08789466910958982,0.0,0.0,0.0,5.825860023498535,5.754979133605957,-0.07088088989257812,337.0,100.0,-237.0,40.28447723388672,15.732009887695312,-24.552467346191406,0.17777777777777778,0.045454545454545456,-0.13232323232323234,0.0,0.0,0.0
921,mp3d/8194nk5LbLH/8194nk5LbLH.glb,0,0.0,0.0,0.0,0.0,0.0,0.0,0.0,0.0,0.0,0.0009429443144544479,0.0009786979923495753,3.5753677895127424e-05,0.0,0.0,0.0,6.874839782714844,6.1568603515625,-0.7179794311523438,299.0,407.0,108.0,33.668174743652344,41.317344665527344,7.649169921875,0.17880794701986755,0.03592814371257485,-0.1428798033072927,0.0,0.0,0.0
922,mp3d/zsNo4HB9uLZ/zsNo4HB9uLZ.glb,0,1.0,1.0,0.0,1.0,1.0,0.0,1.0,1.0,0.0,0.923523377657645,0.923523377657645,0.0,0.923523377657645,0.923523377657645,0.0,1.5823043584823608,1.5823043584823608,0.0,56.0,56.0,0.0,8.992767333984375,8.992767333984375,0.0,0.02702702702702703,0.02702702702702703,0.0,0.0,0.0,0.0
923,mp3d/zsNo4HB9uLZ/zsNo4HB9uLZ.glb,0,1.0,1.0,0.0,1.0,1.0,0.0,0.6239002346992493,0.4435834227508734,-0.18031681194837584,0.7958678142126633,0.6098746061753125,-0.18599320803735075,0.7958678142126633,0.6098746061753125,-0.18599320803735075,1.8459089994430542,1.8533742427825928,0.007465243339538574,122.0,213.0,91.0,16.0,22.504005432128906,6.504005432128906,0.0,0.0,0.0,0.0,0.0,0.0
924,mp3d/zsNo4HB9uLZ/zsNo4HB9uLZ.glb,0,0.0,0.0,0.0,0.0,0.0,0.0,0.0,0.0,0.0,0.1973196777065524,0.1973196777065524,0.0,0.0,0.0,0.0,6.375816345214844,6.375816345214844,0.0,33.0,33.0,0.0,5.500001907348633,5.500001907348633,0.0,0.0,0.0,0.0,0.0,0.0,0.0
925,mp3d/X7HyMhZNoso/X7HyMhZNoso.glb,0,1.0,1.0,0.0,1.0,1.0,0.0,0.7952730387293327,0.7952730387293327,0.0,0.9344905283503159,0.9344905283503159,0.0,0.9344905283503159,0.9344905283503159,0.0,0.3715343177318573,0.3715343177318573,0.0,50.0,50.0,0.0,6.9668426513671875,6.9668426513671875,0.0,0.034482758620689655,0.034482758620689655,0.0,0.0,0.0,0.0
926,mp3d/X7HyMhZNoso/X7HyMhZNoso.glb,0,1.0,1.0,0.0,1.0,1.0,0.0,0.9691612072577998,0.9691612072577998,0.0,0.9408190055162138,0.9408190055162138,0.0,0.9408190055162138,0.9408190055162138,0.0,0.933014988899231,0.933014988899231,0.0,43.0,43.0,0.0,5.7168426513671875,5.7168426513671875,0.0,0.041666666666666664,0.041666666666666664,0.0,0.0,0.0,0.0
927,mp3d/X7HyMhZNoso/X7HyMhZNoso.glb,0,1.0,1.0,0.0,1.0,1.0,0.0,0.7952730387293327,0.7952730387293327,0.0,0.9344905283503159,0.9344905283503159,0.0,0.9344905283503159,0.9344905283503159,0.0,0.3715343177318573,0.3715343177318573,0.0,50.0,50.0,0.0,6.9668426513671875,6.9668426513671875,0.0,0.034482758620689655,0.034482758620689655,0.0,0.0,0.0,0.0
928,mp3d/TbHJrupSAjP/TbHJrupSAjP.glb,0,1.0,1.0,0.0,1.0,1.0,0.0,1.0,1.0,0.0,0.9267911727049382,0.9267911727049382,0.0,0.9267911727049382,0.9267911727049382,0.0,1.4508496522903442,1.4508496522903442,0.0,43.0,43.0,0.0,6.820073127746582,6.820073127746582,0.0,0.0,0.0,0.0,0.0,0.0,0.0
929,mp3d/TbHJrupSAjP/TbHJrupSAjP.glb,0,0.0,0.0,0.0,0.0,0.0,0.0,0.0,0.0,0.0,0.153552577385879,0.153552577385879,0.0,0.0,0.0,0.0,12.413586616516113,12.413586616516113,0.0,73.0,73.0,0.0,9.989218711853027,9.989218711853027,0.0,0.0,0.0,0.0,0.0,0.0,0.0
930,mp3d/TbHJrupSAjP/TbHJrupSAjP.glb,0,0.0,0.0,0.0,0.0,0.0,0.0,0.0,0.0,0.0,0.3240518814777907,0.3240518814777907,0.0,0.0,0.0,0.0,11.877622604370117,11.877622604370117,0.0,36.0,36.0,0.0,4.567575454711914,4.567575454711914,0.0,0.0,0.0,0.0,0.0,0.0,0.0
931,mp3d/2azQ1b91cZZ/2azQ1b91cZZ.glb,0,0.0,0.0,0.0,0.0,0.0,0.0,0.0,0.0,0.0,0.019552318149814254,0.07852186465914467,0.05896954650933041,0.0,0.0,0.0,7.513985633850098,6.3917388916015625,-1.1222467422485352,148.0,110.0,-38.0,17.253503799438477,12.50350284576416,-4.750000953674316,0.16901408450704225,0.34615384615384615,0.1771397616468039,0.0,0.0,0.0
932,mp3d/2azQ1b91cZZ/2azQ1b91cZZ.glb,0,1.0,1.0,0.0,1.0,1.0,0.0,0.8512703247162359,0.8512703247162359,0.0,0.9004968720385651,0.9004968720385651,0.0,0.9004968720385651,0.9004968720385651,0.0,0.9945743680000305,0.9945743680000305,0.0,52.0,52.0,0.0,9.751192092895508,9.751192092895508,0.0,0.075,0.075,0.0,0.0,0.0,0.0
933,mp3d/2azQ1b91cZZ/2azQ1b91cZZ.glb,0,0.0,0.0,0.0,0.0,0.0,0.0,0.0,0.0,0.0,0.012124182415272486,0.027713373836398558,0.015589191421126072,0.0,0.0,0.0,6.338050842285156,6.367872714996338,0.02982187271118164,179.0,160.0,-19.0,19.75350570678711,17.50350570678711,-2.25,0.14814814814814814,0.20833333333333334,0.0601851851851852,0.0,0.0,0.0
934,mp3d/zsNo4HB9uLZ/zsNo4HB9uLZ.glb,0,0.0,0.0,0.0,0.0,0.0,0.0,0.0,0.0,0.0,0.3048885051228722,0.3048885051228722,0.0,0.0,0.0,0.0,8.803223609924316,8.803223609924316,0.0,76.0,76.0,0.0,1.2728703022003174,1.2728703022003174,0.0,8.875,8.875,0.0,0.0,0.0,0.0
935,mp3d/zsNo4HB9uLZ/zsNo4HB9uLZ.glb,0,0.0,0.0,0.0,0.0,0.0,0.0,0.0,0.0,0.0,0.3048885051228722,0.3048885051228722,0.0,0.0,0.0,0.0,8.803223609924316,8.803223609924316,0.0,76.0,76.0,0.0,1.2728703022003174,1.2728703022003174,0.0,8.875,8.875,0.0,0.0,0.0,0.0
936,mp3d/zsNo4HB9uLZ/zsNo4HB9uLZ.glb,0,0.0,0.0,0.0,0.0,0.0,0.0,0.0,0.0,0.0,0.3048885051228722,0.3048885051228722,0.0,0.0,0.0,0.0,8.803223609924316,8.803223609924316,0.0,76.0,76.0,0.0,1.2728703022003174,1.2728703022003174,0.0,8.875,8.875,0.0,0.0,0.0,0.0
937,mp3d/oLBMNvg9in8/oLBMNvg9in8.glb,0,1.0,1.0,0.0,1.0,1.0,0.0,1.0,1.0,0.0,0.8477808839671062,0.8478813847289496,0.00010050076184342505,0.8477808839671062,0.8478813847289496,0.00010050076184342505,1.969228982925415,1.8776745796203613,-0.09155440330505371,38.0,38.0,0.0,4.812413215637207,4.902121543884277,0.08970832824707031,0.375,0.5,0.125,0.0,0.0,0.0
938,mp3d/oLBMNvg9in8/oLBMNvg9in8.glb,0,1.0,1.0,0.0,1.0,1.0,0.0,0.9957338742135249,0.6298964900100461,-0.3658373842034788,0.8476612914641415,0.8588194990210687,0.011158207556927202,0.8476612914641415,0.8588194990210687,0.011158207556927202,1.5320000648498535,0.19524475932121277,-1.3367553055286407,48.0,86.0,38.0,5.812413215637207,9.188202857971191,3.3757896423339844,0.32142857142857145,0.2926829268292683,-0.028745644599303177,0.0,0.0,0.0
939,mp3d/oLBMNvg9in8/oLBMNvg9in8.glb,0,1.0,1.0,0.0,1.0,1.0,0.0,0.9957338742135249,1.0,0.004266125786475117,0.8476612914641415,0.8488625652957559,0.0012012738316143912,0.8476612914641415,0.8488625652957559,0.0012012738316143912,1.5320000648498535,1.9618070125579834,0.4298069477081299,48.0,50.0,2.0,5.812413215637207,5.6521735191345215,-0.16023969650268555,0.32142857142857145,0.4444444444444444,0.12301587301587297,0.0,0.0,0.0
940,mp3d/oLBMNvg9in8/oLBMNvg9in8.glb,0,1.0,1.0,0.0,1.0,1.0,0.0,0.8238068994468323,0.8238068994468323,0.0,0.8904309450199532,0.8904309450199532,0.0,0.8904309450199532,0.8904309450199532,0.0,0.9896665215492249,0.9896665215492249,0.0,64.0,64.0,0.0,8.460128784179688,8.460128784179688,0.0,0.03333333333333333,0.03333333333333333,0.0,0.0,0.0,0.0
941,mp3d/oLBMNvg9in8/oLBMNvg9in8.glb,0,1.0,0.0,-1.0,1.0,0.0,-1.0,0.770374478014686,0.0,-0.770374478014686,0.8652116188811857,0.44309982505375867,-0.42211179382742703,0.8652116188811857,0.0,-0.8652116188811857,1.0558711290359497,5.42295503616333,4.36708390712738,79.0,186.0,107.0,9.046915054321289,19.36741828918457,10.320503234863281,0.030303030303030304,0.0641025641025641,0.03379953379953379,0.0,0.0,0.0
942,mp3d/oLBMNvg9in8/oLBMNvg9in8.glb,0,0.0,0.0,0.0,0.0,0.0,0.0,0.0,0.0,0.0,0.7512635732287313,0.6994158941126689,-0.05184767911606236,0.0,0.0,0.0,4.833398818969727,5.197279930114746,0.36388111114501953,40.0,56.0,16.0,4.845377445220947,7.582893371582031,2.737515926361084,0.05555555555555555,0.0,-0.05555555555555555,0.0,0.0,0.0
943,mp3d/QUCTc6BB5sX/QUCTc6BB5sX.glb,0,0.0,0.0,0.0,0.0,0.0,0.0,0.0,0.0,0.0,0.5211855071829586,0.5211855071829586,0.0,0.0,0.0,0.0,7.447432518005371,7.447432518005371,0.0,79.0,79.0,0.0,6.170273303985596,6.170273303985596,0.0,1.4814814814814814,1.4814814814814814,0.0,0.0,0.0,0.0
944,mp3d/QUCTc6BB5sX/QUCTc6BB5sX.glb,0,0.0,0.0,0.0,0.0,0.0,0.0,0.0,0.0,0.0,0.5211855071829586,0.5211855071829586,0.0,0.0,0.0,0.0,7.447432518005371,7.447432518005371,0.0,79.0,79.0,0.0,6.170273303985596,6.170273303985596,0.0,1.4814814814814814,1.4814814814814814,0.0,0.0,0.0,0.0
945,mp3d/QUCTc6BB5sX/QUCTc6BB5sX.glb,0,0.0,0.0,0.0,0.0,0.0,0.0,0.0,0.0,0.0,0.45976892161074356,0.28559541234561897,-0.1741735092651246,0.0,0.0,0.0,7.38272762298584,11.646139144897461,4.263411521911621,113.0,159.0,46.0,9.605571746826172,18.105575561523438,8.500003814697266,1.2,0.5675675675675675,-0.6324324324324324,0.0,0.0,0.0
946,mp3d/oLBMNvg9in8/oLBMNvg9in8.glb,0,1.0,1.0,0.0,1.0,1.0,0.0,0.8255450890606557,0.8255450890606557,0.0,0.9288536331489512,0.9288536331489512,0.0,0.9288536331489512,0.9288536331489512,0.0,0.7262848615646362,0.7262848615646362,0.0,72.0,72.0,0.0,10.724152565002441,10.724152565002441,0.0,0.07317073170731707,0.07317073170731707,0.0,0.0,0.0,0.0
947,mp3d/oLBMNvg9in8/oLBMNvg9in8.glb,0,0.0,0.0,0.0,0.0,0.0,0.0,0.0,0.0,0.0,0.8117877636793824,0.8117877636793824,0.0,0.0,0.0,0.0,3.977069854736328,3.977069854736328,0.0,81.0,81.0,0.0,6.763827323913574,6.763827323913574,0.0,1.0,1.0,0.0,0.0,0.0,0.0
948,mp3d/oLBMNvg9in8/oLBMNvg9in8.glb,0,0.0,0.0,0.0,0.0,0.0,0.0,0.0,0.0,0.0,0.8117877636793824,0.8117877636793824,0.0,0.0,0.0,0.0,3.977069854736328,3.977069854736328,0.0,88.0,88.0,0.0,6.763827323913574,6.763827323913574,0.0,1.0,1.0,0.0,0.0,0.0,0.0
949,mp3d/x8F5xyUWy9e/x8F5xyUWy9e.glb,0,0.0,1.0,1.0,0.0,1.0,1.0,0.0,0.7300411137997808,0.7300411137997808,0.23107668008240045,0.8280003574868202,0.5969236774044198,0.0,0.8280003574868202,0.8280003574868202,6.139673233032227,1.3139770030975342,-4.825696229934692,240.0,88.0,-152.0,17.50064468383789,9.142226219177246,-8.358418464660645,0.5394736842105263,0.3157894736842105,-0.22368421052631582,0.0,0.0,0.0
950,mp3d/x8F5xyUWy9e/x8F5xyUWy9e.glb,0,0.0,1.0,1.0,0.0,1.0,1.0,0.0,0.7452690202933961,0.7452690202933961,0.4521211951401318,0.8369284017891769,0.3848072066490451,0.0,0.8369284017891769,0.8369284017891769,6.139673233032227,1.0968067646026611,-5.042866468429565,149.0,76.0,-73.0,6.512439250946045,8.955425262451172,2.442986011505127,1.6,0.027777777777777776,-1.5722222222222224,0.0,0.0,0.0
951,mp3d/x8F5xyUWy9e/x8F5xyUWy9e.glb,0,1.0,1.0,0.0,1.0,1.0,0.0,0.7452690202933961,0.7452690202933961,0.0,0.8369284017891769,0.8369284017891769,0.0,0.8369284017891769,0.8369284017891769,0.0,1.0968067646026611,1.0968067646026611,0.0,76.0,76.0,0.0,8.955425262451172,8.955425262451172,0.0,0.027777777777777776,0.027777777777777776,0.0,0.0,0.0,0.0
952,mp3d/QUCTc6BB5sX/QUCTc6BB5sX.glb,0,0.0,0.0,0.0,0.0,0.0,0.0,0.0,0.0,0.0,0.4587609816880806,0.339353198485592,-0.11940778320248863,0.0,0.0,0.0,3.6375675201416016,3.6375675201416016,0.0,52.0,86.0,34.0,9.315617561340332,12.3903226852417,3.074705123901367,0.0,0.0,0.0,0.0,0.0,0.0
953,mp3d/QUCTc6BB5sX/QUCTc6BB5sX.glb,0,0.0,0.0,0.0,0.0,0.0,0.0,0.0,0.0,0.0,0.40821213036278636,0.4613797827431276,0.05316765238034121,0.0,0.0,0.0,3.9688429832458496,4.233300685882568,0.26445770263671875,54.0,49.0,-5.0,10.075639724731445,9.06651782989502,-1.0091218948364258,0.0,0.0,0.0,0.0,0.0,0.0
954,mp3d/QUCTc6BB5sX/QUCTc6BB5sX.glb,0,0.0,0.0,0.0,1.0,0.0,-1.0,0.0,0.0,0.0,0.2959641155090251,0.045745542674269175,-0.25021857283475596,0.0,0.0,0.0,6.151768684387207,6.962967872619629,0.8111991882324219,121.0,151.0,30.0,18.600187301635742,20.865455627441406,2.265268325805664,0.0,0.03529411764705882,0.03529411764705882,1.0,0.0,-1.0
955,mp3d/zsNo4HB9uLZ/zsNo4HB9uLZ.glb,0,1.0,1.0,0.0,1.0,1.0,0.0,0.9750491248236762,0.9750491248236762,0.0,0.9537808588070811,0.9537808588070811,0.0,0.9537808588070811,0.9537808588070811,0.0,1.2171146869659424,1.2171146869659424,0.0,56.0,56.0,0.0,9.0,9.0,0.0,0.0,0.0,0.0,0.0,0.0,0.0
956,mp3d/zsNo4HB9uLZ/zsNo4HB9uLZ.glb,0,1.0,1.0,0.0,1.0,1.0,0.0,0.9750491248236762,0.9750491248236762,0.0,0.9537808588070811,0.9537808588070811,0.0,0.9537808588070811,0.9537808588070811,0.0,1.2171146869659424,1.2171146869659424,0.0,56.0,56.0,0.0,9.0,9.0,0.0,0.0,0.0,0.0,0.0,0.0,0.0
957,mp3d/zsNo4HB9uLZ/zsNo4HB9uLZ.glb,0,1.0,1.0,0.0,1.0,1.0,0.0,0.7977675349294086,0.7977675349294086,0.0,0.9369288642601719,0.9369288642601719,0.0,0.9369288642601719,0.9369288642601719,0.0,0.7784814834594727,0.7784814834594727,0.0,68.0,68.0,0.0,10.999999046325684,10.999999046325684,0.0,0.0,0.0,0.0,0.0,0.0,0.0
958,mp3d/2azQ1b91cZZ/2azQ1b91cZZ.glb,0,1.0,1.0,0.0,1.0,1.0,0.0,0.8239097744818585,0.9502740330969356,0.12636425861507705,0.8753574300214552,0.9255953690488071,0.05023793902735196,0.8753574300214552,0.9255953690488071,0.05023793902735196,1.0596251487731934,0.21202193200588226,-0.8476032167673111,55.0,49.0,-6.0,9.400146484375,8.150146484375,-1.25,0.11627906976744186,0.13157894736842105,0.015299877600979186,0.0,0.0,0.0
959,mp3d/2azQ1b91cZZ/2azQ1b91cZZ.glb,0,1.0,1.0,0.0,1.0,1.0,0.0,0.9502740330969356,1.0,0.04972596690306441,0.9255953690488071,0.9135833939655907,-0.012011975083216386,0.9255953690488071,0.9135833939655907,-0.012011975083216386,0.21202193200588226,1.2099206447601318,0.9978987127542496,49.0,44.0,-5.0,8.150146484375,7.150145053863525,-1.0000014305114746,0.13157894736842105,0.14705882352941177,0.015479876160990724,0.0,0.0,0.0
960,mp3d/2azQ1b91cZZ/2azQ1b91cZZ.glb,0,1.0,1.0,0.0,1.0,1.0,0.0,1.0,1.0,0.0,0.9135833939655907,0.9135833939655907,0.0,0.9135833939655907,0.9135833939655907,0.0,1.2099206447601318,1.2099206447601318,0.0,44.0,44.0,0.0,7.150145053863525,7.150145053863525,0.0,0.14705882352941177,0.14705882352941177,0.0,0.0,0.0,0.0
961,mp3d/zsNo4HB9uLZ/zsNo4HB9uLZ.glb,0,1.0,1.0,0.0,1.0,1.0,0.0,0.9723836957188579,0.9723836957188579,0.0,0.9493699975273052,0.9493699975273052,0.0,0.9493699975273052,0.9493699975273052,0.0,0.8960476517677307,0.8960476517677307,0.0,49.0,49.0,0.0,8.192215919494629,8.192215919494629,0.0,0.20588235294117646,0.20588235294117646,0.0,0.0,0.0,0.0
962,mp3d/zsNo4HB9uLZ/zsNo4HB9uLZ.glb,0,1.0,1.0,0.0,1.0,1.0,0.0,0.8448266114138383,0.8448266114138383,0.0,0.9307279811348097,0.9307279811348097,0.0,0.9307279811348097,0.9307279811348097,0.0,0.33979880809783936,0.33979880809783936,0.0,61.0,61.0,0.0,9.429126739501953,9.429126739501953,0.0,0.20512820512820512,0.20512820512820512,0.0,0.0,0.0,0.0
963,mp3d/zsNo4HB9uLZ/zsNo4HB9uLZ.glb,0,1.0,1.0,0.0,1.0,1.0,0.0,0.5926089299289083,0.9723836957188579,0.3797747657899495,0.6127669820476115,0.9493699975273052,0.33660301547969373,0.6127669820476115,0.9493699975273052,0.33660301547969373,0.8563563227653503,0.8960476517677307,0.03969132900238037,94.0,49.0,-45.0,13.442215919494629,8.192215919494629,-5.25,0.12727272727272726,0.20588235294117646,0.0786096256684492,0.0,0.0,0.0
964,mp3d/Z6MFQCViBuw/Z6MFQCViBuw.glb,0,0.0,0.0,0.0,0.0,0.0,0.0,0.0,0.0,0.0,0.06424355479070486,0.06424355479070486,0.0,0.0,0.0,0.0,12.444997787475586,12.444997787475586,0.0,40.0,40.0,0.0,8.393911361694336,8.393911361694336,0.0,0.0,0.0,0.0,0.0,0.0,0.0
965,mp3d/Z6MFQCViBuw/Z6MFQCViBuw.glb,0,0.0,0.0,0.0,1.0,1.0,0.0,0.0,0.0,0.0,0.021358142366095994,0.09187931961616484,0.07052117725006884,0.0,0.0,0.0,5.45212984085083,5.261614799499512,-0.19051504135131836,177.0,116.0,-61.0,25.71652603149414,17.356725692749023,-8.359800338745117,0.019417475728155338,0.0,-0.019417475728155338,1.0,1.0,0.0
966,mp3d/Z6MFQCViBuw/Z6MFQCViBuw.glb,0,0.0,0.0,0.0,1.0,1.0,0.0,0.0,0.0,0.0,0.3484379757633846,0.3484379757633846,0.0,0.0,0.0,0.0,5.130350112915039,5.130350112915039,0.0,61.0,61.0,0.0,10.709342956542969,10.709342956542969,0.0,0.0,0.0,0.0,1.0,1.0,0.0
967,mp3d/zsNo4HB9uLZ/zsNo4HB9uLZ.glb,0,1.0,1.0,0.0,1.0,1.0,0.0,0.5091797787210216,0.5091797787210216,0.0,0.6009130322568079,0.6009130322568079,0.0,0.6009130322568079,0.6009130322568079,0.0,0.6695073246955872,0.6695073246955872,0.0,87.0,87.0,0.0,11.5,11.5,0.0,0.0,0.0,0.0,0.0,0.0,0.0
968,mp3d/zsNo4HB9uLZ/zsNo4HB9uLZ.glb,0,1.0,1.0,0.0,1.0,1.0,0.0,0.5091797787210216,0.5091797787210216,0.0,0.6009130322568079,0.6009130322568079,0.0,0.6009130322568079,0.6009130322568079,0.0,0.6695073246955872,0.6695073246955872,0.0,87.0,87.0,0.0,11.5,11.5,0.0,0.0,0.0,0.0,0.0,0.0,0.0
969,mp3d/zsNo4HB9uLZ/zsNo4HB9uLZ.glb,0,1.0,1.0,0.0,1.0,1.0,0.0,1.0,1.0,0.0,0.9612190788289495,0.9612190788289495,0.0,0.9612190788289495,0.9612190788289495,0.0,0.6695073246955872,0.6695073246955872,0.0,39.0,39.0,0.0,5.5,5.5,0.0,0.0,0.0,0.0,0.0,0.0,0.0
970,mp3d/EU6Fwq7SyZv/EU6Fwq7SyZv.glb,0,0.0,1.0,1.0,1.0,1.0,0.0,0.0,0.5040292584562983,0.5040292584562983,0.2218482370490794,0.5183788493124265,0.2965306122633471,0.0,0.5183788493124265,0.5183788493124265,4.7925496101379395,2.2404298782348633,-2.552119731903076,139.0,93.0,-46.0,19.087512969970703,13.291648864746094,-5.795864105224609,0.012987012987012988,0.018518518518518517,0.00553150553150553,1.0,0.0,-1.0
971,mp3d/EU6Fwq7SyZv/EU6Fwq7SyZv.glb,0,1.0,1.0,0.0,1.0,1.0,0.0,0.896073331788176,0.896073331788176,0.0,0.9406725881019702,0.9406725881019702,0.0,0.9406725881019702,0.9406725881019702,0.0,0.6347001194953918,0.6347001194953918,0.0,49.0,49.0,0.0,7.476374626159668,7.476374626159668,0.0,0.03225806451612903,0.03225806451612903,0.0,0.0,0.0,0.0
972,mp3d/EU6Fwq7SyZv/EU6Fwq7SyZv.glb,0,1.0,1.0,0.0,1.0,1.0,0.0,0.688784894521859,0.688784894521859,0.0,0.847799079332122,0.847799079332122,0.0,0.847799079332122,0.847799079332122,0.0,1.8832677602767944,1.8832677602767944,0.0,68.0,68.0,0.0,9.726374626159668,9.726374626159668,0.0,0.025,0.025,0.0,0.0,0.0,0.0
973,mp3d/x8F5xyUWy9e/x8F5xyUWy9e.glb,0,1.0,1.0,0.0,1.0,1.0,0.0,1.0,1.0,0.0,0.8650989061963946,0.8650989061963946,0.0,0.8650989061963946,0.8650989061963946,0.0,1.2601872682571411,1.2601872682571411,0.0,39.0,39.0,0.0,5.81632137298584,5.81632137298584,0.0,0.08333333333333333,0.08333333333333333,0.0,0.0,0.0,0.0
974,mp3d/x8F5xyUWy9e/x8F5xyUWy9e.glb,0,1.0,1.0,0.0,1.0,1.0,0.0,1.0,1.0,0.0,0.8650989061963946,0.8650989061963946,0.0,0.8650989061963946,0.8650989061963946,0.0,1.2601872682571411,1.2601872682571411,0.0,39.0,39.0,0.0,5.81632137298584,5.81632137298584,0.0,0.08333333333333333,0.08333333333333333,0.0,0.0,0.0,0.0
975,mp3d/x8F5xyUWy9e/x8F5xyUWy9e.glb,0,1.0,1.0,0.0,1.0,1.0,0.0,0.4732916145793285,0.22187028951407511,-0.2514213250652534,0.7041015583180077,0.4655555039131737,-0.238546054404834,0.7041015583180077,0.4655555039131737,-0.238546054404834,0.14780721068382263,1.16257905960083,1.0147718489170074,124.0,303.0,179.0,14.436756134033203,30.79635238647461,16.359596252441406,0.03508771929824561,0.01680672268907563,-0.018280996609169983,0.0,0.0,0.0
976,mp3d/QUCTc6BB5sX/QUCTc6BB5sX.glb,0,1.0,1.0,0.0,1.0,1.0,0.0,0.7103801247493671,0.7103801247493671,0.0,0.7987604641341847,0.7987604641341847,0.0,0.7987604641341847,0.7987604641341847,0.0,0.8485044240951538,0.8485044240951538,0.0,75.0,75.0,0.0,12.52817153930664,12.52817153930664,0.0,0.14814814814814814,0.14814814814814814,0.0,0.0,0.0,0.0
977,mp3d/QUCTc6BB5sX/QUCTc6BB5sX.glb,0,1.0,1.0,0.0,1.0,1.0,0.0,0.7349761575815866,0.7349761575815866,0.0,0.8780128985840042,0.8780128985840042,0.0,0.8780128985840042,0.8780128985840042,0.0,0.538279116153717,0.538279116153717,0.0,90.0,90.0,0.0,12.108915328979492,12.108915328979492,0.0,0.0784313725490196,0.0784313725490196,0.0,0.0,0.0,0.0
978,mp3d/QUCTc6BB5sX/QUCTc6BB5sX.glb,0,1.0,1.0,0.0,1.0,1.0,0.0,0.9550781387923931,0.7349761575815866,-0.22010198121080649,0.9409450261555474,0.8780128985840042,-0.0629321275715432,0.9409450261555474,0.8780128985840042,-0.0629321275715432,0.8162909150123596,0.538279116153717,-0.2780117988586426,62.0,90.0,28.0,9.31836223602295,12.108915328979492,2.790553092956543,0.125,0.0784313725490196,-0.04656862745098039,0.0,0.0,0.0
979,mp3d/2azQ1b91cZZ/2azQ1b91cZZ.glb,0,1.0,1.0,0.0,1.0,1.0,0.0,1.0,1.0,0.0,0.9492740804451304,0.9492740804451304,0.0,0.9492740804451304,0.9492740804451304,0.0,0.5667721629142761,0.5667721629142761,0.0,35.0,35.0,0.0,5.75,5.75,0.0,0.0,0.0,0.0,0.0,0.0,0.0
980,mp3d/2azQ1b91cZZ/2azQ1b91cZZ.glb,0,1.0,1.0,0.0,1.0,1.0,0.0,1.0,1.0,0.0,0.9492740804451304,0.9492740804451304,0.0,0.9492740804451304,0.9492740804451304,0.0,0.5667721629142761,0.5667721629142761,0.0,35.0,35.0,0.0,5.75,5.75,0.0,0.0,0.0,0.0,0.0,0.0,0.0
981,mp3d/2azQ1b91cZZ/2azQ1b91cZZ.glb,0,0.0,0.0,0.0,0.0,0.0,0.0,0.0,0.0,0.0,0.0039076976685397296,0.040529551966905886,0.036621854298366154,0.0,0.0,0.0,14.760882377624512,12.32705020904541,-2.4338321685791016,146.0,67.0,-79.0,15.488724708557129,10.011106491088867,-5.477618217468262,0.06349206349206349,0.0,-0.06349206349206349,0.0,0.0,0.0
982,mp3d/x8F5xyUWy9e/x8F5xyUWy9e.glb,0,0.0,0.0,0.0,0.0,0.0,0.0,0.0,0.0,0.0,0.21918051715197187,0.21918051715197187,0.0,0.0,0.0,0.0,7.599653720855713,7.599653720855713,0.0,199.0,199.0,0.0,21.97707748413086,21.97707748413086,0.0,0.02247191011235955,0.02247191011235955,0.0,0.0,0.0,0.0
983,mp3d/x8F5xyUWy9e/x8F5xyUWy9e.glb,0,0.0,1.0,1.0,0.0,1.0,1.0,0.0,1.0,1.0,0.6475876782976966,0.8995596562096216,0.25197197791192505,0.0,0.8995596562096216,0.8995596562096216,4.572356700897217,1.2081702947616577,-3.364186406135559,29.0,51.0,22.0,4.727254867553711,8.311273574829102,3.5840187072753906,0.05,0.029411764705882353,-0.02058823529411765,0.0,0.0,0.0
984,mp3d/x8F5xyUWy9e/x8F5xyUWy9e.glb,0,1.0,1.0,0.0,1.0,1.0,0.0,1.0,1.0,0.0,0.9367174044073594,0.9367174044073594,0.0,0.9367174044073594,0.9367174044073594,0.0,1.2449439764022827,1.2449439764022827,0.0,49.0,49.0,0.0,7.808286190032959,7.808286190032959,0.0,0.03125,0.03125,0.0,0.0,0.0,0.0
985,mp3d/X7HyMhZNoso/X7HyMhZNoso.glb,0,1.0,1.0,0.0,1.0,1.0,0.0,1.0,0.9386572144222611,-0.06134278557773887,0.6582385277598216,0.678900290056549,0.020661762296727337,0.6582385277598216,0.678900290056549,0.020661762296727337,2.8517842292785645,1.415257453918457,-1.4365267753601074,36.0,58.0,22.0,5.250000953674316,7.750000953674316,2.5,0.0,0.0,0.0,0.0,0.0,0.0
986,mp3d/X7HyMhZNoso/X7HyMhZNoso.glb,0,1.0,1.0,0.0,1.0,1.0,0.0,1.0,0.8817690069025214,-0.11823099309747864,0.9222621101908856,0.917357583836576,-0.004904526354309602,0.9222621101908856,0.917357583836576,-0.004904526354309602,1.122253179550171,0.45142853260040283,-0.6708246469497681,44.0,52.0,8.0,7.249999046325684,8.25,1.0000009536743164,0.0,0.0,0.0,0.0,0.0,0.0
987,mp3d/X7HyMhZNoso/X7HyMhZNoso.glb,0,1.0,1.0,0.0,1.0,1.0,0.0,0.9386575609410344,0.8817690069025214,-0.056888554038513006,0.9156641495401031,0.9339553413177291,0.018291191777625948,0.9156641495401031,0.9339553413177291,0.018291191777625948,0.7173529863357544,0.17429779469966888,-0.5430551916360855,47.0,50.0,3.0,7.749998092651367,8.25,0.5000019073486328,0.0,0.0,0.0,0.0,0.0,0.0
988,mp3d/QUCTc6BB5sX/QUCTc6BB5sX.glb,0,1.0,0.0,-1.0,1.0,0.0,-1.0,0.45114866469929055,0.0,-0.45114866469929055,0.6167570114935143,0.14898927541062987,-0.46776773608288436,0.6167570114935143,0.0,-0.6167570114935143,1.2224210500717163,11.948572158813477,10.72615110874176,230.0,373.0,143.0,32.61488723754883,36.76500701904297,4.150119781494141,0.007575757575757576,0.1830065359477124,0.17543077837195484,0.0,0.0,0.0
989,mp3d/QUCTc6BB5sX/QUCTc6BB5sX.glb,0,1.0,0.0,-1.0,1.0,0.0,-1.0,0.37176438691729374,0.0,-0.37176438691729374,0.5364475440342118,0.0804546108147546,-0.4559929332194572,0.5364475440342118,0.0,-0.5364475440342118,1.0638043880462646,11.956777572631836,10.892973184585571,296.0,463.0,167.0,39.57926940917969,49.5090217590332,9.929752349853516,0.043209876543209874,0.01990049751243781,-0.023309379030772064,0.0,0.0,0.0
990,mp3d/QUCTc6BB5sX/QUCTc6BB5sX.glb,0,0.0,0.0,0.0,0.0,0.0,0.0,0.0,0.0,0.0,0.07879548272739978,0.12085186261106848,0.0420563798836687,0.0,0.0,0.0,10.18851375579834,9.270051002502441,-0.9184627532958984,482.0,402.0,-80.0,53.71754455566406,47.75075912475586,-5.966785430908203,0.018518518518518517,0.010416666666666666,-0.008101851851851851,0.0,0.0,0.0
991,mp3d/TbHJrupSAjP/TbHJrupSAjP.glb,0,0.0,0.0,0.0,0.0,0.0,0.0,0.0,0.0,0.0,0.182562632916127,0.182562632916127,0.0,0.0,0.0,0.0,11.63731575012207,11.63731575012207,0.0,47.0,47.0,0.0,7.189072608947754,7.189072608947754,0.0,0.03333333333333333,0.03333333333333333,0.0,0.0,0.0,0.0
992,mp3d/TbHJrupSAjP/TbHJrupSAjP.glb,0,0.0,0.0,0.0,0.0,0.0,0.0,0.0,0.0,0.0,0.054598253592945845,0.09435690381586931,0.039758650222923464,0.0,0.0,0.0,5.439550399780273,5.336465358734131,-0.10308504104614258,116.0,109.0,-7.0,17.75,15.93224048614502,-1.8177595138549805,0.0,0.015384615384615385,0.015384615384615385,0.0,0.0,0.0
993,mp3d/TbHJrupSAjP/TbHJrupSAjP.glb,0,0.0,0.0,0.0,0.0,0.0,0.0,0.0,0.0,0.0,0.16919388572766417,0.14674255231119646,-0.02245133341646771,0.0,0.0,0.0,5.808440208435059,3.352327823638916,-2.4561123847961426,54.0,73.0,19.0,9.250001907348633,11.0,1.7499980926513672,0.0,0.0,0.0,0.0,0.0,0.0
994,mp3d/QUCTc6BB5sX/QUCTc6BB5sX.glb,0,0.0,0.0,0.0,0.0,0.0,0.0,0.0,0.0,0.0,0.7105471839065735,0.7105471839065735,0.0,0.0,0.0,0.0,5.232631683349609,5.232631683349609,0.0,91.0,91.0,0.0,9.35596752166748,9.35596752166748,0.0,0.8461538461538461,0.8461538461538461,0.0,0.0,0.0,0.0
995,mp3d/QUCTc6BB5sX/QUCTc6BB5sX.glb,0,0.0,0.0,0.0,0.0,0.0,0.0,0.0,0.0,0.0,0.3410061083520811,0.23291410715769423,-0.10809200119438689,0.0,0.0,0.0,10.329720497131348,14.183655738830566,3.8539352416992188,50.0,60.0,10.0,7.250002861022949,11.255391120910645,4.005388259887695,0.0,0.0,0.0,0.0,0.0,0.0
996,mp3d/QUCTc6BB5sX/QUCTc6BB5sX.glb,0,1.0,1.0,0.0,1.0,1.0,0.0,0.5183924637006565,0.5183924637006565,0.0,0.489377067088975,0.489377067088975,0.0,0.489377067088975,0.489377067088975,0.0,1.9621822834014893,1.9621822834014893,0.0,158.0,158.0,0.0,24.750003814697266,24.750003814697266,0.0,0.0,0.0,0.0,0.0,0.0,0.0
997,mp3d/oLBMNvg9in8/oLBMNvg9in8.glb,0,1.0,1.0,0.0,1.0,1.0,0.0,0.6821482410821019,0.6821482410821019,0.0,0.6938231795785866,0.6938231795785866,0.0,0.6938231795785866,0.6938231795785866,0.0,0.35672077536582947,0.35672077536582947,0.0,60.0,84.0,24.0,9.57088565826416,9.57088565826416,0.0,0.05263157894736842,0.5263157894736842,0.47368421052631576,0.0,0.0,0.0
998,mp3d/oLBMNvg9in8/oLBMNvg9in8.glb,0,0.0,0.0,0.0,0.0,0.0,0.0,0.0,0.0,0.0,0.508932391183859,0.508932391183859,0.0,0.0,0.0,0.0,4.615623950958252,4.615623950958252,0.0,29.0,29.0,0.0,4.277132987976074,4.277132987976074,0.0,0.0,0.0,0.0,0.0,0.0,0.0
999,mp3d/oLBMNvg9in8/oLBMNvg9in8.glb,0,1.0,1.0,0.0,1.0,1.0,0.0,0.7401482198407264,0.6821482410821019,-0.057999978758624504,0.7058290187000197,0.6938231795785866,-0.012005839121433048,0.7058290187000197,0.6938231795785866,-0.012005839121433048,0.41156241297721863,0.35672077536582947,-0.05484163761138916,55.0,60.0,5.0,8.82088565826416,9.57088565826416,0.75,0.0,0.05263157894736842,0.05263157894736842,0.0,0.0,0.0
1000,mp3d/Z6MFQCViBuw/Z6MFQCViBuw.glb,0,1.0,1.0,0.0,1.0,1.0,0.0,0.947548099470925,0.947548099470925,0.0,0.9353587995297068,0.9353587995297068,0.0,0.9353587995297068,0.9353587995297068,0.0,0.4501155614852905,0.4501155614852905,0.0,54.0,54.0,0.0,8.682794570922852,8.682794570922852,0.0,0.0,0.0,0.0,0.0,0.0,0.0
1001,mp3d/Z6MFQCViBuw/Z6MFQCViBuw.glb,0,1.0,0.0,-1.0,1.0,0.0,-1.0,0.2516964309888163,0.0,-0.2516964309888163,0.039679220465946796,0.0016599247779246252,-0.03801929568802217,0.039679220465946796,0.0,-0.039679220465946796,1.7931026220321655,13.258686065673828,11.465583443641663,259.0,279.0,20.0,32.687652587890625,32.00086212158203,-0.6867904663085938,0.015503875968992248,0.015873015873015872,0.0003691399040236243,0.0,0.0,0.0
1002,mp3d/Z6MFQCViBuw/Z6MFQCViBuw.glb,0,0.0,0.0,0.0,1.0,1.0,0.0,0.0,0.0,0.0,0.0975840521551707,0.0975840521551707,0.0,0.0,0.0,0.0,8.684211730957031,8.684211730957031,0.0,117.0,117.0,0.0,19.32075309753418,19.32075309753418,0.0,0.02564102564102564,0.02564102564102564,0.0,1.0,1.0,0.0
1003,mp3d/QUCTc6BB5sX/QUCTc6BB5sX.glb,0,0.0,1.0,1.0,1.0,1.0,0.0,0.0,0.9105526310943576,0.9105526310943576,0.19687333987632427,0.921413718739835,0.7245403788635107,0.0,0.921413718739835,0.921413718739835,4.921462059020996,0.24552111327648163,-4.6759409457445145,126.0,42.0,-84.0,17.1212158203125,7.846118450164795,-9.275097370147705,0.0,0.0,0.0,1.0,0.0,-1.0
1004,mp3d/QUCTc6BB5sX/QUCTc6BB5sX.glb,0,1.0,1.0,0.0,1.0,1.0,0.0,1.0,1.0,0.0,0.959661856804319,0.9266133292034232,-0.03304852760089583,0.959661856804319,0.9266133292034232,-0.03304852760089583,0.7047364711761475,0.8392309546470642,0.13449448347091675,34.0,37.0,3.0,6.502696514129639,6.838846206665039,0.3361496925354004,0.0,0.0,0.0,0.0,0.0,0.0
1005,mp3d/QUCTc6BB5sX/QUCTc6BB5sX.glb,0,0.0,0.0,0.0,1.0,0.0,-1.0,0.0,0.0,0.0,0.1535068343406136,0.5138813575927859,0.36037452325217223,0.0,0.0,0.0,7.575723171234131,6.04041051864624,-1.5353126525878906,114.0,51.0,-63.0,20.3472900390625,8.755620002746582,-11.591670036315918,0.0,0.0,0.0,1.0,0.0,-1.0
1006,mp3d/2azQ1b91cZZ/2azQ1b91cZZ.glb,0,0.0,0.0,0.0,0.0,0.0,0.0,0.0,0.0,0.0,0.1794863897578798,0.38488863344841767,0.20540224369053786,0.0,0.0,0.0,11.518255233764648,3.9398043155670166,-7.578450918197632,118.0,126.0,8.0,23.20189666748047,20.95189666748047,-2.25,0.02127659574468085,0.023529411764705882,0.0022528160200250315,0.0,0.0,0.0
1007,mp3d/2azQ1b91cZZ/2azQ1b91cZZ.glb,0,1.0,0.0,-1.0,1.0,0.0,-1.0,1.0,0.0,-1.0,0.9373006120270564,0.8429085475268098,-0.09439206450024662,0.9373006120270564,0.0,-0.9373006120270564,1.3553391695022583,3.5436034202575684,2.18826425075531,68.0,58.0,-10.0,12.701896667480469,10.451894760131836,-2.250001907348633,0.038461538461538464,0.046511627906976744,0.00805008944543828,0.0,0.0,0.0
1008,mp3d/2azQ1b91cZZ/2azQ1b91cZZ.glb,0,1.0,1.0,0.0,1.0,1.0,0.0,1.0,0.9203267058301711,-0.07967329416982893,0.9373006120270564,0.7922381909694952,-0.14506242105756117,0.9373006120270564,0.7922381909694952,-0.14506242105756117,1.3553391695022583,2.557342290878296,1.2020031213760376,68.0,87.0,19.0,12.701896667480469,14.951898574829102,2.250001907348633,0.038461538461538464,0.03278688524590164,-0.005674653215636823,0.0,0.0,0.0
1009,mp3d/TbHJrupSAjP/TbHJrupSAjP.glb,0,1.0,1.0,0.0,1.0,1.0,0.0,0.7399360624927654,0.7399360624927654,0.0,0.8806335126913928,0.8806335126913928,0.0,0.8806335126913928,0.8806335126913928,0.0,0.2007957100868225,0.2007957100868225,0.0,80.0,80.0,0.0,9.92790699005127,9.92790699005127,0.0,0.075,0.075,0.0,0.0,0.0,0.0
1010,mp3d/TbHJrupSAjP/TbHJrupSAjP.glb,0,1.0,1.0,0.0,1.0,1.0,0.0,0.6682300777323165,0.6682300777323165,0.0,0.8796723695134596,0.8796723695134596,0.0,0.8796723695134596,0.8796723695134596,0.0,0.09012246131896973,0.09012246131896973,0.0,88.0,88.0,0.0,10.993244171142578,10.993244171142578,0.0,0.06818181818181818,0.06818181818181818,0.0,0.0,0.0,0.0
1011,mp3d/TbHJrupSAjP/TbHJrupSAjP.glb,0,1.0,1.0,0.0,1.0,1.0,0.0,0.9901179808672171,0.9901179808672171,0.0,0.9623433843732886,0.9623433843732886,0.0,0.9623433843732886,0.9623433843732886,0.0,0.4043339192867279,0.4043339192867279,0.0,46.0,46.0,0.0,7.419334411621094,7.419334411621094,0.0,0.0,0.0,0.0,0.0,0.0,0.0
1012,mp3d/TbHJrupSAjP/TbHJrupSAjP.glb,0,1.0,1.0,0.0,1.0,1.0,0.0,0.8441673033865569,0.8441673033865569,0.0,0.8925791365332927,0.8925791365332927,0.0,0.8925791365332927,0.8925791365332927,0.0,2.2238054275512695,2.2238054275512695,0.0,91.0,91.0,0.0,8.819501876831055,8.819501876831055,0.0,0.4186046511627907,0.4186046511627907,0.0,0.0,0.0,0.0
1013,mp3d/TbHJrupSAjP/TbHJrupSAjP.glb,0,1.0,1.0,0.0,1.0,1.0,0.0,1.0,1.0,0.0,0.8846879366415851,0.8846879366415851,0.0,0.8846879366415851,0.8846879366415851,0.0,2.5391387939453125,2.5391387939453125,0.0,58.0,58.0,0.0,7.3520121574401855,7.3520121574401855,0.0,0.0,0.0,0.0,0.0,0.0,0.0
1014,mp3d/TbHJrupSAjP/TbHJrupSAjP.glb,0,1.0,1.0,0.0,1.0,1.0,0.0,1.0,1.0,0.0,0.912493886950534,0.912493886950534,0.0,0.912493886950534,0.912493886950534,0.0,2.075951099395752,2.075951099395752,0.0,45.0,45.0,0.0,6.337013244628906,6.337013244628906,0.0,0.0,0.0,0.0,0.0,0.0,0.0
1015,mp3d/zsNo4HB9uLZ/zsNo4HB9uLZ.glb,0,1.0,1.0,0.0,1.0,1.0,0.0,0.8480221597771895,0.8056209749583269,-0.04240118481886268,0.9330351653771713,0.9313487014007449,-0.0016864639764264666,0.9330351653771713,0.9313487014007449,-0.0016864639764264666,1.1308214664459229,0.6146993041038513,-0.5161221623420715,51.0,59.0,8.0,9.5,10.000000953674316,0.5000009536743164,0.0,0.0,0.0,0.0,0.0,0.0
1016,mp3d/zsNo4HB9uLZ/zsNo4HB9uLZ.glb,0,1.0,1.0,0.0,1.0,1.0,0.0,1.0,0.9792523736951444,-0.020747626304855604,0.9071747863008008,0.9477518763275025,0.04057709002670162,0.9071747863008008,0.9477518763275025,0.04057709002670162,1.9639272689819336,0.8433998227119446,-1.120527446269989,46.0,55.0,9.0,6.976897716522217,8.226899147033691,1.2500014305114746,0.10344827586206896,0.08823529411764706,-0.0152129817444219,0.0,0.0,0.0
1017,mp3d/zsNo4HB9uLZ/zsNo4HB9uLZ.glb,0,0.0,0.0,0.0,0.0,0.0,0.0,0.0,0.0,0.0,0.11662725973237409,0.11186762028424076,-0.004759639448133332,0.0,0.0,0.0,13.258788108825684,13.2587890625,9.5367431640625e-07,68.0,90.0,22.0,7.750530242919922,11.250530242919922,3.5,0.0,0.0,0.0,0.0,0.0,0.0
1018,mp3d/TbHJrupSAjP/TbHJrupSAjP.glb,0,0.0,0.0,0.0,0.0,0.0,0.0,0.0,0.0,0.0,0.21759938590538408,0.1908062524143901,-0.026793133490993992,0.0,0.0,0.0,11.15184497833252,5.658944606781006,-5.492900371551514,63.0,92.0,29.0,11.031482696533203,13.862478256225586,2.830995559692383,0.0,0.03508771929824561,0.03508771929824561,0.0,0.0,0.0
1019,mp3d/TbHJrupSAjP/TbHJrupSAjP.glb,0,1.0,1.0,0.0,1.0,1.0,0.0,0.8098621233553925,0.8098621233553925,0.0,0.9189041789438723,0.9189041789438723,0.0,0.9189041789438723,0.9189041789438723,0.0,0.2488994151353836,0.2488994151353836,0.0,62.0,62.0,0.0,9.733206748962402,9.733206748962402,0.0,0.05,0.05,0.0,0.0,0.0,0.0
1020,mp3d/TbHJrupSAjP/TbHJrupSAjP.glb,0,1.0,1.0,0.0,1.0,1.0,0.0,0.9554613813297829,0.9554613813297829,0.0,0.9564673342737863,0.9564673342737863,0.0,0.9564673342737863,0.9564673342737863,0.0,0.5242093801498413,0.5242093801498413,0.0,53.0,53.0,0.0,8.249999046325684,8.249999046325684,0.0,0.0,0.0,0.0,0.0,0.0,0.0
1021,mp3d/QUCTc6BB5sX/QUCTc6BB5sX.glb,0,1.0,1.0,0.0,1.0,1.0,0.0,1.0,1.0,0.0,0.9245331691392935,0.9245331691392935,0.0,0.9245331691392935,0.9245331691392935,0.0,1.4781198501586914,1.4781198501586914,0.0,51.0,51.0,0.0,9.817977905273438,9.817977905273438,0.0,0.075,0.075,0.0,0.0,0.0,0.0
1022,mp3d/QUCTc6BB5sX/QUCTc6BB5sX.glb,0,1.0,1.0,0.0,1.0,1.0,0.0,1.0,1.0,0.0,0.9354338622636639,0.9354338622636639,0.0,0.9354338622636639,0.9354338622636639,0.0,0.742851734161377,0.742851734161377,0.0,58.0,58.0,0.0,10.584467887878418,10.584467887878418,0.0,0.06976744186046512,0.06976744186046512,0.0,0.0,0.0,0.0
1023,mp3d/QUCTc6BB5sX/QUCTc6BB5sX.glb,0,1.0,1.0,0.0,1.0,1.0,0.0,1.0,1.0,0.0,0.9245331691392935,0.9245331691392935,0.0,0.9245331691392935,0.9245331691392935,0.0,1.4781198501586914,1.4781198501586914,0.0,51.0,51.0,0.0,9.817977905273438,9.817977905273438,0.0,0.075,0.075,0.0,0.0,0.0,0.0
1024,mp3d/zsNo4HB9uLZ/zsNo4HB9uLZ.glb,0,1.0,0.0,-1.0,1.0,0.0,-1.0,0.7907403832913683,0.0,-0.7907403832913683,0.8707228571401199,0.7127791132475418,-0.15794374389257804,0.8707228571401199,0.0,-0.8707228571401199,0.5265936851501465,3.3963685035705566,2.86977481842041,136.0,137.0,1.0,18.61669921875,18.36385726928711,-0.2528419494628906,0.13157894736842105,0.14666666666666667,0.015087719298245622,0.0,0.0,0.0
1025,mp3d/zsNo4HB9uLZ/zsNo4HB9uLZ.glb,0,0.0,0.0,0.0,0.0,0.0,0.0,0.0,0.0,0.0,0.47194498282194036,0.32483431119402995,-0.14711067162791042,0.0,0.0,0.0,5.367702484130859,7.723567485809326,2.355865001678467,151.0,186.0,35.0,20.94207763671875,21.442218780517578,0.5001411437988281,0.09411764705882353,0.08045977011494253,-0.013657876943881,0.0,0.0,0.0
1026,mp3d/zsNo4HB9uLZ/zsNo4HB9uLZ.glb,0,0.0,0.0,0.0,0.0,0.0,0.0,0.0,0.0,0.0,0.43962431179187805,0.43962431179187805,0.0,0.0,0.0,0.0,8.625877380371094,8.625877380371094,0.0,53.0,53.0,0.0,7.942215919494629,7.942215919494629,0.0,0.21212121212121213,0.21212121212121213,0.0,0.0,0.0,0.0
1027,mp3d/Z6MFQCViBuw/Z6MFQCViBuw.glb,0,1.0,1.0,0.0,1.0,1.0,0.0,1.0,1.0,0.0,0.9849626915252324,0.9849626915252324,0.0,0.9849626915252324,0.9849626915252324,0.0,1.0697619915008545,1.0697619915008545,0.0,30.0,30.0,0.0,7.25,7.25,0.0,0.0,0.0,0.0,0.0,0.0,0.0
1028,mp3d/Z6MFQCViBuw/Z6MFQCViBuw.glb,0,1.0,1.0,0.0,1.0,1.0,0.0,1.0,1.0,0.0,0.9849626915252324,0.9849626915252324,0.0,0.9849626915252324,0.9849626915252324,0.0,1.0697619915008545,1.0697619915008545,0.0,30.0,30.0,0.0,7.25,7.25,0.0,0.0,0.0,0.0,0.0,0.0,0.0
1029,mp3d/Z6MFQCViBuw/Z6MFQCViBuw.glb,0,0.0,0.0,0.0,0.0,0.0,0.0,0.0,0.0,0.0,0.00713005440573349,0.00713005440573349,0.0,0.0,0.0,0.0,21.501808166503906,21.501808166503906,0.0,67.0,67.0,0.0,13.318029403686523,13.318029403686523,0.0,0.0,0.0,0.0,0.0,0.0,0.0
1030,mp3d/2azQ1b91cZZ/2azQ1b91cZZ.glb,0,1.0,1.0,0.0,1.0,1.0,0.0,1.0,0.8344982892047577,-0.16550171079524234,0.9278266883470268,0.9368431214395259,0.00901643309249911,0.9278266883470268,0.9368431214395259,0.00901643309249911,1.028808832168579,0.22188128530979156,-0.8069275468587875,32.0,37.0,5.0,5.6152143478393555,6.8652143478393555,1.25,0.0,0.0,0.0,0.0,0.0,0.0
1031,mp3d/2azQ1b91cZZ/2azQ1b91cZZ.glb,0,1.0,1.0,0.0,1.0,1.0,0.0,0.8344982892047577,0.8344982892047577,0.0,0.9368431214395259,0.9368431214395259,0.0,0.9368431214395259,0.9368431214395259,0.0,0.22188128530979156,0.22188128530979156,0.0,37.0,37.0,0.0,6.8652143478393555,6.8652143478393555,0.0,0.0,0.0,0.0,0.0,0.0,0.0
1032,mp3d/2azQ1b91cZZ/2azQ1b91cZZ.glb,0,1.0,1.0,0.0,1.0,1.0,0.0,0.8344982892047577,0.8344982892047577,0.0,0.9368431214395259,0.9368431214395259,0.0,0.9368431214395259,0.9368431214395259,0.0,0.22188128530979156,0.22188128530979156,0.0,37.0,37.0,0.0,6.8652143478393555,6.8652143478393555,0.0,0.0,0.0,0.0,0.0,0.0,0.0
1033,mp3d/zsNo4HB9uLZ/zsNo4HB9uLZ.glb,0,1.0,1.0,0.0,1.0,1.0,0.0,0.9092484725137153,0.9092484725137153,0.0,0.8910429993865147,0.8910429993865147,0.0,0.8910429993865147,0.8910429993865147,0.0,0.8940783739089966,0.8940783739089966,0.0,84.0,84.0,0.0,12.162500381469727,12.162500381469727,0.0,0.17647058823529413,0.17647058823529413,0.0,0.0,0.0,0.0
1034,mp3d/zsNo4HB9uLZ/zsNo4HB9uLZ.glb,0,1.0,1.0,0.0,1.0,1.0,0.0,0.8564363653122387,0.9092484725137153,0.052812107201476666,0.8945408297957372,0.8910429993865147,-0.00349783040922258,0.8945408297957372,0.8910429993865147,-0.00349783040922258,0.17768526077270508,0.8940783739089966,0.7163931131362915,88.0,84.0,-4.0,12.912500381469727,12.162500381469727,-0.75,0.16666666666666666,0.17647058823529413,0.009803921568627472,0.0,0.0,0.0
1035,mp3d/zsNo4HB9uLZ/zsNo4HB9uLZ.glb,0,1.0,1.0,0.0,1.0,1.0,0.0,0.982998823886248,0.982998823886248,0.0,0.9585225321980265,0.9585225321980265,0.0,0.9585225321980265,0.9585225321980265,0.0,0.8277944326400757,0.8277944326400757,0.0,69.0,69.0,0.0,11.249998092651367,11.249998092651367,0.0,0.0,0.0,0.0,0.0,0.0,0.0
1036,mp3d/TbHJrupSAjP/TbHJrupSAjP.glb,0,1.0,1.0,0.0,1.0,1.0,0.0,0.676943100055464,0.30389568910344084,-0.37304741095202315,0.7724765370402317,0.41668001388583886,-0.3557965231543928,0.7724765370402317,0.41668001388583886,-0.3557965231543928,0.7791204452514648,0.28276655077934265,-0.4963538944721222,97.0,209.0,112.0,12.55197525024414,27.960163116455078,15.408187866210938,0.19298245614035087,0.09322033898305085,-0.09976211715730002,0.0,0.0,0.0
1037,mp3d/TbHJrupSAjP/TbHJrupSAjP.glb,0,1.0,1.0,0.0,1.0,1.0,0.0,0.6183334581374146,0.6183334581374146,0.0,0.7650373379902806,0.7650373379902806,0.0,0.7650373379902806,0.7650373379902806,0.0,0.47678342461586,0.47678342461586,0.0,102.0,102.0,0.0,13.741732597351074,13.741732597351074,0.0,0.18032786885245902,0.18032786885245902,0.0,0.0,0.0,0.0
1038,mp3d/TbHJrupSAjP/TbHJrupSAjP.glb,0,0.0,0.0,0.0,0.0,0.0,0.0,0.0,0.0,0.0,0.02356557440478896,0.2814680768808981,0.25790250247610913,0.0,0.0,0.0,9.212518692016602,9.250350952148438,0.03783226013183594,234.0,110.0,-124.0,26.255125045776367,13.756513595581055,-12.498611450195312,0.15178571428571427,0.25806451612903225,0.10627880184331798,0.0,0.0,0.0
1039,mp3d/zsNo4HB9uLZ/zsNo4HB9uLZ.glb,0,1.0,1.0,0.0,1.0,1.0,0.0,0.8697643922359626,0.8697643922359626,0.0,0.9122398273842989,0.9122398273842989,0.0,0.9122398273842989,0.9122398273842989,0.0,0.7089937329292297,0.7089937329292297,0.0,61.0,61.0,0.0,11.778582572937012,11.778582572937012,0.0,0.0,0.0,0.0,0.0,0.0,0.0
1040,mp3d/zsNo4HB9uLZ/zsNo4HB9uLZ.glb,0,1.0,1.0,0.0,1.0,1.0,0.0,1.0,1.0,0.0,0.8373057522010406,0.8373057522010406,0.0,0.8373057522010406,0.8373057522010406,0.0,2.347296953201294,2.347296953201294,0.0,46.0,46.0,0.0,9.028581619262695,9.028581619262695,0.0,0.0,0.0,0.0,0.0,0.0,0.0
1041,mp3d/zsNo4HB9uLZ/zsNo4HB9uLZ.glb,0,1.0,1.0,0.0,1.0,1.0,0.0,0.9083227003876903,0.9083227003876903,0.0,0.8903619662430632,0.8903619662430632,0.0,0.8903619662430632,0.8903619662430632,0.0,0.15555046498775482,0.15555046498775482,0.0,61.0,61.0,0.0,11.278581619262695,11.278581619262695,0.0,0.0,0.0,0.0,0.0,0.0,0.0
1042,mp3d/QUCTc6BB5sX/QUCTc6BB5sX.glb,0,1.0,0.0,-1.0,1.0,0.0,-1.0,1.0,0.0,-1.0,0.9392539869509945,0.8664260392413098,-0.0728279477096847,0.9392539869509945,0.0,-0.9392539869509945,1.2785450220108032,3.0007259845733643,1.722180962562561,71.0,56.0,-15.0,11.250006675720215,9.250005722045898,-2.0000009536743164,0.0,0.0,0.0,0.0,0.0,0.0
1043,mp3d/QUCTc6BB5sX/QUCTc6BB5sX.glb,0,1.0,1.0,0.0,1.0,1.0,0.0,0.9094434830393249,0.7819820033009401,-0.12746147973838473,0.9415780932130594,0.8885351439131464,-0.053042949299913045,0.9415780932130594,0.8885351439131464,-0.053042949299913045,0.2438889592885971,0.21509958803653717,-0.028789371252059937,80.0,103.0,23.0,12.682744979858398,14.750006675720215,2.0672616958618164,0.019230769230769232,0.0,-0.019230769230769232,0.0,0.0,0.0
1044,mp3d/QUCTc6BB5sX/QUCTc6BB5sX.glb,0,0.0,0.0,0.0,0.0,0.0,0.0,0.0,0.0,0.0,0.8248994384144126,0.8248994384144126,0.0,0.0,0.0,0.0,3.667942762374878,3.667942762374878,0.0,52.0,52.0,0.0,8.500005722045898,8.500005722045898,0.0,0.0,0.0,0.0,0.0,0.0,0.0
1045,mp3d/oLBMNvg9in8/oLBMNvg9in8.glb,0,1.0,1.0,0.0,1.0,1.0,0.0,0.7760093228899504,0.7760093228899504,0.0,0.9136121500642048,0.9136121500642048,0.0,0.9136121500642048,0.9136121500642048,0.0,0.14199167490005493,0.14199167490005493,0.0,70.0,70.0,0.0,11.796526908874512,11.796526908874512,0.0,0.0,0.0,0.0,0.0,0.0,0.0
1046,mp3d/oLBMNvg9in8/oLBMNvg9in8.glb,0,1.0,1.0,0.0,1.0,1.0,0.0,0.6262324668883699,0.7760093228899504,0.14977685600158053,0.8778690249555251,0.9136121500642048,0.03574312510867972,0.8778690249555251,0.9136121500642048,0.03574312510867972,0.25306493043899536,0.14199167490005493,-0.11107325553894043,105.0,70.0,-35.0,14.617918014526367,11.796526908874512,-2.8213911056518555,0.017241379310344827,0.0,-0.017241379310344827,0.0,0.0,0.0
1047,mp3d/oLBMNvg9in8/oLBMNvg9in8.glb,0,0.0,0.0,0.0,0.0,0.0,0.0,0.0,0.0,0.0,0.7695957722159554,0.7695957722159554,0.0,0.0,0.0,0.0,3.5483503341674805,3.5483503341674805,0.0,50.0,50.0,0.0,8.002264022827148,8.002264022827148,0.0,0.0,0.0,0.0,0.0,0.0,0.0
1048,mp3d/2azQ1b91cZZ/2azQ1b91cZZ.glb,0,1.0,1.0,0.0,1.0,1.0,0.0,0.23358781693885028,0.2787228168521284,0.04513499991327813,0.23554522292994673,0.3981210702561585,0.16257584732621178,0.23554522292994673,0.3981210702561585,0.16257584732621178,1.5596843957901,2.038900375366211,0.47921597957611084,316.0,252.0,-64.0,33.980224609375,28.47763442993164,-5.502590179443359,0.029197080291970802,0.034782608695652174,0.005585528403681372,0.0,0.0,0.0
1049,mp3d/2azQ1b91cZZ/2azQ1b91cZZ.glb,0,1.0,1.0,0.0,1.0,1.0,0.0,0.9088410658435234,0.538728891063183,-0.3701121747803404,0.9083548953202504,0.7467992545646417,-0.1615556407556087,0.9083548953202504,0.7467992545646417,-0.1615556407556087,1.085567831993103,1.085567831993103,0.0,75.0,127.0,52.0,8.733503341674805,14.733508110046387,6.000004768371582,0.05555555555555555,0.03333333333333333,-0.02222222222222222,0.0,0.0,0.0
1050,mp3d/2azQ1b91cZZ/2azQ1b91cZZ.glb,0,1.0,1.0,0.0,1.0,1.0,0.0,1.0,1.0,0.0,0.9143350422375202,0.9143350422375202,0.0,0.9143350422375202,0.9143350422375202,0.0,1.085567831993103,1.085567831993103,0.0,47.0,47.0,0.0,7.733502388000488,7.733502388000488,0.0,0.0625,0.0625,0.0,0.0,0.0,0.0
1051,mp3d/x8F5xyUWy9e/x8F5xyUWy9e.glb,0,0.0,0.0,0.0,0.0,0.0,0.0,0.0,0.0,0.0,0.8167199249951862,0.8167199249951862,0.0,0.0,0.0,0.0,3.202430248260498,3.202430248260498,0.0,52.0,52.0,0.0,8.129672050476074,8.129672050476074,0.0,0.0,0.0,0.0,0.0,0.0,0.0
1052,mp3d/x8F5xyUWy9e/x8F5xyUWy9e.glb,0,0.0,1.0,1.0,0.0,1.0,1.0,0.0,1.0,1.0,0.7675511493779172,0.8960568361188508,0.12850568674093354,0.0,0.8960568361188508,0.8960568361188508,3.887664318084717,2.102504253387451,-1.7851600646972656,46.0,54.0,8.0,7.081906318664551,8.924904823303223,1.8429985046386719,0.0,0.0,0.0,0.0,0.0,0.0
1053,mp3d/x8F5xyUWy9e/x8F5xyUWy9e.glb,0,0.0,0.0,0.0,0.0,0.0,0.0,0.0,0.0,0.0,0.8167199249951862,0.8167199249951862,0.0,0.0,0.0,0.0,3.202430248260498,3.202430248260498,0.0,52.0,52.0,0.0,8.129672050476074,8.129672050476074,0.0,0.0,0.0,0.0,0.0,0.0,0.0
1054,mp3d/x8F5xyUWy9e/x8F5xyUWy9e.glb,0,1.0,1.0,0.0,1.0,1.0,0.0,0.6883706312913161,0.6770115871343848,-0.011359044156931342,0.7743150839236164,0.7652091618821341,-0.009105922041482306,0.7743150839236164,0.7652091618821341,-0.009105922041482306,0.8477175831794739,0.8531665802001953,0.0054489970207214355,60.0,74.0,14.0,9.75,9.91358757019043,0.1635875701904297,0.0,0.11538461538461539,0.11538461538461539,0.0,0.0,0.0
1055,mp3d/x8F5xyUWy9e/x8F5xyUWy9e.glb,0,1.0,1.0,0.0,1.0,1.0,0.0,0.5712011621353474,0.6770115871343848,0.10581042499903737,0.7153943155001122,0.7652091618821341,0.04981484638202183,0.7153943155001122,0.7652091618821341,0.04981484638202183,0.8477175831794739,0.8531665802001953,0.0054489970207214355,86.0,74.0,-12.0,11.75,9.91358757019043,-1.8364124298095703,0.0,0.11538461538461539,0.11538461538461539,0.0,0.0,0.0
1056,mp3d/x8F5xyUWy9e/x8F5xyUWy9e.glb,0,0.0,0.0,0.0,0.0,0.0,0.0,0.0,0.0,0.0,0.00015320614298754395,0.058689482754193896,0.058536276611206355,0.0,0.0,0.0,12.71597671508789,10.82322883605957,-1.8927478790283203,241.0,55.0,-186.0,29.46954917907715,9.49236011505127,-19.97718906402588,0.10655737704918032,0.05,-0.05655737704918032,0.0,0.0,0.0
1057,mp3d/Z6MFQCViBuw/Z6MFQCViBuw.glb,0,1.0,1.0,0.0,1.0,1.0,0.0,1.0,1.0,0.0,0.9168978945513375,0.9168978945513375,0.0,0.9168978945513375,0.9168978945513375,0.0,1.67743980884552,1.67743980884552,0.0,54.0,54.0,0.0,9.823907852172852,9.823907852172852,0.0,0.0,0.0,0.0,0.0,0.0,0.0
1058,mp3d/Z6MFQCViBuw/Z6MFQCViBuw.glb,0,0.0,0.0,0.0,0.0,0.0,0.0,0.0,0.0,0.0,0.03344169061692747,0.05423953833481726,0.02079784771788979,0.0,0.0,0.0,21.339902877807617,19.64254379272461,-1.6973590850830078,47.0,39.0,-8.0,10.250008583068848,8.500005722045898,-1.7500028610229492,0.0,0.0,0.0,0.0,0.0,0.0
1059,mp3d/Z6MFQCViBuw/Z6MFQCViBuw.glb,0,0.0,0.0,0.0,0.0,0.0,0.0,0.0,0.0,0.0,0.03344169061692747,0.012870021318461423,-0.020571669298466048,0.0,0.0,0.0,21.339902877807617,21.339902877807617,0.0,47.0,83.0,36.0,10.250008583068848,13.750011444091797,3.500002861022949,0.0,0.0,0.0,0.0,0.0,0.0
1060,mp3d/QUCTc6BB5sX/QUCTc6BB5sX.glb,0,0.0,0.0,0.0,0.0,0.0,0.0,0.0,0.0,0.0,0.018181558169884694,0.018181558169884694,0.0,0.0,0.0,0.0,22.244930267333984,22.244930267333984,0.0,75.0,75.0,0.0,14.279304504394531,14.279304504394531,0.0,0.0,0.0,0.0,0.0,0.0,0.0
1061,mp3d/QUCTc6BB5sX/QUCTc6BB5sX.glb,0,1.0,1.0,0.0,1.0,1.0,0.0,0.9158287325184327,1.0,0.08417126748156734,0.9241161075159113,0.9395631564803644,0.015447048964453036,0.9241161075159113,0.9395631564803644,0.015447048964453036,0.5756059885025024,0.42419174313545227,-0.15141424536705017,52.0,46.0,-6.0,9.458013534545898,8.474832534790039,-0.9831809997558594,0.05128205128205128,0.02857142857142857,-0.02271062271062271,0.0,0.0,0.0
1062,mp3d/QUCTc6BB5sX/QUCTc6BB5sX.glb,0,1.0,1.0,0.0,1.0,1.0,0.0,1.0,1.0,0.0,0.9395631564803644,0.9395631564803644,0.0,0.9395631564803644,0.9395631564803644,0.0,0.42419174313545227,0.42419174313545227,0.0,46.0,46.0,0.0,8.474832534790039,8.474832534790039,0.0,0.02857142857142857,0.02857142857142857,0.0,0.0,0.0,0.0
1063,mp3d/TbHJrupSAjP/TbHJrupSAjP.glb,0,1.0,1.0,0.0,1.0,1.0,0.0,1.0,1.0,0.0,0.8862255174667464,0.8862255174667464,0.0,0.8862255174667464,0.8862255174667464,0.0,2.667905807495117,2.667905807495117,0.0,53.0,53.0,0.0,8.25,8.25,0.0,0.0,0.0,0.0,0.0,0.0,0.0
1064,mp3d/TbHJrupSAjP/TbHJrupSAjP.glb,0,1.0,1.0,0.0,1.0,1.0,0.0,0.7558404166079022,0.7558404166079022,0.0,0.9302625366334247,0.9302625366334247,0.0,0.9302625366334247,0.9302625366334247,0.0,0.31960025429725647,0.31960025429725647,0.0,113.0,113.0,0.0,13.75389289855957,13.75389289855957,0.0,0.0,0.0,0.0,0.0,0.0,0.0
1065,mp3d/TbHJrupSAjP/TbHJrupSAjP.glb,0,1.0,1.0,0.0,1.0,1.0,0.0,0.967392970258746,0.967392970258746,0.0,0.9566316888343851,0.9566316888343851,0.0,0.9566316888343851,0.9566316888343851,0.0,0.34303030371665955,0.34303030371665955,0.0,71.0,71.0,0.0,10.746148109436035,10.746148109436035,0.0,0.022727272727272728,0.022727272727272728,0.0,0.0,0.0,0.0
1066,mp3d/oLBMNvg9in8/oLBMNvg9in8.glb,0,1.0,1.0,0.0,1.0,1.0,0.0,0.5054672392445422,0.5054672392445422,0.0,0.8122977298706711,0.8122977298706711,0.0,0.8122977298706711,0.8122977298706711,0.0,0.050484172999858856,0.050484172999858856,0.0,133.0,133.0,0.0,14.993330001831055,14.993330001831055,0.0,0.0,0.0,0.0,0.0,0.0,0.0
1067,mp3d/oLBMNvg9in8/oLBMNvg9in8.glb,0,1.0,1.0,0.0,1.0,1.0,0.0,0.8913793447690033,1.0,0.10862065523099673,0.9096896061924891,0.8897551218593124,-0.019934484333176683,0.9096896061924891,0.8897551218593124,-0.019934484333176683,1.3460931777954102,1.6612807512283325,0.31518757343292236,56.0,48.0,-8.0,8.502145767211914,7.251450061798096,-1.2506957054138184,0.0,0.0,0.0,0.0,0.0,0.0
1068,mp3d/oLBMNvg9in8/oLBMNvg9in8.glb,0,1.0,1.0,0.0,1.0,1.0,0.0,0.8913793447690033,0.8913793447690033,0.0,0.9096896061924891,0.9096896061924891,0.0,0.9096896061924891,0.9096896061924891,0.0,1.3460931777954102,1.3460931777954102,0.0,56.0,56.0,0.0,8.502145767211914,8.502145767211914,0.0,0.0,0.0,0.0,0.0,0.0,0.0
1069,mp3d/zsNo4HB9uLZ/zsNo4HB9uLZ.glb,0,0.0,0.0,0.0,0.0,0.0,0.0,0.0,0.0,0.0,0.8693932792783062,0.8655303406197038,-0.003862938658602433,0.0,0.0,0.0,3.0203864574432373,3.2724695205688477,0.25208306312561035,62.0,52.0,-10.0,11.500001907348633,10.250001907348633,-1.25,0.0,0.0,0.0,0.0,0.0,0.0
1070,mp3d/zsNo4HB9uLZ/zsNo4HB9uLZ.glb,0,0.0,0.0,0.0,0.0,0.0,0.0,0.0,0.0,0.0,0.8655303406197038,0.8655303406197038,0.0,0.0,0.0,0.0,3.2724695205688477,3.2724695205688477,0.0,52.0,52.0,0.0,10.250001907348633,10.250001907348633,0.0,0.0,0.0,0.0,0.0,0.0,0.0
1071,mp3d/zsNo4HB9uLZ/zsNo4HB9uLZ.glb,0,1.0,1.0,0.0,1.0,1.0,0.0,1.0,1.0,0.0,0.9438894755361802,0.9438894755361802,0.0,0.9438894755361802,0.9438894755361802,0.0,1.3314504623413086,1.3314504623413086,0.0,67.0,67.0,0.0,12.500001907348633,12.500001907348633,0.0,0.0,0.0,0.0,0.0,0.0,0.0
1072,mp3d/oLBMNvg9in8/oLBMNvg9in8.glb,0,1.0,1.0,0.0,1.0,1.0,0.0,0.4859011657910294,0.6125110719939161,0.1266099062028867,0.6413520267873392,0.8045577795865869,0.16320575279924776,0.6413520267873392,0.8045577795865869,0.16320575279924776,0.8290005922317505,0.3896196484565735,-0.439380943775177,123.0,103.0,-20.0,18.387617111206055,14.586780548095703,-3.8008365631103516,0.0,0.0,0.0,0.0,0.0,0.0
1073,mp3d/oLBMNvg9in8/oLBMNvg9in8.glb,0,1.0,1.0,0.0,1.0,1.0,0.0,0.4071155894577731,0.42010156978745894,0.012985980329685842,0.5230090591429022,0.5683699636926255,0.0453609045497233,0.5230090591429022,0.5683699636926255,0.0453609045497233,1.7757340669631958,1.448493242263794,-0.32724082469940186,171.0,157.0,-14.0,21.946014404296875,21.267629623413086,-0.6783847808837891,0.0,0.0,0.0,0.0,0.0,0.0
1074,mp3d/oLBMNvg9in8/oLBMNvg9in8.glb,0,1.0,1.0,0.0,1.0,1.0,0.0,0.5533622448696317,0.5048301351028184,-0.048532109766813325,0.7740536630243605,0.6639480666576724,-0.11010559636668815,0.7740536630243605,0.6639480666576724,-0.11010559636668815,1.192208170890808,0.2333623468875885,-0.9588458240032196,109.0,139.0,30.0,16.145959854125977,17.69816017150879,1.5522003173828125,0.0,0.0,0.0,0.0,0.0,0.0
1075,mp3d/TbHJrupSAjP/TbHJrupSAjP.glb,0,1.0,1.0,0.0,1.0,1.0,0.0,0.9093573014320616,0.9093573014320616,0.0,0.9029177960445437,0.9029177960445437,0.0,0.9029177960445437,0.9029177960445437,0.0,1.2716455459594727,1.2716455459594727,0.0,68.0,68.0,0.0,10.771127700805664,10.771127700805664,0.0,0.0,0.0,0.0,0.0,0.0,0.0
1076,mp3d/TbHJrupSAjP/TbHJrupSAjP.glb,0,1.0,1.0,0.0,1.0,1.0,0.0,1.0,1.0,0.0,0.9419676048759297,0.9419676048759297,0.0,0.9419676048759297,0.9419676048759297,0.0,1.2908496856689453,1.2908496856689453,0.0,51.0,51.0,0.0,9.25,9.25,0.0,0.0,0.0,0.0,0.0,0.0,0.0
1077,mp3d/TbHJrupSAjP/TbHJrupSAjP.glb,0,1.0,1.0,0.0,1.0,1.0,0.0,0.8706492844178335,0.95559068592264,0.08494140150480645,0.9329375644561441,0.9397453530108458,0.006807788554701766,0.9329375644561441,0.9397453530108458,0.006807788554701766,0.4540104866027832,1.3025729656219482,0.848562479019165,63.0,58.0,-5.0,11.249999046325684,10.249999046325684,-1.0,0.0,0.0,0.0,0.0,0.0,0.0
1078,mp3d/8194nk5LbLH/8194nk5LbLH.glb,0,0.0,0.0,0.0,1.0,0.0,-1.0,0.0,0.0,0.0,0.23041893988600287,0.24494898328579212,0.01453004339978925,0.0,0.0,0.0,6.055761814117432,6.460792541503906,0.4050307273864746,214.0,143.0,-71.0,22.584980010986328,12.929717063903809,-9.65526294708252,0.31666666666666665,0.6082474226804123,0.29158075601374567,1.0,0.0,-1.0
1079,mp3d/8194nk5LbLH/8194nk5LbLH.glb,0,1.0,1.0,0.0,1.0,1.0,0.0,0.6617073530836359,0.8379714753618605,0.17626412227822452,0.8715542069536663,0.8938966058115172,0.022342398857850942,0.8715542069536663,0.8938966058115172,0.022342398857850942,1.3749480247497559,1.3437556028366089,-0.031192421913146973,99.0,64.0,-35.0,13.073684692382812,10.323684692382812,-2.75,0.05555555555555555,0.06976744186046512,0.014211886304909563,0.0,0.0,0.0
1080,mp3d/8194nk5LbLH/8194nk5LbLH.glb,0,0.0,1.0,1.0,0.0,1.0,1.0,0.0,1.0,1.0,0.5171598998112819,0.7246475919048456,0.20748769209356377,0.0,0.7246475919048456,0.7246475919048456,6.492974281311035,1.9788609743118286,-4.5141133069992065,104.0,37.0,-67.0,13.978673934936523,7.5,-6.478673934936523,0.08620689655172414,0.0,-0.08620689655172414,0.0,0.0,0.0
1081,mp3d/TbHJrupSAjP/TbHJrupSAjP.glb,0,1.0,1.0,0.0,1.0,1.0,0.0,0.7893859033737345,0.546612215620228,-0.2427736877535065,0.9266510130271632,0.8210400992090672,-0.10561091381809606,0.9266510130271632,0.8210400992090672,-0.10561091381809606,0.31771647930145264,0.49384790658950806,0.17613142728805542,87.0,139.0,52.0,10.716168403625488,15.47567367553711,4.759505271911621,0.0,0.016129032258064516,0.016129032258064516,0.0,0.0,0.0
1082,mp3d/TbHJrupSAjP/TbHJrupSAjP.glb,0,1.0,1.0,0.0,1.0,1.0,0.0,0.7893859033737345,0.7893859033737345,0.0,0.9266510130271632,0.9266510130271632,0.0,0.9266510130271632,0.9266510130271632,0.0,0.31771647930145264,0.31771647930145264,0.0,87.0,87.0,0.0,10.716168403625488,10.716168403625488,0.0,0.0,0.0,0.0,0.0,0.0,0.0
1083,mp3d/TbHJrupSAjP/TbHJrupSAjP.glb,0,1.0,1.0,0.0,1.0,1.0,0.0,0.7893859033737345,0.8791407082082613,0.0897548048345268,0.9266510130271632,0.9263947543139582,-0.00025625871320500426,0.9266510130271632,0.9263947543139582,-0.00025625871320500426,0.31771647930145264,1.340543508529663,1.0228270292282104,87.0,77.0,-10.0,10.716168403625488,9.622114181518555,-1.0940542221069336,0.0,0.0,0.0,0.0,0.0,0.0
1084,mp3d/zsNo4HB9uLZ/zsNo4HB9uLZ.glb,0,1.0,1.0,0.0,1.0,1.0,0.0,1.0,0.6159461975097656,-0.38405380249023435,0.9378300945603574,0.7864288499841097,-0.1514012445762477,0.9378300945603574,0.7864288499841097,-0.1514012445762477,1.0614404678344727,1.1909027099609375,0.12946224212646484,29.0,48.0,19.0,3.7499983310699463,6.25,2.5000016689300537,0.0,0.0,0.0,0.0,0.0,0.0
1085,mp3d/zsNo4HB9uLZ/zsNo4HB9uLZ.glb,0,1.0,1.0,0.0,1.0,1.0,0.0,0.7699328937402522,0.570320553249783,-0.19961234049046916,0.9469393918436905,0.7719003405562093,-0.1750390512874812,0.9469393918436905,0.7719003405562093,-0.1750390512874812,0.20183658599853516,0.6913206577301025,0.4894840717315674,39.0,58.0,19.0,4.999999046325684,6.75,1.7500009536743164,0.0,0.0,0.0,0.0,0.0,0.0
1086,mp3d/zsNo4HB9uLZ/zsNo4HB9uLZ.glb,0,1.0,1.0,0.0,1.0,1.0,0.0,0.15554196906812262,0.1587490199767437,0.003207050908621084,0.056588840511833396,0.021637814991571067,-0.03495102552026233,0.056588840511833396,0.021637814991571067,-0.03495102552026233,0.01543455570936203,2.661458969116211,2.646024413406849,205.0,206.0,1.0,24.75,24.25,-0.5,0.0,0.0,0.0,0.0,0.0,0.0
1087,mp3d/2azQ1b91cZZ/2azQ1b91cZZ.glb,0,1.0,1.0,0.0,1.0,1.0,0.0,0.8962469482421875,0.4979149712456597,-0.39833197699652784,0.9454426994057726,0.609949850640983,-0.3354928487647897,0.9454426994057726,0.609949850640983,-0.3354928487647897,0.6818115711212158,0.13709548115730286,-0.544716089963913,32.0,75.0,43.0,6.25,11.25,5.0,0.0,0.0,0.0,0.0,0.0,0.0
1088,mp3d/2azQ1b91cZZ/2azQ1b91cZZ.glb,0,1.0,1.0,0.0,1.0,1.0,0.0,0.8962469482421875,0.8962469482421875,0.0,0.9454426994057726,0.9454426994057726,0.0,0.9454426994057726,0.9454426994057726,0.0,0.6818115711212158,0.6818115711212158,0.0,32.0,32.0,0.0,6.25,6.25,0.0,0.0,0.0,0.0,0.0,0.0,0.0
1089,mp3d/2azQ1b91cZZ/2azQ1b91cZZ.glb,0,1.0,1.0,0.0,1.0,1.0,0.0,0.8962469482421875,0.8962469482421875,0.0,0.9454426994057726,0.9454426994057726,0.0,0.9454426994057726,0.9454426994057726,0.0,0.6818115711212158,0.6818115711212158,0.0,32.0,32.0,0.0,6.25,6.25,0.0,0.0,0.0,0.0,0.0,0.0,0.0
1090,mp3d/X7HyMhZNoso/X7HyMhZNoso.glb,0,1.0,1.0,0.0,1.0,1.0,0.0,1.0,1.0,0.0,0.9339428445933362,0.9339428445933362,0.0,0.9339428445933362,0.9339428445933362,0.0,0.9794216156005859,0.9794216156005859,0.0,34.0,34.0,0.0,4.488646030426025,4.488646030426025,0.0,0.0,0.0,0.0,0.0,0.0,0.0
1091,mp3d/X7HyMhZNoso/X7HyMhZNoso.glb,0,1.0,1.0,0.0,1.0,1.0,0.0,1.0,1.0,0.0,0.8294502676700075,0.8294502676700075,0.0,0.8294502676700075,0.8294502676700075,0.0,2.5849595069885254,2.5849595069885254,0.0,31.0,31.0,0.0,4.738646030426025,4.738646030426025,0.0,0.0,0.0,0.0,0.0,0.0,0.0
1092,mp3d/X7HyMhZNoso/X7HyMhZNoso.glb,0,1.0,1.0,0.0,1.0,1.0,0.0,0.13855492497417765,0.11015110158090181,-0.028403823393275837,0.005303777844593633,0.001063166644335694,-0.004240611200257939,0.005303777844593633,0.001063166644335694,-0.004240611200257939,0.2699938714504242,2.3485219478607178,2.0785280764102936,269.0,362.0,93.0,35.909114837646484,45.168724060058594,9.25960922241211,0.0,0.0,0.0,0.0,0.0,0.0
1093,mp3d/QUCTc6BB5sX/QUCTc6BB5sX.glb,0,0.0,1.0,1.0,0.0,1.0,1.0,0.0,0.9544107481618569,0.9544107481618569,0.6400906628485915,0.8970693952234224,0.25697873237483093,0.0,0.8970693952234224,0.8970693952234224,5.82936954498291,0.7715663313865662,-5.057803213596344,62.0,57.0,-5.0,10.435029029846191,9.294617652893066,-1.140411376953125,0.17391304347826086,0.12195121951219512,-0.051961823966065745,0.0,0.0,0.0
1094,mp3d/QUCTc6BB5sX/QUCTc6BB5sX.glb,0,1.0,1.0,0.0,1.0,1.0,0.0,0.9049944105488364,1.0,0.09500558945116355,0.9308262907799844,0.9601137038351869,0.02928741305520255,0.9308262907799844,0.9601137038351869,0.02928741305520255,0.4696245789527893,0.650852620601654,0.18122804164886475,69.0,51.0,-18.0,9.802141189575195,8.656351089477539,-1.1457901000976562,0.11627906976744186,0.05555555555555555,-0.060723514211886306,0.0,0.0,0.0
1095,mp3d/QUCTc6BB5sX/QUCTc6BB5sX.glb,0,0.0,0.0,0.0,0.0,0.0,0.0,0.0,0.0,0.0,0.021979876971831003,0.041983839653346455,0.020003962681515452,0.0,0.0,0.0,18.027490615844727,18.56700897216797,0.5395183563232422,113.0,93.0,-20.0,15.76079273223877,13.260791778564453,-2.5000009536743164,0.0,0.0,0.0,0.0,0.0,0.0
1096,mp3d/QUCTc6BB5sX/QUCTc6BB5sX.glb,0,1.0,1.0,0.0,1.0,1.0,0.0,0.8861449196230781,0.8861449196230781,0.0,0.89257133957939,0.89257133957939,0.0,0.89257133957939,0.89257133957939,0.0,1.2557544708251953,1.2557544708251953,0.0,66.0,66.0,0.0,12.519857406616211,12.519857406616211,0.0,0.09433962264150944,0.09433962264150944,0.0,0.0,0.0,0.0
1097,mp3d/QUCTc6BB5sX/QUCTc6BB5sX.glb,0,1.0,0.0,-1.0,1.0,0.0,-1.0,1.0,0.0,-1.0,0.9357805779517996,0.4105252082473236,-0.525255369704476,0.9357805779517996,0.0,-0.9357805779517996,0.29066070914268494,10.945276260375977,10.654615551233292,60.0,67.0,7.0,10.98812198638916,9.757067680358887,-1.2310543060302734,0.10638297872340426,0.0,-0.10638297872340426,0.0,0.0,0.0
1098,mp3d/QUCTc6BB5sX/QUCTc6BB5sX.glb,0,0.0,0.0,0.0,0.0,0.0,0.0,0.0,0.0,0.0,0.05396965940981607,0.005734245135636632,-0.04823541427417944,0.0,0.0,0.0,22.12960433959961,27.58163833618164,5.452033996582031,59.0,84.0,25.0,12.009541511535645,17.759540557861328,5.749999046325684,0.0,0.0,0.0,0.0,0.0,0.0
1099,mp3d/zsNo4HB9uLZ/zsNo4HB9uLZ.glb,0,1.0,1.0,0.0,1.0,1.0,0.0,1.0,1.0,0.0,0.9366688974055558,0.9366688974055558,0.0,0.9366688974055558,0.9366688974055558,0.0,1.3585691452026367,1.3585691452026367,0.0,45.0,45.0,0.0,7.999999523162842,7.999999523162842,0.0,0.0,0.0,0.0,0.0,0.0,0.0
1100,mp3d/zsNo4HB9uLZ/zsNo4HB9uLZ.glb,0,1.0,1.0,0.0,1.0,1.0,0.0,1.0,1.0,0.0,0.8765071871590946,0.8765071871590946,0.0,0.8765071871590946,0.8765071871590946,0.0,2.6066999435424805,2.6066999435424805,0.0,39.0,39.0,0.0,6.750000476837158,6.750000476837158,0.0,0.0,0.0,0.0,0.0,0.0,0.0
1101,mp3d/zsNo4HB9uLZ/zsNo4HB9uLZ.glb,0,0.0,0.0,0.0,0.0,0.0,0.0,0.0,0.0,0.0,0.8325165214252371,0.8325165214252371,0.0,0.0,0.0,0.0,3.811643600463867,3.811643600463867,0.0,36.0,36.0,0.0,6.75,6.75,0.0,0.0,0.0,0.0,0.0,0.0,0.0
1102,mp3d/Z6MFQCViBuw/Z6MFQCViBuw.glb,0,1.0,1.0,0.0,1.0,1.0,0.0,1.0,1.0,0.0,0.8822239253803362,0.8822239253803362,0.0,0.8822239253803362,0.8822239253803362,0.0,1.127880334854126,1.127880334854126,0.0,68.0,68.0,0.0,12.763484001159668,12.763484001159668,0.0,0.0,0.0,0.0,0.0,0.0,0.0
1103,mp3d/Z6MFQCViBuw/Z6MFQCViBuw.glb,0,1.0,1.0,0.0,1.0,1.0,0.0,1.0,1.0,0.0,0.8338840596110767,0.8338840596110767,0.0,0.8338840596110767,0.8338840596110767,0.0,2.5952939987182617,2.5952939987182617,0.0,62.0,62.0,0.0,11.143632888793945,11.143632888793945,0.0,0.0,0.0,0.0,0.0,0.0,0.0
1104,mp3d/Z6MFQCViBuw/Z6MFQCViBuw.glb,0,1.0,1.0,0.0,1.0,1.0,0.0,0.967080859138009,0.856322849449078,-0.11075800968893101,0.847177848330388,0.8887800082197064,0.04160215988931837,0.847177848330388,0.8887800082197064,0.04160215988931837,2.2772724628448486,0.5478352904319763,-1.7294371724128723,81.0,89.0,8.0,13.872122764587402,15.666362762451172,1.7942399978637695,0.0,0.0,0.0,0.0,0.0,0.0
1105,mp3d/QUCTc6BB5sX/QUCTc6BB5sX.glb,0,1.0,1.0,0.0,1.0,1.0,0.0,0.931839962751112,0.931839962751112,0.0,0.8789521763482262,0.8789521763482262,0.0,0.8789521763482262,0.8789521763482262,0.0,0.0893019288778305,0.0893019288778305,0.0,50.0,50.0,0.0,8.749999046325684,8.749999046325684,0.0,0.0,0.0,0.0,0.0,0.0,0.0
1106,mp3d/QUCTc6BB5sX/QUCTc6BB5sX.glb,0,1.0,1.0,0.0,1.0,1.0,0.0,0.45712630371603047,0.45712630371603047,0.0,0.46632690943790345,0.46632690943790345,0.0,0.46632690943790345,0.46632690943790345,0.0,0.26790863275527954,0.26790863275527954,0.0,151.0,151.0,0.0,17.83664321899414,17.83664321899414,0.0,0.0958904109589041,0.0958904109589041,0.0,0.0,0.0,0.0
1107,mp3d/QUCTc6BB5sX/QUCTc6BB5sX.glb,0,1.0,1.0,0.0,1.0,1.0,0.0,0.931839962751112,0.931839962751112,0.0,0.8789521763482262,0.8789521763482262,0.0,0.8789521763482262,0.8789521763482262,0.0,0.0893019288778305,0.0893019288778305,0.0,50.0,50.0,0.0,8.749999046325684,8.749999046325684,0.0,0.0,0.0,0.0,0.0,0.0,0.0
1108,mp3d/zsNo4HB9uLZ/zsNo4HB9uLZ.glb,0,1.0,1.0,0.0,1.0,1.0,0.0,1.0,1.0,0.0,0.8644332613189809,0.8644332613189809,0.0,0.8644332613189809,0.8644332613189809,0.0,2.5592451095581055,2.5592451095581055,0.0,44.0,44.0,0.0,8.465767860412598,8.465767860412598,0.0,0.05714285714285714,0.05714285714285714,0.0,0.0,0.0,0.0
1109,mp3d/zsNo4HB9uLZ/zsNo4HB9uLZ.glb,0,0.0,0.0,0.0,0.0,0.0,0.0,0.0,0.0,0.0,0.17076064510565836,0.24609314805046067,0.07533250294480232,0.0,0.0,0.0,12.850160598754883,3.4586145877838135,-9.39154601097107,37.0,86.0,49.0,6.252179145812988,15.50488567352295,9.252706527709961,0.0,0.015873015873015872,0.015873015873015872,0.0,0.0,0.0
1110,mp3d/zsNo4HB9uLZ/zsNo4HB9uLZ.glb,0,0.0,0.0,0.0,0.0,0.0,0.0,0.0,0.0,0.0,0.7796708366497092,0.7796708366497092,0.0,0.0,0.0,0.0,3.785585880279541,3.785585880279541,0.0,38.0,38.0,0.0,7.215768814086914,7.215768814086914,0.0,0.06666666666666667,0.06666666666666667,0.0,0.0,0.0,0.0
1111,mp3d/TbHJrupSAjP/TbHJrupSAjP.glb,0,1.0,0.0,-1.0,1.0,1.0,0.0,0.5563384493158909,0.0,-0.5563384493158909,0.7726876689408986,0.6623795534345464,-0.11030811550635222,0.7726876689408986,0.0,-0.7726876689408986,2.7275314331054688,3.8686513900756836,1.1411199569702148,67.0,71.0,4.0,9.631969451904297,10.792316436767578,1.1603469848632812,0.02702702702702703,0.024390243902439025,-0.0026367831245880033,0.0,1.0,1.0
1112,mp3d/TbHJrupSAjP/TbHJrupSAjP.glb,0,1.0,1.0,0.0,1.0,1.0,0.0,0.9755439340060189,0.9755439340060189,0.0,0.9047445907631211,0.9047445907631211,0.0,0.9047445907631211,0.9047445907631211,0.0,1.319549322128296,1.319549322128296,0.0,39.0,39.0,0.0,5.492971420288086,5.492971420288086,0.0,0.043478260869565216,0.043478260869565216,0.0,0.0,0.0,0.0
1113,mp3d/TbHJrupSAjP/TbHJrupSAjP.glb,0,0.0,0.0,0.0,1.0,1.0,0.0,0.0,0.0,0.0,0.6312475669014022,0.6312475669014022,0.0,0.0,0.0,0.0,4.071079730987549,4.071079730987549,0.0,66.0,66.0,0.0,11.029918670654297,11.029918670654297,0.0,0.023809523809523808,0.023809523809523808,0.0,1.0,1.0,0.0
1114,mp3d/QUCTc6BB5sX/QUCTc6BB5sX.glb,0,1.0,1.0,0.0,1.0,1.0,0.0,0.5869646447839988,0.6879552259195592,0.10099058113556036,0.7221281089917658,0.8248639792818051,0.10273587029003928,0.7221281089917658,0.8248639792818051,0.10273587029003928,2.0959649085998535,0.7201508283615112,-1.3758140802383423,194.0,135.0,-59.0,19.637020111083984,16.75434112548828,-2.882678985595703,0.08641975308641975,0.057971014492753624,-0.028448738593666124,0.0,0.0,0.0
1115,mp3d/QUCTc6BB5sX/QUCTc6BB5sX.glb,0,1.0,1.0,0.0,1.0,1.0,0.0,0.977608122323407,0.9030771303389654,-0.07453099198444157,0.9337875630502529,0.9465606607578388,0.012773097707585945,0.9337875630502529,0.9465606607578388,0.012773097707585945,0.8592560291290283,0.41628187894821167,-0.44297415018081665,68.0,69.0,1.0,11.790242195129395,12.763291358947754,0.9730491638183594,0.041666666666666664,0.038461538461538464,-0.0032051282051282007,0.0,0.0,0.0
1116,mp3d/QUCTc6BB5sX/QUCTc6BB5sX.glb,0,1.0,1.0,0.0,1.0,1.0,0.0,0.977608122323407,0.977608122323407,0.0,0.9337875630502529,0.9337875630502529,0.0,0.9337875630502529,0.9337875630502529,0.0,0.8592560291290283,0.8592560291290283,0.0,68.0,68.0,0.0,11.790242195129395,11.790242195129395,0.0,0.041666666666666664,0.041666666666666664,0.0,0.0,0.0,0.0
1117,mp3d/x8F5xyUWy9e/x8F5xyUWy9e.glb,0,0.0,1.0,1.0,0.0,1.0,1.0,0.0,0.857835096734091,0.857835096734091,0.7641443474664503,0.8210437881534984,0.05689944068704811,0.0,0.8210437881534984,0.8210437881534984,3.0064473152160645,0.9804652333259583,-2.025982081890106,27.0,47.0,20.0,5.991025447845459,9.991024017333984,3.9999985694885254,0.04,0.024390243902439025,-0.015609756097560976,0.0,0.0,0.0
1118,mp3d/x8F5xyUWy9e/x8F5xyUWy9e.glb,0,1.0,1.0,0.0,1.0,1.0,0.0,0.9522946625068095,0.7294171702135103,-0.22287749229329923,0.9546486570530067,0.5400422919662744,-0.4146063650867323,0.9546486570530067,0.5400422919662744,-0.4146063650867323,0.26487547159194946,2.4577879905700684,2.192912518978119,45.0,56.0,11.0,8.999999046325684,11.749999046325684,2.75,0.0,0.0,0.0,0.0,0.0,0.0
1119,mp3d/x8F5xyUWy9e/x8F5xyUWy9e.glb,0,0.0,0.0,0.0,1.0,1.0,0.0,0.0,0.0,0.0,0.6815960581079765,0.8377532451869532,0.15615718707897663,0.0,0.0,0.0,4.281421184539795,3.408261299133301,-0.8731598854064941,91.0,72.0,-19.0,15.25,11.0,-4.25,0.0,0.0,0.0,1.0,1.0,0.0
1120,mp3d/TbHJrupSAjP/TbHJrupSAjP.glb,0,0.0,0.0,0.0,0.0,0.0,0.0,0.0,0.0,0.0,0.4580471752062234,0.4580471752062234,0.0,0.0,0.0,0.0,14.398096084594727,14.398096084594727,0.0,51.0,51.0,0.0,8.523197174072266,8.523197174072266,0.0,0.0,0.0,0.0,0.0,0.0,0.0
1121,mp3d/TbHJrupSAjP/TbHJrupSAjP.glb,0,0.0,0.0,0.0,0.0,0.0,0.0,0.0,0.0,0.0,0.03236748289485274,0.009987928655681492,-0.022379554239171245,0.0,0.0,0.0,12.177079200744629,12.961089134216309,0.7840099334716797,303.0,381.0,78.0,31.83878517150879,40.53619384765625,8.697408676147461,0.0,0.0,0.0,0.0,0.0,0.0
1122,mp3d/TbHJrupSAjP/TbHJrupSAjP.glb,0,0.0,0.0,0.0,0.0,0.0,0.0,0.0,0.0,0.0,0.4580471752062234,0.4580471752062234,0.0,0.0,0.0,0.0,14.398096084594727,14.398096084594727,0.0,51.0,51.0,0.0,8.523197174072266,8.523197174072266,0.0,0.0,0.0,0.0,0.0,0.0,0.0
1123,mp3d/TbHJrupSAjP/TbHJrupSAjP.glb,0,1.0,1.0,0.0,1.0,1.0,0.0,0.7489141648307348,0.7489141648307348,0.0,0.8781455042384505,0.8781455042384505,0.0,0.8781455042384505,0.8781455042384505,0.0,0.06386345624923706,0.06386345624923706,0.0,84.0,84.0,0.0,8.6276273727417,8.6276273727417,0.0,0.15789473684210525,0.15789473684210525,0.0,0.0,0.0,0.0
1124,mp3d/TbHJrupSAjP/TbHJrupSAjP.glb,0,1.0,1.0,0.0,1.0,1.0,0.0,0.9916687877691013,0.9916687877691013,0.0,0.8781352654096646,0.8781352654096646,0.0,0.8781352654096646,0.8781352654096646,0.0,1.5647475719451904,1.5647475719451904,0.0,60.0,60.0,0.0,6.5156354904174805,6.5156354904174805,0.0,0.2,0.2,0.0,0.0,0.0,0.0
1125,mp3d/TbHJrupSAjP/TbHJrupSAjP.glb,0,1.0,1.0,0.0,1.0,1.0,0.0,0.9916687877691013,0.9916687877691013,0.0,0.8781352654096646,0.8781352654096646,0.0,0.8781352654096646,0.8781352654096646,0.0,1.5647475719451904,1.5647475719451904,0.0,60.0,60.0,0.0,6.5156354904174805,6.5156354904174805,0.0,0.2,0.2,0.0,0.0,0.0,0.0
1126,mp3d/TbHJrupSAjP/TbHJrupSAjP.glb,0,0.0,0.0,0.0,0.0,0.0,0.0,0.0,0.0,0.0,0.4419721090605907,0.44214372862837786,0.00017161956778716236,0.0,0.0,0.0,13.690347671508789,14.938508987426758,1.2481613159179688,35.0,41.0,6.0,6.000234603881836,7.250234603881836,1.25,0.0,0.0,0.0,0.0,0.0,0.0
1127,mp3d/TbHJrupSAjP/TbHJrupSAjP.glb,0,0.0,0.0,0.0,0.0,0.0,0.0,0.0,0.0,0.0,0.4278795135329951,0.4278795135329951,0.0,0.0,0.0,0.0,15.63937759399414,15.63937759399414,0.0,44.0,44.0,0.0,8.000234603881836,8.000234603881836,0.0,0.0,0.0,0.0,0.0,0.0,0.0
1128,mp3d/TbHJrupSAjP/TbHJrupSAjP.glb,0,0.0,0.0,0.0,0.0,0.0,0.0,0.0,0.0,0.0,0.426837011945818,0.426837011945818,0.0,0.0,0.0,0.0,14.515981674194336,14.515981674194336,0.0,38.0,38.0,0.0,6.750234603881836,6.750234603881836,0.0,0.0,0.0,0.0,0.0,0.0,0.0
1129,mp3d/QUCTc6BB5sX/QUCTc6BB5sX.glb,0,1.0,1.0,0.0,1.0,1.0,0.0,0.5708527918803202,0.5225562104373619,-0.04829658144295834,0.23967938574935718,0.22763022630339944,-0.012049159445957747,0.23967938574935718,0.22763022630339944,-0.012049159445957747,0.2603641748428345,1.0078306198120117,0.7474664449691772,89.0,94.0,5.0,13.52466869354248,14.77466869354248,1.25,0.0,0.0,0.0,0.0,0.0,0.0
1130,mp3d/QUCTc6BB5sX/QUCTc6BB5sX.glb,0,0.0,0.0,0.0,0.0,0.0,0.0,0.0,0.0,0.0,0.31786895396378995,0.31786895396378995,0.0,0.0,0.0,0.0,6.012711048126221,6.012711048126221,0.0,43.0,43.0,0.0,6.750002861022949,6.750002861022949,0.0,0.0,0.0,0.0,0.0,0.0,0.0
1131,mp3d/QUCTc6BB5sX/QUCTc6BB5sX.glb,0,1.0,1.0,0.0,1.0,1.0,0.0,0.5225562104373619,0.8801810302763042,0.35762481983894234,0.22763022630339944,0.9282726139058245,0.700642387602425,0.22763022630339944,0.9282726139058245,0.700642387602425,1.0078306198120117,0.20287270843982697,-0.8049579113721848,94.0,51.0,-43.0,14.77466869354248,8.771598815917969,-6.003069877624512,0.0,0.0,0.0,0.0,0.0,0.0
1132,mp3d/Z6MFQCViBuw/Z6MFQCViBuw.glb,0,0.0,0.0,0.0,0.0,0.0,0.0,0.0,0.0,0.0,0.6044501203356406,0.6483856369534863,0.04393551661784567,0.0,0.0,0.0,4.127558708190918,6.229146957397461,2.101588249206543,119.0,100.0,-19.0,17.226238250732422,15.01908016204834,-2.207158088684082,0.02857142857142857,0.0,-0.02857142857142857,0.0,0.0,0.0
1133,mp3d/Z6MFQCViBuw/Z6MFQCViBuw.glb,0,0.0,1.0,1.0,0.0,1.0,1.0,0.0,0.9746330693410001,0.9746330693410001,0.820845298237968,0.8343152170691724,0.013469918831204408,0.0,0.8343152170691724,0.8343152170691724,3.2285704612731934,2.67002010345459,-0.5585503578186035,64.0,73.0,9.0,10.50001335144043,12.25001335144043,1.75,0.0,0.0,0.0,0.0,0.0,0.0
1134,mp3d/Z6MFQCViBuw/Z6MFQCViBuw.glb,0,1.0,1.0,0.0,1.0,1.0,0.0,0.8683099263638991,0.8683099263638991,0.0,0.8584962960267273,0.8584962960267273,0.0,0.8584962960267273,0.8584962960267273,0.0,0.9425359964370728,0.9425359964370728,0.0,77.0,77.0,0.0,13.750007629394531,13.750007629394531,0.0,0.0,0.0,0.0,0.0,0.0,0.0
1135,mp3d/zsNo4HB9uLZ/zsNo4HB9uLZ.glb,0,0.0,0.0,0.0,0.0,0.0,0.0,0.0,0.0,0.0,0.7672190511986168,0.8160854042757225,0.04886635307710574,0.0,0.0,0.0,4.2487077713012695,3.403369426727295,-0.8453383445739746,51.0,45.0,-6.0,8.98558521270752,7.4855804443359375,-1.500004768371582,0.02702702702702703,0.03225806451612903,0.005231037489102003,0.0,0.0,0.0
1136,mp3d/zsNo4HB9uLZ/zsNo4HB9uLZ.glb,0,1.0,1.0,0.0,1.0,1.0,0.0,1.0,0.6242649939094765,-0.37573500609052346,0.8836192925490065,0.6632819589727692,-0.2203373335762373,0.8836192925490065,0.6632819589727692,-0.2203373335762373,2.491558313369751,2.499785900115967,0.00822758674621582,53.0,122.0,69.0,8.48558521270752,15.985589981079102,7.500004768371582,0.02857142857142857,0.015384615384615385,-0.013186813186813185,0.0,0.0,0.0
1137,mp3d/zsNo4HB9uLZ/zsNo4HB9uLZ.glb,0,1.0,1.0,0.0,1.0,1.0,0.0,0.999365272922138,0.999365272922138,0.0,0.9308742790456473,0.9308742790456473,0.0,0.9308742790456473,0.9308742790456473,0.0,1.010461449623108,1.010461449623108,0.0,67.0,67.0,0.0,9.98558235168457,9.98558235168457,0.0,0.024390243902439025,0.024390243902439025,0.0,0.0,0.0,0.0
1138,mp3d/QUCTc6BB5sX/QUCTc6BB5sX.glb,0,0.0,0.0,0.0,0.0,0.0,0.0,0.0,0.0,0.0,0.023809965845312923,0.1752981320915403,0.15148816624622738,0.0,0.0,0.0,8.571629524230957,7.933144569396973,-0.6384849548339844,179.0,84.0,-95.0,20.502788543701172,11.250001907348633,-9.252786636352539,0.0,0.0,0.0,0.0,0.0,0.0
1139,mp3d/QUCTc6BB5sX/QUCTc6BB5sX.glb,0,0.0,0.0,0.0,0.0,0.0,0.0,0.0,0.0,0.0,0.10338735853870609,0.10338735853870609,0.0,0.0,0.0,0.0,15.107170104980469,15.107170104980469,0.0,114.0,114.0,0.0,16.749998092651367,16.749998092651367,0.0,0.0,0.0,0.0,0.0,0.0,0.0
1140,mp3d/QUCTc6BB5sX/QUCTc6BB5sX.glb,0,0.0,0.0,0.0,0.0,0.0,0.0,0.0,0.0,0.0,0.25517212251389937,0.25517212251389937,0.0,0.0,0.0,0.0,10.607881546020508,10.607881546020508,0.0,25.0,25.0,0.0,4.041726112365723,4.041726112365723,0.0,0.0,0.0,0.0,0.0,0.0,0.0
1141,mp3d/QUCTc6BB5sX/QUCTc6BB5sX.glb,0,1.0,1.0,0.0,1.0,1.0,0.0,1.0,1.0,0.0,0.8593108913925919,0.8715861156797402,0.012275224287148334,0.8593108913925919,0.8715861156797402,0.012275224287148334,2.1184988021850586,1.8909499645233154,-0.22754883766174316,35.0,45.0,10.0,5.2657880783081055,6.275511741638184,1.0097236633300781,0.0,0.0,0.0,0.0,0.0,0.0
1142,mp3d/QUCTc6BB5sX/QUCTc6BB5sX.glb,0,1.0,0.0,-1.0,1.0,1.0,0.0,1.0,0.0,-1.0,0.9549043637560227,0.24612544407857523,-0.7087789196774474,0.9549043637560227,0.0,-0.9549043637560227,0.44266414642333984,4.264028549194336,3.821364402770996,39.0,103.0,64.0,6.255753993988037,14.015792846679688,7.76003885269165,0.0,0.0,0.0,0.0,1.0,1.0
1143,mp3d/QUCTc6BB5sX/QUCTc6BB5sX.glb,0,0.0,0.0,0.0,1.0,1.0,0.0,0.0,0.0,0.0,0.03748878930702149,0.010986614076583348,-0.026502175230438144,0.0,0.0,0.0,3.313225746154785,6.981567859649658,3.668342113494873,192.0,175.0,-17.0,24.50857925415039,22.515789031982422,-1.9927902221679688,0.010101010101010102,0.0,-0.010101010101010102,1.0,1.0,0.0
1144,mp3d/x8F5xyUWy9e/x8F5xyUWy9e.glb,0,1.0,0.0,-1.0,1.0,1.0,0.0,0.8670989260643687,0.0,-0.8670989260643687,0.831359121946836,0.7882383697299787,-0.043120752216857294,0.831359121946836,0.0,-0.831359121946836,0.8362765908241272,3.7020087242126465,2.8657321333885193,73.0,67.0,-6.0,8.827077865600586,7.577077388763428,-1.2500004768371582,0.34146341463414637,0.3888888888888889,0.04742547425474253,0.0,1.0,1.0
1145,mp3d/x8F5xyUWy9e/x8F5xyUWy9e.glb,0,1.0,1.0,0.0,1.0,1.0,0.0,0.8670989260643687,0.8670989260643687,0.0,0.831359121946836,0.831359121946836,0.0,0.831359121946836,0.831359121946836,0.0,0.8362765908241272,0.8362765908241272,0.0,73.0,73.0,0.0,8.827077865600586,8.827077865600586,0.0,0.34146341463414637,0.34146341463414637,0.0,0.0,0.0,0.0
1146,mp3d/x8F5xyUWy9e/x8F5xyUWy9e.glb,0,1.0,0.0,-1.0,1.0,1.0,0.0,0.5076546554646002,0.0,-0.5076546554646002,0.6874370380522623,0.7882383697299787,0.10080133167771643,0.6874370380522623,0.0,-0.6874370380522623,0.25210127234458923,3.7020087242126465,3.4499074518680573,134.0,67.0,-67.0,15.077079772949219,7.577077388763428,-7.500002384185791,0.21212121212121213,0.3888888888888889,0.17676767676767677,0.0,1.0,1.0
1147,mp3d/8194nk5LbLH/8194nk5LbLH.glb,0,0.0,0.0,0.0,0.0,0.0,0.0,0.0,0.0,0.0,0.004102031715030439,0.03918838414686245,0.035086352431832016,0.0,0.0,0.0,7.161436557769775,7.135511875152588,-0.0259246826171875,191.0,90.0,-101.0,27.25,16.25,-11.0,0.0,0.0,0.0,0.0,0.0,0.0
1148,mp3d/8194nk5LbLH/8194nk5LbLH.glb,0,1.0,1.0,0.0,1.0,1.0,0.0,0.45807043711344403,0.45807043711344403,0.0,0.03842453504907421,0.03842453504907421,0.0,0.03842453504907421,0.03842453504907421,0.0,1.9265170097351074,1.9265170097351074,0.0,105.0,105.0,0.0,18.0,18.0,0.0,0.0,0.0,0.0,0.0,0.0,0.0
1149,mp3d/8194nk5LbLH/8194nk5LbLH.glb,0,0.0,0.0,0.0,0.0,0.0,0.0,0.0,0.0,0.0,0.06411870622179924,0.06411870622179924,0.0,0.0,0.0,0.0,5.697522163391113,5.697522163391113,0.0,75.0,75.0,0.0,14.0,14.0,0.0,0.0,0.0,0.0,0.0,0.0,0.0
1150,mp3d/TbHJrupSAjP/TbHJrupSAjP.glb,0,1.0,1.0,0.0,1.0,1.0,0.0,1.0,1.0,0.0,0.8960668125765698,0.8960668125765698,0.0,0.8960668125765698,0.8960668125765698,0.0,2.6424355506896973,2.6424355506896973,0.0,58.0,58.0,0.0,10.250000953674316,10.250000953674316,0.0,0.0,0.0,0.0,0.0,0.0,0.0
1151,mp3d/TbHJrupSAjP/TbHJrupSAjP.glb,0,1.0,1.0,0.0,1.0,1.0,0.0,0.31431118683744574,0.31431118683744574,0.0,0.2522474234112108,0.2522474234112108,0.0,0.2522474234112108,0.2522474234112108,0.0,1.534373164176941,1.534373164176941,0.0,276.0,276.0,0.0,39.35725402832031,39.35725402832031,0.0,0.031446540880503145,0.031446540880503145,0.0,0.0,0.0,0.0
1152,mp3d/TbHJrupSAjP/TbHJrupSAjP.glb,0,1.0,1.0,0.0,1.0,1.0,0.0,1.0,1.0,0.0,0.9007417249189243,0.8960668125765698,-0.004674912342354509,0.9007417249189243,0.8960668125765698,-0.004674912342354509,1.9171074628829956,2.6424355506896973,0.7253280878067017,57.0,58.0,1.0,11.000001907348633,10.250000953674316,-0.7500009536743164,0.0,0.0,0.0,0.0,0.0,0.0
1153,mp3d/X7HyMhZNoso/X7HyMhZNoso.glb,0,1.0,1.0,0.0,1.0,1.0,0.0,0.9935563581961769,0.9935563581961769,0.0,0.9308752012389209,0.9308752012389209,0.0,0.9308752012389209,0.9308752012389209,0.0,1.0779973268508911,1.0779973268508911,0.0,41.0,41.0,0.0,6.4919023513793945,6.4919023513793945,0.0,0.07407407407407407,0.07407407407407407,0.0,0.0,0.0,0.0
1154,mp3d/X7HyMhZNoso/X7HyMhZNoso.glb,0,1.0,1.0,0.0,1.0,1.0,0.0,0.7378337801936149,0.7378337801936149,0.0,0.8631049444565085,0.8631049444565085,0.0,0.8631049444565085,0.8631049444565085,0.0,1.2449599504470825,1.2449599504470825,0.0,57.0,57.0,0.0,8.741902351379395,8.741902351379395,0.0,0.05555555555555555,0.05555555555555555,0.0,0.0,0.0,0.0
1155,mp3d/X7HyMhZNoso/X7HyMhZNoso.glb,0,1.0,1.0,0.0,1.0,1.0,0.0,0.9935563581961769,0.9935563581961769,0.0,0.9308752012389209,0.9308752012389209,0.0,0.9308752012389209,0.9308752012389209,0.0,1.0779973268508911,1.0779973268508911,0.0,41.0,41.0,0.0,6.4919023513793945,6.4919023513793945,0.0,0.07407407407407407,0.07407407407407407,0.0,0.0,0.0,0.0
1156,mp3d/QUCTc6BB5sX/QUCTc6BB5sX.glb,0,1.0,1.0,0.0,1.0,1.0,0.0,0.7098579656182372,0.7098579656182372,0.0,0.48641434984744675,0.48641434984744675,0.0,0.48641434984744675,0.48641434984744675,0.0,2.656709909439087,2.656709909439087,0.0,139.0,139.0,0.0,21.72279930114746,21.72279930114746,0.0,0.0,0.0,0.0,0.0,0.0,0.0
1157,mp3d/QUCTc6BB5sX/QUCTc6BB5sX.glb,0,1.0,1.0,0.0,1.0,1.0,0.0,0.7265815213898973,0.7265815213898973,0.0,0.4036662638208189,0.4036662638208189,0.0,0.4036662638208189,0.4036662638208189,0.0,2.8000330924987793,2.8000330924987793,0.0,127.0,127.0,0.0,21.222810745239258,21.222810745239258,0.0,0.0,0.0,0.0,0.0,0.0,0.0
1158,mp3d/QUCTc6BB5sX/QUCTc6BB5sX.glb,0,0.0,0.0,0.0,0.0,0.0,0.0,0.0,0.0,0.0,0.25948069217316483,0.25948069217316483,0.0,0.0,0.0,0.0,9.62643051147461,9.62643051147461,0.0,93.0,93.0,0.0,13.222808837890625,13.222808837890625,0.0,0.0,0.0,0.0,0.0,0.0,0.0
1159,mp3d/2azQ1b91cZZ/2azQ1b91cZZ.glb,0,1.0,0.0,-1.0,1.0,0.0,-1.0,0.8769705775010024,0.0,-0.8769705775010024,0.7242159685393534,0.6748173863130195,-0.049398582226333976,0.7242159685393534,0.0,-0.7242159685393534,0.8493394255638123,4.940948486328125,4.091609060764313,92.0,79.0,-13.0,15.696593284606934,13.946593284606934,-1.75,0.078125,0.08771929824561403,0.00959429824561403,0.0,0.0,0.0
1160,mp3d/2azQ1b91cZZ/2azQ1b91cZZ.glb,0,0.0,0.0,0.0,0.0,0.0,0.0,0.0,0.0,0.0,0.00991088022280362,0.02233389248838874,0.01242301226558512,0.0,0.0,0.0,24.247987747192383,25.463136672973633,1.21514892578125,88.0,60.0,-28.0,15.250885963439941,12.000883102416992,-3.250002861022949,0.0,0.0,0.0,0.0,0.0,0.0
1161,mp3d/2azQ1b91cZZ/2azQ1b91cZZ.glb,0,0.0,0.0,0.0,0.0,0.0,0.0,0.0,0.0,0.0,0.007019774532903901,0.0019842455701882303,-0.00503552896271567,0.0,0.0,0.0,21.144662857055664,25.970985412597656,4.826322555541992,103.0,129.0,26.0,18.249998092651367,20.228431701660156,1.978433609008789,0.0,0.012195121951219513,0.012195121951219513,0.0,0.0,0.0
1162,mp3d/Z6MFQCViBuw/Z6MFQCViBuw.glb,0,1.0,1.0,0.0,1.0,1.0,0.0,0.9271304182800532,0.9271304182800532,0.0,0.8777380010828437,0.8777380010828437,0.0,0.8777380010828437,0.8777380010828437,0.0,0.8436149954795837,0.8436149954795837,0.0,60.0,60.0,0.0,11.537797927856445,11.537797927856445,0.0,0.043478260869565216,0.043478260869565216,0.0,0.0,0.0,0.0
1163,mp3d/Z6MFQCViBuw/Z6MFQCViBuw.glb,0,1.0,1.0,0.0,1.0,1.0,0.0,0.9696703721918848,0.9696703721918848,0.0,0.8684911082200905,0.8684911082200905,0.0,0.8684911082200905,0.8684911082200905,0.0,1.0536987781524658,1.0536987781524658,0.0,64.0,64.0,0.0,11.031628608703613,11.031628608703613,0.0,0.06818181818181818,0.06818181818181818,0.0,0.0,0.0,0.0
1164,mp3d/Z6MFQCViBuw/Z6MFQCViBuw.glb,0,1.0,1.0,0.0,1.0,1.0,0.0,0.8521738264992769,0.8521738264992769,0.0,0.8820216444069792,0.8820216444069792,0.0,0.8820216444069792,0.8820216444069792,0.0,0.4606260657310486,0.4606260657310486,0.0,65.0,65.0,0.0,12.552654266357422,12.552654266357422,0.0,0.058823529411764705,0.058823529411764705,0.0,0.0,0.0,0.0
1165,mp3d/zsNo4HB9uLZ/zsNo4HB9uLZ.glb,0,1.0,1.0,0.0,1.0,1.0,0.0,1.0,1.0,0.0,0.8500216475101278,0.8500216475101278,0.0,0.8500216475101278,0.8500216475101278,0.0,2.6529693603515625,2.6529693603515625,0.0,64.0,64.0,0.0,11.225484848022461,11.225484848022461,0.0,0.06521739130434782,0.06521739130434782,0.0,0.0,0.0,0.0
1166,mp3d/zsNo4HB9uLZ/zsNo4HB9uLZ.glb,0,1.0,1.0,0.0,1.0,1.0,0.0,1.0,1.0,0.0,0.8916142329020441,0.8916142329020441,0.0,0.8916142329020441,0.8916142329020441,0.0,1.4058870077133179,1.4058870077133179,0.0,70.0,70.0,0.0,12.475485801696777,12.475485801696777,0.0,0.058823529411764705,0.058823529411764705,0.0,0.0,0.0,0.0
1167,mp3d/zsNo4HB9uLZ/zsNo4HB9uLZ.glb,0,0.0,0.0,0.0,0.0,0.0,0.0,0.0,0.0,0.0,0.287346276261511,0.33167657050644467,0.04433029424493368,0.0,0.0,0.0,10.514335632324219,10.484293937683105,-0.03004169464111328,37.0,40.0,3.0,5.500000953674316,5.500514984130859,0.0005140304565429688,0.0,0.0,0.0,0.0,0.0,0.0
1168,mp3d/X7HyMhZNoso/X7HyMhZNoso.glb,0,1.0,1.0,0.0,1.0,1.0,0.0,1.0,1.0,0.0,0.8768003351942627,0.8768003351942627,0.0,0.8768003351942627,0.8768003351942627,0.0,2.1562583446502686,2.1562583446502686,0.0,48.0,48.0,0.0,7.249999046325684,7.249999046325684,0.0,0.0,0.0,0.0,0.0,0.0,0.0
1169,mp3d/X7HyMhZNoso/X7HyMhZNoso.glb,0,1.0,1.0,0.0,1.0,1.0,0.0,1.0,1.0,0.0,0.8768003351942627,0.8768003351942627,0.0,0.8768003351942627,0.8768003351942627,0.0,2.1562583446502686,2.1562583446502686,0.0,48.0,48.0,0.0,7.249999046325684,7.249999046325684,0.0,0.0,0.0,0.0,0.0,0.0,0.0
1170,mp3d/X7HyMhZNoso/X7HyMhZNoso.glb,0,1.0,1.0,0.0,1.0,1.0,0.0,1.0,1.0,0.0,0.8768003351942627,0.8768003351942627,0.0,0.8768003351942627,0.8768003351942627,0.0,2.1562583446502686,2.1562583446502686,0.0,48.0,48.0,0.0,7.249999046325684,7.249999046325684,0.0,0.0,0.0,0.0,0.0,0.0,0.0
1171,mp3d/TbHJrupSAjP/TbHJrupSAjP.glb,0,0.0,0.0,0.0,1.0,1.0,0.0,0.0,0.0,0.0,0.04261517024881165,0.1378565372790047,0.09524136703019306,0.0,0.0,0.0,4.446530342102051,3.2537825107574463,-1.1927478313446045,241.0,188.0,-53.0,32.001014709472656,25.75,-6.251014709472656,0.0,0.0,0.0,1.0,1.0,0.0
1172,mp3d/TbHJrupSAjP/TbHJrupSAjP.glb,0,0.0,0.0,0.0,1.0,1.0,0.0,0.0,0.0,0.0,0.2705860274416515,0.6284508868058385,0.357864859364187,0.0,0.0,0.0,4.6368937492370605,4.951593399047852,0.314699649810791,105.0,53.0,-52.0,13.292607307434082,8.0,-5.292607307434082,0.10344827586206896,0.0,-0.10344827586206896,1.0,1.0,0.0
1173,mp3d/TbHJrupSAjP/TbHJrupSAjP.glb,0,0.0,1.0,1.0,1.0,1.0,0.0,0.0,1.0,1.0,0.651682591402544,0.886209626470058,0.23452703506751393,0.0,0.886209626470058,0.886209626470058,3.0620951652526855,1.8887929916381836,-1.173302173614502,85.0,37.0,-48.0,10.5,4.749999523162842,-5.750000476837158,0.0,0.0,0.0,1.0,0.0,-1.0
1174,mp3d/TbHJrupSAjP/TbHJrupSAjP.glb,0,1.0,1.0,0.0,1.0,1.0,0.0,0.9677974045756803,0.9677974045756803,0.0,0.9436808476843799,0.9436808476843799,0.0,0.9436808476843799,0.9436808476843799,0.0,0.5347896814346313,0.5347896814346313,0.0,62.0,62.0,0.0,10.41778564453125,10.41778564453125,0.0,0.0,0.0,0.0,0.0,0.0,0.0
1175,mp3d/TbHJrupSAjP/TbHJrupSAjP.glb,0,1.0,1.0,0.0,1.0,1.0,0.0,0.9677974045756803,0.9677974045756803,0.0,0.9436808476843799,0.9436808476843799,0.0,0.9436808476843799,0.9436808476843799,0.0,0.5347896814346313,0.5347896814346313,0.0,62.0,62.0,0.0,10.41778564453125,10.41778564453125,0.0,0.0,0.0,0.0,0.0,0.0,0.0
1176,mp3d/TbHJrupSAjP/TbHJrupSAjP.glb,0,1.0,1.0,0.0,1.0,1.0,0.0,0.9670289222403506,0.9670289222403506,0.0,0.9249093852649368,0.9249093852649368,0.0,0.9249093852649368,0.9249093852649368,0.0,0.9537544846534729,0.9537544846534729,0.0,63.0,63.0,0.0,10.426064491271973,10.426064491271973,0.0,0.0,0.0,0.0,0.0,0.0,0.0
1177,mp3d/X7HyMhZNoso/X7HyMhZNoso.glb,0,1.0,1.0,0.0,1.0,1.0,0.0,1.0,1.0,0.0,0.9315640118266117,0.9315640118266117,0.0,0.9315640118266117,0.9315640118266117,0.0,0.5411891937255859,0.5411891937255859,0.0,32.0,32.0,0.0,5.25,5.25,0.0,0.0,0.0,0.0,0.0,0.0,0.0
1178,mp3d/X7HyMhZNoso/X7HyMhZNoso.glb,0,1.0,1.0,0.0,1.0,1.0,0.0,1.0,1.0,0.0,0.9315640118266117,0.9315640118266117,0.0,0.9315640118266117,0.9315640118266117,0.0,0.5411891937255859,0.5411891937255859,0.0,32.0,32.0,0.0,5.25,5.25,0.0,0.0,0.0,0.0,0.0,0.0,0.0
1179,mp3d/X7HyMhZNoso/X7HyMhZNoso.glb,0,1.0,1.0,0.0,1.0,1.0,0.0,1.0,1.0,0.0,0.9315640118266117,0.9315640118266117,0.0,0.9315640118266117,0.9315640118266117,0.0,0.5411891937255859,0.5411891937255859,0.0,32.0,32.0,0.0,5.25,5.25,0.0,0.0,0.0,0.0,0.0,0.0,0.0
1180,mp3d/QUCTc6BB5sX/QUCTc6BB5sX.glb,0,1.0,1.0,0.0,1.0,1.0,0.0,0.9784586017395704,0.8903663039216153,-0.08809229781795513,0.8946113148150159,0.8817213921805566,-0.012889922634459317,0.8946113148150159,0.8817213921805566,-0.012889922634459317,1.800516128540039,1.8005154132843018,-7.152557373046875e-07,102.0,133.0,31.0,15.682497024536133,17.234113693237305,1.5516166687011719,0.07352941176470588,0.11688311688311688,0.043353705118410996,0.0,0.0,0.0
1181,mp3d/QUCTc6BB5sX/QUCTc6BB5sX.glb,0,0.0,0.0,0.0,0.0,0.0,0.0,0.0,0.0,0.0,0.627640300603845,0.627640300603845,0.0,0.0,0.0,0.0,4.022451877593994,4.022451877593994,0.0,145.0,145.0,0.0,20.28817367553711,20.28817367553711,0.0,0.05952380952380952,0.05952380952380952,0.0,0.0,0.0,0.0
1182,mp3d/QUCTc6BB5sX/QUCTc6BB5sX.glb,0,0.0,0.0,0.0,0.0,0.0,0.0,0.0,0.0,0.0,0.05402701961785787,0.4403214515533905,0.3862944319355326,0.0,0.0,0.0,15.754090309143066,5.504583358764648,-10.249506950378418,317.0,185.0,-132.0,33.40121841430664,24.695146560668945,-8.706071853637695,0.08088235294117647,0.06,-0.020882352941176477,0.0,0.0,0.0
1183,mp3d/QUCTc6BB5sX/QUCTc6BB5sX.glb,0,1.0,1.0,0.0,1.0,1.0,0.0,0.9630894865986077,0.9630894865986077,0.0,0.930245701036224,0.930245701036224,0.0,0.930245701036224,0.930245701036224,0.0,0.45594990253448486,0.45594990253448486,0.0,53.0,53.0,0.0,8.77171802520752,8.77171802520752,0.0,0.0,0.0,0.0,0.0,0.0,0.0
1184,mp3d/QUCTc6BB5sX/QUCTc6BB5sX.glb,0,1.0,1.0,0.0,1.0,1.0,0.0,0.9630894865986077,0.9630894865986077,0.0,0.930245701036224,0.930245701036224,0.0,0.930245701036224,0.930245701036224,0.0,0.45594990253448486,0.45594990253448486,0.0,53.0,53.0,0.0,8.77171802520752,8.77171802520752,0.0,0.0,0.0,0.0,0.0,0.0,0.0
1185,mp3d/QUCTc6BB5sX/QUCTc6BB5sX.glb,0,1.0,1.0,0.0,1.0,1.0,0.0,0.9654782488521051,0.9630894865986077,-0.0023887622534973785,0.9141277556214426,0.930245701036224,0.0161179454147814,0.9141277556214426,0.930245701036224,0.0161179454147814,0.7686304450035095,0.45594990253448486,-0.31268054246902466,55.0,53.0,-2.0,8.750015258789062,8.77171802520752,0.02170276641845703,0.08333333333333333,0.0,-0.08333333333333333,0.0,0.0,0.0
1186,mp3d/X7HyMhZNoso/X7HyMhZNoso.glb,0,0.0,0.0,0.0,0.0,0.0,0.0,0.0,0.0,0.0,0.026730201619042316,0.10489291182603643,0.07816271020699411,0.0,0.0,0.0,14.97006607055664,13.71500015258789,-1.25506591796875,256.0,137.0,-119.0,22.572994232177734,12.179895401000977,-10.393098831176758,0.1810344827586207,0.39655172413793105,0.21551724137931036,0.0,0.0,0.0
1187,mp3d/X7HyMhZNoso/X7HyMhZNoso.glb,0,1.0,1.0,0.0,1.0,1.0,0.0,1.0,1.0,0.0,0.9294270926712455,0.9294270926712455,0.0,0.9294270926712455,0.9294270926712455,0.0,1.5450329780578613,1.5450329780578613,0.0,40.0,40.0,0.0,8.418557167053223,8.418557167053223,0.0,0.0,0.0,0.0,0.0,0.0,0.0
1188,mp3d/X7HyMhZNoso/X7HyMhZNoso.glb,0,1.0,1.0,0.0,1.0,1.0,0.0,0.8237774899014577,0.8237774899014577,0.0,0.8406451550562128,0.8406451550562128,0.0,0.8406451550562128,0.8406451550562128,0.0,1.6528788805007935,1.6528788805007935,0.0,52.0,52.0,0.0,11.524834632873535,11.524834632873535,0.0,0.0,0.0,0.0,0.0,0.0,0.0
1189,mp3d/2azQ1b91cZZ/2azQ1b91cZZ.glb,0,0.0,0.0,0.0,0.0,0.0,0.0,0.0,0.0,0.0,0.44740376304771273,0.44740376304771273,0.0,0.0,0.0,0.0,10.09771728515625,10.09771728515625,0.0,54.0,54.0,0.0,8.750000953674316,8.750000953674316,0.0,0.0,0.0,0.0,0.0,0.0,0.0
1190,mp3d/2azQ1b91cZZ/2azQ1b91cZZ.glb,0,0.0,0.0,0.0,0.0,0.0,0.0,0.0,0.0,0.0,0.0003592861947338551,0.008059043078246994,0.007699756883513139,0.0,0.0,0.0,17.22943115234375,18.51577377319336,1.2863426208496094,287.0,213.0,-74.0,34.748878479003906,34.25001907348633,-0.4988594055175781,0.007142857142857143,0.0,-0.007142857142857143,0.0,0.0,0.0
1191,mp3d/2azQ1b91cZZ/2azQ1b91cZZ.glb,0,0.0,0.0,0.0,0.0,0.0,0.0,0.0,0.0,0.0,0.3994363320864181,0.3994363320864181,0.0,0.0,0.0,0.0,10.348651885986328,10.348651885986328,0.0,65.0,65.0,0.0,10.5,10.5,0.0,0.0,0.0,0.0,0.0,0.0,0.0
1192,mp3d/Z6MFQCViBuw/Z6MFQCViBuw.glb,0,1.0,1.0,0.0,1.0,1.0,0.0,0.8507861915142633,0.8507861915142633,0.0,0.9006917510351843,0.9006917510351843,0.0,0.9006917510351843,0.9006917510351843,0.0,0.7192940711975098,0.7192940711975098,0.0,42.0,42.0,0.0,7.745927810668945,7.745927810668945,0.0,0.0,0.0,0.0,0.0,0.0,0.0
1193,mp3d/Z6MFQCViBuw/Z6MFQCViBuw.glb,0,0.0,0.0,0.0,1.0,1.0,0.0,0.0,0.0,0.0,0.407418749952019,0.407418749952019,0.0,0.0,0.0,0.0,4.565814971923828,4.565814971923828,0.0,77.0,77.0,0.0,12.894968032836914,12.894968032836914,0.0,0.0,0.0,0.0,1.0,1.0,0.0
1194,mp3d/Z6MFQCViBuw/Z6MFQCViBuw.glb,0,0.0,0.0,0.0,1.0,1.0,0.0,0.0,0.0,0.0,0.4710908978199321,0.6610109570473068,0.18992005922737476,0.0,0.0,0.0,4.843905448913574,3.4744982719421387,-1.3694071769714355,57.0,49.0,-8.0,11.022275924682617,9.522273063659668,-1.5000028610229492,0.0,0.0,0.0,1.0,1.0,0.0
1195,mp3d/zsNo4HB9uLZ/zsNo4HB9uLZ.glb,0,1.0,1.0,0.0,1.0,1.0,0.0,1.0,1.0,0.0,0.8989508831976493,0.8989508831976493,0.0,0.8989508831976493,0.8989508831976493,0.0,2.020709991455078,2.020709991455078,0.0,54.0,54.0,0.0,8.249998092651367,8.249998092651367,0.0,0.0,0.0,0.0,0.0,0.0,0.0
1196,mp3d/zsNo4HB9uLZ/zsNo4HB9uLZ.glb,0,1.0,1.0,0.0,1.0,1.0,0.0,1.0,1.0,0.0,0.9442922653740833,0.9442922653740833,0.0,0.9442922653740833,0.9442922653740833,0.0,0.7711284756660461,0.7711284756660461,0.0,59.0,59.0,0.0,9.499998092651367,9.499998092651367,0.0,0.0,0.0,0.0,0.0,0.0,0.0
1197,mp3d/zsNo4HB9uLZ/zsNo4HB9uLZ.glb,0,1.0,1.0,0.0,1.0,1.0,0.0,1.0,1.0,0.0,0.9442922653740833,0.9442922653740833,0.0,0.9442922653740833,0.9442922653740833,0.0,0.7711284756660461,0.7711284756660461,0.0,59.0,59.0,0.0,9.499998092651367,9.499998092651367,0.0,0.0,0.0,0.0,0.0,0.0,0.0
1198,mp3d/zsNo4HB9uLZ/zsNo4HB9uLZ.glb,0,1.0,1.0,0.0,1.0,1.0,0.0,0.8597425733293805,0.8597425733293805,0.0,0.9121581028121446,0.9121581028121446,0.0,0.9121581028121446,0.9121581028121446,0.0,0.8094254732131958,0.8094254732131958,0.0,37.0,37.0,0.0,7.0,7.0,0.0,0.0,0.0,0.0,0.0,0.0,0.0
1199,mp3d/zsNo4HB9uLZ/zsNo4HB9uLZ.glb,0,0.0,0.0,0.0,0.0,0.0,0.0,0.0,0.0,0.0,0.05100980052668866,0.05100980052668866,0.0,0.0,0.0,0.0,11.846458435058594,11.846458435058594,0.0,55.0,55.0,0.0,10.21576976776123,10.21576976776123,0.0,0.047619047619047616,0.047619047619047616,0.0,0.0,0.0,0.0
1200,mp3d/zsNo4HB9uLZ/zsNo4HB9uLZ.glb,0,1.0,1.0,0.0,1.0,1.0,0.0,0.8597425733293805,0.8597425733293805,0.0,0.9121581028121446,0.9121581028121446,0.0,0.9121581028121446,0.9121581028121446,0.0,0.8094254732131958,0.8094254732131958,0.0,37.0,37.0,0.0,7.0,7.0,0.0,0.0,0.0,0.0,0.0,0.0,0.0
1201,mp3d/QUCTc6BB5sX/QUCTc6BB5sX.glb,0,0.0,0.0,0.0,0.0,0.0,0.0,0.0,0.0,0.0,0.11185979399271032,0.11185979399271032,0.0,0.0,0.0,0.0,14.460308074951172,14.460308074951172,0.0,44.0,44.0,0.0,8.307724952697754,8.307724952697754,0.0,0.0,0.0,0.0,0.0,0.0,0.0
1202,mp3d/QUCTc6BB5sX/QUCTc6BB5sX.glb,0,1.0,1.0,0.0,1.0,1.0,0.0,0.6153658740925338,0.24984199435329257,-0.3655238797392413,0.8252422866744664,0.2546894992597824,-0.5705527874146841,0.8252422866744664,0.2546894992597824,-0.5705527874146841,0.8045459985733032,0.6274200081825256,-0.1771259903907776,96.0,242.0,146.0,13.25,32.63501739501953,19.38501739501953,0.0,0.09022556390977443,0.09022556390977443,0.0,0.0,0.0
1203,mp3d/QUCTc6BB5sX/QUCTc6BB5sX.glb,0,1.0,1.0,0.0,1.0,1.0,0.0,0.8362660352921925,0.8362660352921925,0.0,0.7881983643815322,0.7881983643815322,0.0,0.7881983643815322,0.7881983643815322,0.0,2.0016589164733887,2.0016589164733887,0.0,50.0,50.0,0.0,9.750004768371582,9.750004768371582,0.0,0.0,0.0,0.0,0.0,0.0,0.0
1204,mp3d/EU6Fwq7SyZv/EU6Fwq7SyZv.glb,0,1.0,0.0,-1.0,1.0,1.0,0.0,0.2366753758517402,0.0,-0.2366753758517402,0.0013485851027277048,0.0014863354150523663,0.00013775031232466143,0.0013485851027277048,0.0,-0.0013485851027277048,2.209885597229004,3.5077316761016846,1.2978460788726807,200.0,186.0,-14.0,32.45497131347656,31.039657592773438,-1.415313720703125,0.03076923076923077,0.0,-0.03076923076923077,0.0,1.0,1.0
1205,mp3d/EU6Fwq7SyZv/EU6Fwq7SyZv.glb,0,0.0,1.0,1.0,1.0,1.0,0.0,0.0,0.2720772221327056,0.2720772221327056,0.0010576459988287379,0.0066280422803218315,0.005570396281493094,0.0,0.0066280422803218315,0.0066280422803218315,9.364097595214844,2.701669454574585,-6.662428140640259,193.0,165.0,-28.0,34.3624153137207,28.232030868530273,-6.13038444519043,0.007246376811594203,0.03508771929824561,0.027841342486651408,1.0,0.0,-1.0
1206,mp3d/EU6Fwq7SyZv/EU6Fwq7SyZv.glb,0,0.0,0.0,0.0,0.0,0.0,0.0,0.0,0.0,0.0,0.21952327225451854,0.21952327225451854,0.0,0.0,0.0,0.0,8.306495666503906,8.306495666503906,0.0,38.0,38.0,0.0,8.010601997375488,8.010601997375488,0.0,0.0,0.0,0.0,0.0,0.0,0.0
1207,mp3d/QUCTc6BB5sX/QUCTc6BB5sX.glb,0,1.0,1.0,0.0,1.0,1.0,0.0,0.9039536351742952,0.9670201678608739,0.06306653268657869,0.9091128142294806,0.9198121285485732,0.010699314319092545,0.9091128142294806,0.9198121285485732,0.010699314319092545,0.7769136428833008,0.7375730276107788,-0.03934061527252197,64.0,61.0,-3.0,11.5,10.75,-0.75,0.0,0.0,0.0,0.0,0.0,0.0
1208,mp3d/QUCTc6BB5sX/QUCTc6BB5sX.glb,0,1.0,1.0,0.0,1.0,1.0,0.0,1.0,1.0,0.0,0.9113170623839381,0.9113170623839381,0.0,0.9113170623839381,0.9113170623839381,0.0,1.2686349153518677,1.2686349153518677,0.0,55.0,55.0,0.0,10.0,10.0,0.0,0.0,0.0,0.0,0.0,0.0,0.0
1209,mp3d/QUCTc6BB5sX/QUCTc6BB5sX.glb,0,1.0,1.0,0.0,1.0,1.0,0.0,1.0,1.0,0.0,0.9113170623839381,0.9113170623839381,0.0,0.9113170623839381,0.9113170623839381,0.0,1.2686349153518677,1.2686349153518677,0.0,55.0,55.0,0.0,10.0,10.0,0.0,0.0,0.0,0.0,0.0,0.0,0.0
1210,mp3d/8194nk5LbLH/8194nk5LbLH.glb,0,1.0,1.0,0.0,1.0,1.0,0.0,1.0,1.0,0.0,0.9465445753516984,0.9465445753516984,0.0,0.9465445753516984,0.9465445753516984,0.0,1.3109687566757202,1.3109687566757202,0.0,31.0,31.0,0.0,6.087917804718018,6.087917804718018,0.0,0.13043478260869565,0.13043478260869565,0.0,0.0,0.0,0.0
1211,mp3d/8194nk5LbLH/8194nk5LbLH.glb,0,1.0,1.0,0.0,1.0,1.0,0.0,1.0,1.0,0.0,0.9465445753516984,0.9465445753516984,0.0,0.9465445753516984,0.9465445753516984,0.0,1.3109687566757202,1.3109687566757202,0.0,31.0,31.0,0.0,6.087917804718018,6.087917804718018,0.0,0.13043478260869565,0.13043478260869565,0.0,0.0,0.0,0.0
1212,mp3d/8194nk5LbLH/8194nk5LbLH.glb,0,1.0,1.0,0.0,1.0,1.0,0.0,1.0,1.0,0.0,0.9465445753516984,0.9465445753516984,0.0,0.9465445753516984,0.9465445753516984,0.0,1.3109687566757202,1.3109687566757202,0.0,31.0,31.0,0.0,6.087917804718018,6.087917804718018,0.0,0.13043478260869565,0.13043478260869565,0.0,0.0,0.0,0.0
1213,mp3d/2azQ1b91cZZ/2azQ1b91cZZ.glb,0,1.0,1.0,0.0,1.0,1.0,0.0,0.9502563581983019,0.9502563581983019,0.0,0.9046478069900705,0.9046478069900705,0.0,0.9046478069900705,0.9046478069900705,0.0,0.3677769899368286,0.3677769899368286,0.0,49.0,49.0,0.0,9.000001907348633,9.000001907348633,0.0,0.0,0.0,0.0,0.0,0.0,0.0
1214,mp3d/2azQ1b91cZZ/2azQ1b91cZZ.glb,0,0.0,0.0,0.0,0.0,0.0,0.0,0.0,0.0,0.0,0.11405845419141793,0.3363197447172435,0.2222612905258256,0.0,0.0,0.0,12.486870765686035,9.413219451904297,-3.0736513137817383,97.0,68.0,-29.0,14.843124389648438,11.000003814697266,-3.843120574951172,0.08064516129032258,0.0,-0.08064516129032258,0.0,0.0,0.0
1215,mp3d/2azQ1b91cZZ/2azQ1b91cZZ.glb,0,0.0,0.0,0.0,0.0,0.0,0.0,0.0,0.0,0.0,0.10885473704937952,0.10885473704937952,0.0,0.0,0.0,0.0,8.163881301879883,8.163881301879883,0.0,92.0,92.0,0.0,16.750003814697266,16.750003814697266,0.0,0.0,0.0,0.0,0.0,0.0,0.0
1216,mp3d/Z6MFQCViBuw/Z6MFQCViBuw.glb,0,0.0,0.0,0.0,0.0,0.0,0.0,0.0,0.0,0.0,0.04294149640235402,0.04294149640235402,0.0,0.0,0.0,0.0,19.872051239013672,19.872051239013672,0.0,65.0,65.0,0.0,11.881243705749512,11.881243705749512,0.0,0.0,0.0,0.0,0.0,0.0,0.0
1217,mp3d/Z6MFQCViBuw/Z6MFQCViBuw.glb,0,1.0,1.0,0.0,1.0,1.0,0.0,0.8784403880514512,0.8784403880514512,0.0,0.8429226260393314,0.8429226260393314,0.0,0.8429226260393314,0.8429226260393314,0.0,1.1441214084625244,1.1441214084625244,0.0,68.0,68.0,0.0,12.763484001159668,12.763484001159668,0.0,0.0,0.0,0.0,0.0,0.0,0.0
1218,mp3d/Z6MFQCViBuw/Z6MFQCViBuw.glb,0,0.0,0.0,0.0,0.0,0.0,0.0,0.0,0.0,0.0,0.04294149640235402,0.04294149640235402,0.0,0.0,0.0,0.0,19.872051239013672,19.872051239013672,0.0,65.0,65.0,0.0,11.881243705749512,11.881243705749512,0.0,0.0,0.0,0.0,0.0,0.0,0.0
1219,mp3d/TbHJrupSAjP/TbHJrupSAjP.glb,0,0.0,0.0,0.0,0.0,0.0,0.0,0.0,0.0,0.0,0.07967140996213437,0.17389865961404596,0.0942272496519116,0.0,0.0,0.0,11.10694408416748,11.17388916015625,0.06694507598876953,311.0,380.0,69.0,36.29339599609375,37.8633918762207,1.5699958801269531,0.00684931506849315,0.0,-0.00684931506849315,0.0,0.0,0.0
1220,mp3d/TbHJrupSAjP/TbHJrupSAjP.glb,0,0.0,0.0,0.0,0.0,0.0,0.0,0.0,0.0,0.0,0.13905638369002424,0.17777317549889113,0.03871679180886689,0.0,0.0,0.0,10.272933959960938,9.758667945861816,-0.5142660140991211,397.0,356.0,-41.0,41.68108367919922,33.59602737426758,-8.08505630493164,0.0,0.014814814814814815,0.014814814814814815,0.0,0.0,0.0
1221,mp3d/TbHJrupSAjP/TbHJrupSAjP.glb,0,0.0,0.0,0.0,0.0,0.0,0.0,0.0,0.0,0.0,0.1049304115380658,0.11682918418568818,0.011898772647622374,0.0,0.0,0.0,11.004073143005371,10.15063762664795,-0.8534355163574219,472.0,538.0,66.0,47.67150115966797,52.866111755371094,5.194610595703125,0.0,0.037037037037037035,0.037037037037037035,0.0,0.0,0.0
1222,mp3d/X7HyMhZNoso/X7HyMhZNoso.glb,0,0.0,0.0,0.0,0.0,0.0,0.0,0.0,0.0,0.0,0.7060744519175951,0.0006236137188264542,-0.7054508381987686,0.0,0.0,0.0,4.6213178634643555,5.313218116760254,0.6919002532958984,88.0,424.0,336.0,14.898924827575684,76.00552368164062,61.10659885406494,0.016666666666666666,0.0,-0.016666666666666666,0.0,0.0,0.0
1223,mp3d/X7HyMhZNoso/X7HyMhZNoso.glb,0,0.0,0.0,0.0,0.0,0.0,0.0,0.0,0.0,0.0,0.7145951467223087,0.6778778755849565,-0.036717271137352236,0.0,0.0,0.0,4.344911575317383,4.318121910095215,-0.02678966522216797,85.0,124.0,39.0,14.648926734924316,15.220518112182617,0.5715913772583008,0.01694915254237288,0.234375,0.2174258474576271,0.0,0.0,0.0
1224,mp3d/X7HyMhZNoso/X7HyMhZNoso.glb,0,0.0,0.0,0.0,0.0,0.0,0.0,0.0,0.0,0.0,0.6785910502643282,0.16167265916580278,-0.5169183910985254,0.0,0.0,0.0,3.3778817653656006,18.511531829833984,15.133650064468384,125.0,75.0,-50.0,15.656410217285156,12.391326904296875,-3.2650833129882812,0.390625,0.0,-0.390625,0.0,0.0,0.0
1225,mp3d/Z6MFQCViBuw/Z6MFQCViBuw.glb,0,1.0,1.0,0.0,1.0,1.0,0.0,0.853819526702036,0.853819526702036,0.0,0.8102296731612092,0.8102296731612092,0.0,0.8102296731612092,0.8102296731612092,0.0,1.4942890405654907,1.4942890405654907,0.0,59.0,59.0,0.0,12.294210433959961,12.294210433959961,0.0,0.0,0.0,0.0,0.0,0.0,0.0
1226,mp3d/Z6MFQCViBuw/Z6MFQCViBuw.glb,0,1.0,1.0,0.0,1.0,1.0,0.0,0.9746955908491648,0.9746955908491648,0.0,0.8862290433347634,0.8862290433347634,0.0,0.8862290433347634,0.8862290433347634,0.0,0.2673186957836151,0.2673186957836151,0.0,48.0,48.0,0.0,10.769554138183594,10.769554138183594,0.0,0.0,0.0,0.0,0.0,0.0,0.0
1227,mp3d/Z6MFQCViBuw/Z6MFQCViBuw.glb,0,1.0,1.0,0.0,1.0,1.0,0.0,0.8690852321595948,0.8690852321595948,0.0,0.928003128538891,0.928003128538891,0.0,0.928003128538891,0.928003128538891,0.0,1.4435534477233887,1.4435534477233887,0.0,52.0,52.0,0.0,12.078259468078613,12.078259468078613,0.0,0.0,0.0,0.0,0.0,0.0,0.0
1228,mp3d/QUCTc6BB5sX/QUCTc6BB5sX.glb,0,1.0,1.0,0.0,1.0,1.0,0.0,0.8323051054186252,0.8323051054186252,0.0,0.8889715321749105,0.8889715321749105,0.0,0.8889715321749105,0.8889715321749105,0.0,1.2845948934555054,1.2845948934555054,0.0,57.0,57.0,0.0,9.50000286102295,9.50000286102295,0.0,0.0,0.0,0.0,0.0,0.0,0.0
1229,mp3d/QUCTc6BB5sX/QUCTc6BB5sX.glb,0,0.0,0.0,0.0,0.0,0.0,0.0,0.0,0.0,0.0,0.1201459535310049,0.35923054536366683,0.23908459183266192,0.0,0.0,0.0,11.345444679260254,8.244536399841309,-3.1009082794189453,82.0,68.0,-14.0,15.001934051513672,11.751934051513672,-3.25,0.0,0.0,0.0,0.0,0.0,0.0
1230,mp3d/QUCTc6BB5sX/QUCTc6BB5sX.glb,0,0.0,0.0,0.0,0.0,0.0,0.0,0.0,0.0,0.0,0.35923054536366683,0.35923054536366683,0.0,0.0,0.0,0.0,8.244536399841309,8.244536399841309,0.0,68.0,68.0,0.0,11.751934051513672,11.751934051513672,0.0,0.0,0.0,0.0,0.0,0.0,0.0
1231,mp3d/EU6Fwq7SyZv/EU6Fwq7SyZv.glb,0,1.0,1.0,0.0,1.0,1.0,0.0,0.7447338202557876,0.7447338202557876,0.0,0.8544493262671945,0.8544493262671945,0.0,0.8544493262671945,0.8544493262671945,0.0,0.6216458082199097,0.6216458082199097,0.0,82.0,82.0,0.0,12.816394805908203,12.816394805908203,0.0,0.0,0.0,0.0,0.0,0.0,0.0
1232,mp3d/EU6Fwq7SyZv/EU6Fwq7SyZv.glb,0,0.0,1.0,1.0,1.0,1.0,0.0,0.0,0.5837560630204165,0.5837560630204165,0.6669529504623809,0.7077390852308253,0.04078613476844439,0.0,0.7077390852308253,0.7077390852308253,3.4999661445617676,2.862605333328247,-0.6373608112335205,114.0,108.0,-6.0,17.107585906982422,16.350669860839844,-0.7569160461425781,0.0,0.0,0.0,1.0,0.0,-1.0
1233,mp3d/EU6Fwq7SyZv/EU6Fwq7SyZv.glb,0,1.0,0.0,-1.0,1.0,1.0,0.0,0.8458623155738987,0.0,-0.8458623155738987,0.8838798446740316,0.6430429857498278,-0.2408368589242038,0.8838798446740316,0.0,-0.8838798446740316,0.6216458082199097,3.940067768096924,3.318421959877014,58.0,89.0,31.0,11.284109115600586,15.126895904541016,3.8427867889404297,0.0,0.03225806451612903,0.03225806451612903,0.0,1.0,1.0
1234,mp3d/8194nk5LbLH/8194nk5LbLH.glb,0,1.0,0.0,-1.0,1.0,0.0,-1.0,0.41304961116713856,0.0,-0.41304961116713856,0.1971085506212775,0.00020239091135545756,-0.19690615970992204,0.1971085506212775,0.0,-0.1971085506212775,0.30794477462768555,20.41269302368164,20.104748249053955,167.0,449.0,282.0,28.25389289855957,63.21815490722656,34.96426200866699,0.02702702702702703,0.007874015748031496,-0.019153011278995533,0.0,0.0,0.0
1235,mp3d/8194nk5LbLH/8194nk5LbLH.glb,0,0.0,0.0,0.0,0.0,0.0,0.0,0.0,0.0,0.0,0.0005662592489327215,0.0007544197586168648,0.00018816050968414335,0.0,0.0,0.0,16.47884178161621,14.471263885498047,-2.007577896118164,480.0,416.0,-64.0,56.906280517578125,52.632904052734375,-4.27337646484375,0.04680851063829787,0.02358490566037736,-0.02322360497792051,0.0,0.0,0.0
1236,mp3d/8194nk5LbLH/8194nk5LbLH.glb,0,0.0,0.0,0.0,0.0,0.0,0.0,0.0,0.0,0.0,0.0024364047205237866,4.0279614127399554e-05,-0.002396125106396387,0.0,0.0,0.0,13.075782775878906,16.085134506225586,3.0093517303466797,417.0,444.0,27.0,48.00950622558594,62.47145462036133,14.46194839477539,0.025906735751295335,0.01195219123505976,-0.013954544516235574,0.0,0.0,0.0
1237,mp3d/Z6MFQCViBuw/Z6MFQCViBuw.glb,0,0.0,0.0,0.0,0.0,0.0,0.0,0.0,0.0,0.0,0.17201092738330467,0.22306591537262963,0.05105498798932495,0.0,0.0,0.0,4.224484920501709,5.1514387130737305,0.9269537925720215,57.0,47.0,-10.0,12.00890827178955,10.004626274108887,-2.004281997680664,0.0,0.0,0.0,0.0,0.0,0.0
1238,mp3d/Z6MFQCViBuw/Z6MFQCViBuw.glb,0,0.0,0.0,0.0,0.0,0.0,0.0,0.0,0.0,0.0,0.010122700053358927,0.005629143992530455,-0.004493556060828472,0.0,0.0,0.0,8.386221885681152,8.218178749084473,-0.1680431365966797,278.0,212.0,-66.0,25.573246002197266,28.766313552856445,3.1930675506591797,0.8058252427184466,0.0603448275862069,-0.7454804151322397,0.0,0.0,0.0
1239,mp3d/Z6MFQCViBuw/Z6MFQCViBuw.glb,0,0.0,0.0,0.0,0.0,0.0,0.0,0.0,0.0,0.0,0.25134738245865523,0.25134738245865523,0.0,0.0,0.0,0.0,6.071050643920898,6.071050643920898,0.0,39.0,39.0,0.0,9.0,9.0,0.0,0.0,0.0,0.0,0.0,0.0,0.0
1240,mp3d/zsNo4HB9uLZ/zsNo4HB9uLZ.glb,0,1.0,1.0,0.0,1.0,1.0,0.0,1.0,1.0,0.0,0.9280285649963144,0.9280285649963144,0.0,0.9280285649963144,0.9280285649963144,0.0,1.4714515209197998,1.4714515209197998,0.0,46.0,46.0,0.0,6.000000953674316,6.000000953674316,0.0,0.0,0.0,0.0,0.0,0.0,0.0
1241,mp3d/zsNo4HB9uLZ/zsNo4HB9uLZ.glb,0,1.0,1.0,0.0,1.0,1.0,0.0,1.0,1.0,0.0,0.8658849687982085,0.8658849687982085,0.0,0.8658849687982085,0.8658849687982085,0.0,2.3621764183044434,2.3621764183044434,0.0,38.0,38.0,0.0,5.000000953674316,5.000000953674316,0.0,0.0,0.0,0.0,0.0,0.0,0.0
1242,mp3d/zsNo4HB9uLZ/zsNo4HB9uLZ.glb,0,1.0,1.0,0.0,1.0,1.0,0.0,1.0,1.0,0.0,0.9280285649963144,0.9280285649963144,0.0,0.9280285649963144,0.9280285649963144,0.0,1.4714515209197998,1.4714515209197998,0.0,46.0,46.0,0.0,6.000000953674316,6.000000953674316,0.0,0.0,0.0,0.0,0.0,0.0,0.0
1243,mp3d/EU6Fwq7SyZv/EU6Fwq7SyZv.glb,0,1.0,1.0,0.0,1.0,1.0,0.0,0.9940993837941601,0.853052792052915,-0.14104659174124512,0.9324591985105692,0.9257847059759269,-0.006674492534642362,0.9324591985105692,0.9257847059759269,-0.006674492534642362,0.962079644203186,0.401055246591568,-0.561024397611618,45.0,52.0,7.0,8.320505142211914,9.696245193481445,1.3757400512695312,0.0,0.0,0.0,0.0,0.0,0.0
1244,mp3d/EU6Fwq7SyZv/EU6Fwq7SyZv.glb,0,1.0,1.0,0.0,1.0,1.0,0.0,0.9940993837941601,0.853052792052915,-0.14104659174124512,0.9324591985105692,0.9257847059759269,-0.006674492534642362,0.9324591985105692,0.9257847059759269,-0.006674492534642362,0.962079644203186,0.401055246591568,-0.561024397611618,45.0,52.0,7.0,8.320505142211914,9.696245193481445,1.3757400512695312,0.0,0.0,0.0,0.0,0.0,0.0
1245,mp3d/EU6Fwq7SyZv/EU6Fwq7SyZv.glb,0,1.0,1.0,0.0,1.0,1.0,0.0,0.9940993837941601,0.9940993837941601,0.0,0.9324591985105692,0.9324591985105692,0.0,0.9324591985105692,0.9324591985105692,0.0,0.962079644203186,0.962079644203186,0.0,45.0,45.0,0.0,8.320505142211914,8.320505142211914,0.0,0.0,0.0,0.0,0.0,0.0,0.0
1246,mp3d/TbHJrupSAjP/TbHJrupSAjP.glb,0,1.0,1.0,0.0,1.0,1.0,0.0,1.0,1.0,0.0,0.9333050465846868,0.9333050465846868,0.0,0.9333050465846868,0.9333050465846868,0.0,0.34725886583328247,0.34725886583328247,0.0,46.0,46.0,0.0,7.318043231964111,7.318043231964111,0.0,0.03333333333333333,0.03333333333333333,0.0,0.0,0.0,0.0
1247,mp3d/TbHJrupSAjP/TbHJrupSAjP.glb,0,1.0,1.0,0.0,1.0,1.0,0.0,1.0,1.0,0.0,0.9333050465846868,0.9333050465846868,0.0,0.9333050465846868,0.9333050465846868,0.0,0.34725886583328247,0.34725886583328247,0.0,46.0,46.0,0.0,7.318043231964111,7.318043231964111,0.0,0.03333333333333333,0.03333333333333333,0.0,0.0,0.0,0.0
1248,mp3d/TbHJrupSAjP/TbHJrupSAjP.glb,0,1.0,1.0,0.0,1.0,1.0,0.0,1.0,1.0,0.0,0.9214509653617574,0.9333050465846868,0.011854081222929413,0.9214509653617574,0.9333050465846868,0.011854081222929413,1.0785059928894043,0.34725886583328247,-0.7312471270561218,41.0,46.0,5.0,6.5615973472595215,7.318043231964111,0.7564458847045898,0.037037037037037035,0.03333333333333333,-0.003703703703703702,0.0,0.0,0.0
1249,mp3d/Z6MFQCViBuw/Z6MFQCViBuw.glb,0,1.0,1.0,0.0,1.0,1.0,0.0,0.7104198456747038,0.5254577945994282,-0.18496205107527564,0.30754832620935424,0.20049243707681566,-0.10705588913253858,0.30754832620935424,0.20049243707681566,-0.10705588913253858,1.319356083869934,1.195917010307312,-0.12343907356262207,78.0,124.0,46.0,15.057056427001953,20.357166290283203,5.30010986328125,0.0,0.012195121951219513,0.012195121951219513,0.0,0.0,0.0
1250,mp3d/Z6MFQCViBuw/Z6MFQCViBuw.glb,0,1.0,1.0,0.0,1.0,1.0,0.0,1.0,1.0,0.0,0.9189244695226071,0.9189244695226071,0.0,0.9189244695226071,0.9189244695226071,0.0,1.128267526626587,1.128267526626587,0.0,44.0,44.0,0.0,9.871646881103516,9.871646881103516,0.0,0.0,0.0,0.0,0.0,0.0,0.0
1251,mp3d/Z6MFQCViBuw/Z6MFQCViBuw.glb,0,1.0,1.0,0.0,1.0,1.0,0.0,1.0,1.0,0.0,0.9189244695226071,0.9189244695226071,0.0,0.9189244695226071,0.9189244695226071,0.0,1.128267526626587,1.128267526626587,0.0,44.0,44.0,0.0,9.871646881103516,9.871646881103516,0.0,0.0,0.0,0.0,0.0,0.0,0.0
1252,mp3d/X7HyMhZNoso/X7HyMhZNoso.glb,0,0.0,0.0,0.0,0.0,0.0,0.0,0.0,0.0,0.0,0.517249637529669,0.4351516627270588,-0.08209797480261022,0.0,0.0,0.0,10.201645851135254,11.116211891174316,0.9145660400390625,122.0,124.0,2.0,11.590574264526367,11.007172584533691,-0.5834016799926758,0.72,0.4423076923076923,-0.2776923076923077,0.0,0.0,0.0
1253,mp3d/X7HyMhZNoso/X7HyMhZNoso.glb,0,0.0,0.0,0.0,0.0,1.0,1.0,0.0,0.0,0.0,0.4726122184589616,0.713754334348768,0.24114211588980639,0.0,0.0,0.0,9.90035629272461,4.335521697998047,-5.5648345947265625,177.0,106.0,-71.0,13.389845848083496,17.89402198791504,4.504176139831543,0.55,0.0,-0.55,0.0,1.0,1.0
1254,mp3d/X7HyMhZNoso/X7HyMhZNoso.glb,0,0.0,0.0,0.0,0.0,0.0,0.0,0.0,0.0,0.0,0.4532456267421704,0.4067012689910168,-0.04654435775115362,0.0,0.0,0.0,10.201645851135254,10.148385047912598,-0.05326080322265625,80.0,149.0,69.0,8.674674034118652,12.716299057006836,4.041625022888184,0.38461538461538464,0.4827586206896552,0.09814323607427056,0.0,0.0,0.0
1255,mp3d/2azQ1b91cZZ/2azQ1b91cZZ.glb,0,1.0,1.0,0.0,1.0,1.0,0.0,0.9905909995845074,0.9905909995845074,0.0,0.910455031356173,0.910455031356173,0.0,0.910455031356173,0.910455031356173,0.0,0.23357722163200378,0.23357722163200378,0.0,47.0,47.0,0.0,9.250001907348633,9.250001907348633,0.0,0.0,0.0,0.0,0.0,0.0,0.0
1256,mp3d/2azQ1b91cZZ/2azQ1b91cZZ.glb,0,1.0,1.0,0.0,1.0,1.0,0.0,0.9905909995845074,0.9905909995845074,0.0,0.910455031356173,0.910455031356173,0.0,0.910455031356173,0.910455031356173,0.0,0.23357722163200378,0.23357722163200378,0.0,47.0,47.0,0.0,9.250001907348633,9.250001907348633,0.0,0.0,0.0,0.0,0.0,0.0,0.0
1257,mp3d/2azQ1b91cZZ/2azQ1b91cZZ.glb,0,1.0,1.0,0.0,1.0,1.0,0.0,1.0,1.0,0.0,0.8817987582052136,0.8817987582052136,0.0,0.8817987582052136,0.8817987582052136,0.0,1.8177845478057861,1.8177845478057861,0.0,39.0,39.0,0.0,7.500001907348633,7.500001907348633,0.0,0.0,0.0,0.0,0.0,0.0,0.0
1258,mp3d/oLBMNvg9in8/oLBMNvg9in8.glb,0,1.0,1.0,0.0,1.0,1.0,0.0,0.8807738300022394,0.8807738300022394,0.0,0.9492872738829446,0.9492872738829446,0.0,0.9492872738829446,0.9492872738829446,0.0,0.3956984877586365,0.3956984877586365,0.0,63.0,63.0,0.0,9.100495338439941,9.100495338439941,0.0,0.02857142857142857,0.02857142857142857,0.0,0.0,0.0,0.0
1259,mp3d/oLBMNvg9in8/oLBMNvg9in8.glb,0,1.0,1.0,0.0,1.0,1.0,0.0,0.9752407080859746,0.8807738300022394,-0.09446687808373522,0.9353467813774223,0.9492872738829446,0.013940492505522317,0.9353467813774223,0.9492872738829446,0.013940492505522317,1.1353154182434082,0.3956984877586365,-0.7396169304847717,59.0,63.0,4.0,8.218974113464355,9.100495338439941,0.8815212249755859,0.03125,0.02857142857142857,-0.0026785714285714295,0.0,0.0,0.0
1260,mp3d/oLBMNvg9in8/oLBMNvg9in8.glb,0,0.0,1.0,1.0,0.0,1.0,1.0,0.0,0.7277368411300373,0.7277368411300373,0.7605828377587069,0.9105991204921748,0.1500162827334679,0.0,0.9105991204921748,0.9105991204921748,3.576491355895996,0.45816612243652344,-3.1183252334594727,129.0,106.0,-23.0,9.206718444824219,11.014253616333008,1.807535171508789,0.7105263157894737,0.4186046511627907,-0.29192166462668295,0.0,0.0,0.0
1261,mp3d/zsNo4HB9uLZ/zsNo4HB9uLZ.glb,0,1.0,1.0,0.0,1.0,1.0,0.0,0.5065551903896924,0.9293185452023399,0.4227633548126475,0.345143436622412,0.9356125742139124,0.5904691375915004,0.345143436622412,0.9356125742139124,0.5904691375915004,0.6507202386856079,0.06528294831514359,-0.5854372903704643,118.0,59.0,-59.0,19.721790313720703,10.750000953674316,-8.971789360046387,0.08536585365853659,0.0,-0.08536585365853659,0.0,0.0,0.0
1262,mp3d/zsNo4HB9uLZ/zsNo4HB9uLZ.glb,0,1.0,1.0,0.0,1.0,1.0,0.0,1.0,1.0,0.0,0.9241529527581359,0.9241529527581359,0.0,0.9241529527581359,0.9241529527581359,0.0,0.7203685641288757,0.7203685641288757,0.0,54.0,54.0,0.0,9.965767860412598,9.965767860412598,0.0,0.04878048780487805,0.04878048780487805,0.0,0.0,0.0,0.0
1263,mp3d/zsNo4HB9uLZ/zsNo4HB9uLZ.glb,0,1.0,1.0,0.0,1.0,1.0,0.0,1.0,1.0,0.0,0.9241529527581359,0.9241529527581359,0.0,0.9241529527581359,0.9241529527581359,0.0,0.7203685641288757,0.7203685641288757,0.0,54.0,54.0,0.0,9.965767860412598,9.965767860412598,0.0,0.04878048780487805,0.04878048780487805,0.0,0.0,0.0,0.0
1264,mp3d/2azQ1b91cZZ/2azQ1b91cZZ.glb,0,1.0,0.0,-1.0,1.0,0.0,-1.0,0.20069470844825352,0.0,-0.20069470844825352,0.03357409020677069,0.0019451700615038669,-0.031628920145266824,0.03357409020677069,0.0,-0.03357409020677069,0.7056653499603271,21.95816421508789,21.252498865127563,427.0,189.0,-238.0,63.75798797607422,26.264732360839844,-37.493255615234375,0.0,0.0,0.0,0.0,0.0,0.0
1265,mp3d/2azQ1b91cZZ/2azQ1b91cZZ.glb,0,0.0,0.0,0.0,0.0,0.0,0.0,0.0,0.0,0.0,1.7158408436503085e-05,0.004919796829136492,0.004902638420699989,0.0,0.0,0.0,17.045982360839844,23.012042999267578,5.966060638427734,382.0,186.0,-196.0,59.91611099243164,27.750015258789062,-32.16609573364258,0.008298755186721992,0.0,-0.008298755186721992,0.0,0.0,0.0
1266,mp3d/2azQ1b91cZZ/2azQ1b91cZZ.glb,0,1.0,0.0,-1.0,1.0,0.0,-1.0,0.8675182452491489,0.0,-0.8675182452491489,0.7909652935380473,0.01517191534744842,-0.7757933781905989,0.7909652935380473,0.0,-0.7909652935380473,0.8968803882598877,23.468421936035156,22.57154154777527,74.0,124.0,50.0,14.749996185302734,19.00000762939453,4.250011444091797,0.0,0.0,0.0,0.0,0.0,0.0
1267,mp3d/x8F5xyUWy9e/x8F5xyUWy9e.glb,0,1.0,1.0,0.0,1.0,1.0,0.0,0.9943120134117593,0.6767422464083553,-0.317569767003404,0.9525712487862552,0.7949667595308271,-0.15760448925542814,0.9525712487862552,0.7949667595308271,-0.15760448925542814,1.0602960586547852,0.5619117617607117,-0.4983842968940735,47.0,93.0,46.0,8.432190895080566,12.3891019821167,3.956911087036133,0.0,0.0392156862745098,0.0392156862745098,0.0,0.0,0.0
1268,mp3d/x8F5xyUWy9e/x8F5xyUWy9e.glb,0,1.0,1.0,0.0,1.0,1.0,0.0,0.9943120134117593,0.9943120134117593,0.0,0.9525712487862552,0.9525712487862552,0.0,0.9525712487862552,0.9525712487862552,0.0,1.0602960586547852,1.0602960586547852,0.0,47.0,47.0,0.0,8.432190895080566,8.432190895080566,0.0,0.0,0.0,0.0,0.0,0.0,0.0
1269,mp3d/x8F5xyUWy9e/x8F5xyUWy9e.glb,0,1.0,1.0,0.0,1.0,1.0,0.0,0.9943120134117593,0.866152699210911,-0.12815931420084836,0.9525712487862552,0.8231519433251323,-0.1294193054611229,0.9525712487862552,0.8231519433251323,-0.1294193054611229,1.0602960586547852,1.1469138860702515,0.08661782741546631,47.0,65.0,18.0,8.432190895080566,9.679850578308105,1.247659683227539,0.0,0.0,0.0,0.0,0.0,0.0
1270,mp3d/TbHJrupSAjP/TbHJrupSAjP.glb,0,0.0,0.0,0.0,0.0,0.0,0.0,0.0,0.0,0.0,0.43357091545503473,0.43357091545503473,0.0,0.0,0.0,0.0,8.142021179199219,8.142021179199219,0.0,55.0,55.0,0.0,10.000234603881836,10.000234603881836,0.0,0.0,0.0,0.0,0.0,0.0,0.0
1271,mp3d/TbHJrupSAjP/TbHJrupSAjP.glb,0,0.0,0.0,0.0,0.0,0.0,0.0,0.0,0.0,0.0,0.37987407649125904,0.37987407649125904,0.0,0.0,0.0,0.0,8.693504333496094,8.693504333496094,0.0,61.0,61.0,0.0,10.750234603881836,10.750234603881836,0.0,0.0,0.0,0.0,0.0,0.0,0.0
1272,mp3d/TbHJrupSAjP/TbHJrupSAjP.glb,0,1.0,1.0,0.0,1.0,1.0,0.0,1.0,1.0,0.0,0.947673315656635,0.947673315656635,0.0,0.947673315656635,0.947673315656635,0.0,0.5878076553344727,0.5878076553344727,0.0,44.0,44.0,0.0,8.000234603881836,8.000234603881836,0.0,0.0,0.0,0.0,0.0,0.0,0.0
1273,mp3d/EU6Fwq7SyZv/EU6Fwq7SyZv.glb,0,0.0,0.0,0.0,0.0,0.0,0.0,0.0,0.0,0.0,0.2518189628221839,0.2518189628221839,0.0,0.0,0.0,0.0,7.88599157333374,7.88599157333374,0.0,294.0,294.0,0.0,23.877586364746094,23.877586364746094,0.0,0.1276595744680851,0.1276595744680851,0.0,0.0,0.0,0.0
1274,mp3d/EU6Fwq7SyZv/EU6Fwq7SyZv.glb,0,0.0,0.0,0.0,0.0,0.0,0.0,0.0,0.0,0.0,0.2518189628221839,0.23608792955190033,-0.01573103327028358,0.0,0.0,0.0,7.88599157333374,8.51981258392334,0.6338210105895996,294.0,336.0,42.0,23.877586364746094,24.372406005859375,0.49481964111328125,0.1276595744680851,0.17525773195876287,0.04759815749067778,0.0,0.0,0.0
1275,mp3d/EU6Fwq7SyZv/EU6Fwq7SyZv.glb,0,0.0,0.0,0.0,0.0,0.0,0.0,0.0,0.0,0.0,0.24213938442854713,0.22908853426078377,-0.013050850167763361,0.0,0.0,0.0,8.183540344238281,8.103320121765137,-0.08022022247314453,317.0,322.0,5.0,24.63441276550293,25.38441276550293,0.75,0.12371134020618557,0.12,-0.003711340206185576,0.0,0.0,0.0
1276,mp3d/TbHJrupSAjP/TbHJrupSAjP.glb,0,1.0,1.0,0.0,1.0,1.0,0.0,0.9715823444670136,0.9715823444670136,0.0,0.9159549983678092,0.9159549983678092,0.0,0.9159549983678092,0.9159549983678092,0.0,0.6500992178916931,0.6500992178916931,0.0,63.0,63.0,0.0,8.913093566894531,8.913093566894531,0.0,0.2558139534883721,0.2558139534883721,0.0,0.0,0.0,0.0
1277,mp3d/TbHJrupSAjP/TbHJrupSAjP.glb,0,1.0,1.0,0.0,1.0,1.0,0.0,0.9715823444670136,0.9715823444670136,0.0,0.9159549983678092,0.9159549983678092,0.0,0.9159549983678092,0.9159549983678092,0.0,0.6500992178916931,0.6500992178916931,0.0,63.0,63.0,0.0,8.913093566894531,8.913093566894531,0.0,0.2558139534883721,0.2558139534883721,0.0,0.0,0.0,0.0
1278,mp3d/TbHJrupSAjP/TbHJrupSAjP.glb,0,1.0,1.0,0.0,1.0,1.0,0.0,0.7539873768356331,0.7539873768356331,0.0,0.8354308173582237,0.8354308173582237,0.0,0.8354308173582237,0.8354308173582237,0.0,1.3378455638885498,1.3378455638885498,0.0,91.0,91.0,0.0,11.485343933105469,11.485343933105469,0.0,0.20754716981132076,0.20754716981132076,0.0,0.0,0.0,0.0
1279,mp3d/TbHJrupSAjP/TbHJrupSAjP.glb,0,1.0,1.0,0.0,1.0,1.0,0.0,1.0,1.0,0.0,0.9342249811869164,0.9342249811869164,0.0,0.9342249811869164,0.9342249811869164,0.0,0.6761305928230286,0.6761305928230286,0.0,63.0,63.0,0.0,10.917634963989258,10.917634963989258,0.0,0.022727272727272728,0.022727272727272728,0.0,0.0,0.0,0.0
1280,mp3d/TbHJrupSAjP/TbHJrupSAjP.glb,0,0.0,0.0,0.0,0.0,0.0,0.0,0.0,0.0,0.0,0.8003306031246972,0.8003306031246972,0.0,0.0,0.0,0.0,3.1797866821289062,3.1797866821289062,0.0,51.0,51.0,0.0,8.115279197692871,8.115279197692871,0.0,0.030303030303030304,0.030303030303030304,0.0,0.0,0.0,0.0
1281,mp3d/TbHJrupSAjP/TbHJrupSAjP.glb,0,0.0,0.0,0.0,0.0,0.0,0.0,0.0,0.0,0.0,0.6405144061917292,0.6405144061917292,0.0,0.0,0.0,0.0,6.871769905090332,6.871769905090332,0.0,65.0,65.0,0.0,9.92063045501709,9.92063045501709,0.0,0.025,0.025,0.0,0.0,0.0,0.0
1282,mp3d/TbHJrupSAjP/TbHJrupSAjP.glb,0,1.0,1.0,0.0,1.0,1.0,0.0,0.8628248363419956,0.8628248363419956,0.0,0.8935086105652382,0.8935086105652382,0.0,0.8935086105652382,0.8935086105652382,0.0,0.44114768505096436,0.44114768505096436,0.0,63.0,63.0,0.0,9.989927291870117,9.989927291870117,0.0,0.024390243902439025,0.024390243902439025,0.0,0.0,0.0,0.0
1283,mp3d/TbHJrupSAjP/TbHJrupSAjP.glb,0,0.0,0.0,0.0,0.0,0.0,0.0,0.0,0.0,0.0,0.6947971257122822,0.6947971257122822,0.0,0.0,0.0,0.0,5.969361305236816,5.969361305236816,0.0,41.0,41.0,0.0,7.489926338195801,7.489926338195801,0.0,0.03225806451612903,0.03225806451612903,0.0,0.0,0.0,0.0
1284,mp3d/TbHJrupSAjP/TbHJrupSAjP.glb,0,1.0,1.0,0.0,1.0,1.0,0.0,0.5847761125273956,0.5847761125273956,0.0,0.6691414847061794,0.6691414847061794,0.0,0.6691414847061794,0.6691414847061794,0.0,0.10297133028507233,0.10297133028507233,0.0,98.0,98.0,0.0,14.739927291870117,14.739927291870117,0.0,0.016666666666666666,0.016666666666666666,0.0,0.0,0.0,0.0
1285,mp3d/zsNo4HB9uLZ/zsNo4HB9uLZ.glb,0,0.0,0.0,0.0,0.0,0.0,0.0,0.0,0.0,0.0,0.11541230393576164,0.11541230393576164,0.0,0.0,0.0,0.0,8.96419620513916,8.96419620513916,0.0,128.0,128.0,0.0,19.41977882385254,19.41977882385254,0.0,0.0875,0.0875,0.0,0.0,0.0,0.0
1286,mp3d/zsNo4HB9uLZ/zsNo4HB9uLZ.glb,0,0.0,0.0,0.0,0.0,0.0,0.0,0.0,0.0,0.0,0.7304858005473571,0.7304858005473571,0.0,0.0,0.0,0.0,3.7164597511291504,3.7164597511291504,0.0,36.0,36.0,0.0,5.000003814697266,5.000003814697266,0.0,0.0,0.0,0.0,0.0,0.0,0.0
1287,mp3d/zsNo4HB9uLZ/zsNo4HB9uLZ.glb,0,1.0,1.0,0.0,1.0,1.0,0.0,0.936550357013728,0.936550357013728,0.0,0.9385244310589528,0.9385244310589528,0.0,0.9385244310589528,0.9385244310589528,0.0,0.5868638753890991,0.5868638753890991,0.0,48.0,48.0,0.0,8.000004768371582,8.000004768371582,0.0,0.0,0.0,0.0,0.0,0.0,0.0
1288,mp3d/2azQ1b91cZZ/2azQ1b91cZZ.glb,0,1.0,1.0,0.0,1.0,1.0,0.0,0.9769126791227701,0.9769126791227701,0.0,0.8917782195688859,0.8917782195688859,0.0,0.8917782195688859,0.8917782195688859,0.0,0.39525073766708374,0.39525073766708374,0.0,66.0,66.0,0.0,10.155393600463867,10.155393600463867,0.0,0.1875,0.1875,0.0,0.0,0.0,0.0
1289,mp3d/2azQ1b91cZZ/2azQ1b91cZZ.glb,0,0.0,0.0,0.0,0.0,0.0,0.0,0.0,0.0,0.0,0.27676199522408546,0.27676199522408546,0.0,0.0,0.0,0.0,11.089187622070312,11.089187622070312,0.0,58.0,58.0,0.0,8.745272636413574,8.745272636413574,0.0,0.027777777777777776,0.027777777777777776,0.0,0.0,0.0,0.0
1290,mp3d/2azQ1b91cZZ/2azQ1b91cZZ.glb,0,0.0,0.0,0.0,0.0,0.0,0.0,0.0,0.0,0.0,0.27676199522408546,0.27676199522408546,0.0,0.0,0.0,0.0,11.089187622070312,11.089187622070312,0.0,58.0,58.0,0.0,8.745272636413574,8.745272636413574,0.0,0.027777777777777776,0.027777777777777776,0.0,0.0,0.0,0.0
1291,mp3d/x8F5xyUWy9e/x8F5xyUWy9e.glb,0,1.0,1.0,0.0,1.0,1.0,0.0,0.37663305542957815,0.4689731910712447,0.09234013564166654,0.2624345847050839,0.6220208432649976,0.3595862585599137,0.2624345847050839,0.6220208432649976,0.3595862585599137,0.7987993359565735,1.4566069841384888,0.6578076481819153,154.0,133.0,-21.0,22.95033073425293,18.43144416809082,-4.518886566162109,0.0,0.013513513513513514,0.013513513513513514,0.0,0.0,0.0
1292,mp3d/x8F5xyUWy9e/x8F5xyUWy9e.glb,0,1.0,1.0,0.0,1.0,1.0,0.0,0.8271688876181252,0.8918909956346849,0.06472210801655964,0.8816065443462769,0.8614750301904935,-0.020131514155783403,0.8816065443462769,0.8614750301904935,-0.020131514155783403,0.39740124344825745,0.5212008357048035,0.12379959225654602,63.0,58.0,-5.0,10.449925422668457,9.69160270690918,-0.7583227157592773,0.0,0.0,0.0,0.0,0.0,0.0
1293,mp3d/x8F5xyUWy9e/x8F5xyUWy9e.glb,0,1.0,1.0,0.0,1.0,1.0,0.0,0.7252734317767482,0.5414689815416088,-0.18380445023513936,0.6573364889760304,0.5950039356145125,-0.062332553361517884,0.6573364889760304,0.5950039356145125,-0.062332553361517884,0.6784393787384033,1.1700419187545776,0.4916025400161743,65.0,94.0,29.0,11.918061256408691,15.963708877563477,4.045647621154785,0.0,0.0,0.0,0.0,0.0,0.0
1294,mp3d/2azQ1b91cZZ/2azQ1b91cZZ.glb,0,1.0,1.0,0.0,1.0,1.0,0.0,0.8321480207292632,0.989608281326017,0.15746026059675378,0.9256601211703874,0.9548881458064491,0.029228024636061667,0.9256601211703874,0.9548881458064491,0.029228024636061667,1.4719547033309937,0.03164701908826828,-1.4403076842427254,64.0,46.0,-18.0,9.42721939086914,7.927219390869141,-1.5,0.07692307692307693,0.09090909090909091,0.013986013986013984,0.0,0.0,0.0
1295,mp3d/2azQ1b91cZZ/2azQ1b91cZZ.glb,0,1.0,1.0,0.0,1.0,1.0,0.0,0.989608281326017,0.989608281326017,0.0,0.9548881458064491,0.9548881458064491,0.0,0.9548881458064491,0.9548881458064491,0.0,0.03164701908826828,0.03164701908826828,0.0,46.0,46.0,0.0,7.927219390869141,7.927219390869141,0.0,0.09090909090909091,0.09090909090909091,0.0,0.0,0.0,0.0
1296,mp3d/2azQ1b91cZZ/2azQ1b91cZZ.glb,0,1.0,1.0,0.0,1.0,1.0,0.0,0.989608281326017,0.989608281326017,0.0,0.9548881458064491,0.9548881458064491,0.0,0.9548881458064491,0.9548881458064491,0.0,0.03164701908826828,0.03164701908826828,0.0,46.0,46.0,0.0,7.927219390869141,7.927219390869141,0.0,0.09090909090909091,0.09090909090909091,0.0,0.0,0.0,0.0
1297,mp3d/Z6MFQCViBuw/Z6MFQCViBuw.glb,0,1.0,0.0,-1.0,1.0,0.0,-1.0,0.25970559684523065,0.0,-0.25970559684523065,0.19477267936448323,0.027867104406721944,-0.1669055749577613,0.19477267936448323,0.0,-0.19477267936448323,0.8476476073265076,19.078006744384766,18.230359137058258,227.0,123.0,-104.0,37.79619598388672,17.5031681060791,-20.293027877807617,0.013157894736842105,0.014084507042253521,0.0009266123054114169,0.0,0.0,0.0
1298,mp3d/Z6MFQCViBuw/Z6MFQCViBuw.glb,0,0.0,0.0,0.0,0.0,0.0,0.0,0.0,0.0,0.0,0.7007917915375474,0.7007917915375474,0.0,0.0,0.0,0.0,4.799388885498047,4.799388885498047,0.0,45.0,45.0,0.0,9.83712387084961,9.83712387084961,0.0,0.0,0.0,0.0,0.0,0.0,0.0
1299,mp3d/Z6MFQCViBuw/Z6MFQCViBuw.glb,0,1.0,0.0,-1.0,1.0,0.0,-1.0,0.8833111376311468,0.0,-0.8833111376311468,0.9173624913668057,0.007566472562746306,-0.9097960188040594,0.9173624913668057,0.0,-0.9173624913668057,0.6505290269851685,26.292722702026367,25.6421936750412,52.0,93.0,41.0,11.112600326538086,17.543336868286133,6.430736541748047,0.0,0.0,0.0,0.0,0.0,0.0
1300,mp3d/Z6MFQCViBuw/Z6MFQCViBuw.glb,0,1.0,1.0,0.0,1.0,1.0,0.0,1.0,1.0,0.0,0.9978655290929981,0.9978655290929981,0.0,0.9978655290929981,0.9978655290929981,0.0,0.6426447629928589,0.6426447629928589,0.0,38.0,38.0,0.0,9.249999046325684,9.249999046325684,0.0,0.0,0.0,0.0,0.0,0.0,0.0
1301,mp3d/Z6MFQCViBuw/Z6MFQCViBuw.glb,0,0.0,0.0,0.0,0.0,0.0,0.0,0.0,0.0,0.0,0.003530065538085944,0.0022223828705815393,-0.0013076826675044047,0.0,0.0,0.0,23.739246368408203,23.899019241333008,0.1597728729248047,89.0,101.0,12.0,15.970906257629395,16.97429084777832,1.0033845901489258,0.0,0.0,0.0,0.0,0.0,0.0
1302,mp3d/Z6MFQCViBuw/Z6MFQCViBuw.glb,0,1.0,1.0,0.0,1.0,1.0,0.0,1.0,1.0,0.0,0.9978655290929981,0.9978655290929981,0.0,0.9978655290929981,0.9978655290929981,0.0,0.6426447629928589,0.6426447629928589,0.0,38.0,38.0,0.0,9.249999046325684,9.249999046325684,0.0,0.0,0.0,0.0,0.0,0.0,0.0
1303,mp3d/EU6Fwq7SyZv/EU6Fwq7SyZv.glb,0,1.0,1.0,0.0,1.0,1.0,0.0,0.5022628595869317,0.6402025119668198,0.13793965237988803,0.44890327692431475,0.6708251021235634,0.22192182519924863,0.44890327692431475,0.6708251021235634,0.22192182519924863,2.455777883529663,2.1617958545684814,-0.29398202896118164,115.0,80.0,-35.0,14.662546157836914,11.503316879272461,-3.159229278564453,0.0,0.0,0.0,0.0,0.0,0.0
1304,mp3d/EU6Fwq7SyZv/EU6Fwq7SyZv.glb,0,1.0,1.0,0.0,1.0,1.0,0.0,0.837720228433216,1.0,0.16227977156678397,0.8892302093209873,0.9424037429908125,0.053173533669825246,0.8892302093209873,0.9424037429908125,0.053173533669825246,1.1602617502212524,0.854376494884491,-0.3058852553367615,56.0,46.0,-10.0,8.791064262390137,6.780086040496826,-2.0109782218933105,0.0,0.0,0.0,0.0,0.0,0.0
1305,mp3d/EU6Fwq7SyZv/EU6Fwq7SyZv.glb,0,0.0,0.0,0.0,0.0,0.0,0.0,0.0,0.0,0.0,0.2405595827506706,0.2405595827506706,0.0,0.0,0.0,0.0,4.218409061431885,4.218409061431885,0.0,72.0,72.0,0.0,11.532392501831055,11.532392501831055,0.0,0.0,0.0,0.0,0.0,0.0,0.0
1306,mp3d/TbHJrupSAjP/TbHJrupSAjP.glb,0,1.0,0.0,-1.0,1.0,0.0,-1.0,1.0,0.0,-1.0,0.9224105302742462,0.2737646412702674,-0.6486458890039788,0.9224105302742462,0.0,-0.9224105302742462,1.0625576972961426,4.918929576873779,3.8563718795776367,45.0,43.0,-2.0,6.790163040161133,7.250000476837158,0.4598374366760254,0.0,0.0,0.0,0.0,0.0,0.0
1307,mp3d/TbHJrupSAjP/TbHJrupSAjP.glb,0,0.0,0.0,0.0,0.0,0.0,0.0,0.0,0.0,0.0,0.2737646412702674,0.09214601692307235,-0.18161862434719506,0.0,0.0,0.0,4.918929576873779,11.829330444335938,6.910400867462158,43.0,56.0,13.0,7.250000476837158,9.73222541809082,2.482224941253662,0.0,0.025,0.025,0.0,0.0,0.0
1308,mp3d/TbHJrupSAjP/TbHJrupSAjP.glb,0,0.0,0.0,0.0,0.0,0.0,0.0,0.0,0.0,0.0,0.12837111983580496,0.12837111983580496,0.0,0.0,0.0,0.0,4.217222690582275,4.217222690582275,0.0,69.0,69.0,0.0,10.5,10.5,0.0,0.0,0.0,0.0,0.0,0.0,0.0
1309,mp3d/Z6MFQCViBuw/Z6MFQCViBuw.glb,0,0.0,0.0,0.0,0.0,0.0,0.0,0.0,0.0,0.0,0.11933667859259132,0.025581724828446038,-0.09375495376414529,0.0,0.0,0.0,12.81185531616211,8.077326774597168,-4.734528541564941,120.0,249.0,129.0,20.23651695251465,26.787599563598633,6.551082611083984,0.0,0.32432432432432434,0.32432432432432434,0.0,0.0,0.0
1310,mp3d/Z6MFQCViBuw/Z6MFQCViBuw.glb,0,0.0,0.0,0.0,0.0,0.0,0.0,0.0,0.0,0.0,0.09385864567979608,0.2207015831580456,0.12684293747824954,0.0,0.0,0.0,3.680978298187256,4.667275905609131,0.986297607421875,117.0,61.0,-56.0,17.25066566467285,10.250007629394531,-7.00065803527832,0.014285714285714285,0.0,-0.014285714285714285,0.0,0.0,0.0
1311,mp3d/Z6MFQCViBuw/Z6MFQCViBuw.glb,0,0.0,0.0,0.0,0.0,0.0,0.0,0.0,0.0,0.0,0.08432600027848858,0.011251007791447819,-0.07307499248704076,0.0,0.0,0.0,12.99459171295166,12.99459171295166,0.0,125.0,189.0,64.0,22.852020263671875,33.352027893066406,10.500007629394531,0.0,0.0,0.0,0.0,0.0,0.0
1312,mp3d/TbHJrupSAjP/TbHJrupSAjP.glb,0,0.0,0.0,0.0,0.0,0.0,0.0,0.0,0.0,0.0,0.3805010963752466,0.3805010963752466,0.0,0.0,0.0,0.0,8.78945541381836,8.78945541381836,0.0,43.0,43.0,0.0,7.999999046325684,7.999999046325684,0.0,0.0,0.0,0.0,0.0,0.0,0.0
1313,mp3d/TbHJrupSAjP/TbHJrupSAjP.glb,0,0.0,0.0,0.0,0.0,0.0,0.0,0.0,0.0,0.0,0.40452606256053364,0.40452606256053364,0.0,0.0,0.0,0.0,8.297752380371094,8.297752380371094,0.0,37.0,37.0,0.0,6.999999046325684,6.999999046325684,0.0,0.0,0.0,0.0,0.0,0.0,0.0
1314,mp3d/TbHJrupSAjP/TbHJrupSAjP.glb,0,0.0,0.0,0.0,0.0,0.0,0.0,0.0,0.0,0.0,0.40452606256053364,0.40452606256053364,0.0,0.0,0.0,0.0,8.297752380371094,8.297752380371094,0.0,37.0,37.0,0.0,6.999999046325684,6.999999046325684,0.0,0.0,0.0,0.0,0.0,0.0,0.0
1315,mp3d/EU6Fwq7SyZv/EU6Fwq7SyZv.glb,0,1.0,1.0,0.0,1.0,1.0,0.0,0.4164061784053089,0.4866602985677655,0.07025412016245658,0.410300570317758,0.39456126636661276,-0.015739303951145256,0.410300570317758,0.39456126636661276,-0.015739303951145256,0.3176145553588867,2.976970672607422,2.659356117248535,168.0,184.0,16.0,20.480209350585938,17.523693084716797,-2.9565162658691406,0.48936170212765956,0.8352941176470589,0.3459324155193993,0.0,0.0,0.0
1316,mp3d/EU6Fwq7SyZv/EU6Fwq7SyZv.glb,0,1.0,1.0,0.0,1.0,1.0,0.0,0.38362238603548426,0.2531747255898273,-0.13044766044565698,0.3659600295210951,0.13295627385596917,-0.2330037556651259,0.3659600295210951,0.13295627385596917,-0.2330037556651259,2.4904050827026367,1.198224425315857,-1.2921806573867798,178.0,271.0,93.0,22.230417251586914,33.68458557128906,11.454168319702148,0.45544554455445546,0.40131578947368424,-0.054129755080771225,0.0,0.0,0.0
1317,mp3d/EU6Fwq7SyZv/EU6Fwq7SyZv.glb,0,1.0,1.0,0.0,1.0,1.0,0.0,0.8249101415927179,1.0,0.17508985840728208,0.7573901724332571,0.7832606730930464,0.025870500659789242,0.7573901724332571,0.7832606730930464,0.025870500659789242,1.11610746383667,2.976970672607422,1.860863208770752,134.0,121.0,-13.0,10.338199615478516,7.0262908935546875,-3.311908721923828,1.1,1.8918918918918919,0.7918918918918918,0.0,0.0,0.0
1318,mp3d/X7HyMhZNoso/X7HyMhZNoso.glb,1,0.0,0.0,0.0,0.0,0.0,0.0,0.0,0.0,0.0,0.0,0.0,0.0,0.0,0.0,0.0,0.0,0.0,0.0,0.0,0.0,0.0,0.0,0.0,0.0,0.0,0.0,0.0,0.0,0.0,0.0
1319,mp3d/X7HyMhZNoso/X7HyMhZNoso.glb,0,0.0,0.0,0.0,0.0,0.0,0.0,0.0,0.0,0.0,0.03058529058607189,0.11534689593954917,0.08476160535347728,0.0,0.0,0.0,7.939096450805664,8.247920989990234,0.3088245391845703,220.0,147.0,-73.0,26.884517669677734,20.386474609375,-6.498043060302734,0.009345794392523364,0.0,-0.009345794392523364,0.0,0.0,0.0
1320,mp3d/X7HyMhZNoso/X7HyMhZNoso.glb,0,1.0,1.0,0.0,1.0,1.0,0.0,0.9361174280003494,0.9361174280003494,0.0,0.8183258869221494,0.8183258869221494,0.0,0.8183258869221494,0.8183258869221494,0.0,0.5131825804710388,0.5131825804710388,0.0,62.0,62.0,0.0,8.757223129272461,8.757223129272461,0.0,0.0,0.0,0.0,0.0,0.0,0.0
1321,mp3d/zsNo4HB9uLZ/zsNo4HB9uLZ.glb,0,1.0,1.0,0.0,1.0,1.0,0.0,1.0,1.0,0.0,0.9415156694975588,0.9415156694975588,0.0,0.9415156694975588,0.9415156694975588,0.0,1.4065953493118286,1.4065953493118286,0.0,54.0,54.0,0.0,7.999999523162842,7.999999523162842,0.0,0.0,0.0,0.0,0.0,0.0,0.0
1322,mp3d/zsNo4HB9uLZ/zsNo4HB9uLZ.glb,0,1.0,1.0,0.0,1.0,1.0,0.0,0.8820852745628908,0.8820852745628908,0.0,0.8850977960898271,0.8850977960898271,0.0,0.8850977960898271,0.8850977960898271,0.0,1.5308053493499756,1.5308053493499756,0.0,66.0,66.0,0.0,9.499998092651367,9.499998092651367,0.0,0.0,0.0,0.0,0.0,0.0,0.0
1323,mp3d/zsNo4HB9uLZ/zsNo4HB9uLZ.glb,0,1.0,1.0,0.0,1.0,1.0,0.0,1.0,1.0,0.0,0.9415156694975588,0.9415156694975588,0.0,0.9415156694975588,0.9415156694975588,0.0,1.4065953493118286,1.4065953493118286,0.0,54.0,54.0,0.0,7.999999523162842,7.999999523162842,0.0,0.0,0.0,0.0,0.0,0.0,0.0
1324,mp3d/oLBMNvg9in8/oLBMNvg9in8.glb,0,0.0,0.0,0.0,0.0,0.0,0.0,0.0,0.0,0.0,0.4902360415710713,0.4902360415710713,0.0,0.0,0.0,0.0,9.963470458984375,9.963470458984375,0.0,81.0,81.0,0.0,3.9390478134155273,3.9390478134155273,0.0,1.9259259259259258,1.9259259259259258,0.0,0.0,0.0,0.0
1325,mp3d/oLBMNvg9in8/oLBMNvg9in8.glb,0,0.0,0.0,0.0,0.0,0.0,0.0,0.0,0.0,0.0,0.4902360415710713,0.4902360415710713,0.0,0.0,0.0,0.0,9.963470458984375,9.963470458984375,0.0,81.0,81.0,0.0,3.9390478134155273,3.9390478134155273,0.0,1.9259259259259258,1.9259259259259258,0.0,0.0,0.0,0.0
1326,mp3d/oLBMNvg9in8/oLBMNvg9in8.glb,0,0.0,0.0,0.0,0.0,0.0,0.0,0.0,0.0,0.0,0.4902360415710713,0.4902360415710713,0.0,0.0,0.0,0.0,9.963470458984375,9.963470458984375,0.0,81.0,81.0,0.0,3.9390478134155273,3.9390478134155273,0.0,1.9259259259259258,1.9259259259259258,0.0,0.0,0.0,0.0
1327,mp3d/QUCTc6BB5sX/QUCTc6BB5sX.glb,0,0.0,0.0,0.0,1.0,1.0,0.0,0.0,0.0,0.0,0.7212632287159404,0.5958399197131222,-0.12542330900281817,0.0,0.0,0.0,3.6679904460906982,4.71250057220459,1.0445101261138916,75.0,79.0,4.0,12.764801979064941,12.556306838989258,-0.2084951400756836,0.0,0.0,0.0,1.0,1.0,0.0
1328,mp3d/QUCTc6BB5sX/QUCTc6BB5sX.glb,0,1.0,1.0,0.0,1.0,1.0,0.0,0.9830536420874088,1.0,0.016946357912591248,0.9215421936291343,0.901942105310706,-0.0196000883184283,0.9215421936291343,0.901942105310706,-0.0196000883184283,0.331391304731369,1.572031021118164,1.240639716386795,57.0,52.0,-5.0,9.508797645568848,8.25,-1.2587976455688477,0.0,0.0,0.0,0.0,0.0,0.0
1329,mp3d/QUCTc6BB5sX/QUCTc6BB5sX.glb,0,1.0,1.0,0.0,1.0,1.0,0.0,0.7950739101663407,0.983964016563014,0.18889010639667336,0.8453706388421425,0.8177434952524733,-0.027627143589669223,0.8453706388421425,0.8177434952524733,-0.027627143589669223,0.506775438785553,2.0031931400299072,1.4964177012443542,71.0,61.0,-10.0,11.756967544555664,9.5,-2.256967544555664,0.0,0.0,0.0,0.0,0.0,0.0
1330,mp3d/TbHJrupSAjP/TbHJrupSAjP.glb,0,0.0,0.0,0.0,0.0,0.0,0.0,0.0,0.0,0.0,0.25772363806826093,0.1493255715035174,-0.10839806656474352,0.0,0.0,0.0,9.82193374633789,10.865205764770508,1.0432720184326172,377.0,396.0,19.0,38.20463562011719,41.293670654296875,3.0890350341796875,0.03289473684210526,0.052941176470588235,0.020046439628482973,0.0,0.0,0.0
1331,mp3d/TbHJrupSAjP/TbHJrupSAjP.glb,1,0.0,0.0,0.0,0.0,0.0,0.0,0.0,0.0,0.0,0.0,0.0,0.0,0.0,0.0,0.0,0.0,0.0,0.0,0.0,0.0,0.0,0.0,0.0,0.0,0.0,0.0,0.0,0.0,0.0,0.0
1332,mp3d/TbHJrupSAjP/TbHJrupSAjP.glb,0,0.0,0.0,0.0,0.0,0.0,0.0,0.0,0.0,0.0,0.216749505742554,0.1413480778079162,-0.0754014279346378,0.0,0.0,0.0,10.960556030273438,10.665735244750977,-0.29482078552246094,303.0,420.0,117.0,29.335010528564453,42.85732650756836,13.522315979003906,0.01694915254237288,0.023121387283236993,0.006172234740864112,0.0,0.0,0.0
1333,mp3d/zsNo4HB9uLZ/zsNo4HB9uLZ.glb,0,1.0,1.0,0.0,1.0,1.0,0.0,0.8526461099861867,0.8526461099861867,0.0,0.8955546061625881,0.8955546061625881,0.0,0.8955546061625881,0.8955546061625881,0.0,0.3405444920063019,0.3405444920063019,0.0,85.0,85.0,0.0,12.969900131225586,12.969900131225586,0.0,0.07547169811320754,0.07547169811320754,0.0,0.0,0.0,0.0
1334,mp3d/zsNo4HB9uLZ/zsNo4HB9uLZ.glb,0,0.0,1.0,1.0,0.0,1.0,1.0,0.0,0.9238786266019193,0.9238786266019193,0.7450106782789871,0.8877245576791719,0.14271387940018476,0.0,0.8877245576791719,0.8877245576791719,6.195374488830566,1.3078398704528809,-4.8875346183776855,137.0,79.0,-58.0,13.344902038574219,11.969900131225586,-1.3750019073486328,0.5087719298245614,0.08163265306122448,-0.42713927676333696,0.0,0.0,0.0
1335,mp3d/zsNo4HB9uLZ/zsNo4HB9uLZ.glb,0,1.0,1.0,0.0,1.0,1.0,0.0,0.7387313740812144,0.8526461099861867,0.11391473590497236,0.811224974664816,0.8955546061625881,0.08432963149777206,0.811224974664816,0.8955546061625881,0.08432963149777206,0.3405444920063019,0.3405444920063019,0.0,97.0,85.0,-12.0,14.969900131225586,12.969900131225586,-2.0,0.06557377049180328,0.07547169811320754,0.009897927621404262,0.0,0.0,0.0
1336,mp3d/X7HyMhZNoso/X7HyMhZNoso.glb,0,1.0,1.0,0.0,1.0,1.0,0.0,1.0,1.0,0.0,0.9105714496746572,0.9105714496746572,0.0,0.9105714496746572,0.9105714496746572,0.0,1.5194107294082642,1.5194107294082642,0.0,46.0,46.0,0.0,6.750000953674316,6.750000953674316,0.0,0.0,0.0,0.0,0.0,0.0,0.0
1337,mp3d/X7HyMhZNoso/X7HyMhZNoso.glb,0,1.0,0.0,-1.0,1.0,0.0,-1.0,0.41432362074307844,0.0,-0.41432362074307844,0.21978422888024055,0.16987496238111044,-0.049909266499130106,0.21978422888024055,0.0,-0.21978422888024055,2.777099847793579,10.616750717163086,7.839650869369507,142.0,109.0,-33.0,18.750003814697266,11.967964172363281,-6.782039642333984,0.0,0.04081632653061224,0.04081632653061224,0.0,0.0,0.0
1338,mp3d/X7HyMhZNoso/X7HyMhZNoso.glb,0,1.0,1.0,0.0,1.0,1.0,0.0,1.0,1.0,0.0,0.9105714496746572,0.9105714496746572,0.0,0.9105714496746572,0.9105714496746572,0.0,1.5194107294082642,1.5194107294082642,0.0,46.0,46.0,0.0,6.750000953674316,6.750000953674316,0.0,0.0,0.0,0.0,0.0,0.0,0.0
1339,mp3d/2azQ1b91cZZ/2azQ1b91cZZ.glb,0,1.0,0.0,-1.0,1.0,1.0,0.0,0.22026311629627826,0.0,-0.22026311629627826,0.1451223303513261,0.32028505027066767,0.17516271991934157,0.1451223303513261,0.0,-0.1451223303513261,0.8094162344932556,5.072983264923096,4.26356703042984,171.0,130.0,-41.0,22.25000762939453,16.2500057220459,-6.000001907348633,0.0,0.0,0.0,0.0,1.0,1.0
1340,mp3d/2azQ1b91cZZ/2azQ1b91cZZ.glb,0,0.0,0.0,0.0,1.0,1.0,0.0,0.0,0.0,0.0,0.20667668283479843,0.20667668283479843,0.0,0.0,0.0,0.0,6.824045181274414,6.824045181274414,0.0,68.0,68.0,0.0,11.250005722045898,11.250005722045898,0.0,0.0,0.0,0.0,1.0,1.0,0.0
1341,mp3d/2azQ1b91cZZ/2azQ1b91cZZ.glb,0,0.0,0.0,0.0,1.0,1.0,0.0,0.0,0.0,0.0,0.20667668283479843,0.20667668283479843,0.0,0.0,0.0,0.0,6.824045181274414,6.824045181274414,0.0,68.0,68.0,0.0,11.250005722045898,11.250005722045898,0.0,0.0,0.0,0.0,1.0,1.0,0.0
1342,mp3d/oLBMNvg9in8/oLBMNvg9in8.glb,0,1.0,1.0,0.0,1.0,1.0,0.0,0.5535473817224945,0.5535473817224945,0.0,0.7590968602296453,0.7590968602296453,0.0,0.7590968602296453,0.7590968602296453,0.0,0.1303766369819641,0.1303766369819641,0.0,107.0,107.0,0.0,15.74392032623291,15.74392032623291,0.0,0.047619047619047616,0.047619047619047616,0.0,0.0,0.0,0.0
1343,mp3d/oLBMNvg9in8/oLBMNvg9in8.glb,0,1.0,1.0,0.0,1.0,1.0,0.0,0.5436227341582031,0.5456754499293359,0.0020527157711328625,0.7329432810059671,0.6943315003391805,-0.03861178066678661,0.7329432810059671,0.6943315003391805,-0.03861178066678661,1.4035918712615967,1.413587212562561,0.009995341300964355,108.0,110.0,2.0,16.031349182128906,15.97104263305664,-0.060306549072265625,0.046875,0.04918032786885246,0.002305327868852458,0.0,0.0,0.0
1344,mp3d/oLBMNvg9in8/oLBMNvg9in8.glb,0,1.0,1.0,0.0,1.0,1.0,0.0,0.6046754237398043,0.6046754237398043,0.0,0.7214112251577111,0.7214112251577111,0.0,0.7214112251577111,0.7214112251577111,0.0,1.2895190715789795,1.2895190715789795,0.0,104.0,104.0,0.0,14.412700653076172,14.412700653076172,0.0,0.05454545454545454,0.05454545454545454,0.0,0.0,0.0,0.0
1345,mp3d/QUCTc6BB5sX/QUCTc6BB5sX.glb,0,0.0,0.0,0.0,0.0,0.0,0.0,0.0,0.0,0.0,6.878654877760957e-05,0.001707666329046933,0.0016388797802693233,0.0,0.0,0.0,24.547414779663086,24.716379165649414,0.16896438598632812,215.0,132.0,-83.0,32.89359664916992,20.893592834472656,-12.000003814697266,0.015037593984962405,0.023529411764705882,0.008491817779743477,0.0,0.0,0.0
1346,mp3d/QUCTc6BB5sX/QUCTc6BB5sX.glb,0,0.0,0.0,0.0,0.0,0.0,0.0,0.0,0.0,0.0,4.74969369931544e-06,3.2233652530175545e-05,2.7483958830860105e-05,0.0,0.0,0.0,22.92290687561035,23.446935653686523,0.5240287780761719,266.0,236.0,-30.0,42.143592834472656,35.14359664916992,-6.999996185302734,0.011764705882352941,0.014084507042253521,0.0023198011599005804,0.0,0.0,0.0
1347,mp3d/QUCTc6BB5sX/QUCTc6BB5sX.glb,0,1.0,1.0,0.0,1.0,1.0,0.0,0.7544546456172548,0.7544546456172548,0.0,0.8000745861589683,0.8000745861589683,0.0,0.8000745861589683,0.8000745861589683,0.0,0.2663124203681946,0.2663124203681946,0.0,83.0,83.0,0.0,14.5,14.5,0.0,0.0,0.0,0.0,0.0,0.0,0.0
1348,mp3d/x8F5xyUWy9e/x8F5xyUWy9e.glb,0,1.0,1.0,0.0,1.0,1.0,0.0,1.0,1.0,0.0,0.9291696092140372,0.9291696092140372,0.0,0.9291696092140372,0.9291696092140372,0.0,1.3050694465637207,1.3050694465637207,0.0,46.0,46.0,0.0,7.081906318664551,7.081906318664551,0.0,0.0,0.0,0.0,0.0,0.0,0.0
1349,mp3d/x8F5xyUWy9e/x8F5xyUWy9e.glb,0,1.0,1.0,0.0,1.0,1.0,0.0,0.8787951967640764,0.8787951967640764,0.0,0.9230140221586789,0.9230140221586789,0.0,0.9230140221586789,0.9230140221586789,0.0,0.5858193039894104,0.5858193039894104,0.0,54.0,54.0,0.0,8.924904823303223,8.924904823303223,0.0,0.0,0.0,0.0,0.0,0.0,0.0
1350,mp3d/x8F5xyUWy9e/x8F5xyUWy9e.glb,0,1.0,1.0,0.0,1.0,1.0,0.0,1.0,1.0,0.0,0.9291696092140372,0.9291696092140372,0.0,0.9291696092140372,0.9291696092140372,0.0,1.3050694465637207,1.3050694465637207,0.0,46.0,46.0,0.0,7.081906318664551,7.081906318664551,0.0,0.0,0.0,0.0,0.0,0.0,0.0
1351,mp3d/QUCTc6BB5sX/QUCTc6BB5sX.glb,0,1.0,1.0,0.0,1.0,1.0,0.0,0.6078454814571775,0.9012900702420212,0.2934445887848437,0.5765112097393879,0.8643606602360585,0.28784945049667066,0.5765112097393879,0.8643606602360585,0.28784945049667066,0.7797812819480896,1.1371631622314453,0.3573818802833557,130.0,91.0,-39.0,22.0322322845459,14.858915328979492,-7.173316955566406,0.08695652173913043,0.06451612903225806,-0.02244039270687237,0.0,0.0,0.0
1352,mp3d/QUCTc6BB5sX/QUCTc6BB5sX.glb,0,0.0,0.0,0.0,0.0,0.0,0.0,0.0,0.0,0.0,0.5292779155802992,0.5292779155802992,0.0,0.0,0.0,0.0,7.003483772277832,7.003483772277832,0.0,60.0,60.0,0.0,8.528170585632324,8.528170585632324,0.0,0.21052631578947367,0.21052631578947367,0.0,0.0,0.0,0.0
1353,mp3d/QUCTc6BB5sX/QUCTc6BB5sX.glb,0,0.0,0.0,0.0,1.0,1.0,0.0,0.0,0.0,0.0,0.5641848204521226,0.5641848204521226,0.0,0.0,0.0,0.0,4.714605808258057,4.714605808258057,0.0,122.0,122.0,0.0,20.15359878540039,20.15359878540039,0.0,0.04819277108433735,0.04819277108433735,0.0,1.0,1.0,0.0
1354,mp3d/zsNo4HB9uLZ/zsNo4HB9uLZ.glb,0,1.0,1.0,0.0,1.0,1.0,0.0,1.0,1.0,0.0,0.9201994095803103,0.9201994095803103,0.0,0.9201994095803103,0.9201994095803103,0.0,1.2283604145050049,1.2283604145050049,0.0,45.0,45.0,0.0,7.4855804443359375,7.4855804443359375,0.0,0.03225806451612903,0.03225806451612903,0.0,0.0,0.0,0.0
1355,mp3d/zsNo4HB9uLZ/zsNo4HB9uLZ.glb,0,1.0,1.0,0.0,1.0,1.0,0.0,1.0,1.0,0.0,0.8951346031851334,0.8971978762528123,0.00206327306767895,0.8951346031851334,0.8971978762528123,0.00206327306767895,1.505458950996399,1.7035164833068848,0.19805753231048584,56.0,45.0,-11.0,7.9855828285217285,7.229621410369873,-0.7559614181518555,0.030303030303030304,0.06666666666666667,0.03636363636363636,0.0,0.0,0.0
1356,mp3d/zsNo4HB9uLZ/zsNo4HB9uLZ.glb,0,1.0,1.0,0.0,1.0,1.0,0.0,1.0,1.0,0.0,0.9201994095803103,0.9201994095803103,0.0,0.9201994095803103,0.9201994095803103,0.0,1.2283604145050049,1.2283604145050049,0.0,45.0,45.0,0.0,7.4855804443359375,7.4855804443359375,0.0,0.03225806451612903,0.03225806451612903,0.0,0.0,0.0,0.0
1357,mp3d/QUCTc6BB5sX/QUCTc6BB5sX.glb,0,0.0,0.0,0.0,0.0,0.0,0.0,0.0,0.0,0.0,0.07751388466308674,0.0692480965905585,-0.008265788072528243,0.0,0.0,0.0,7.791680335998535,7.288632392883301,-0.5030479431152344,127.0,135.0,8.0,17.05647850036621,18.306480407714844,1.2500019073486328,0.014492753623188406,0.013513513513513514,-0.0009792401096748917,0.0,0.0,0.0
1358,mp3d/QUCTc6BB5sX/QUCTc6BB5sX.glb,0,0.0,0.0,0.0,0.0,0.0,0.0,0.0,0.0,0.0,0.026695995863107527,0.12276335028120786,0.09606735441810033,0.0,0.0,0.0,13.472928047180176,11.419721603393555,-2.053206443786621,285.0,270.0,-15.0,33.990638732910156,32.85010528564453,-1.140533447265625,0.10071942446043165,0.007575757575757576,-0.09314366688467407,0.0,0.0,0.0
1359,mp3d/QUCTc6BB5sX/QUCTc6BB5sX.glb,0,0.0,0.0,0.0,0.0,0.0,0.0,0.0,0.0,0.0,0.026695995863107527,0.061860014500936034,0.035164018637828504,0.0,0.0,0.0,13.472928047180176,11.54606819152832,-1.9268598556518555,285.0,295.0,10.0,33.990638732910156,35.710174560546875,1.7195358276367188,0.10071942446043165,0.034482758620689655,-0.066236665839742,0.0,0.0,0.0
1360,mp3d/zsNo4HB9uLZ/zsNo4HB9uLZ.glb,0,0.0,0.0,0.0,1.0,1.0,0.0,0.0,0.0,0.0,0.714772501268065,0.714772501268065,0.0,0.0,0.0,0.0,3.184483528137207,3.184483528137207,0.0,76.0,76.0,0.0,10.749998092651367,10.749998092651367,0.0,0.0,0.0,0.0,1.0,1.0,0.0
1361,mp3d/zsNo4HB9uLZ/zsNo4HB9uLZ.glb,0,1.0,1.0,0.0,1.0,1.0,0.0,0.5175527677412669,0.770017555982781,0.2524647882415141,0.8375553890482995,0.9140378073179395,0.07648241826963997,0.8375553890482995,0.9140378073179395,0.07648241826963997,0.23677539825439453,0.735687792301178,0.49891239404678345,150.0,85.0,-65.0,15.249999046325684,10.249999046325684,-5.0,0.0,0.0,0.0,0.0,0.0,0.0
1362,mp3d/zsNo4HB9uLZ/zsNo4HB9uLZ.glb,0,1.0,1.0,0.0,1.0,1.0,0.0,0.770017555982781,0.770017555982781,0.0,0.9140378073179395,0.9140378073179395,0.0,0.9140378073179395,0.9140378073179395,0.0,0.735687792301178,0.735687792301178,0.0,85.0,85.0,0.0,10.249999046325684,10.249999046325684,0.0,0.0,0.0,0.0,0.0,0.0,0.0
1363,mp3d/TbHJrupSAjP/TbHJrupSAjP.glb,0,1.0,1.0,0.0,1.0,1.0,0.0,1.0,1.0,0.0,0.9145206157123982,0.9145206157123982,0.0,0.9145206157123982,0.9145206157123982,0.0,0.7654557228088379,0.7654557228088379,0.0,37.0,37.0,0.0,6.999999046325684,6.999999046325684,0.0,0.0,0.0,0.0,0.0,0.0,0.0
1364,mp3d/TbHJrupSAjP/TbHJrupSAjP.glb,0,1.0,1.0,0.0,1.0,1.0,0.0,0.8901288378392265,1.0,0.10987116216077353,0.904601272016238,0.9145206157123982,0.00991934369616021,0.904601272016238,0.9145206157123982,0.00991934369616021,0.41364240646362305,0.7654557228088379,0.35181331634521484,43.0,37.0,-6.0,7.999999046325684,6.999999046325684,-1.0,0.0,0.0,0.0,0.0,0.0,0.0
1365,mp3d/TbHJrupSAjP/TbHJrupSAjP.glb,0,1.0,1.0,0.0,1.0,1.0,0.0,0.9822112081220972,1.0,0.017788791877902832,0.9778745082333028,0.9145206157123982,-0.06335389252090462,0.9778745082333028,0.9145206157123982,-0.06335389252090462,0.20113855600357056,0.7654557228088379,0.5643171668052673,40.0,37.0,-3.0,7.249998569488525,6.999999046325684,-0.2499995231628418,0.0,0.0,0.0,0.0,0.0,0.0
1366,mp3d/TbHJrupSAjP/TbHJrupSAjP.glb,0,1.0,1.0,0.0,1.0,1.0,0.0,0.8589314175275101,0.8589314175275101,0.0,0.9423964641364411,0.9423964641364411,0.0,0.9423964641364411,0.9423964641364411,0.0,0.7899148464202881,0.7899148464202881,0.0,60.0,60.0,0.0,9.49536418914795,9.49536418914795,0.0,0.02564102564102564,0.02564102564102564,0.0,0.0,0.0,0.0
1367,mp3d/TbHJrupSAjP/TbHJrupSAjP.glb,0,1.0,1.0,0.0,1.0,1.0,0.0,0.8589314175275101,0.8589314175275101,0.0,0.9423964641364411,0.9423964641364411,0.0,0.9423964641364411,0.9423964641364411,0.0,0.7899148464202881,0.7899148464202881,0.0,60.0,60.0,0.0,9.49536418914795,9.49536418914795,0.0,0.02564102564102564,0.02564102564102564,0.0,0.0,0.0,0.0
1368,mp3d/TbHJrupSAjP/TbHJrupSAjP.glb,0,1.0,1.0,0.0,1.0,1.0,0.0,1.0,1.0,0.0,0.939100495546306,0.939100495546306,0.0,0.939100495546306,0.939100495546306,0.0,1.6803237199783325,1.6803237199783325,0.0,47.0,47.0,0.0,6.995364189147949,6.995364189147949,0.0,0.034482758620689655,0.034482758620689655,0.0,0.0,0.0,0.0
1369,mp3d/TbHJrupSAjP/TbHJrupSAjP.glb,0,1.0,1.0,0.0,1.0,1.0,0.0,0.6401289755067331,0.6401289755067331,0.0,0.7839177377252432,0.7839177377252432,0.0,0.7839177377252432,0.7839177377252432,0.0,1.4642033576965332,1.4642033576965332,0.0,77.0,77.0,0.0,12.979532241821289,12.979532241821289,0.0,0.02,0.02,0.0,0.0,0.0,0.0
1370,mp3d/TbHJrupSAjP/TbHJrupSAjP.glb,0,1.0,1.0,0.0,1.0,1.0,0.0,0.6527006078266787,0.6527006078266787,0.0,0.8184036191135361,0.8184036191135361,0.0,0.8184036191135361,0.8184036191135361,0.0,0.4538424015045166,0.4538424015045166,0.0,78.0,78.0,0.0,12.729534149169922,12.729534149169922,0.0,0.02040816326530612,0.02040816326530612,0.0,0.0,0.0,0.0
1371,mp3d/TbHJrupSAjP/TbHJrupSAjP.glb,0,0.0,0.0,0.0,1.0,1.0,0.0,0.0,0.0,0.0,0.6703279302603002,0.6703279302603002,0.0,0.0,0.0,0.0,3.286607503890991,3.286607503890991,0.0,86.0,86.0,0.0,14.979532241821289,14.979532241821289,0.0,0.017241379310344827,0.017241379310344827,0.0,1.0,1.0,0.0
1372,mp3d/2azQ1b91cZZ/2azQ1b91cZZ.glb,0,1.0,1.0,0.0,1.0,1.0,0.0,0.17563661852042886,0.35294600252193836,0.1773093840015095,0.031714148650409044,0.20880305656532383,0.17708890791491477,0.031714148650409044,0.20880305656532383,0.17708890791491477,1.3987013101577759,0.6221651434898376,-0.7765361666679382,208.0,87.0,-121.0,28.310989379882812,14.08840560913086,-14.222583770751953,0.28205128205128205,0.22033898305084745,-0.061712299000434595,0.0,0.0,0.0
1373,mp3d/2azQ1b91cZZ/2azQ1b91cZZ.glb,0,0.0,1.0,1.0,1.0,1.0,0.0,0.0,0.7955913092664628,0.7955913092664628,0.17253871307004526,0.8897010969369381,0.7171623838668928,0.0,0.8897010969369381,0.8897010969369381,3.548246145248413,0.9647117853164673,-2.583534359931946,114.0,44.0,-70.0,15.745229721069336,6.250000953674316,-9.49522876739502,0.015625,0.0,-0.015625,1.0,0.0,-1.0
1374,mp3d/2azQ1b91cZZ/2azQ1b91cZZ.glb,0,0.0,0.0,0.0,1.0,1.0,0.0,0.0,0.0,0.0,0.22368901262877036,0.5038335692264088,0.2801445565976384,0.0,0.0,0.0,5.499816417694092,4.264435291290283,-1.2353811264038086,73.0,51.0,-22.0,11.0,8.5,-2.5,0.0,0.0,0.0,1.0,1.0,0.0
1375,mp3d/zsNo4HB9uLZ/zsNo4HB9uLZ.glb,0,1.0,0.0,-1.0,1.0,0.0,-1.0,0.25366216588903356,0.0,-0.25366216588903356,0.1669406651301056,0.15926174805031232,-0.00767891707979329,0.1669406651301056,0.0,-0.1669406651301056,0.5029982328414917,12.736614227294922,12.23361599445343,243.0,43.0,-200.0,33.75,7.5,-26.25,0.0,0.0,0.0,0.0,0.0,0.0
1376,mp3d/zsNo4HB9uLZ/zsNo4HB9uLZ.glb,0,1.0,1.0,0.0,1.0,1.0,0.0,1.0,0.6988652597334352,-0.30113474026656484,0.8572502831525527,0.7993165980960962,-0.05793368505645646,0.8572502831525527,0.7993165980960962,-0.05793368505645646,2.066676378250122,0.5653389692306519,-1.5013374090194702,51.0,84.0,33.0,7.749998092651367,12.249998092651367,4.5,0.0,0.0,0.0,0.0,0.0,0.0
1377,mp3d/zsNo4HB9uLZ/zsNo4HB9uLZ.glb,0,1.0,1.0,0.0,1.0,1.0,0.0,0.9255243096272875,0.9255243096272875,0.0,0.9151217773549134,0.9151217773549134,0.0,0.9151217773549134,0.9151217773549134,0.0,0.6806517839431763,0.6806517839431763,0.0,61.0,61.0,0.0,9.249998092651367,9.249998092651367,0.0,0.0,0.0,0.0,0.0,0.0,0.0
1378,mp3d/x8F5xyUWy9e/x8F5xyUWy9e.glb,0,1.0,1.0,0.0,1.0,1.0,0.0,1.0,1.0,0.0,0.8994350325524266,0.9608951106899338,0.0614600781375072,0.8994350325524266,0.9608951106899338,0.0614600781375072,1.1699327230453491,0.6708455085754395,-0.49908721446990967,39.0,36.0,-3.0,5.2628092765808105,5.014747619628906,-0.2480616569519043,0.0,0.0,0.0,0.0,0.0,0.0
1379,mp3d/x8F5xyUWy9e/x8F5xyUWy9e.glb,0,1.0,1.0,0.0,1.0,1.0,0.0,0.14606891051350104,0.1484147375631758,0.002345827049674759,0.10651805802649414,0.05349411850297954,-0.0530239395235146,0.10651805802649414,0.05349411850297954,-0.0530239395235146,0.9555931091308594,1.0025684833526611,0.04697537422180176,344.0,344.0,0.0,37.57041931152344,36.976585388183594,-0.5938339233398438,0.0,0.006756756756756757,0.006756756756756757,0.0,0.0,0.0
1380,mp3d/x8F5xyUWy9e/x8F5xyUWy9e.glb,0,1.0,1.0,0.0,1.0,1.0,0.0,1.0,0.6545476364074804,-0.34545236359251963,0.9608951106899338,0.8825689847731715,-0.07832612591676236,0.9608951106899338,0.8825689847731715,-0.07832612591676236,0.6708455085754395,0.8388726711273193,0.16802716255187988,36.0,91.0,55.0,5.014747619628906,8.384218215942383,3.3694705963134766,0.0,0.02857142857142857,0.02857142857142857,0.0,0.0,0.0
1381,mp3d/2azQ1b91cZZ/2azQ1b91cZZ.glb,0,1.0,1.0,0.0,1.0,1.0,0.0,1.0,1.0,0.0,0.9589407383302335,0.9589407383302335,0.0,0.9589407383302335,0.9589407383302335,0.0,0.8086692094802856,0.8086692094802856,0.0,53.0,53.0,0.0,8.25000286102295,8.25000286102295,0.0,0.0,0.0,0.0,0.0,0.0,0.0
1382,mp3d/2azQ1b91cZZ/2azQ1b91cZZ.glb,0,1.0,1.0,0.0,1.0,1.0,0.0,1.0,1.0,0.0,0.9589407383302335,0.9589407383302335,0.0,0.9589407383302335,0.9589407383302335,0.0,0.8086692094802856,0.8086692094802856,0.0,53.0,53.0,0.0,8.25000286102295,8.25000286102295,0.0,0.0,0.0,0.0,0.0,0.0,0.0
1383,mp3d/2azQ1b91cZZ/2azQ1b91cZZ.glb,0,0.0,1.0,1.0,0.0,1.0,1.0,0.0,1.0,1.0,0.02407096388432184,0.9198936946757454,0.8958227307914236,0.0,0.9198936946757454,0.9198936946757454,19.42981719970703,1.8060381412506104,-17.62377905845642,104.0,48.0,-56.0,14.015584945678711,7.250002384185791,-6.76558256149292,0.1206896551724138,0.0,-0.1206896551724138,0.0,0.0,0.0
1384,mp3d/zsNo4HB9uLZ/zsNo4HB9uLZ.glb,0,1.0,1.0,0.0,1.0,1.0,0.0,0.9824469606303816,0.9824469606303816,0.0,0.9178460919173352,0.9178460919173352,0.0,0.9178460919173352,0.9178460919173352,0.0,1.8873872756958008,1.8873872756958008,0.0,99.0,99.0,0.0,15.266252517700195,15.266252517700195,0.0,0.0,0.0,0.0,0.0,0.0,0.0
1385,mp3d/zsNo4HB9uLZ/zsNo4HB9uLZ.glb,0,0.0,0.0,0.0,0.0,0.0,0.0,0.0,0.0,0.0,0.7551782360314828,0.7551782360314828,0.0,0.0,0.0,0.0,4.644359588623047,4.644359588623047,0.0,88.0,88.0,0.0,12.912500381469727,12.912500381469727,0.0,0.16666666666666666,0.16666666666666666,0.0,0.0,0.0,0.0
1386,mp3d/zsNo4HB9uLZ/zsNo4HB9uLZ.glb,0,1.0,1.0,0.0,1.0,1.0,0.0,0.9279680143689877,0.9425471879210813,0.014579173552093594,0.8718223559405626,0.8669767723841346,-0.004845583556427946,0.8718223559405626,0.8669767723841346,-0.004845583556427946,1.7671595811843872,1.936539649963379,0.1693800687789917,112.0,104.0,-8.0,16.162500381469727,15.912501335144043,-0.2499990463256836,0.13432835820895522,0.13636363636363635,0.0020352781546811305,0.0,0.0,0.0
1387,mp3d/zsNo4HB9uLZ/zsNo4HB9uLZ.glb,0,1.0,1.0,0.0,1.0,1.0,0.0,1.0,1.0,0.0,0.9039130017685543,0.9039130017685543,0.0,0.9039130017685543,0.9039130017685543,0.0,0.9388240575790405,0.9388240575790405,0.0,40.0,40.0,0.0,6.241732597351074,6.241732597351074,0.0,0.038461538461538464,0.038461538461538464,0.0,0.0,0.0,0.0
1388,mp3d/zsNo4HB9uLZ/zsNo4HB9uLZ.glb,0,1.0,1.0,0.0,1.0,1.0,0.0,0.481605030432715,0.481605030432715,0.0,0.35671987323148413,0.35671987323148413,0.0,0.35671987323148413,0.35671987323148413,0.0,2.713789701461792,2.713789701461792,0.0,97.0,97.0,0.0,13.86746883392334,13.86746883392334,0.0,0.14035087719298245,0.14035087719298245,0.0,0.0,0.0,0.0
1389,mp3d/zsNo4HB9uLZ/zsNo4HB9uLZ.glb,0,1.0,1.0,0.0,1.0,1.0,0.0,1.0,1.0,0.0,0.9039130017685543,0.9039130017685543,0.0,0.9039130017685543,0.9039130017685543,0.0,0.9388240575790405,0.9388240575790405,0.0,40.0,40.0,0.0,6.241732597351074,6.241732597351074,0.0,0.038461538461538464,0.038461538461538464,0.0,0.0,0.0,0.0
1390,mp3d/Z6MFQCViBuw/Z6MFQCViBuw.glb,0,1.0,1.0,0.0,1.0,1.0,0.0,0.9618516296787876,0.9807901657516174,0.018938536072829804,0.8868131960162967,0.9104414424704339,0.02362824645413719,0.8868131960162967,0.9104414424704339,0.02362824645413719,1.2537314891815186,1.2076995372772217,-0.046031951904296875,85.0,80.0,-5.0,16.15245819091797,15.84056282043457,-0.31189537048339844,0.0,0.0,0.0,0.0,0.0,0.0
1391,mp3d/Z6MFQCViBuw/Z6MFQCViBuw.glb,0,1.0,1.0,0.0,1.0,1.0,0.0,0.8363363864404628,0.795173652979876,-0.04116273346058685,0.8561333715376301,0.7677831914757346,-0.08835018006189554,0.8561333715376301,0.7677831914757346,-0.08835018006189554,1.5307822227478027,2.7649497985839844,1.2341675758361816,94.0,93.0,-1.0,18.57657814025879,19.5382080078125,0.9616298675537109,0.0,0.0,0.0,0.0,0.0,0.0
1392,mp3d/Z6MFQCViBuw/Z6MFQCViBuw.glb,0,1.0,1.0,0.0,1.0,1.0,0.0,0.937242287910343,0.937242287910343,0.0,0.893936958344636,0.893936958344636,0.0,0.893936958344636,0.893936958344636,0.0,0.556016743183136,0.556016743183136,0.0,85.0,85.0,0.0,16.576576232910156,16.576576232910156,0.0,0.0,0.0,0.0,0.0,0.0,0.0
1393,mp3d/2azQ1b91cZZ/2azQ1b91cZZ.glb,0,0.0,0.0,0.0,1.0,1.0,0.0,0.0,0.0,0.0,0.4186208480395744,0.41899613354008186,0.0003752855005074718,0.0,0.0,0.0,8.335813522338867,8.335813522338867,0.0,177.0,185.0,8.0,28.682693481445312,30.682689666748047,1.9999961853027344,0.017241379310344827,0.016129032258064516,-0.0011123470522803117,1.0,1.0,0.0
1394,mp3d/2azQ1b91cZZ/2azQ1b91cZZ.glb,0,0.0,0.0,0.0,0.0,0.0,0.0,0.0,0.0,0.0,0.44920598578682397,0.13949806322625372,-0.3097079225605702,0.0,0.0,0.0,7.145540714263916,11.156492233276367,4.010951519012451,141.0,203.0,62.0,16.428085327148438,25.675247192382812,9.247161865234375,0.2835820895522388,0.3076923076923077,0.024110218140068918,0.0,0.0,0.0
1395,mp3d/2azQ1b91cZZ/2azQ1b91cZZ.glb,0,0.0,0.0,0.0,0.0,1.0,1.0,0.0,0.0,0.0,0.3107291746720778,0.6303259556452994,0.3195967809732216,0.0,0.0,0.0,6.790337085723877,3.0732884407043457,-3.7170486450195312,135.0,167.0,32.0,21.750003814697266,25.182687759399414,3.4326839447021484,0.0,0.0196078431372549,0.0196078431372549,0.0,1.0,1.0
1396,mp3d/QUCTc6BB5sX/QUCTc6BB5sX.glb,0,1.0,1.0,0.0,1.0,1.0,0.0,0.7845695708827372,0.7845695708827372,0.0,0.8090209947795809,0.8090209947795809,0.0,0.8090209947795809,0.8090209947795809,0.0,0.838709831237793,0.838709831237793,0.0,81.0,81.0,0.0,11.238903045654297,11.238903045654297,0.0,0.0,0.0,0.0,0.0,0.0,0.0
1397,mp3d/QUCTc6BB5sX/QUCTc6BB5sX.glb,0,1.0,1.0,0.0,1.0,1.0,0.0,0.8467217067568465,0.8467217067568465,0.0,0.7627259617720591,0.7627259617720591,0.0,0.7627259617720591,0.7627259617720591,0.0,0.5871573686599731,0.5871573686599731,0.0,54.0,54.0,0.0,10.413930892944336,10.413930892944336,0.0,0.0,0.0,0.0,0.0,0.0,0.0
1398,mp3d/QUCTc6BB5sX/QUCTc6BB5sX.glb,0,1.0,1.0,0.0,1.0,1.0,0.0,0.9308435614043672,0.8555117037063356,-0.07533185769803163,0.8283420248075437,0.9252262758514527,0.09688425104390896,0.8283420248075437,0.9252262758514527,0.09688425104390896,0.6728625893592834,0.6060076355934143,-0.06685495376586914,51.0,73.0,22.0,9.472806930541992,10.30693244934082,0.8341255187988281,0.0,0.047619047619047616,0.047619047619047616,0.0,0.0,0.0
1399,mp3d/Z6MFQCViBuw/Z6MFQCViBuw.glb,0,1.0,1.0,0.0,1.0,1.0,0.0,0.4138332840516722,0.6384656849543586,0.22463240090268644,0.395394570591248,0.6708169092891139,0.27542233869786586,0.395394570591248,0.6708169092891139,0.27542233869786586,0.63009113073349,0.9896754622459412,0.35958433151245117,171.0,96.0,-75.0,24.382896423339844,15.80422306060791,-8.578673362731934,0.01020408163265306,0.015625,0.00542091836734694,0.0,0.0,0.0
1400,mp3d/Z6MFQCViBuw/Z6MFQCViBuw.glb,0,0.0,0.0,0.0,1.0,0.0,-1.0,0.0,0.0,0.0,0.058795523937201284,0.03689532230221426,-0.021900201634987022,0.0,0.0,0.0,3.4187142848968506,3.443955421447754,0.02524113655090332,404.0,445.0,41.0,45.31822204589844,49.40430450439453,4.086082458496094,0.16145833333333334,0.1724137931034483,0.010955459770114945,1.0,0.0,-1.0
1401,mp3d/Z6MFQCViBuw/Z6MFQCViBuw.glb,0,1.0,1.0,0.0,1.0,1.0,0.0,0.8435164418853758,0.8435164418853758,0.0,0.9192835184013053,0.9192835184013053,0.0,0.9192835184013053,0.9192835184013053,0.0,1.0839899778366089,1.0839899778366089,0.0,67.0,67.0,0.0,11.96236801147461,11.96236801147461,0.0,0.0,0.0,0.0,0.0,0.0,0.0
1402,mp3d/oLBMNvg9in8/oLBMNvg9in8.glb,0,1.0,1.0,0.0,1.0,1.0,0.0,1.0,1.0,0.0,0.9514288969215365,0.9514288969215365,0.0,0.9514288969215365,0.9514288969215365,0.0,0.6011064052581787,0.6011064052581787,0.0,32.0,32.0,0.0,5.742043972015381,5.742043972015381,0.0,0.08333333333333333,0.08333333333333333,0.0,0.0,0.0,0.0
1403,mp3d/oLBMNvg9in8/oLBMNvg9in8.glb,0,1.0,1.0,0.0,1.0,1.0,0.0,1.0,1.0,0.0,0.9514288969215365,0.9514288969215365,0.0,0.9514288969215365,0.9514288969215365,0.0,0.6011064052581787,0.6011064052581787,0.0,32.0,32.0,0.0,5.742043972015381,5.742043972015381,0.0,0.08333333333333333,0.08333333333333333,0.0,0.0,0.0,0.0
1404,mp3d/oLBMNvg9in8/oLBMNvg9in8.glb,0,0.0,1.0,1.0,0.0,1.0,1.0,0.0,0.7794288375966435,0.7794288375966435,0.6352537404870929,0.8696254768910794,0.23437173640398645,0.0,0.8696254768910794,0.8696254768910794,5.182037353515625,0.9713945388793945,-4.2106428146362305,96.0,44.0,-52.0,4.999999523162842,7.567249298095703,2.5672497749328613,2.8095238095238093,0.06451612903225806,-2.7450076804915513,0.0,0.0,0.0
1405,mp3d/TbHJrupSAjP/TbHJrupSAjP.glb,0,1.0,1.0,0.0,1.0,1.0,0.0,0.566549182778631,0.566549182778631,0.0,0.7805501320612894,0.7805501320612894,0.0,0.7805501320612894,0.7805501320612894,0.0,0.530846357345581,0.530846357345581,0.0,91.0,91.0,0.0,12.18435287475586,12.18435287475586,0.0,0.0,0.0,0.0,0.0,0.0,0.0
1406,mp3d/TbHJrupSAjP/TbHJrupSAjP.glb,0,1.0,1.0,0.0,1.0,1.0,0.0,0.30477041115787,0.28859376446535795,-0.016176646692512064,0.403124051786822,0.34746266042327767,-0.05566139136354431,0.403124051786822,0.34746266042327767,-0.05566139136354431,0.8120879530906677,2.969295024871826,2.1572070717811584,194.0,225.0,31.0,22.649951934814453,23.919557571411133,1.2696056365966797,0.03296703296703297,0.052083333333333336,0.019116300366300368,0.0,0.0,0.0
1407,mp3d/TbHJrupSAjP/TbHJrupSAjP.glb,0,1.0,1.0,0.0,1.0,1.0,0.0,0.29431389049135714,0.28859376446535795,-0.005720126025999195,0.38503930492519794,0.34746266042327767,-0.037576644501920275,0.38503930492519794,0.34746266042327767,-0.037576644501920275,1.7666875123977661,2.969295024871826,1.20260751247406,201.0,225.0,24.0,23.454669952392578,23.919557571411133,0.4648876190185547,0.031914893617021274,0.052083333333333336,0.02016843971631206,0.0,0.0,0.0
1408,mp3d/TbHJrupSAjP/TbHJrupSAjP.glb,0,1.0,1.0,0.0,1.0,1.0,0.0,0.909539089809904,0.5785357472173533,-0.3310033425925506,0.9624315934474236,0.7663764231808078,-0.19605517026661579,0.9624315934474236,0.7663764231808078,-0.19605517026661579,0.4105200171470642,1.8909056186676025,1.4803856015205383,39.0,58.0,19.0,5.070832252502441,7.972057342529297,2.9012250900268555,0.0,0.06060606060606061,0.06060606060606061,0.0,0.0,0.0
1409,mp3d/TbHJrupSAjP/TbHJrupSAjP.glb,0,1.0,1.0,0.0,1.0,1.0,0.0,1.0,1.0,0.0,0.9255512719060196,0.9255512719060196,0.0,0.9255512719060196,0.9255512719060196,0.0,1.4078532457351685,1.4078532457351685,0.0,34.0,34.0,0.0,4.021948337554932,4.021948337554932,0.0,0.0,0.0,0.0,0.0,0.0,0.0
1410,mp3d/TbHJrupSAjP/TbHJrupSAjP.glb,0,1.0,1.0,0.0,1.0,1.0,0.0,1.0,1.0,0.0,0.9255512719060196,0.9255512719060196,0.0,0.9255512719060196,0.9255512719060196,0.0,1.4078532457351685,1.4078532457351685,0.0,34.0,34.0,0.0,4.021948337554932,4.021948337554932,0.0,0.0,0.0,0.0,0.0,0.0,0.0
1411,mp3d/oLBMNvg9in8/oLBMNvg9in8.glb,0,1.0,1.0,0.0,1.0,1.0,0.0,1.0,0.8613868912462459,-0.1386131087537541,0.858185890533372,0.9178863569364911,0.0597004664031191,0.858185890533372,0.9178863569364911,0.0597004664031191,2.4763052463531494,0.13452491164207458,-2.341780334711075,28.0,52.0,24.0,5.019512176513672,8.330362319946289,3.310850143432617,0.25,0.15625,-0.09375,0.0,0.0,0.0
1412,mp3d/oLBMNvg9in8/oLBMNvg9in8.glb,0,1.0,1.0,0.0,1.0,1.0,0.0,0.8613868912462459,0.8613868912462459,0.0,0.9178863569364911,0.9178863569364911,0.0,0.9178863569364911,0.9178863569364911,0.0,0.13452491164207458,0.13452491164207458,0.0,52.0,52.0,0.0,8.330362319946289,8.330362319946289,0.0,0.15625,0.15625,0.0,0.0,0.0,0.0
1413,mp3d/oLBMNvg9in8/oLBMNvg9in8.glb,0,1.0,1.0,0.0,1.0,1.0,0.0,0.6961776905001852,0.7484891654929189,0.0523114749927337,0.8437711570579929,0.8593768603986701,0.015605703340677235,0.8437711570579929,0.8593768603986701,0.015605703340677235,1.5851192474365234,1.1949962377548218,-0.39012300968170166,67.0,57.0,-10.0,10.307231903076172,9.586865425109863,-0.7203664779663086,0.02564102564102564,0.13513513513513514,0.10949410949410951,0.0,0.0,0.0
1414,mp3d/2azQ1b91cZZ/2azQ1b91cZZ.glb,0,1.0,1.0,0.0,1.0,1.0,0.0,0.6866892270458291,0.7100866923025162,0.023397465256687067,0.6474567907689508,0.6455210807552634,-0.0019357100136874195,0.6474567907689508,0.6455210807552634,-0.0019357100136874195,0.5838000774383545,0.12179495394229889,-0.4620051234960556,84.0,71.0,-13.0,12.77969741821289,12.358604431152344,-0.4210929870605469,0.0,0.0,0.0,0.0,0.0,0.0
1415,mp3d/2azQ1b91cZZ/2azQ1b91cZZ.glb,0,1.0,1.0,0.0,1.0,1.0,0.0,0.8295569968129286,0.8295569968129286,0.0,0.6299186014852023,0.6299186014852023,0.0,0.6299186014852023,0.6299186014852023,0.0,0.3570079505443573,0.3570079505443573,0.0,74.0,74.0,0.0,10.578755378723145,10.578755378723145,0.0,0.0,0.0,0.0,0.0,0.0,0.0
1416,mp3d/2azQ1b91cZZ/2azQ1b91cZZ.glb,0,1.0,1.0,0.0,1.0,1.0,0.0,0.6621111171951546,0.6380413767319465,-0.02406974046320809,0.5851487189385436,0.5120151680306709,-0.07313355090787266,0.5851487189385436,0.5120151680306709,-0.07313355090787266,0.6690765023231506,0.6690769791603088,4.76837158203125e-07,99.0,99.0,0.0,13.254090309143066,13.754093170166016,0.5000028610229492,0.0,0.0,0.0,0.0,0.0,0.0
1417,mp3d/TbHJrupSAjP/TbHJrupSAjP.glb,0,1.0,1.0,0.0,1.0,1.0,0.0,1.0,1.0,0.0,0.9593473272152807,0.9593473272152807,0.0,0.9593473272152807,0.9593473272152807,0.0,0.834239661693573,0.834239661693573,0.0,54.0,54.0,0.0,7.999998569488525,7.999998569488525,0.0,0.0,0.0,0.0,0.0,0.0,0.0
1418,mp3d/TbHJrupSAjP/TbHJrupSAjP.glb,0,0.0,0.0,0.0,1.0,1.0,0.0,0.0,0.0,0.0,0.7589010900392071,0.7589010900392071,0.0,0.0,0.0,0.0,4.281550407409668,4.281550407409668,0.0,90.0,90.0,0.0,11.42883586883545,11.42883586883545,0.0,0.02127659574468085,0.02127659574468085,0.0,1.0,1.0,0.0
1419,mp3d/TbHJrupSAjP/TbHJrupSAjP.glb,0,0.0,1.0,1.0,1.0,1.0,0.0,0.0,0.8695744835275834,0.8695744835275834,0.6634264595170078,0.923879260807668,0.2604528012906602,0.0,0.923879260807668,0.923879260807668,5.831650733947754,0.17467279732227325,-5.656977936625481,67.0,61.0,-6.0,10.999999046325684,9.499999046325684,-1.5,0.0,0.0,0.0,1.0,0.0,-1.0
1420,mp3d/QUCTc6BB5sX/QUCTc6BB5sX.glb,0,0.0,0.0,0.0,1.0,0.0,-1.0,0.0,0.0,0.0,0.32259037156314996,0.19754926489149327,-0.1250411066716567,0.0,0.0,0.0,5.714272499084473,5.8362860679626465,0.12201356887817383,328.0,332.0,4.0,47.08100128173828,43.30369186401367,-3.7773094177246094,0.046875,0.05649717514124294,0.009622175141242938,1.0,0.0,-1.0
1421,mp3d/QUCTc6BB5sX/QUCTc6BB5sX.glb,0,1.0,1.0,0.0,1.0,1.0,0.0,0.5243903419454905,0.5243903419454905,0.0,0.6087720347332526,0.6087720347332526,0.0,0.6087720347332526,0.6087720347332526,0.0,2.4094326496124268,2.4094326496124268,0.0,172.0,172.0,0.0,25.14810562133789,25.14810562133789,0.0,0.07692307692307693,0.07692307692307693,0.0,0.0,0.0,0.0
1422,mp3d/QUCTc6BB5sX/QUCTc6BB5sX.glb,0,0.0,0.0,0.0,1.0,1.0,0.0,0.0,0.0,0.0,0.697926935293471,0.5475913441321254,-0.15033559116134565,0.0,0.0,0.0,3.5009939670562744,5.620161533355713,2.1191675662994385,156.0,127.0,-29.0,23.39810562133789,20.614866256713867,-2.7832393646240234,0.08247422680412371,0.03571428571428571,-0.046759941089838,1.0,1.0,0.0
1423,mp3d/TbHJrupSAjP/TbHJrupSAjP.glb,0,0.0,0.0,0.0,0.0,1.0,1.0,0.0,0.0,0.0,0.346395848680353,0.4941106546075114,0.1477148059271584,0.0,0.0,0.0,6.67904806137085,5.811563014984131,-0.8674850463867188,227.0,256.0,29.0,28.212318420410156,29.212316513061523,0.9999980926513672,0.059322033898305086,0.05737704918032787,-0.0019449847179772162,0.0,1.0,1.0
1424,mp3d/TbHJrupSAjP/TbHJrupSAjP.glb,0,0.0,0.0,0.0,0.0,0.0,0.0,0.0,0.0,0.0,0.4864104776607157,0.3336708618184373,-0.1527396158422784,0.0,0.0,0.0,5.975801944732666,6.12822961807251,0.15242767333984375,113.0,271.0,158.0,14.57641887664795,28.718088150024414,14.141669273376465,0.11290322580645161,0.058333333333333334,-0.054569892473118276,0.0,0.0,0.0
1425,mp3d/TbHJrupSAjP/TbHJrupSAjP.glb,0,0.0,0.0,0.0,0.0,0.0,0.0,0.0,0.0,0.0,0.5729428754823503,0.5729428754823503,0.0,0.0,0.0,0.0,6.312894344329834,6.312894344329834,0.0,91.0,91.0,0.0,11.715204238891602,11.715204238891602,0.0,0.1346153846153846,0.1346153846153846,0.0,0.0,0.0,0.0
1426,mp3d/QUCTc6BB5sX/QUCTc6BB5sX.glb,0,1.0,0.0,-1.0,1.0,0.0,-1.0,0.8965974952230387,0.0,-0.8965974952230387,0.8600759418359467,0.7240842198119793,-0.13599172202396737,0.8600759418359467,0.0,-0.8600759418359467,1.0994700193405151,4.429111957550049,3.3296419382095337,69.0,42.0,-27.0,14.490896224975586,8.959678649902344,-5.531217575073242,0.0,0.0,0.0,0.0,0.0,0.0
1427,mp3d/QUCTc6BB5sX/QUCTc6BB5sX.glb,0,0.0,0.0,0.0,0.0,0.0,0.0,0.0,0.0,0.0,0.5042095283698438,0.5042095283698438,0.0,0.0,0.0,0.0,5.883192539215088,5.883192539215088,0.0,85.0,85.0,0.0,14.857437133789062,14.857437133789062,0.0,0.08333333333333333,0.08333333333333333,0.0,0.0,0.0,0.0
1428,mp3d/QUCTc6BB5sX/QUCTc6BB5sX.glb,0,1.0,1.0,0.0,1.0,1.0,0.0,0.9624423112136941,1.0,0.03755768878630594,0.914764425915922,0.9227855953965998,0.00802116948067777,0.914764425915922,0.9227855953965998,0.00802116948067777,0.7590171098709106,1.1444789171218872,0.38546180725097656,59.0,53.0,-6.0,13.49951171875,12.219627380371094,-1.2798843383789062,0.0,0.0,0.0,0.0,0.0,0.0
1429,mp3d/oLBMNvg9in8/oLBMNvg9in8.glb,0,1.0,1.0,0.0,1.0,1.0,0.0,0.9558812266503663,0.9558812266503663,0.0,0.726537046292382,0.726537046292382,0.0,0.726537046292382,0.726537046292382,0.0,2.154266357421875,2.154266357421875,0.0,53.0,53.0,0.0,9.276772499084473,9.276772499084473,0.0,0.0,0.0,0.0,0.0,0.0,0.0
1430,mp3d/oLBMNvg9in8/oLBMNvg9in8.glb,0,1.0,1.0,0.0,1.0,1.0,0.0,0.7924885817428571,0.9151720947628468,0.1226835130199897,0.8961651128313725,0.88721168873918,-0.008953424092192463,0.8961651128313725,0.88721168873918,-0.008953424092192463,0.7555849552154541,1.436700701713562,0.6811157464981079,72.0,60.0,-12.0,11.18942642211914,9.68942642211914,-1.5,0.022222222222222223,0.02564102564102564,0.003418803418803417,0.0,0.0,0.0
1431,mp3d/oLBMNvg9in8/oLBMNvg9in8.glb,0,1.0,1.0,0.0,1.0,1.0,0.0,0.722298250518852,0.722298250518852,0.0,0.7589706333786572,0.7589706333786572,0.0,0.7589706333786572,0.7589706333786572,0.0,0.7486160397529602,0.7486160397529602,0.0,70.0,70.0,0.0,12.276774406433105,12.276774406433105,0.0,0.0,0.0,0.0,0.0,0.0,0.0
1432,mp3d/2azQ1b91cZZ/2azQ1b91cZZ.glb,0,1.0,1.0,0.0,1.0,1.0,0.0,1.0,0.7726726789702508,-0.22732732102974917,0.8929604919898484,0.7851767160656725,-0.10778377592417587,0.8929604919898484,0.7851767160656725,-0.10778377592417587,1.4945704936981201,1.7395813465118408,0.2450108528137207,57.0,109.0,52.0,8.723333358764648,12.005664825439453,3.2823314666748047,0.25,0.10204081632653061,-0.14795918367346939,0.0,0.0,0.0
1433,mp3d/2azQ1b91cZZ/2azQ1b91cZZ.glb,0,0.0,0.0,0.0,0.0,0.0,0.0,0.0,0.0,0.0,0.6677838551852723,0.619927515614656,-0.0478563395706163,0.0,0.0,0.0,4.706220626831055,5.263428688049316,0.5572080612182617,39.0,34.0,-5.0,5.255663871765137,4.505663871765137,-0.75,0.22727272727272727,0.2631578947368421,0.035885167464114825,0.0,0.0,0.0
1434,mp3d/2azQ1b91cZZ/2azQ1b91cZZ.glb,0,1.0,1.0,0.0,1.0,1.0,0.0,0.9540400252892065,0.9540400252892065,0.0,0.9119789655973007,0.9119789655973007,0.0,0.9119789655973007,0.9119789655973007,0.0,0.5671493411064148,0.5671493411064148,0.0,64.0,64.0,0.0,9.723333358764648,9.723333358764648,0.0,0.225,0.225,0.0,0.0,0.0,0.0
1435,mp3d/zsNo4HB9uLZ/zsNo4HB9uLZ.glb,0,1.0,1.0,0.0,1.0,1.0,0.0,0.8272034858524017,0.8272034858524017,0.0,0.914687739114977,0.914687739114977,0.0,0.914687739114977,0.914687739114977,0.0,0.27503740787506104,0.27503740787506104,0.0,67.0,67.0,0.0,10.249998092651367,10.249998092651367,0.0,0.0,0.0,0.0,0.0,0.0,0.0
1436,mp3d/zsNo4HB9uLZ/zsNo4HB9uLZ.glb,0,1.0,1.0,0.0,1.0,1.0,0.0,0.5299272292722278,0.5299272292722278,0.0,0.6609345219967291,0.6609345219967291,0.0,0.6609345219967291,0.6609345219967291,0.0,0.45130228996276855,0.45130228996276855,0.0,116.0,116.0,0.0,15.99999713897705,15.99999713897705,0.0,0.0,0.0,0.0,0.0,0.0,0.0
1437,mp3d/zsNo4HB9uLZ/zsNo4HB9uLZ.glb,0,1.0,1.0,0.0,1.0,1.0,0.0,0.8272034858524017,0.45831545408412916,-0.3688880317682725,0.914687739114977,0.47736645095093067,-0.43732128816404636,0.914687739114977,0.47736645095093067,-0.43732128816404636,0.27503740787506104,0.5736479759216309,0.2986105680465698,67.0,126.0,59.0,10.249998092651367,18.499996185302734,8.249998092651367,0.0,0.0,0.0,0.0,0.0,0.0
1438,mp3d/zsNo4HB9uLZ/zsNo4HB9uLZ.glb,0,1.0,1.0,0.0,1.0,1.0,0.0,0.3569755582250752,0.38948899340422655,0.03251343517915134,0.313451131867288,0.34612990804892674,0.032678776181638725,0.313451131867288,0.34612990804892674,0.032678776181638725,2.1963629722595215,1.9292187690734863,-0.26714420318603516,153.0,132.0,-21.0,18.25763511657715,16.733539581298828,-1.5240955352783203,0.013513513513513514,0.014705882352941176,0.001192368839427662,0.0,0.0,0.0
1439,mp3d/zsNo4HB9uLZ/zsNo4HB9uLZ.glb,0,1.0,1.0,0.0,1.0,1.0,0.0,1.0,1.0,0.0,0.8259951887329479,0.8259951887329479,0.0,0.8259951887329479,0.8259951887329479,0.0,2.618786573410034,2.618786573410034,0.0,37.0,37.0,0.0,4.762172222137451,4.762172222137451,0.0,0.0,0.0,0.0,0.0,0.0,0.0
1440,mp3d/zsNo4HB9uLZ/zsNo4HB9uLZ.glb,0,1.0,1.0,0.0,1.0,1.0,0.0,1.0,1.0,0.0,0.8259951887329479,0.8259951887329479,0.0,0.8259951887329479,0.8259951887329479,0.0,2.618786573410034,2.618786573410034,0.0,37.0,37.0,0.0,4.762172222137451,4.762172222137451,0.0,0.0,0.0,0.0,0.0,0.0,0.0
1441,mp3d/2azQ1b91cZZ/2azQ1b91cZZ.glb,0,1.0,0.0,-1.0,1.0,0.0,-1.0,0.2808565735381555,0.0,-0.2808565735381555,0.12557795387439605,0.32803079822116726,0.20245284434677122,0.12557795387439605,0.0,-0.12557795387439605,0.08401142805814743,8.509400367736816,8.425388939678669,147.0,50.0,-97.0,20.92839813232422,7.194429397583008,-13.733968734741211,0.08235294117647059,0.1,0.01764705882352942,0.0,0.0,0.0
1442,mp3d/2azQ1b91cZZ/2azQ1b91cZZ.glb,0,0.0,0.0,0.0,0.0,0.0,0.0,0.0,0.0,0.0,0.45942357799305195,0.45942357799305195,0.0,0.0,0.0,0.0,7.310583114624023,7.310583114624023,0.0,43.0,43.0,0.0,5.944429397583008,5.944429397583008,0.0,0.12,0.12,0.0,0.0,0.0,0.0
1443,mp3d/2azQ1b91cZZ/2azQ1b91cZZ.glb,0,0.0,0.0,0.0,0.0,0.0,0.0,0.0,0.0,0.0,0.4995476903805824,0.4995476903805824,0.0,0.0,0.0,0.0,6.159287452697754,6.159287452697754,0.0,46.0,46.0,0.0,6.493490219116211,6.493490219116211,0.0,0.037037037037037035,0.037037037037037035,0.0,0.0,0.0,0.0
1444,mp3d/X7HyMhZNoso/X7HyMhZNoso.glb,0,1.0,0.0,-1.0,1.0,1.0,0.0,0.6181903242278612,0.0,-0.6181903242278612,0.8315160578007862,0.021755147267787746,-0.8097609105329985,0.8315160578007862,0.0,-0.8315160578007862,0.5087642669677734,5.198469161987305,4.689704895019531,78.0,207.0,129.0,10.750003814697266,29.328218460083008,18.578214645385742,0.0,0.0,0.0,0.0,1.0,1.0
1445,mp3d/X7HyMhZNoso/X7HyMhZNoso.glb,0,0.0,0.0,0.0,0.0,0.0,0.0,0.0,0.0,0.0,0.47631507742249074,0.4467173380742875,-0.029597739348203256,0.0,0.0,0.0,4.2799835205078125,5.052614688873291,0.7726311683654785,202.0,209.0,7.0,7.175082683563232,14.293656349182129,7.1185736656188965,0.9074074074074074,0.36904761904761907,-0.5383597883597884,0.0,0.0,0.0
1446,mp3d/X7HyMhZNoso/X7HyMhZNoso.glb,0,1.0,1.0,0.0,1.0,1.0,0.0,0.8574899505818366,0.8574899505818366,0.0,0.8450778485270205,0.8450778485270205,0.0,0.8450778485270205,0.8450778485270205,0.0,2.6028122901916504,2.6028122901916504,0.0,49.0,49.0,0.0,7.750001430511475,7.750001430511475,0.0,0.0,0.0,0.0,0.0,0.0,0.0
1447,mp3d/TbHJrupSAjP/TbHJrupSAjP.glb,0,1.0,1.0,0.0,1.0,1.0,0.0,0.40532077699006475,0.44933450170558376,0.04401372471551901,0.47692993143427975,0.6075500070697014,0.13062007563542166,0.47692993143427975,0.6075500070697014,0.13062007563542166,0.28776198625564575,0.28776198625564575,0.0,166.0,156.0,-10.0,25.522369384765625,23.02237319946289,-2.4999961853027344,0.01,0.011111111111111112,0.0011111111111111113,0.0,0.0,0.0
1448,mp3d/TbHJrupSAjP/TbHJrupSAjP.glb,0,0.0,1.0,1.0,1.0,1.0,0.0,0.0,0.5920326500546991,0.5920326500546991,0.1337279403750141,0.7482606804443241,0.61453274006931,0.0,0.7482606804443241,0.7482606804443241,8.780265808105469,0.6229538321495056,-8.157311975955963,350.0,131.0,-219.0,46.62992477416992,17.473270416259766,-29.156654357910156,0.010869565217391304,0.0,-0.010869565217391304,1.0,0.0,-1.0
1449,mp3d/TbHJrupSAjP/TbHJrupSAjP.glb,0,0.0,0.0,0.0,0.0,0.0,0.0,0.0,0.0,0.0,0.7367492717402704,0.7367492717402704,0.0,0.0,0.0,0.0,3.5104053020477295,3.5104053020477295,0.0,58.0,58.0,0.0,8.935065269470215,8.935065269470215,0.0,0.027777777777777776,0.027777777777777776,0.0,0.0,0.0,0.0
1450,mp3d/oLBMNvg9in8/oLBMNvg9in8.glb,0,0.0,0.0,0.0,0.0,0.0,0.0,0.0,0.0,0.0,0.4372478839681706,0.4372478839681706,0.0,0.0,0.0,0.0,10.170578956604004,10.170578956604004,0.0,86.0,86.0,0.0,2.8181700706481934,2.8181700706481934,0.0,0.8285714285714286,0.8285714285714286,0.0,0.0,0.0,0.0
1451,mp3d/oLBMNvg9in8/oLBMNvg9in8.glb,0,0.0,0.0,0.0,0.0,0.0,0.0,0.0,0.0,0.0,0.4372478839681706,0.4372478839681706,0.0,0.0,0.0,0.0,10.170578956604004,10.170578956604004,0.0,86.0,86.0,0.0,2.8181700706481934,2.8181700706481934,0.0,0.8285714285714286,0.8285714285714286,0.0,0.0,0.0,0.0
1452,mp3d/oLBMNvg9in8/oLBMNvg9in8.glb,0,0.0,0.0,0.0,0.0,0.0,0.0,0.0,0.0,0.0,0.4372478839681706,0.4372478839681706,0.0,0.0,0.0,0.0,10.170578956604004,10.170578956604004,0.0,86.0,86.0,0.0,2.8181700706481934,2.8181700706481934,0.0,0.8285714285714286,0.8285714285714286,0.0,0.0,0.0,0.0
1453,mp3d/2azQ1b91cZZ/2azQ1b91cZZ.glb,0,0.0,1.0,1.0,0.0,1.0,1.0,0.0,0.4072815018163653,0.4072815018163653,0.10731705119803908,0.04536512240419772,-0.061951928793841364,0.0,0.04536512240419772,0.04536512240419772,4.1513991355896,1.961605191230774,-2.1897939443588257,154.0,178.0,24.0,24.22054672241211,28.109882354736328,3.8893356323242188,0.01020408163265306,0.008849557522123894,-0.0013545241105291667,0.0,0.0,0.0
1454,mp3d/2azQ1b91cZZ/2azQ1b91cZZ.glb,0,1.0,1.0,0.0,1.0,1.0,0.0,0.29419028322222257,0.7812584358696889,0.48706815264746633,0.4253437328042999,0.7848807468073813,0.3595370140030814,0.4253437328042999,0.7848807468073813,0.3595370140030814,1.6779650449752808,1.9236743450164795,0.24570930004119873,319.0,108.0,-211.0,38.915748596191406,14.654094696044922,-24.261653900146484,0.00641025641025641,0.0,-0.00641025641025641,0.0,0.0,0.0
1455,mp3d/2azQ1b91cZZ/2azQ1b91cZZ.glb,0,0.0,0.0,0.0,0.0,0.0,0.0,0.0,0.0,0.0,0.09548358611450358,0.0787655989834926,-0.016717987131010983,0.0,0.0,0.0,6.961585998535156,5.6371283531188965,-1.3244576454162598,244.0,372.0,128.0,29.994365692138672,49.456321716308594,19.461956024169922,0.008264462809917356,0.010050251256281407,0.0017857884463640516,0.0,0.0,0.0
1456,mp3d/oLBMNvg9in8/oLBMNvg9in8.glb,0,0.0,0.0,0.0,1.0,1.0,0.0,0.0,0.0,0.0,0.8063928650766545,0.8063928650766545,0.0,0.0,0.0,0.0,3.1663167476654053,3.1663167476654053,0.0,86.0,86.0,0.0,11.800956726074219,11.800956726074219,0.0,0.0,0.0,0.0,1.0,1.0,0.0
1457,mp3d/oLBMNvg9in8/oLBMNvg9in8.glb,0,0.0,0.0,0.0,0.0,0.0,0.0,0.0,0.0,0.0,0.7369517540546494,0.7369517540546494,0.0,0.0,0.0,0.0,3.384108066558838,3.384108066558838,0.0,45.0,45.0,0.0,6.050956726074219,6.050956726074219,0.0,0.0,0.0,0.0,0.0,0.0,0.0
1458,mp3d/oLBMNvg9in8/oLBMNvg9in8.glb,0,1.0,1.0,0.0,1.0,1.0,0.0,0.6769560052367022,0.6769560052367022,0.0,0.8550228559557441,0.8550228559557441,0.0,0.8550228559557441,0.8550228559557441,0.0,1.055802822113037,1.055802822113037,0.0,77.0,77.0,0.0,11.800956726074219,11.800956726074219,0.0,0.0,0.0,0.0,0.0,0.0,0.0
1459,mp3d/2azQ1b91cZZ/2azQ1b91cZZ.glb,0,1.0,1.0,0.0,1.0,1.0,0.0,0.8692197324445162,0.8692197324445162,0.0,0.8852718658323563,0.8852718658323563,0.0,0.8852718658323563,0.8852718658323563,0.0,0.6174502372741699,0.6174502372741699,0.0,43.0,43.0,0.0,6.180880546569824,6.180880546569824,0.0,0.0,0.0,0.0,0.0,0.0,0.0
1460,mp3d/2azQ1b91cZZ/2azQ1b91cZZ.glb,0,1.0,1.0,0.0,1.0,1.0,0.0,0.8692197324445162,0.8692197324445162,0.0,0.8852718658323563,0.8852718658323563,0.0,0.8852718658323563,0.8852718658323563,0.0,0.6174502372741699,0.6174502372741699,0.0,43.0,43.0,0.0,6.180880546569824,6.180880546569824,0.0,0.0,0.0,0.0,0.0,0.0,0.0
1461,mp3d/2azQ1b91cZZ/2azQ1b91cZZ.glb,0,1.0,1.0,0.0,1.0,1.0,0.0,0.8692197324445162,0.8692197324445162,0.0,0.8852718658323563,0.8852718658323563,0.0,0.8852718658323563,0.8852718658323563,0.0,0.6174502372741699,0.6174502372741699,0.0,43.0,43.0,0.0,6.180880546569824,6.180880546569824,0.0,0.0,0.0,0.0,0.0,0.0,0.0
1462,mp3d/QUCTc6BB5sX/QUCTc6BB5sX.glb,0,1.0,1.0,0.0,1.0,1.0,0.0,0.8008902674514402,0.8008902674514402,0.0,0.8426971598127597,0.8426971598127597,0.0,0.8426971598127597,0.8426971598127597,0.0,1.6041618585586548,1.6041618585586548,0.0,78.0,78.0,0.0,8.863507270812988,8.863507270812988,0.0,0.10256410256410256,0.10256410256410256,0.0,0.0,0.0,0.0
1463,mp3d/QUCTc6BB5sX/QUCTc6BB5sX.glb,0,1.0,1.0,0.0,1.0,1.0,0.0,0.701902500211697,0.48576266558526865,-0.21613983462642833,0.8704777096154098,0.4941631554118184,-0.37631455420359144,0.8704777096154098,0.4941631554118184,-0.37631455420359144,0.5877313613891602,1.7168751955032349,1.1291438341140747,87.0,128.0,41.0,10.113508224487305,14.613508224487305,4.5,0.09090909090909091,0.06451612903225806,-0.02639296187683285,0.0,0.0,0.0
1464,mp3d/QUCTc6BB5sX/QUCTc6BB5sX.glb,0,1.0,1.0,0.0,1.0,1.0,0.0,0.701902500211697,0.701902500211697,0.0,0.8704777096154098,0.8704777096154098,0.0,0.8704777096154098,0.8704777096154098,0.0,0.5877313613891602,0.5877313613891602,0.0,87.0,87.0,0.0,10.113508224487305,10.113508224487305,0.0,0.09090909090909091,0.09090909090909091,0.0,0.0,0.0,0.0
1465,mp3d/QUCTc6BB5sX/QUCTc6BB5sX.glb,0,1.0,1.0,0.0,1.0,1.0,0.0,0.7341189070605413,0.7330801968681988,-0.0010387101923424735,0.4256030915827259,0.424587631919052,-0.00101545966367389,0.4256030915827259,0.424587631919052,-0.00101545966367389,0.8011172413825989,0.34800758957862854,-0.45310965180397034,87.0,85.0,-2.0,14.361193656921387,14.381542205810547,0.020348548889160156,0.017241379310344827,0.017241379310344827,0.0,0.0,0.0,0.0
1466,mp3d/QUCTc6BB5sX/QUCTc6BB5sX.glb,0,1.0,1.0,0.0,1.0,1.0,0.0,0.7330801968681988,0.7330801968681988,0.0,0.424587631919052,0.424587631919052,0.0,0.424587631919052,0.424587631919052,0.0,0.34800758957862854,0.34800758957862854,0.0,85.0,85.0,0.0,14.381542205810547,14.381542205810547,0.0,0.017241379310344827,0.017241379310344827,0.0,0.0,0.0,0.0
1467,mp3d/QUCTc6BB5sX/QUCTc6BB5sX.glb,0,0.0,0.0,0.0,0.0,0.0,0.0,0.0,0.0,0.0,0.22031465721944193,0.22031465721944193,0.0,0.0,0.0,0.0,4.276577472686768,4.276577472686768,0.0,101.0,101.0,0.0,13.813822746276855,13.813822746276855,0.0,0.017857142857142856,0.017857142857142856,0.0,0.0,0.0,0.0
1468,mp3d/oLBMNvg9in8/oLBMNvg9in8.glb,0,1.0,1.0,0.0,1.0,1.0,0.0,0.6011512785358655,0.6011512785358655,0.0,0.6393165049564791,0.6393165049564791,0.0,0.6393165049564791,0.6393165049564791,0.0,0.9180339574813843,0.9180339574813843,0.0,55.0,55.0,0.0,8.82088565826416,8.82088565826416,0.0,0.0,0.0,0.0,0.0,0.0,0.0
1469,mp3d/oLBMNvg9in8/oLBMNvg9in8.glb,0,1.0,1.0,0.0,1.0,1.0,0.0,0.6011512785358655,0.6011512785358655,0.0,0.6393165049564791,0.6393165049564791,0.0,0.6393165049564791,0.6393165049564791,0.0,0.9180339574813843,0.9180339574813843,0.0,55.0,55.0,0.0,8.82088565826416,8.82088565826416,0.0,0.0,0.0,0.0,0.0,0.0,0.0
1470,mp3d/oLBMNvg9in8/oLBMNvg9in8.glb,0,1.0,1.0,0.0,1.0,1.0,0.0,0.8118608275292727,0.8118608275292727,0.0,0.6456074972880951,0.6456074972880951,0.0,0.6456074972880951,0.6456074972880951,0.0,1.2454140186309814,1.2454140186309814,0.0,46.0,46.0,0.0,6.531521797180176,6.531521797180176,0.0,0.0,0.0,0.0,0.0,0.0,0.0
1471,mp3d/2azQ1b91cZZ/2azQ1b91cZZ.glb,0,1.0,1.0,0.0,1.0,1.0,0.0,0.49135251463331414,0.49135251463331414,0.0,0.6918310940388451,0.6918310940388451,0.0,0.6918310940388451,0.6918310940388451,0.0,2.3155417442321777,2.3155417442321777,0.0,145.0,145.0,0.0,20.728431701660156,20.728431701660156,0.0,0.011904761904761904,0.011904761904761904,0.0,0.0,0.0,0.0
1472,mp3d/2azQ1b91cZZ/2azQ1b91cZZ.glb,0,1.0,1.0,0.0,1.0,1.0,0.0,0.5827163630185129,0.5827163630185129,0.0,0.7198354782403757,0.7198354782403757,0.0,0.7198354782403757,0.7198354782403757,0.0,2.51725435256958,2.51725435256958,0.0,126.0,126.0,0.0,17.478429794311523,17.478429794311523,0.0,0.014084507042253521,0.014084507042253521,0.0,0.0,0.0,0.0
1473,mp3d/2azQ1b91cZZ/2azQ1b91cZZ.glb,0,1.0,1.0,0.0,1.0,1.0,0.0,0.20492663045021675,0.32877613109581394,0.12384950064559719,0.03272679909258484,0.061661315809498476,0.028934516716913633,0.03272679909258484,0.061661315809498476,0.028934516716913633,0.5194111466407776,1.9207903146743774,1.4013791680335999,312.0,174.0,-138.0,49.70055389404297,30.978425979614258,-18.72212791442871,0.015,0.008,-0.006999999999999999,0.0,0.0,0.0
1474,mp3d/zsNo4HB9uLZ/zsNo4HB9uLZ.glb,0,1.0,0.0,-1.0,1.0,1.0,0.0,0.919145579131685,0.0,-0.919145579131685,0.8814541834489291,0.7801155036297245,-0.10133867981920464,0.8814541834489291,0.0,-0.8814541834489291,1.8528549671173096,3.242558002471924,1.3897030353546143,46.0,55.0,9.0,7.749999523162842,9.500000953674316,1.7500014305114746,0.0,0.0,0.0,0.0,1.0,1.0
1475,mp3d/zsNo4HB9uLZ/zsNo4HB9uLZ.glb,0,1.0,1.0,0.0,1.0,1.0,0.0,1.0,1.0,0.0,0.8502919687822768,0.8502919687822768,0.0,0.8502919687822768,0.8502919687822768,0.0,2.663032293319702,2.663032293319702,0.0,36.0,36.0,0.0,6.000002861022949,6.000002861022949,0.0,0.0,0.0,0.0,0.0,0.0,0.0
1476,mp3d/zsNo4HB9uLZ/zsNo4HB9uLZ.glb,0,1.0,1.0,0.0,1.0,1.0,0.0,0.9191451832635265,0.9191451832635265,0.0,0.9388517923289731,0.9388517923289731,0.0,0.9388517923289731,0.9388517923289731,0.0,0.9140525460243225,0.9140525460243225,0.0,49.0,49.0,0.0,7.750002861022949,7.750002861022949,0.0,0.0,0.0,0.0,0.0,0.0,0.0
1477,mp3d/zsNo4HB9uLZ/zsNo4HB9uLZ.glb,0,0.0,0.0,0.0,0.0,0.0,0.0,0.0,0.0,0.0,0.04670392772154284,0.03341358794669093,-0.01329033977485191,0.0,0.0,0.0,11.328335762023926,9.90810489654541,-1.4202308654785156,222.0,290.0,68.0,25.5213623046875,37.95146942138672,12.430107116699219,0.057692307692307696,0.013071895424836602,-0.04462041226747109,0.0,0.0,0.0
1478,mp3d/zsNo4HB9uLZ/zsNo4HB9uLZ.glb,0,1.0,1.0,0.0,1.0,1.0,0.0,0.9260433278185256,0.9260433278185256,0.0,0.9328675776976557,0.9328675776976557,0.0,0.9328675776976557,0.9328675776976557,0.0,0.2874911427497864,0.2874911427497864,0.0,65.0,65.0,0.0,11.75,11.75,0.0,0.0,0.0,0.0,0.0,0.0,0.0
1479,mp3d/zsNo4HB9uLZ/zsNo4HB9uLZ.glb,0,1.0,1.0,0.0,1.0,1.0,0.0,0.9260433278185256,0.9260433278185256,0.0,0.9328675776976557,0.9328675776976557,0.0,0.9328675776976557,0.9328675776976557,0.0,0.2874911427497864,0.2874911427497864,0.0,65.0,65.0,0.0,11.75,11.75,0.0,0.0,0.0,0.0,0.0,0.0,0.0
1480,mp3d/zsNo4HB9uLZ/zsNo4HB9uLZ.glb,0,1.0,1.0,0.0,1.0,1.0,0.0,1.0,1.0,0.0,0.9407699982993086,0.9407699982993086,0.0,0.9407699982993086,0.9407699982993086,0.0,1.4380300045013428,1.4380300045013428,0.0,43.0,43.0,0.0,6.499999046325684,6.499999046325684,0.0,0.0,0.0,0.0,0.0,0.0,0.0
1481,mp3d/zsNo4HB9uLZ/zsNo4HB9uLZ.glb,0,1.0,1.0,0.0,1.0,1.0,0.0,1.0,1.0,0.0,0.855238538376157,0.9597198768429442,0.1044813384667872,0.855238538376157,0.9597198768429442,0.1044813384667872,2.586496591567993,0.698674201965332,-1.8878223896026611,44.0,48.0,4.0,6.249999523162842,7.249999046325684,0.9999995231628418,0.0,0.0,0.0,0.0,0.0,0.0
1482,mp3d/zsNo4HB9uLZ/zsNo4HB9uLZ.glb,0,1.0,1.0,0.0,1.0,1.0,0.0,1.0,1.0,0.0,0.8915277454277374,0.8915277454277374,0.0,0.8915277454277374,0.8915277454277374,0.0,2.164896249771118,2.164896249771118,0.0,41.0,41.0,0.0,6.249999046325684,6.249999046325684,0.0,0.0,0.0,0.0,0.0,0.0,0.0
1483,mp3d/pLe4wQe7qrG/pLe4wQe7qrG.glb,0,1.0,1.0,0.0,1.0,1.0,0.0,1.0,1.0,0.0,0.9558180117689058,0.9558180117689058,0.0,0.9558180117689058,0.9558180117689058,0.0,1.030771017074585,1.030771017074585,0.0,39.0,39.0,0.0,5.929592132568359,5.929592132568359,0.0,0.08,0.08,0.0,0.0,0.0,0.0
1484,mp3d/pLe4wQe7qrG/pLe4wQe7qrG.glb,0,0.0,0.0,0.0,0.0,0.0,0.0,0.0,0.0,0.0,0.2789921553306599,0.2789921553306599,0.0,0.0,0.0,0.0,8.802885055541992,8.802885055541992,0.0,29.0,29.0,0.0,4.721505641937256,4.721505641937256,0.0,0.15,0.15,0.0,0.0,0.0,0.0
1485,mp3d/pLe4wQe7qrG/pLe4wQe7qrG.glb,0,0.0,0.0,0.0,0.0,0.0,0.0,0.0,0.0,0.0,0.0011501653941570198,0.010424130151638261,0.009273964757481242,0.0,0.0,0.0,9.02198600769043,8.956329345703125,-0.06565666198730469,302.0,163.0,-139.0,30.257568359375,21.68358612060547,-8.573982238769531,0.02459016393442623,0.07954545454545454,0.054955290611028315,0.0,0.0,0.0
1486,mp3d/TbHJrupSAjP/TbHJrupSAjP.glb,0,0.0,0.0,0.0,1.0,0.0,-1.0,0.0,0.0,0.0,0.7020328316553988,0.8015199306367107,0.09948709898131192,0.0,0.0,0.0,3.659205675125122,4.13896369934082,0.47975802421569824,91.0,50.0,-41.0,12.981380462646484,8.478693008422852,-4.502687454223633,0.018867924528301886,0.05714285714285714,0.03827493261455525,1.0,0.0,-1.0
1487,mp3d/TbHJrupSAjP/TbHJrupSAjP.glb,0,0.0,1.0,1.0,1.0,1.0,0.0,0.0,0.635015958691633,0.635015958691633,0.6091519672135145,0.7871138991095696,0.17796193189605514,0.0,0.7871138991095696,0.7871138991095696,4.930605411529541,1.139546275138855,-3.791059136390686,139.0,107.0,-32.0,18.72869110107422,14.478692054748535,-4.249999046325684,0.02631578947368421,0.03389830508474576,0.0075825156110615535,1.0,0.0,-1.0
1488,mp3d/TbHJrupSAjP/TbHJrupSAjP.glb,0,0.0,0.0,0.0,0.0,0.0,0.0,0.0,0.0,0.0,0.7890910822625794,0.7890910822625794,0.0,0.0,0.0,0.0,3.7708919048309326,3.7708919048309326,0.0,33.0,33.0,0.0,5.981382369995117,5.981382369995117,0.0,0.04,0.04,0.0,0.0,0.0,0.0
1489,mp3d/EU6Fwq7SyZv/EU6Fwq7SyZv.glb,0,1.0,1.0,0.0,1.0,1.0,0.0,0.7533483224675013,0.8537860745712044,0.10043775210370309,0.94292840799543,0.9307801059415027,-0.012148302053927251,0.94292840799543,0.9307801059415027,-0.012148302053927251,0.2893558442592621,1.1909621953964233,0.9016063511371613,53.0,48.0,-5.0,8.500640869140625,7.500641822814941,-0.9999990463256836,0.0,0.0,0.0,0.0,0.0,0.0
1490,mp3d/EU6Fwq7SyZv/EU6Fwq7SyZv.glb,0,0.0,0.0,0.0,0.0,0.0,0.0,0.0,0.0,0.0,0.1242833738341122,0.1242833738341122,0.0,0.0,0.0,0.0,12.836454391479492,12.836454391479492,0.0,34.0,34.0,0.0,7.523952484130859,7.523952484130859,0.0,0.0,0.0,0.0,0.0,0.0,0.0
1491,mp3d/EU6Fwq7SyZv/EU6Fwq7SyZv.glb,0,0.0,0.0,0.0,0.0,1.0,1.0,0.0,0.0,0.0,0.038776772958050876,0.4460768386193695,0.4073000656613186,0.0,0.0,0.0,12.589548110961914,3.74957013130188,-8.839977979660034,84.0,44.0,-40.0,13.079172134399414,6.895960807800293,-6.183211326599121,0.03773584905660377,0.1724137931034483,0.13467794404684452,0.0,1.0,1.0
1492,mp3d/Z6MFQCViBuw/Z6MFQCViBuw.glb,0,0.0,0.0,0.0,1.0,1.0,0.0,0.0,0.0,0.0,0.4706019318112852,0.4706019318112852,0.0,0.0,0.0,0.0,5.4067230224609375,5.4067230224609375,0.0,80.0,80.0,0.0,14.70529556274414,14.70529556274414,0.0,0.0,0.0,0.0,1.0,1.0,0.0
1493,mp3d/Z6MFQCViBuw/Z6MFQCViBuw.glb,0,1.0,1.0,0.0,1.0,1.0,0.0,0.9437615836798225,0.9437615836798225,0.0,0.9569342483639532,0.9569342483639532,0.0,0.9569342483639532,0.9569342483639532,0.0,0.6203173995018005,0.6203173995018005,0.0,48.0,48.0,0.0,8.619345664978027,8.619345664978027,0.0,0.0,0.0,0.0,0.0,0.0,0.0
1494,mp3d/Z6MFQCViBuw/Z6MFQCViBuw.glb,0,1.0,1.0,0.0,1.0,1.0,0.0,0.9437615836798225,0.9437615836798225,0.0,0.9569342483639532,0.9569342483639532,0.0,0.9569342483639532,0.9569342483639532,0.0,0.6203173995018005,0.6203173995018005,0.0,48.0,48.0,0.0,8.619345664978027,8.619345664978027,0.0,0.0,0.0,0.0,0.0,0.0,0.0
1495,mp3d/Z6MFQCViBuw/Z6MFQCViBuw.glb,0,0.0,0.0,0.0,0.0,0.0,0.0,0.0,0.0,0.0,0.13538510135915147,0.012187455046415432,-0.12319764631273604,0.0,0.0,0.0,5.56209659576416,27.401622772216797,21.839526176452637,236.0,74.0,-162.0,39.65011215209961,14.252570152282715,-25.397541999816895,0.0,0.0,0.0,0.0,0.0,0.0
1496,mp3d/Z6MFQCViBuw/Z6MFQCViBuw.glb,0,1.0,1.0,0.0,1.0,1.0,0.0,1.0,1.0,0.0,0.8944294360783239,0.8944294360783239,0.0,0.8944294360783239,0.8944294360783239,0.0,1.0406757593154907,1.0406757593154907,0.0,66.0,66.0,0.0,14.508488655090332,14.508488655090332,0.0,0.0,0.0,0.0,0.0,0.0,0.0
1497,mp3d/Z6MFQCViBuw/Z6MFQCViBuw.glb,0,0.0,0.0,0.0,0.0,0.0,0.0,0.0,0.0,0.0,0.02061968805907456,0.02061968805907456,0.0,0.0,0.0,0.0,26.5723876953125,26.5723876953125,0.0,63.0,63.0,0.0,12.2525634765625,12.2525634765625,0.0,0.0,0.0,0.0,0.0,0.0,0.0
1498,mp3d/2azQ1b91cZZ/2azQ1b91cZZ.glb,0,1.0,1.0,0.0,1.0,1.0,0.0,1.0,1.0,0.0,0.8937054410235437,0.8937054410235437,0.0,0.8937054410235437,0.8937054410235437,0.0,1.8695071935653687,1.8695071935653687,0.0,48.0,48.0,0.0,6.638885498046875,6.638885498046875,0.0,0.17857142857142858,0.17857142857142858,0.0,0.0,0.0,0.0
1499,mp3d/2azQ1b91cZZ/2azQ1b91cZZ.glb,0,1.0,1.0,0.0,1.0,1.0,0.0,0.9838240503872326,0.9838240503872326,0.0,0.9221821738637553,0.9221821738637553,0.0,0.9221821738637553,0.9221821738637553,0.0,0.735927939414978,0.735927939414978,0.0,54.0,54.0,0.0,7.888885021209717,7.888885021209717,0.0,0.15151515151515152,0.15151515151515152,0.0,0.0,0.0,0.0
1500,mp3d/2azQ1b91cZZ/2azQ1b91cZZ.glb,0,1.0,1.0,0.0,1.0,1.0,0.0,0.873143656042863,0.873143656042863,0.0,0.8774242139414304,0.8774242139414304,0.0,0.8774242139414304,0.8774242139414304,0.0,1.2787063121795654,1.2787063121795654,0.0,60.0,60.0,0.0,8.888886451721191,8.888886451721191,0.0,0.13513513513513514,0.13513513513513514,0.0,0.0,0.0,0.0
1501,mp3d/zsNo4HB9uLZ/zsNo4HB9uLZ.glb,0,1.0,1.0,0.0,1.0,1.0,0.0,0.3038063676062488,0.24464901081889512,-0.059157356787353677,0.39773344585478676,0.1915277139975103,-0.20620573185727645,0.39773344585478676,0.1915277139975103,-0.20620573185727645,0.5014057159423828,0.5173395276069641,0.0159338116645813,209.0,240.0,31.0,24.94737434387207,30.979774475097656,6.032400131225586,0.0784313725490196,0.05555555555555555,-0.022875816993464054,0.0,0.0,0.0
1502,mp3d/zsNo4HB9uLZ/zsNo4HB9uLZ.glb,0,1.0,1.0,0.0,1.0,1.0,0.0,1.0,1.0,0.0,0.8228353867405298,0.8228353867405298,0.0,0.8228353867405298,0.8228353867405298,0.0,2.8755507469177246,2.8755507469177246,0.0,40.0,40.0,0.0,5.219344615936279,5.219344615936279,0.0,0.2608695652173913,0.2608695652173913,0.0,0.0,0.0,0.0
1503,mp3d/zsNo4HB9uLZ/zsNo4HB9uLZ.glb,0,1.0,1.0,0.0,1.0,1.0,0.0,1.0,1.0,0.0,0.9101019005357514,0.9101019005357514,0.0,0.9101019005357514,0.9101019005357514,0.0,1.667851209640503,1.667851209640503,0.0,45.0,45.0,0.0,6.469345569610596,6.469345569610596,0.0,0.21428571428571427,0.21428571428571427,0.0,0.0,0.0,0.0
1504,mp3d/QUCTc6BB5sX/QUCTc6BB5sX.glb,0,1.0,1.0,0.0,1.0,1.0,0.0,0.9873347077667817,0.9873347077667817,0.0,0.9298518657750804,0.9298518657750804,0.0,0.9298518657750804,0.9298518657750804,0.0,0.7882399559020996,0.7882399559020996,0.0,45.0,45.0,0.0,8.458703994750977,8.458703994750977,0.0,0.0,0.0,0.0,0.0,0.0,0.0
1505,mp3d/QUCTc6BB5sX/QUCTc6BB5sX.glb,0,1.0,1.0,0.0,1.0,1.0,0.0,0.9873347077667817,0.9873347077667817,0.0,0.9298518657750804,0.9298518657750804,0.0,0.9298518657750804,0.9298518657750804,0.0,0.7882399559020996,0.7882399559020996,0.0,45.0,45.0,0.0,8.458703994750977,8.458703994750977,0.0,0.0,0.0,0.0,0.0,0.0,0.0
1506,mp3d/QUCTc6BB5sX/QUCTc6BB5sX.glb,0,1.0,1.0,0.0,1.0,1.0,0.0,0.9873347077667817,0.9873347077667817,0.0,0.9298518657750804,0.9298518657750804,0.0,0.9298518657750804,0.9298518657750804,0.0,0.7882399559020996,0.7882399559020996,0.0,45.0,45.0,0.0,8.458703994750977,8.458703994750977,0.0,0.0,0.0,0.0,0.0,0.0,0.0
1507,mp3d/8194nk5LbLH/8194nk5LbLH.glb,0,1.0,1.0,0.0,1.0,1.0,0.0,0.8241392104851759,0.8241392104851759,0.0,0.9234171867178725,0.9234171867178725,0.0,0.9234171867178725,0.9234171867178725,0.0,0.8105542659759521,0.8105542659759521,0.0,52.0,52.0,0.0,10.144850730895996,10.144850730895996,0.0,0.07894736842105263,0.07894736842105263,0.0,0.0,0.0,0.0
1508,mp3d/8194nk5LbLH/8194nk5LbLH.glb,0,1.0,1.0,0.0,1.0,1.0,0.0,0.8984447825876647,0.8984447825876647,0.0,0.9186036405516709,0.9186036405516709,0.0,0.9186036405516709,0.9186036405516709,0.0,1.4258763790130615,1.4258763790130615,0.0,51.0,51.0,0.0,9.305824279785156,9.305824279785156,0.0,0.08571428571428572,0.08571428571428572,0.0,0.0,0.0,0.0
1509,mp3d/8194nk5LbLH/8194nk5LbLH.glb,0,1.0,1.0,0.0,1.0,1.0,0.0,0.8241392104851759,0.8241392104851759,0.0,0.9234171867178725,0.9234171867178725,0.0,0.9234171867178725,0.9234171867178725,0.0,0.8105542659759521,0.8105542659759521,0.0,52.0,52.0,0.0,10.144850730895996,10.144850730895996,0.0,0.07894736842105263,0.07894736842105263,0.0,0.0,0.0,0.0
1510,mp3d/oLBMNvg9in8/oLBMNvg9in8.glb,0,0.0,0.0,0.0,0.0,0.0,0.0,0.0,0.0,0.0,0.38552563609757873,0.41344906527073727,0.027923429173158543,0.0,0.0,0.0,10.529542922973633,10.529542922973633,0.0,190.0,144.0,-46.0,7.31051778793335,3.549306869506836,-3.7612109184265137,1.8235294117647058,3.6666666666666665,1.8431372549019607,0.0,0.0,0.0
1511,mp3d/oLBMNvg9in8/oLBMNvg9in8.glb,0,0.0,0.0,0.0,0.0,0.0,0.0,0.0,0.0,0.0,0.40141918257148246,0.3526294015619887,-0.04878978100949377,0.0,0.0,0.0,10.512205123901367,10.457088470458984,-0.05511665344238281,255.0,296.0,41.0,15.054391860961914,19.672292709350586,4.617900848388672,0.8923076923076924,0.6071428571428571,-0.28516483516483526,0.0,0.0,0.0
1512,mp3d/oLBMNvg9in8/oLBMNvg9in8.glb,0,0.0,0.0,0.0,0.0,0.0,0.0,0.0,0.0,0.0,0.41344906527073727,0.41344906527073727,0.0,0.0,0.0,0.0,10.529542922973633,10.529542922973633,0.0,144.0,144.0,0.0,3.549306869506836,3.549306869506836,0.0,3.6666666666666665,3.6666666666666665,0.0,0.0,0.0,0.0
1513,mp3d/QUCTc6BB5sX/QUCTc6BB5sX.glb,0,1.0,1.0,0.0,1.0,1.0,0.0,0.9743050869355075,0.9743050869355075,0.0,0.9453786094199593,0.9453786094199593,0.0,0.9453786094199593,0.9453786094199593,0.0,0.762742817401886,0.762742817401886,0.0,53.0,53.0,0.0,8.26746940612793,8.26746940612793,0.0,0.0,0.0,0.0,0.0,0.0,0.0
1514,mp3d/QUCTc6BB5sX/QUCTc6BB5sX.glb,0,1.0,1.0,0.0,1.0,1.0,0.0,0.9743050869355075,0.9743050869355075,0.0,0.9453786094199593,0.9453786094199593,0.0,0.9453786094199593,0.9453786094199593,0.0,0.762742817401886,0.762742817401886,0.0,53.0,53.0,0.0,8.26746940612793,8.26746940612793,0.0,0.0,0.0,0.0,0.0,0.0,0.0
1515,mp3d/QUCTc6BB5sX/QUCTc6BB5sX.glb,0,1.0,1.0,0.0,1.0,1.0,0.0,0.9743050869355075,0.9743050869355075,0.0,0.9453786094199593,0.9453786094199593,0.0,0.9453786094199593,0.9453786094199593,0.0,0.762742817401886,0.762742817401886,0.0,53.0,53.0,0.0,8.26746940612793,8.26746940612793,0.0,0.0,0.0,0.0,0.0,0.0,0.0
1516,mp3d/EU6Fwq7SyZv/EU6Fwq7SyZv.glb,0,1.0,1.0,0.0,1.0,1.0,0.0,0.6371015429248876,0.9712056247184438,0.3341040817935562,0.7775999391463339,0.8945557430839917,0.11695580393765781,0.7775999391463339,0.8945557430839917,0.11695580393765781,0.8665560483932495,1.5110851526260376,0.6445291042327881,97.0,52.0,-45.0,13.211906433105469,8.66688346862793,-4.545022964477539,0.4074074074074074,0.02857142857142857,-0.3788359788359788,0.0,0.0,0.0
1517,mp3d/EU6Fwq7SyZv/EU6Fwq7SyZv.glb,0,0.0,1.0,1.0,0.0,1.0,1.0,0.0,0.9712056247184438,0.9712056247184438,0.10924399136005804,0.8945557430839917,0.7853117517239336,0.0,0.8945557430839917,0.8945557430839917,8.486052513122559,1.5110851526260376,-6.974967360496521,61.0,52.0,-9.0,11.627326965332031,8.66688346862793,-2.9604434967041016,0.02127659574468085,0.02857142857142857,0.00729483282674772,0.0,0.0,0.0
1518,mp3d/EU6Fwq7SyZv/EU6Fwq7SyZv.glb,0,1.0,1.0,0.0,1.0,1.0,0.0,0.9712056247184438,0.9712056247184438,0.0,0.8945557430839917,0.8945557430839917,0.0,0.8945557430839917,0.8945557430839917,0.0,1.5110851526260376,1.5110851526260376,0.0,52.0,52.0,0.0,8.66688346862793,8.66688346862793,0.0,0.02857142857142857,0.02857142857142857,0.0,0.0,0.0,0.0
1519,mp3d/zsNo4HB9uLZ/zsNo4HB9uLZ.glb,0,1.0,1.0,0.0,1.0,1.0,0.0,1.0,1.0,0.0,0.9783261678693326,0.9359164203644097,-0.04240974750492288,0.9783261678693326,0.9359164203644097,-0.04240974750492288,0.2567358911037445,0.9508489966392517,0.6941131055355072,39.0,46.0,7.0,6.500000476837158,6.500000953674316,4.76837158203125e-07,0.0,0.0,0.0,0.0,0.0,0.0
1520,mp3d/zsNo4HB9uLZ/zsNo4HB9uLZ.glb,0,1.0,1.0,0.0,1.0,1.0,0.0,0.8818749185005875,0.8818749185005875,0.0,0.9336011015692788,0.9336011015692788,0.0,0.9336011015692788,0.9336011015692788,0.0,0.8354969620704651,0.8354969620704651,0.0,44.0,44.0,0.0,7.500000476837158,7.500000476837158,0.0,0.0,0.0,0.0,0.0,0.0,0.0
1521,mp3d/zsNo4HB9uLZ/zsNo4HB9uLZ.glb,0,1.0,1.0,0.0,1.0,1.0,0.0,1.0,1.0,0.0,0.9783261678693326,0.9783261678693326,0.0,0.9783261678693326,0.9783261678693326,0.0,0.2567358911037445,0.2567358911037445,0.0,39.0,39.0,0.0,6.500000476837158,6.500000476837158,0.0,0.0,0.0,0.0,0.0,0.0,0.0
1522,mp3d/zsNo4HB9uLZ/zsNo4HB9uLZ.glb,0,1.0,1.0,0.0,1.0,1.0,0.0,1.0,0.832050853887806,-0.16794914611219403,0.9582809787797891,0.9283395194221906,-0.02994145935759851,0.9582809787797891,0.9283395194221906,-0.02994145935759851,0.7730787396430969,0.5007643699645996,-0.2723143696784973,29.0,35.0,6.0,4.0,5.250002384185791,1.250002384185791,0.0,0.0,0.0,0.0,0.0,0.0
1523,mp3d/zsNo4HB9uLZ/zsNo4HB9uLZ.glb,0,1.0,1.0,0.0,1.0,1.0,0.0,0.832050853887806,0.832050853887806,0.0,0.9283395194221906,0.9283395194221906,0.0,0.9283395194221906,0.9283395194221906,0.0,0.5007643699645996,0.5007643699645996,0.0,35.0,35.0,0.0,5.250002384185791,5.250002384185791,0.0,0.0,0.0,0.0,0.0,0.0,0.0
1524,mp3d/zsNo4HB9uLZ/zsNo4HB9uLZ.glb,0,1.0,1.0,0.0,1.0,1.0,0.0,0.6720412808871223,0.41602569144579415,-0.2560155894413282,0.8366447675505435,0.615085095251966,-0.22155967229857754,0.8366447675505435,0.615085095251966,-0.22155967229857754,0.6410551071166992,0.5967804789543152,-0.04427462816238403,59.0,91.0,32.0,6.500000953674316,10.499998092651367,3.999997138977051,0.0,0.0,0.0,0.0,0.0,0.0
1525,mp3d/2azQ1b91cZZ/2azQ1b91cZZ.glb,0,1.0,0.0,-1.0,1.0,0.0,-1.0,0.7401832197538607,0.0,-0.7401832197538607,0.8268899508163182,0.4568188296310702,-0.37007112118524804,0.8268899508163182,0.0,-0.8268899508163182,1.1982789039611816,9.477310180664062,8.27903127670288,103.0,97.0,-6.0,15.888208389282227,14.388208389282227,-1.5,0.06153846153846154,0.06779661016949153,0.006258148631029983,0.0,0.0,0.0
1526,mp3d/2azQ1b91cZZ/2azQ1b91cZZ.glb,0,1.0,1.0,0.0,1.0,1.0,0.0,0.7768544955442263,0.7768544955442263,0.0,0.8350911281889033,0.8350911281889033,0.0,0.8350911281889033,0.8350911281889033,0.0,1.5090992450714111,1.5090992450714111,0.0,97.0,97.0,0.0,15.138208389282227,15.138208389282227,0.0,0.06451612903225806,0.06451612903225806,0.0,0.0,0.0,0.0
1527,mp3d/2azQ1b91cZZ/2azQ1b91cZZ.glb,0,1.0,1.0,0.0,1.0,1.0,0.0,0.740183264182644,0.7768544955442263,0.036671231361582235,0.8493455260076707,0.8350911281889033,-0.014254397818767361,0.8493455260076707,0.8350911281889033,-0.014254397818767361,0.7641469836235046,1.5090992450714111,0.7449522614479065,103.0,97.0,-6.0,15.88820743560791,15.138208389282227,-0.7499990463256836,0.06153846153846154,0.06451612903225806,0.002977667493796521,0.0,0.0,0.0
1528,mp3d/X7HyMhZNoso/X7HyMhZNoso.glb,0,1.0,1.0,0.0,1.0,1.0,0.0,0.925961384009493,0.925961384009493,0.0,0.7650421432620179,0.7650421432620179,0.0,0.7650421432620179,0.7650421432620179,0.0,1.1679350137710571,1.1679350137710571,0.0,60.0,60.0,0.0,7.510409355163574,7.510409355163574,0.0,0.0,0.0,0.0,0.0,0.0,0.0
1529,mp3d/X7HyMhZNoso/X7HyMhZNoso.glb,0,0.0,0.0,0.0,1.0,1.0,0.0,0.0,0.0,0.0,0.6023980616854909,0.447074234284992,-0.15532382740049894,0.0,0.0,0.0,4.874316215515137,6.617249488830566,1.7429332733154297,64.0,74.0,10.0,9.680590629577637,11.50707721710205,1.826486587524414,0.0,0.0,0.0,1.0,1.0,0.0
1530,mp3d/X7HyMhZNoso/X7HyMhZNoso.glb,0,0.0,0.0,0.0,1.0,1.0,0.0,0.0,0.0,0.0,0.6023980616854909,0.6023980616854909,0.0,0.0,0.0,0.0,4.874316215515137,4.874316215515137,0.0,64.0,64.0,0.0,9.680590629577637,9.680590629577637,0.0,0.0,0.0,0.0,1.0,1.0,0.0
1531,mp3d/oLBMNvg9in8/oLBMNvg9in8.glb,0,0.0,0.0,0.0,0.0,0.0,0.0,0.0,0.0,0.0,0.5473404307884471,0.5473404307884471,0.0,0.0,0.0,0.0,5.402685165405273,5.402685165405273,0.0,90.0,90.0,0.0,1.6795971393585205,1.6795971393585205,0.0,8.714285714285714,8.714285714285714,0.0,0.0,0.0,0.0
1532,mp3d/oLBMNvg9in8/oLBMNvg9in8.glb,0,1.0,0.0,-1.0,1.0,1.0,0.0,0.5980822224050544,0.0,-0.5980822224050544,0.8780990987451416,0.45624547252746095,-0.42185362621768063,0.8780990987451416,0.0,-0.8780990987451416,0.25331762433052063,5.391048431396484,5.137730807065964,104.0,156.0,52.0,9.632431983947754,15.000779151916504,5.36834716796875,0.5945945945945946,0.4727272727272727,-0.12186732186732191,0.0,1.0,1.0
1533,mp3d/oLBMNvg9in8/oLBMNvg9in8.glb,0,0.0,0.0,0.0,0.0,0.0,0.0,0.0,0.0,0.0,0.5473404307884471,0.5473404307884471,0.0,0.0,0.0,0.0,5.402685165405273,5.402685165405273,0.0,90.0,90.0,0.0,1.6795971393585205,1.6795971393585205,0.0,8.714285714285714,8.714285714285714,0.0,0.0,0.0,0.0
1534,mp3d/EU6Fwq7SyZv/EU6Fwq7SyZv.glb,0,0.0,0.0,0.0,0.0,0.0,0.0,0.0,0.0,0.0,0.02880179578847858,0.062851489892209,0.03404969410373042,0.0,0.0,0.0,6.712846279144287,6.602731704711914,-0.11011457443237305,443.0,320.0,-123.0,51.235572814941406,38.9903564453125,-12.245216369628906,0.038834951456310676,0.03184713375796178,-0.006987817698348893,0.0,0.0,0.0
1535,mp3d/EU6Fwq7SyZv/EU6Fwq7SyZv.glb,0,0.0,0.0,0.0,0.0,0.0,0.0,0.0,0.0,0.0,0.04244574284830802,0.02560025156329332,-0.016845491285014703,0.0,0.0,0.0,6.318605422973633,12.365215301513672,6.046609878540039,409.0,476.0,67.0,42.31017303466797,57.098121643066406,14.787948608398438,0.0058823529411764705,0.008733624454148471,0.0028512715129720007,0.0,0.0,0.0
1536,mp3d/EU6Fwq7SyZv/EU6Fwq7SyZv.glb,0,0.0,0.0,0.0,0.0,0.0,0.0,0.0,0.0,0.0,0.03471403647643497,0.002794975131972797,-0.03191906134446217,0.0,0.0,0.0,7.221261978149414,11.805912971496582,4.584650993347168,395.0,286.0,-109.0,47.45603942871094,30.530664443969727,-16.92537498474121,0.046875,0.08064516129032258,0.03377016129032258,0.0,0.0,0.0
1537,mp3d/QUCTc6BB5sX/QUCTc6BB5sX.glb,0,0.0,1.0,1.0,0.0,1.0,1.0,0.0,0.5063765034871709,0.5063765034871709,0.29214504551075376,0.6560180349726561,0.36387298946190233,0.0,0.6560180349726561,0.6560180349726561,5.935380458831787,0.7048934698104858,-5.230486989021301,275.0,164.0,-111.0,25.616891860961914,20.351621627807617,-5.265270233154297,0.4,0.23076923076923078,-0.16923076923076924,0.0,0.0,0.0
1538,mp3d/QUCTc6BB5sX/QUCTc6BB5sX.glb,0,1.0,1.0,0.0,1.0,1.0,0.0,0.8412715576971823,0.9160512010015184,0.07477964330433606,0.9345133088079828,0.9384679736891145,0.00395466488113172,0.9345133088079828,0.9384679736891145,0.00395466488113172,0.581297755241394,0.8086058497428894,0.22730809450149536,77.0,69.0,-8.0,12.250007629394531,11.250007629394531,-1.0,0.0,0.0,0.0,0.0,0.0,0.0
1539,mp3d/QUCTc6BB5sX/QUCTc6BB5sX.glb,0,0.0,0.0,0.0,0.0,0.0,0.0,0.0,0.0,0.0,0.5368357479432302,0.5368357479432302,0.0,0.0,0.0,0.0,4.888044834136963,4.888044834136963,0.0,42.0,42.0,0.0,7.250003337860107,7.250003337860107,0.0,0.0,0.0,0.0,0.0,0.0,0.0
1540,mp3d/oLBMNvg9in8/oLBMNvg9in8.glb,0,1.0,1.0,0.0,1.0,1.0,0.0,1.0,1.0,0.0,0.8504812324453526,0.8504812324453526,0.0,0.8504812324453526,0.8504812324453526,0.0,2.308682918548584,2.308682918548584,0.0,40.0,40.0,0.0,4.350558280944824,4.350558280944824,0.0,0.0,0.0,0.0,0.0,0.0,0.0
1541,mp3d/oLBMNvg9in8/oLBMNvg9in8.glb,0,1.0,1.0,0.0,1.0,1.0,0.0,0.9008931914090358,0.9008931914090358,0.0,0.9602555687222868,0.9602555687222868,0.0,0.9602555687222868,0.9602555687222868,0.0,0.34899356961250305,0.34899356961250305,0.0,50.0,50.0,0.0,6.350558280944824,6.350558280944824,0.0,0.0,0.0,0.0,0.0,0.0,0.0
1542,mp3d/oLBMNvg9in8/oLBMNvg9in8.glb,0,1.0,1.0,0.0,1.0,1.0,0.0,0.9008931914090358,0.9008931914090358,0.0,0.9602555687222868,0.9602555687222868,0.0,0.9602555687222868,0.9602555687222868,0.0,0.34899356961250305,0.34899356961250305,0.0,50.0,50.0,0.0,6.350558280944824,6.350558280944824,0.0,0.0,0.0,0.0,0.0,0.0,0.0
1543,mp3d/QUCTc6BB5sX/QUCTc6BB5sX.glb,0,1.0,1.0,0.0,1.0,1.0,0.0,1.0,1.0,0.0,0.9142297890913565,0.9142297890913565,0.0,0.9142297890913565,0.9142297890913565,0.0,0.7049084901809692,0.7049084901809692,0.0,40.0,40.0,0.0,6.268693447113037,6.268693447113037,0.0,0.0,0.0,0.0,0.0,0.0,0.0
1544,mp3d/QUCTc6BB5sX/QUCTc6BB5sX.glb,0,1.0,1.0,0.0,1.0,1.0,0.0,1.0,1.0,0.0,0.9142297890913565,0.9142297890913565,0.0,0.9142297890913565,0.9142297890913565,0.0,0.7049084901809692,0.7049084901809692,0.0,40.0,40.0,0.0,6.268693447113037,6.268693447113037,0.0,0.0,0.0,0.0,0.0,0.0,0.0
1545,mp3d/QUCTc6BB5sX/QUCTc6BB5sX.glb,0,1.0,1.0,0.0,1.0,1.0,0.0,1.0,1.0,0.0,0.9142297890913565,0.9142297890913565,0.0,0.9142297890913565,0.9142297890913565,0.0,0.7049084901809692,0.7049084901809692,0.0,40.0,40.0,0.0,6.268693447113037,6.268693447113037,0.0,0.0,0.0,0.0,0.0,0.0,0.0
1546,mp3d/oLBMNvg9in8/oLBMNvg9in8.glb,0,1.0,1.0,0.0,1.0,1.0,0.0,0.5786448710561214,0.7682796522580048,0.18963478120188337,0.8044306042818,0.9024118810798951,0.0979812767980951,0.8044306042818,0.9024118810798951,0.0979812767980951,1.016055703163147,1.0005968809127808,-0.015458822250366211,122.0,66.0,-56.0,16.298805236816406,12.275764465332031,-4.023040771484375,0.0,0.02040816326530612,0.02040816326530612,0.0,0.0,0.0
1547,mp3d/oLBMNvg9in8/oLBMNvg9in8.glb,0,1.0,1.0,0.0,1.0,1.0,0.0,0.7548009713376622,0.9210045662100457,0.16620359487238345,0.8903460623304548,0.9297504665824459,0.0394044042519911,0.8903460623304548,0.9297504665824459,0.0394044042519911,1.2269996404647827,0.8949015736579895,-0.3320980668067932,67.0,57.0,-10.0,12.494976043701172,10.240144729614258,-2.254831314086914,0.06,0.023809523809523808,-0.03619047619047619,0.0,0.0,0.0
1548,mp3d/oLBMNvg9in8/oLBMNvg9in8.glb,0,1.0,1.0,0.0,1.0,1.0,0.0,0.7682796522580048,0.7682796522580048,0.0,0.9024118810798951,0.9024118810798951,0.0,0.9024118810798951,0.9024118810798951,0.0,1.0005968809127808,1.0005968809127808,0.0,66.0,66.0,0.0,12.275764465332031,12.275764465332031,0.0,0.02040816326530612,0.02040816326530612,0.0,0.0,0.0,0.0
1549,mp3d/zsNo4HB9uLZ/zsNo4HB9uLZ.glb,0,1.0,1.0,0.0,1.0,1.0,0.0,1.0,1.0,0.0,0.9456545625290155,0.9456545625290155,0.0,0.9456545625290155,0.9456545625290155,0.0,0.8193265795707703,0.8193265795707703,0.0,65.0,65.0,0.0,10.75580883026123,10.75580883026123,0.0,0.0,0.0,0.0,0.0,0.0,0.0
1550,mp3d/zsNo4HB9uLZ/zsNo4HB9uLZ.glb,0,1.0,1.0,0.0,1.0,1.0,0.0,1.0,1.0,0.0,0.9456545625290155,0.9456545625290155,0.0,0.9456545625290155,0.9456545625290155,0.0,0.8193265795707703,0.8193265795707703,0.0,65.0,65.0,0.0,10.75580883026123,10.75580883026123,0.0,0.0,0.0,0.0,0.0,0.0,0.0
1551,mp3d/zsNo4HB9uLZ/zsNo4HB9uLZ.glb,0,1.0,1.0,0.0,1.0,1.0,0.0,0.631826548718345,0.631826548718345,0.0,0.6463160225665704,0.6463160225665704,0.0,0.6463160225665704,0.6463160225665704,0.0,1.9196765422821045,1.9196765422821045,0.0,113.0,113.0,0.0,17.255807876586914,17.255807876586914,0.0,0.0,0.0,0.0,0.0,0.0,0.0
1552,mp3d/EU6Fwq7SyZv/EU6Fwq7SyZv.glb,0,1.0,0.0,-1.0,1.0,0.0,-1.0,0.31530468198689465,0.0,-0.31530468198689465,0.5633564052673543,0.2309610737131985,-0.3323953315541558,0.5633564052673543,0.0,-0.5633564052673543,2.0674078464508057,6.443565368652344,4.376157522201538,234.0,336.0,102.0,19.209238052368164,24.372406005859375,5.163167953491211,0.2077922077922078,0.17525773195876287,-0.03253447583344493,0.0,0.0,0.0
1553,mp3d/EU6Fwq7SyZv/EU6Fwq7SyZv.glb,0,0.0,0.0,0.0,0.0,0.0,0.0,0.0,0.0,0.0,0.23987735656090262,0.17274278467768087,-0.06713457188322175,0.0,0.0,0.0,5.809744834899902,5.998776912689209,0.18903207778930664,294.0,372.0,78.0,23.877586364746094,28.044921875,4.167335510253906,0.1276595744680851,0.19469026548672566,0.06703069101864056,0.0,0.0,0.0
1554,mp3d/EU6Fwq7SyZv/EU6Fwq7SyZv.glb,0,0.0,0.0,0.0,0.0,0.0,0.0,0.0,0.0,0.0,0.23987735656090262,0.2309610737131985,-0.008916282847704127,0.0,0.0,0.0,5.809744834899902,6.443565368652344,0.6338205337524414,294.0,336.0,42.0,23.877586364746094,24.372406005859375,0.49481964111328125,0.1276595744680851,0.17525773195876287,0.04759815749067778,0.0,0.0,0.0
1555,mp3d/Z6MFQCViBuw/Z6MFQCViBuw.glb,0,0.0,0.0,0.0,0.0,0.0,0.0,0.0,0.0,0.0,0.00884524149715754,0.02379071339466219,0.01494547189750465,0.0,0.0,0.0,13.852499008178711,14.943363189697266,1.0908641815185547,276.0,246.0,-30.0,32.56739807128906,26.04757308959961,-6.519824981689453,0.08333333333333333,0.1588785046728972,0.07554517133956386,0.0,0.0,0.0
1556,mp3d/Z6MFQCViBuw/Z6MFQCViBuw.glb,0,0.0,0.0,0.0,0.0,0.0,0.0,0.0,0.0,0.0,0.0026334503903657426,1.56638150028899e-06,-0.0026318840088654536,0.0,0.0,0.0,30.946510314941406,32.06188201904297,1.1153717041015625,85.0,292.0,207.0,18.379573822021484,41.40615463256836,23.026580810546875,0.0,0.03614457831325301,0.03614457831325301,0.0,0.0,0.0
1557,mp3d/Z6MFQCViBuw/Z6MFQCViBuw.glb,0,0.0,0.0,0.0,0.0,0.0,0.0,0.0,0.0,0.0,0.044469063076689096,0.01806300336730454,-0.026406059709384557,0.0,0.0,0.0,13.025700569152832,13.876630783081055,0.8509302139282227,207.0,234.0,27.0,21.99311065673828,26.726402282714844,4.7332916259765625,0.27956989247311825,0.1504424778761062,-0.12912741459701205,0.0,0.0,0.0
1558,mp3d/Z6MFQCViBuw/Z6MFQCViBuw.glb,0,1.0,1.0,0.0,1.0,1.0,0.0,0.6814726678470734,0.6814726678470734,0.0,0.7674630285220341,0.7674630285220341,0.0,0.7674630285220341,0.7674630285220341,0.0,2.3265984058380127,2.3265984058380127,0.0,44.0,44.0,0.0,7.379542350769043,7.379542350769043,0.0,0.0,0.0,0.0,0.0,0.0,0.0
1559,mp3d/Z6MFQCViBuw/Z6MFQCViBuw.glb,0,1.0,0.0,-1.0,1.0,0.0,-1.0,1.0,0.0,-1.0,0.9682186468949284,0.08392980828650225,-0.8842888386084262,0.9682186468949284,0.0,-0.9682186468949284,0.290018230676651,11.455467224121094,11.165448993444443,32.0,52.0,20.0,4.873988628387451,9.56157112121582,4.687582492828369,0.0,0.0,0.0,0.0,0.0,0.0
1560,mp3d/Z6MFQCViBuw/Z6MFQCViBuw.glb,0,1.0,1.0,0.0,1.0,1.0,0.0,0.6814726678470734,0.6814726678470734,0.0,0.7674630285220341,0.7674630285220341,0.0,0.7674630285220341,0.7674630285220341,0.0,2.3265984058380127,2.3265984058380127,0.0,44.0,44.0,0.0,7.379542350769043,7.379542350769043,0.0,0.0,0.0,0.0,0.0,0.0,0.0
1561,mp3d/QUCTc6BB5sX/QUCTc6BB5sX.glb,0,1.0,1.0,0.0,1.0,1.0,0.0,1.0,1.0,0.0,0.8800898522096074,0.8800898522096074,0.0,0.8800898522096074,0.8800898522096074,0.0,1.5175808668136597,1.5175808668136597,0.0,42.0,42.0,0.0,7.41529655456543,7.41529655456543,0.0,0.03333333333333333,0.03333333333333333,0.0,0.0,0.0,0.0
1562,mp3d/QUCTc6BB5sX/QUCTc6BB5sX.glb,0,0.0,0.0,0.0,0.0,0.0,0.0,0.0,0.0,0.0,0.00023405760553939792,0.00023405760553939792,0.0,0.0,0.0,0.0,26.311609268188477,26.311609268188477,0.0,94.0,94.0,0.0,19.25,19.25,0.0,0.0,0.0,0.0,0.0,0.0,0.0
1563,mp3d/QUCTc6BB5sX/QUCTc6BB5sX.glb,0,0.0,0.0,0.0,0.0,0.0,0.0,0.0,0.0,0.0,0.0014707636738320747,0.0014707636738320747,0.0,0.0,0.0,0.0,22.084230422973633,22.084230422973633,0.0,91.0,91.0,0.0,16.75,16.75,0.0,0.0,0.0,0.0,0.0,0.0,0.0
1564,mp3d/EU6Fwq7SyZv/EU6Fwq7SyZv.glb,0,1.0,1.0,0.0,1.0,1.0,0.0,0.43374180379655775,0.43374180379655775,0.0,0.5896198102753728,0.5896198102753728,0.0,0.5896198102753728,0.5896198102753728,0.0,1.641676664352417,1.641676664352417,0.0,142.0,142.0,0.0,18.294593811035156,18.294593811035156,0.0,0.14814814814814814,0.14814814814814814,0.0,0.0,0.0,0.0
1565,mp3d/EU6Fwq7SyZv/EU6Fwq7SyZv.glb,0,0.0,0.0,0.0,0.0,0.0,0.0,0.0,0.0,0.0,0.004788115975530014,0.04813110243664893,0.043342986461118914,0.0,0.0,0.0,10.92208194732666,9.465550422668457,-1.4565315246582031,272.0,176.0,-96.0,34.004180908203125,23.75370216369629,-10.250478744506836,0.0,0.0,0.0,0.0,0.0,0.0
1566,mp3d/EU6Fwq7SyZv/EU6Fwq7SyZv.glb,0,0.0,0.0,0.0,0.0,0.0,0.0,0.0,0.0,0.0,0.026136766347029397,0.033077450880344306,0.006940684533314909,0.0,0.0,0.0,8.668659210205078,8.084548950195312,-0.5841102600097656,332.0,287.0,-45.0,42.35306167602539,39.876129150390625,-2.4769325256347656,0.24260355029585798,0.14906832298136646,-0.09353522731449151,0.0,0.0,0.0
1567,mp3d/X7HyMhZNoso/X7HyMhZNoso.glb,0,1.0,1.0,0.0,1.0,1.0,0.0,1.0,1.0,0.0,0.9327270930305732,0.9458575737452976,0.013130480714724335,0.9327270930305732,0.9458575737452976,0.013130480714724335,1.2435976266860962,0.24518689513206482,-0.9984107315540314,29.0,33.0,4.0,5.999998092651367,6.999998092651367,1.0,0.0,0.0,0.0,0.0,0.0,0.0
1568,mp3d/X7HyMhZNoso/X7HyMhZNoso.glb,0,1.0,1.0,0.0,1.0,1.0,0.0,0.8630534085360441,0.8630534085360441,0.0,0.8545270827349639,0.8545270827349639,0.0,0.8545270827349639,0.8545270827349639,0.0,2.5558831691741943,2.5558831691741943,0.0,57.0,57.0,0.0,8.25,8.25,0.0,0.0,0.0,0.0,0.0,0.0,0.0
1569,mp3d/X7HyMhZNoso/X7HyMhZNoso.glb,0,1.0,1.0,0.0,1.0,1.0,0.0,1.0,1.0,0.0,0.9458575737452976,0.9327270930305732,-0.013130480714724335,0.9458575737452976,0.9327270930305732,-0.013130480714724335,0.24518689513206482,1.2435976266860962,0.9984107315540314,33.0,29.0,-4.0,6.999998092651367,5.999998092651367,-1.0,0.0,0.0,0.0,0.0,0.0,0.0
1570,mp3d/X7HyMhZNoso/X7HyMhZNoso.glb,0,1.0,1.0,0.0,1.0,1.0,0.0,0.6547874769780109,0.6547874769780109,0.0,0.8223647345881226,0.8223647345881226,0.0,0.8223647345881226,0.8223647345881226,0.0,1.1865651607513428,1.1865651607513428,0.0,81.0,81.0,0.0,9.738899230957031,9.738899230957031,0.0,0.02564102564102564,0.02564102564102564,0.0,0.0,0.0,0.0
1571,mp3d/X7HyMhZNoso/X7HyMhZNoso.glb,0,1.0,1.0,0.0,1.0,1.0,0.0,1.0,1.0,0.0,0.8864709461702837,0.8864709461702837,0.0,0.8864709461702837,0.8864709461702837,0.0,1.1865651607513428,1.1865651607513428,0.0,43.0,43.0,0.0,6.238899230957031,6.238899230957031,0.0,0.04,0.04,0.0,0.0,0.0,0.0
1572,mp3d/X7HyMhZNoso/X7HyMhZNoso.glb,0,1.0,1.0,0.0,1.0,1.0,0.0,0.5550496290191802,0.5550496290191802,0.0,0.8095110751335014,0.8095110751335014,0.0,0.8095110751335014,0.8095110751335014,0.0,0.6610334515571594,0.6610334515571594,0.0,92.0,92.0,0.0,11.488899230957031,11.488899230957031,0.0,0.021739130434782608,0.021739130434782608,0.0,0.0,0.0,0.0
1573,mp3d/2azQ1b91cZZ/2azQ1b91cZZ.glb,0,0.0,0.0,0.0,0.0,0.0,0.0,0.0,0.0,0.0,0.014870215400267369,0.014870215400267369,0.0,0.0,0.0,0.0,18.42470359802246,18.42470359802246,0.0,52.0,52.0,0.0,11.5,11.5,0.0,0.0,0.0,0.0,0.0,0.0,0.0
1574,mp3d/2azQ1b91cZZ/2azQ1b91cZZ.glb,0,1.0,1.0,0.0,1.0,1.0,0.0,1.0,1.0,0.0,0.919583305715115,0.919583305715115,0.0,0.919583305715115,0.919583305715115,0.0,0.7057557106018066,0.7057557106018066,0.0,42.0,42.0,0.0,6.750000476837158,6.750000476837158,0.0,0.0,0.0,0.0,0.0,0.0,0.0
1575,mp3d/2azQ1b91cZZ/2azQ1b91cZZ.glb,0,1.0,1.0,0.0,1.0,1.0,0.0,0.8306457675157957,1.0,0.16935423248420434,0.8719134124177097,0.919583305715115,0.04766989329740534,0.8719134124177097,0.919583305715115,0.04766989329740534,1.1274744272232056,0.7057557106018066,-0.4217187166213989,50.0,42.0,-8.0,8.500001907348633,6.750000476837158,-1.7500014305114746,0.0,0.0,0.0,0.0,0.0,0.0
1576,mp3d/oLBMNvg9in8/oLBMNvg9in8.glb,0,1.0,1.0,0.0,1.0,1.0,0.0,0.49092945000329385,0.4948958807842565,0.003966430780962649,0.8104720926340221,0.8298503728243589,0.019378280190336827,0.8104720926340221,0.8298503728243589,0.019378280190336827,0.5016781687736511,1.413549542427063,0.9118713736534119,96.0,112.0,16.0,9.062353134155273,8.989721298217773,-0.0726318359375,0.08823529411764706,0.1388888888888889,0.05065359477124183,0.0,0.0,0.0
1577,mp3d/oLBMNvg9in8/oLBMNvg9in8.glb,0,1.0,1.0,0.0,1.0,1.0,0.0,0.35764760097811865,0.6115089010524174,0.25386130007429875,0.6087610706732205,0.8160466396321956,0.2072855689589751,0.6087610706732205,0.8160466396321956,0.2072855689589751,1.1982064247131348,1.0550862550735474,-0.1431201696395874,136.0,79.0,-57.0,12.439552307128906,7.275406837463379,-5.164145469665527,0.2830188679245283,0.1111111111111111,-0.1719077568134172,0.0,0.0,0.0
1578,mp3d/oLBMNvg9in8/oLBMNvg9in8.glb,0,1.0,1.0,0.0,1.0,1.0,0.0,0.4652595420258438,0.5352246190799729,0.06996507705412908,0.7960417474141311,0.8153423549303863,0.019300607516255175,0.7960417474141311,0.8153423549303863,0.019300607516255175,0.6134421825408936,1.21543288230896,0.6019906997680664,98.0,84.0,-14.0,9.562353134155273,8.312353134155273,-1.25,0.08333333333333333,0.0967741935483871,0.013440860215053765,0.0,0.0,0.0
1579,mp3d/2azQ1b91cZZ/2azQ1b91cZZ.glb,0,0.0,0.0,0.0,0.0,0.0,0.0,0.0,0.0,0.0,0.1990797986647191,0.1990797986647191,0.0,0.0,0.0,0.0,12.373528480529785,12.373528480529785,0.0,35.0,35.0,0.0,4.500001907348633,4.500001907348633,0.0,0.0,0.0,0.0,0.0,0.0,0.0
1580,mp3d/2azQ1b91cZZ/2azQ1b91cZZ.glb,0,0.0,0.0,0.0,1.0,1.0,0.0,0.0,0.0,0.0,0.5586186413396136,0.6765449926086423,0.11792635126902873,0.0,0.0,0.0,3.5948638916015625,4.870369911193848,1.2755060195922852,58.0,48.0,-10.0,11.000007629394531,9.500005722045898,-1.5000019073486328,0.0,0.0,0.0,1.0,1.0,0.0
1581,mp3d/2azQ1b91cZZ/2azQ1b91cZZ.glb,0,0.0,0.0,0.0,0.0,0.0,0.0,0.0,0.0,0.0,0.097723915615311,0.097723915615311,0.0,0.0,0.0,0.0,14.101834297180176,14.101834297180176,0.0,77.0,77.0,0.0,8.931720733642578,8.931720733642578,0.0,0.02702702702702703,0.02702702702702703,0.0,0.0,0.0,0.0
1582,mp3d/pLe4wQe7qrG/pLe4wQe7qrG.glb,0,0.0,0.0,0.0,0.0,0.0,0.0,0.0,0.0,0.0,0.7877805358332615,0.7959326219501546,0.00815208611689311,0.0,0.0,0.0,4.06151008605957,4.061491966247559,-1.811981201171875e-05,79.0,75.0,-4.0,7.1874003410339355,7.170624256134033,-0.016776084899902344,0.6304347826086957,0.5952380952380952,-0.035196687370600444,0.0,0.0,0.0
1583,mp3d/pLe4wQe7qrG/pLe4wQe7qrG.glb,0,0.0,0.0,0.0,1.0,1.0,0.0,0.0,0.0,0.0,0.7180964562395703,0.6923681954149191,-0.025728260824651183,0.0,0.0,0.0,4.76149845123291,5.704963207244873,0.9434647560119629,101.0,87.0,-14.0,9.798149108886719,9.353757858276367,-0.44439125061035156,0.4230769230769231,0.42857142857142855,0.005494505494505475,1.0,1.0,0.0
1584,mp3d/pLe4wQe7qrG/pLe4wQe7qrG.glb,0,1.0,1.0,0.0,1.0,1.0,0.0,1.0,1.0,0.0,0.7619085872794307,0.7619085872794307,0.0,0.7619085872794307,0.7619085872794307,0.0,2.8289504051208496,2.8289504051208496,0.0,89.0,89.0,0.0,7.617348670959473,7.617348670959473,0.0,0.5217391304347826,0.5217391304347826,0.0,0.0,0.0,0.0
1585,mp3d/Z6MFQCViBuw/Z6MFQCViBuw.glb,0,1.0,1.0,0.0,1.0,1.0,0.0,0.8199164668574522,0.8199164668574522,0.0,0.8474829561482522,0.8474829561482522,0.0,0.8474829561482522,0.8474829561482522,0.0,1.1117346286773682,1.1117346286773682,0.0,81.0,81.0,0.0,14.672765731811523,14.672765731811523,0.0,0.0,0.0,0.0,0.0,0.0,0.0
1586,mp3d/Z6MFQCViBuw/Z6MFQCViBuw.glb,0,0.0,0.0,0.0,0.0,0.0,0.0,0.0,0.0,0.0,0.00475871794142603,0.07347203906385529,0.06871332112242926,0.0,0.0,0.0,16.51706314086914,17.77045249938965,1.2533893585205078,288.0,67.0,-221.0,45.02605438232422,12.75994873046875,-32.26610565185547,0.011049723756906077,0.0,-0.011049723756906077,0.0,0.0,0.0
1587,mp3d/Z6MFQCViBuw/Z6MFQCViBuw.glb,0,0.0,0.0,0.0,0.0,0.0,0.0,0.0,0.0,0.0,0.7051546074306807,0.7051546074306807,0.0,0.0,0.0,0.0,4.701669692993164,4.701669692993164,0.0,47.0,47.0,0.0,8.019054412841797,8.019054412841797,0.0,0.0,0.0,0.0,0.0,0.0,0.0
1588,mp3d/Z6MFQCViBuw/Z6MFQCViBuw.glb,0,1.0,1.0,0.0,1.0,1.0,0.0,0.9859303566585128,0.9859303566585128,0.0,0.9372342205075594,0.9372342205075594,0.0,0.9372342205075594,0.9372342205075594,0.0,0.07584860175848007,0.07584860175848007,0.0,54.0,54.0,0.0,9.823907852172852,9.823907852172852,0.0,0.0,0.0,0.0,0.0,0.0,0.0
1589,mp3d/Z6MFQCViBuw/Z6MFQCViBuw.glb,0,0.0,0.0,0.0,0.0,0.0,0.0,0.0,0.0,0.0,0.05948874860404412,0.05948874860404412,0.0,0.0,0.0,0.0,18.041067123413086,18.041067123413086,0.0,39.0,39.0,0.0,8.500005722045898,8.500005722045898,0.0,0.0,0.0,0.0,0.0,0.0,0.0
1590,mp3d/Z6MFQCViBuw/Z6MFQCViBuw.glb,0,1.0,1.0,0.0,1.0,1.0,0.0,1.0,0.9666309817791975,-0.033369018220802515,0.9189239239311877,0.857310443338106,-0.06161348059308169,0.9189239239311877,0.857310443338106,-0.06161348059308169,1.5721346139907837,0.04816288873553276,-1.523971725255251,48.0,55.0,7.0,8.323907852172852,10.020048141479492,1.6961402893066406,0.0,0.0,0.0,0.0,0.0,0.0
1591,mp3d/8194nk5LbLH/8194nk5LbLH.glb,0,0.0,0.0,0.0,1.0,1.0,0.0,0.0,0.0,0.0,0.2671230574091257,0.2671230574091257,0.0,0.0,0.0,0.0,3.344733715057373,3.344733715057373,0.0,82.0,82.0,0.0,14.750000953674316,14.750000953674316,0.0,0.0,0.0,0.0,1.0,1.0,0.0
1592,mp3d/8194nk5LbLH/8194nk5LbLH.glb,0,1.0,1.0,0.0,1.0,1.0,0.0,0.4930808901940691,0.5114612285907452,0.018380338396676077,0.18380929713387323,0.20214087170689876,0.018331574573025533,0.18380929713387323,0.20214087170689876,0.018331574573025533,2.4543278217315674,1.410227656364441,-1.0441001653671265,107.0,109.0,2.0,16.855743408203125,16.25,-0.605743408203125,0.07246376811594203,0.0,-0.07246376811594203,0.0,0.0,0.0
1593,mp3d/8194nk5LbLH/8194nk5LbLH.glb,0,0.0,0.0,0.0,1.0,1.0,0.0,0.0,0.0,0.0,0.3931377219476437,0.3931377219476437,0.0,0.0,0.0,0.0,4.691302299499512,4.691302299499512,0.0,88.0,88.0,0.0,15.728363990783691,15.728363990783691,0.0,0.015625,0.015625,0.0,1.0,1.0,0.0
1594,mp3d/x8F5xyUWy9e/x8F5xyUWy9e.glb,0,1.0,1.0,0.0,1.0,1.0,0.0,1.0,1.0,0.0,0.9720252994361392,0.9720252994361392,0.0,0.9720252994361392,0.9720252994361392,0.0,0.7435805797576904,0.7435805797576904,0.0,31.0,31.0,0.0,7.180660247802734,7.180660247802734,0.0,0.0,0.0,0.0,0.0,0.0,0.0
1595,mp3d/x8F5xyUWy9e/x8F5xyUWy9e.glb,0,1.0,1.0,0.0,1.0,1.0,0.0,1.0,1.0,0.0,0.9411624946758359,0.9510173804322649,0.00985488575642901,0.9411624946758359,0.9510173804322649,0.00985488575642901,1.0615222454071045,0.8148849606513977,-0.2466372847557068,36.0,32.0,-4.0,7.183005332946777,7.183005332946777,0.0,0.0,0.0,0.0,0.0,0.0,0.0
1596,mp3d/x8F5xyUWy9e/x8F5xyUWy9e.glb,0,1.0,1.0,0.0,1.0,1.0,0.0,1.0,1.0,0.0,0.9411624946758359,0.9411624946758359,0.0,0.9411624946758359,0.9411624946758359,0.0,1.0615222454071045,1.0615222454071045,0.0,36.0,36.0,0.0,7.183005332946777,7.183005332946777,0.0,0.0,0.0,0.0,0.0,0.0,0.0
1597,mp3d/TbHJrupSAjP/TbHJrupSAjP.glb,0,0.0,0.0,0.0,0.0,0.0,0.0,0.0,0.0,0.0,0.003733638421083231,0.0038484883798621822,0.0001148499587789514,0.0,0.0,0.0,10.064867973327637,9.176298141479492,-0.8885698318481445,372.0,380.0,8.0,38.52968215942383,45.02809524536133,6.4984130859375,0.0,0.0055248618784530384,0.0055248618784530384,0.0,0.0,0.0
1598,mp3d/TbHJrupSAjP/TbHJrupSAjP.glb,0,0.0,0.0,0.0,0.0,0.0,0.0,0.0,0.0,0.0,0.01826846928448764,0.0058329656431349115,-0.012435503641352728,0.0,0.0,0.0,10.436151504516602,9.048588752746582,-1.3875627517700195,299.0,358.0,59.0,28.52047348022461,40.77809524536133,12.257621765136719,0.0,0.006097560975609756,0.006097560975609756,0.0,0.0,0.0
1599,mp3d/TbHJrupSAjP/TbHJrupSAjP.glb,0,0.0,0.0,0.0,0.0,0.0,0.0,0.0,0.0,0.0,0.01826846928448764,0.0054394186338732045,-0.012829050650614435,0.0,0.0,0.0,10.436151504516602,10.619402885437012,0.18325138092041016,299.0,373.0,74.0,28.52047348022461,37.913787841796875,9.393314361572266,0.0,0.013071895424836602,0.013071895424836602,0.0,0.0,0.0
1600,mp3d/TbHJrupSAjP/TbHJrupSAjP.glb,0,0.0,0.0,0.0,0.0,0.0,0.0,0.0,0.0,0.0,0.41216009629824846,0.4947660569794555,0.08260596068120707,0.0,0.0,0.0,9.373647689819336,7.994289398193359,-1.3793582916259766,82.0,71.0,-11.0,13.25,11.75,-1.5,0.0,0.0,0.0,0.0,0.0,0.0
1601,mp3d/TbHJrupSAjP/TbHJrupSAjP.glb,0,0.0,0.0,0.0,0.0,0.0,0.0,0.0,0.0,0.0,0.44279640165527867,0.44279640165527867,0.0,0.0,0.0,0.0,7.996616363525391,7.996616363525391,0.0,59.0,59.0,0.0,9.749999046325684,9.749999046325684,0.0,0.0,0.0,0.0,0.0,0.0,0.0
1602,mp3d/TbHJrupSAjP/TbHJrupSAjP.glb,0,0.0,0.0,0.0,0.0,0.0,0.0,0.0,0.0,0.0,0.40341582172405915,0.40341582172405915,0.0,0.0,0.0,0.0,8.404134750366211,8.404134750366211,0.0,50.0,50.0,0.0,8.749999046325684,8.749999046325684,0.0,0.0,0.0,0.0,0.0,0.0,0.0
1603,mp3d/x8F5xyUWy9e/x8F5xyUWy9e.glb,0,0.0,0.0,0.0,1.0,1.0,0.0,0.0,0.0,0.0,0.5592104902114793,0.11199266055447006,-0.44721782965700924,0.0,0.0,0.0,4.165524959564209,3.2585248947143555,-0.9070000648498535,79.0,147.0,68.0,13.1812162399292,24.903968811035156,11.722752571105957,0.0,0.03,0.03,1.0,1.0,0.0
1604,mp3d/x8F5xyUWy9e/x8F5xyUWy9e.glb,0,1.0,1.0,0.0,1.0,1.0,0.0,0.72988539748834,0.72988539748834,0.0,0.819127494812431,0.819127494812431,0.0,0.819127494812431,0.819127494812431,0.0,1.816319227218628,1.816319227218628,0.0,60.0,60.0,0.0,9.445995330810547,9.445995330810547,0.0,0.0,0.0,0.0,0.0,0.0,0.0
1605,mp3d/x8F5xyUWy9e/x8F5xyUWy9e.glb,0,1.0,1.0,0.0,1.0,1.0,0.0,0.9023344815440459,0.20072346954414505,-0.7016110119999008,0.9228950281700298,0.04805243955855048,-0.8748425886114793,0.9228950281700298,0.04805243955855048,-0.8748425886114793,0.05963436886668205,0.46042123436927795,0.4007868655025959,51.0,231.0,180.0,7.640729904174805,34.34822082519531,26.707490921020508,0.0,0.021897810218978103,0.021897810218978103,0.0,0.0,0.0
1606,mp3d/2azQ1b91cZZ/2azQ1b91cZZ.glb,0,1.0,1.0,0.0,1.0,1.0,0.0,0.7970906291219158,0.7970906291219158,0.0,0.8202614620291808,0.8202614620291808,0.0,0.8202614620291808,0.8202614620291808,0.0,1.8350015878677368,1.8350015878677368,0.0,44.0,44.0,0.0,8.750001907348633,8.750001907348633,0.0,0.0,0.0,0.0,0.0,0.0,0.0
1607,mp3d/2azQ1b91cZZ/2azQ1b91cZZ.glb,0,1.0,1.0,0.0,1.0,1.0,0.0,0.9620058883125336,0.7970906291219158,-0.1649152591906179,0.9126537070655448,0.8202614620291808,-0.092392245036364,0.9126537070655448,0.8202614620291808,-0.092392245036364,0.8734995722770691,1.8350015878677368,0.9615020155906677,38.0,44.0,6.0,7.250001907348633,8.750001907348633,1.5,0.0,0.0,0.0,0.0,0.0,0.0
1608,mp3d/2azQ1b91cZZ/2azQ1b91cZZ.glb,0,1.0,1.0,0.0,1.0,1.0,0.0,0.6804432416881949,0.6804432416881949,0.0,0.6916924152337551,0.6916924152337551,0.0,0.6916924152337551,0.6916924152337551,0.0,2.757472038269043,2.757472038269043,0.0,54.0,54.0,0.0,10.250001907348633,10.250001907348633,0.0,0.0,0.0,0.0,0.0,0.0,0.0
1609,mp3d/oLBMNvg9in8/oLBMNvg9in8.glb,0,0.0,0.0,0.0,0.0,0.0,0.0,0.0,0.0,0.0,0.6889748734266331,0.6889748734266331,0.0,0.0,0.0,0.0,5.497968673706055,5.497968673706055,0.0,92.0,92.0,0.0,7.491393566131592,7.491393566131592,0.0,0.9032258064516129,0.9032258064516129,0.0,0.0,0.0,0.0
1610,mp3d/oLBMNvg9in8/oLBMNvg9in8.glb,0,1.0,0.0,-1.0,1.0,0.0,-1.0,0.7842107220691081,0.0,-0.7842107220691081,0.8547541372523574,0.638938349173719,-0.21581578807863844,0.8547541372523574,0.0,-0.8547541372523574,2.160342216491699,4.442894458770752,2.2825522422790527,102.0,159.0,57.0,11.410307884216309,11.092874526977539,-0.31743335723876953,0.1111111111111111,0.6739130434782609,0.5628019323671498,0.0,0.0,0.0
1611,mp3d/oLBMNvg9in8/oLBMNvg9in8.glb,0,0.0,0.0,0.0,0.0,0.0,0.0,0.0,0.0,0.0,0.6889748734266331,0.6889748734266331,0.0,0.0,0.0,0.0,5.497968673706055,5.497968673706055,0.0,92.0,92.0,0.0,7.491393566131592,7.491393566131592,0.0,0.9032258064516129,0.9032258064516129,0.0,0.0,0.0,0.0
1612,mp3d/zsNo4HB9uLZ/zsNo4HB9uLZ.glb,0,1.0,0.0,-1.0,1.0,0.0,-1.0,0.9195396809187347,0.0,-0.9195396809187347,0.9013496944151372,0.014839638276019201,-0.886510056139118,0.9013496944151372,0.0,-0.9013496944151372,1.5295145511627197,13.845733642578125,12.316219091415405,52.0,120.0,68.0,8.236810684204102,18.486812591552734,10.250001907348633,0.058823529411764705,0.02666666666666667,-0.03215686274509803,0.0,0.0,0.0
1613,mp3d/zsNo4HB9uLZ/zsNo4HB9uLZ.glb,0,1.0,1.0,0.0,1.0,1.0,0.0,0.9195396809187347,0.9195396809187347,0.0,0.9013496944151372,0.9013496944151372,0.0,0.9013496944151372,0.9013496944151372,0.0,1.5295145511627197,1.5295145511627197,0.0,52.0,52.0,0.0,8.236810684204102,8.236810684204102,0.0,0.058823529411764705,0.058823529411764705,0.0,0.0,0.0,0.0
1614,mp3d/zsNo4HB9uLZ/zsNo4HB9uLZ.glb,0,1.0,1.0,0.0,1.0,1.0,0.0,0.8199880377859765,0.8199880377859765,0.0,0.9225855598886552,0.9225855598886552,0.0,0.9225855598886552,0.9225855598886552,0.0,0.5500553846359253,0.5500553846359253,0.0,57.0,57.0,0.0,9.236810684204102,9.236810684204102,0.0,0.05263157894736842,0.05263157894736842,0.0,0.0,0.0,0.0
1615,mp3d/QUCTc6BB5sX/QUCTc6BB5sX.glb,0,1.0,1.0,0.0,1.0,1.0,0.0,0.7670354015244523,0.7670354015244523,0.0,0.6947948359962108,0.6947948359962108,0.0,0.6947948359962108,0.6947948359962108,0.0,2.4375925064086914,2.4375925064086914,0.0,82.0,82.0,0.0,13.001280784606934,13.001280784606934,0.0,0.0,0.0,0.0,0.0,0.0,0.0
1616,mp3d/QUCTc6BB5sX/QUCTc6BB5sX.glb,0,1.0,1.0,0.0,1.0,1.0,0.0,0.7821280262323332,0.7821280262323332,0.0,0.7679925956398546,0.7679925956398546,0.0,0.7679925956398546,0.7679925956398546,0.0,1.9155676364898682,1.9155676364898682,0.0,75.0,75.0,0.0,12.750396728515625,12.750396728515625,0.0,0.0,0.0,0.0,0.0,0.0,0.0
1617,mp3d/QUCTc6BB5sX/QUCTc6BB5sX.glb,0,1.0,1.0,0.0,1.0,1.0,0.0,0.7122971455974192,0.7122971455974192,0.0,0.7972009614737047,0.7972009614737047,0.0,0.7972009614737047,0.7972009614737047,0.0,0.7705870270729065,0.7705870270729065,0.0,85.0,85.0,0.0,14.000396728515625,14.000396728515625,0.0,0.0,0.0,0.0,0.0,0.0,0.0
1618,mp3d/Z6MFQCViBuw/Z6MFQCViBuw.glb,0,0.0,0.0,0.0,0.0,0.0,0.0,0.0,0.0,0.0,0.008400629865738073,0.026830932381766134,0.018430302516028063,0.0,0.0,0.0,20.558765411376953,18.2673282623291,-2.2914371490478516,103.0,69.0,-34.0,16.263126373291016,12.513126373291016,-3.75,0.0,0.0,0.0,0.0,0.0,0.0
1619,mp3d/Z6MFQCViBuw/Z6MFQCViBuw.glb,0,0.0,0.0,0.0,0.0,0.0,0.0,0.0,0.0,0.0,2.6458404267384163e-06,0.00406661713228843,0.0040639712918616915,0.0,0.0,0.0,18.349111557006836,18.449710845947266,0.10059928894042969,252.0,118.0,-134.0,40.03338623046875,18.276386260986328,-21.756999969482422,0.03067484662576687,0.039473684210526314,0.008798837584759443,0.0,0.0,0.0
1620,mp3d/Z6MFQCViBuw/Z6MFQCViBuw.glb,0,0.0,0.0,0.0,0.0,0.0,0.0,0.0,0.0,0.0,0.017461091617194415,0.017461091617194415,0.0,0.0,0.0,0.0,20.863101959228516,20.863101959228516,0.0,72.0,72.0,0.0,13.5131196975708,13.5131196975708,0.0,0.0,0.0,0.0,0.0,0.0,0.0
1621,mp3d/2azQ1b91cZZ/2azQ1b91cZZ.glb,0,1.0,1.0,0.0,1.0,1.0,0.0,1.0,1.0,0.0,0.940546662956945,0.940546662956945,0.0,0.940546662956945,0.940546662956945,0.0,0.9423096776008606,0.9423096776008606,0.0,45.0,45.0,0.0,8.02161979675293,8.02161979675293,0.0,0.0,0.0,0.0,0.0,0.0,0.0
1622,mp3d/2azQ1b91cZZ/2azQ1b91cZZ.glb,0,1.0,1.0,0.0,1.0,1.0,0.0,1.0,1.0,0.0,0.940546662956945,0.940546662956945,0.0,0.940546662956945,0.940546662956945,0.0,0.9423096776008606,0.9423096776008606,0.0,45.0,45.0,0.0,8.02161979675293,8.02161979675293,0.0,0.0,0.0,0.0,0.0,0.0,0.0
1623,mp3d/2azQ1b91cZZ/2azQ1b91cZZ.glb,0,1.0,1.0,0.0,1.0,1.0,0.0,0.3413380593877348,1.0,0.6586619406122651,0.09049395854578927,0.940546662956945,0.8500527044111558,0.09049395854578927,0.940546662956945,0.8500527044111558,0.6019825339317322,0.9423096776008606,0.3403271436691284,163.0,45.0,-118.0,25.01936912536621,8.02161979675293,-16.99774932861328,0.0,0.0,0.0,0.0,0.0,0.0
1624,mp3d/pLe4wQe7qrG/pLe4wQe7qrG.glb,0,0.0,0.0,0.0,0.0,0.0,0.0,0.0,0.0,0.0,0.33034255480068275,0.2326904060924292,-0.09765214870825356,0.0,0.0,0.0,4.319934844970703,4.319933891296387,-9.5367431640625e-07,74.0,118.0,44.0,8.627273559570312,14.127275466918945,5.500001907348633,0.1111111111111111,0.06896551724137931,-0.042145593869731796,0.0,0.0,0.0
1625,mp3d/pLe4wQe7qrG/pLe4wQe7qrG.glb,0,1.0,0.0,-1.0,1.0,0.0,-1.0,0.5589741729355171,0.0,-0.5589741729355171,0.3916606409313153,0.0005844737911313896,-0.3910761671401839,0.3916606409313153,0.0,-0.3916606409313153,1.2521218061447144,6.695770263671875,5.443648457527161,71.0,360.0,289.0,8.911720275878906,41.53782653808594,32.62610626220703,0.10526315789473684,0.16477272727272727,0.05950956937799043,0.0,0.0,0.0
1626,mp3d/pLe4wQe7qrG/pLe4wQe7qrG.glb,0,1.0,1.0,0.0,1.0,1.0,0.0,1.0,1.0,0.0,0.5584675124947667,0.5584675124947667,0.0,0.5584675124947667,0.5584675124947667,0.0,2.8169736862182617,2.8169736862182617,0.0,42.0,42.0,0.0,4.672317028045654,4.672317028045654,0.0,0.14285714285714285,0.14285714285714285,0.0,0.0,0.0,0.0
1627,mp3d/X7HyMhZNoso/X7HyMhZNoso.glb,0,1.0,1.0,0.0,1.0,1.0,0.0,0.9699475530981871,0.9699475530981871,0.0,0.9287110174806049,0.9287110174806049,0.0,0.9287110174806049,0.9287110174806049,0.0,1.085508108139038,1.085508108139038,0.0,45.0,45.0,0.0,6.790671348571777,6.790671348571777,0.0,0.0,0.0,0.0,0.0,0.0,0.0
1628,mp3d/X7HyMhZNoso/X7HyMhZNoso.glb,0,1.0,1.0,0.0,1.0,1.0,0.0,0.9699475530981871,0.8191598403796351,-0.15078771271855207,0.9287110174806049,0.9202164953172844,-0.008494522163320473,0.9287110174806049,0.9202164953172844,-0.008494522163320473,1.085508108139038,0.6155791282653809,-0.4699289798736572,45.0,51.0,6.0,6.790671348571777,8.040671348571777,1.25,0.0,0.0,0.0,0.0,0.0,0.0
1629,mp3d/X7HyMhZNoso/X7HyMhZNoso.glb,0,1.0,1.0,0.0,1.0,1.0,0.0,0.845446401695362,0.845446401695362,0.0,0.9394923929236034,0.9394923929236034,0.0,0.9394923929236034,0.9394923929236034,0.0,0.2936773896217346,0.2936773896217346,0.0,53.0,53.0,0.0,7.790671348571777,7.790671348571777,0.0,0.0,0.0,0.0,0.0,0.0,0.0
1630,mp3d/EU6Fwq7SyZv/EU6Fwq7SyZv.glb,0,1.0,1.0,0.0,1.0,1.0,0.0,0.9305781069257872,0.9305781069257872,0.0,0.7279232667843666,0.7279232667843666,0.0,0.7279232667843666,0.7279232667843666,0.0,2.4820973873138428,2.4820973873138428,0.0,137.0,137.0,0.0,8.259271621704102,8.259271621704102,0.0,0.7758620689655172,0.7758620689655172,0.0,0.0,0.0,0.0
1631,mp3d/EU6Fwq7SyZv/EU6Fwq7SyZv.glb,0,1.0,1.0,0.0,1.0,1.0,0.0,0.9305781069257872,0.9305781069257872,0.0,0.7279232667843666,0.7279232667843666,0.0,0.7279232667843666,0.7279232667843666,0.0,2.4820973873138428,2.4820973873138428,0.0,137.0,137.0,0.0,8.259271621704102,8.259271621704102,0.0,0.7758620689655172,0.7758620689655172,0.0,0.0,0.0,0.0
1632,mp3d/EU6Fwq7SyZv/EU6Fwq7SyZv.glb,0,0.0,0.0,0.0,0.0,0.0,0.0,0.0,0.0,0.0,0.029128946555343017,0.0012652556455604769,-0.02786369090978254,0.0,0.0,0.0,13.432930946350098,12.966230392456055,-0.46670055389404297,136.0,252.0,116.0,17.534000396728516,36.60208511352539,19.068084716796875,0.04225352112676056,0.034013605442176874,-0.008239915684583689,0.0,0.0,0.0
1633,mp3d/x8F5xyUWy9e/x8F5xyUWy9e.glb,0,0.0,0.0,0.0,1.0,1.0,0.0,0.0,0.0,0.0,0.710442967660586,0.4083599773685038,-0.3020829902920822,0.0,0.0,0.0,3.3956069946289062,4.054891586303711,0.6592845916748047,75.0,241.0,166.0,8.827077865600586,23.327075958251953,14.499998092651367,0.34146341463414637,0.1414141414141414,-0.20004927322000496,1.0,1.0,0.0
1634,mp3d/x8F5xyUWy9e/x8F5xyUWy9e.glb,0,1.0,1.0,0.0,1.0,1.0,0.0,1.0,1.0,0.0,0.8053200169816864,0.8053200169816864,0.0,0.8053200169816864,0.8053200169816864,0.0,2.1242458820343018,2.1242458820343018,0.0,55.0,55.0,0.0,6.077077865600586,6.077077865600586,0.0,0.4666666666666667,0.4666666666666667,0.0,0.0,0.0,0.0
1635,mp3d/x8F5xyUWy9e/x8F5xyUWy9e.glb,0,1.0,1.0,0.0,1.0,1.0,0.0,0.8962931623055423,0.8962931623055423,0.0,0.8521248440457221,0.8521248440457221,0.0,0.8521248440457221,0.8521248440457221,0.0,0.6406126618385315,0.6406126618385315,0.0,67.0,67.0,0.0,7.577077388763428,7.577077388763428,0.0,0.3888888888888889,0.3888888888888889,0.0,0.0,0.0,0.0
1636,mp3d/zsNo4HB9uLZ/zsNo4HB9uLZ.glb,0,1.0,1.0,0.0,1.0,1.0,0.0,1.0,1.0,0.0,0.8677033814641669,0.8677033814641669,0.0,0.8677033814641669,0.8677033814641669,0.0,2.277677536010742,2.277677536010742,0.0,42.0,42.0,0.0,5.581829071044922,5.581829071044922,0.0,0.125,0.125,0.0,0.0,0.0,0.0
1637,mp3d/zsNo4HB9uLZ/zsNo4HB9uLZ.glb,0,1.0,1.0,0.0,1.0,1.0,0.0,1.0,1.0,0.0,0.8677033814641669,0.8677033814641669,0.0,0.8677033814641669,0.8677033814641669,0.0,2.277677536010742,2.277677536010742,0.0,42.0,42.0,0.0,5.581829071044922,5.581829071044922,0.0,0.125,0.125,0.0,0.0,0.0,0.0
1638,mp3d/zsNo4HB9uLZ/zsNo4HB9uLZ.glb,0,1.0,1.0,0.0,1.0,1.0,0.0,0.9045013678938651,0.9045013678938651,0.0,0.920439877093229,0.920439877093229,0.0,0.920439877093229,0.920439877093229,0.0,0.45065364241600037,0.45065364241600037,0.0,48.0,48.0,0.0,6.331829071044922,6.331829071044922,0.0,0.1111111111111111,0.1111111111111111,0.0,0.0,0.0,0.0
1639,mp3d/TbHJrupSAjP/TbHJrupSAjP.glb,0,0.0,0.0,0.0,0.0,0.0,0.0,0.0,0.0,0.0,0.47545841210913486,0.47545841210913486,0.0,0.0,0.0,0.0,8.324889183044434,8.324889183044434,0.0,61.0,61.0,0.0,10.978691101074219,10.978691101074219,0.0,0.044444444444444446,0.044444444444444446,0.0,0.0,0.0,0.0
1640,mp3d/TbHJrupSAjP/TbHJrupSAjP.glb,0,0.0,0.0,0.0,0.0,0.0,0.0,0.0,0.0,0.0,0.47545841210913486,0.47545841210913486,0.0,0.0,0.0,0.0,8.324889183044434,8.324889183044434,0.0,61.0,61.0,0.0,10.978691101074219,10.978691101074219,0.0,0.044444444444444446,0.044444444444444446,0.0,0.0,0.0,0.0
1641,mp3d/TbHJrupSAjP/TbHJrupSAjP.glb,0,0.0,0.0,0.0,0.0,0.0,0.0,0.0,0.0,0.0,0.47545841210913486,0.49023379206032874,0.014775379951193879,0.0,0.0,0.0,8.324889183044434,8.324889183044434,0.0,61.0,103.0,42.0,10.978691101074219,15.478692054748535,4.500000953674316,0.044444444444444446,0.031746031746031744,-0.012698412698412702,0.0,0.0,0.0
1642,mp3d/TbHJrupSAjP/TbHJrupSAjP.glb,0,1.0,1.0,0.0,1.0,1.0,0.0,1.0,1.0,0.0,0.9489683777774786,0.9489683777774786,0.0,0.9489683777774786,0.9489683777774786,0.0,1.3481876850128174,1.3481876850128174,0.0,30.0,30.0,0.0,5.75,5.75,0.0,0.0,0.0,0.0,0.0,0.0,0.0
1643,mp3d/TbHJrupSAjP/TbHJrupSAjP.glb,0,1.0,1.0,0.0,1.0,1.0,0.0,0.18562768708774383,0.1510718594426694,-0.03455582764507442,0.07210360797591497,0.047653272886336064,-0.02445033508957891,0.07210360797591497,0.047653272886336064,-0.02445033508957891,1.4223065376281738,1.3597204685211182,-0.06258606910705566,253.0,328.0,75.0,37.43679428100586,46.0,8.56320571899414,0.019867549668874173,0.0,-0.019867549668874173,0.0,0.0,0.0
1644,mp3d/TbHJrupSAjP/TbHJrupSAjP.glb,0,1.0,1.0,0.0,1.0,1.0,0.0,0.8966844747377858,0.8966844747377858,0.0,0.9450037550875744,0.9450037550875744,0.0,0.9450037550875744,0.9450037550875744,0.0,0.66853928565979,0.66853928565979,0.0,40.0,40.0,0.0,7.750000953674316,7.750000953674316,0.0,0.0,0.0,0.0,0.0,0.0,0.0
1645,mp3d/zsNo4HB9uLZ/zsNo4HB9uLZ.glb,0,1.0,1.0,0.0,1.0,1.0,0.0,0.600571079799073,0.600571079799073,0.0,0.8135174267665518,0.8135174267665518,0.0,0.8135174267665518,0.8135174267665518,0.0,0.21182887256145477,0.21182887256145477,0.0,72.0,72.0,0.0,9.749999046325684,9.749999046325684,0.0,0.0,0.0,0.0,0.0,0.0,0.0
1646,mp3d/zsNo4HB9uLZ/zsNo4HB9uLZ.glb,0,0.0,0.0,0.0,0.0,0.0,0.0,0.0,0.0,0.0,0.044935765113134137,0.04622128579178692,0.001285520678652785,0.0,0.0,0.0,14.99824047088623,13.76788330078125,-1.2303571701049805,80.0,89.0,9.0,14.5042724609375,14.72658920288086,0.22231674194335938,0.0,0.016666666666666666,0.016666666666666666,0.0,0.0,0.0
1647,mp3d/zsNo4HB9uLZ/zsNo4HB9uLZ.glb,0,1.0,1.0,0.0,1.0,1.0,0.0,0.16032838084618187,0.2267025562712718,0.06637417542508994,0.050978271878201434,0.1608716995839847,0.10989342770578327,0.050978271878201434,0.1608716995839847,0.10989342770578327,0.43165814876556396,0.20359168946743011,-0.22806645929813385,272.0,212.0,-60.0,36.5223388671875,25.829296112060547,-10.693042755126953,0.0,0.3416666666666667,0.3416666666666667,0.0,0.0,0.0
1648,mp3d/TbHJrupSAjP/TbHJrupSAjP.glb,0,1.0,1.0,0.0,1.0,1.0,0.0,0.999518414278597,0.999518414278597,0.0,0.8439838549149067,0.8439838549149067,0.0,0.8439838549149067,0.8439838549149067,0.0,2.8936805725097656,2.8936805725097656,0.0,78.0,78.0,0.0,11.705431938171387,11.705431938171387,0.0,0.17647058823529413,0.17647058823529413,0.0,0.0,0.0,0.0
1649,mp3d/TbHJrupSAjP/TbHJrupSAjP.glb,0,1.0,1.0,0.0,1.0,1.0,0.0,1.0,1.0,0.0,0.9136771689168434,0.9136771689168434,0.0,0.9136771689168434,0.9136771689168434,0.0,1.7073018550872803,1.7073018550872803,0.0,71.0,71.0,0.0,10.95543098449707,10.95543098449707,0.0,0.1875,0.1875,0.0,0.0,0.0,0.0
1650,mp3d/TbHJrupSAjP/TbHJrupSAjP.glb,0,0.0,0.0,0.0,0.0,0.0,0.0,0.0,0.0,0.0,0.8337480563341592,0.8337480563341592,0.0,0.0,0.0,0.0,3.2067770957946777,3.2067770957946777,0.0,64.0,64.0,0.0,9.45543098449707,9.45543098449707,0.0,0.21428571428571427,0.21428571428571427,0.0,0.0,0.0,0.0
1651,mp3d/Z6MFQCViBuw/Z6MFQCViBuw.glb,0,0.0,0.0,0.0,0.0,0.0,0.0,0.0,0.0,0.0,0.02839824435304531,0.051188937621635594,0.022790693268590283,0.0,0.0,0.0,22.215118408203125,22.221965789794922,0.006847381591796875,71.0,45.0,-26.0,14.04727554321289,11.081815719604492,-2.9654598236083984,0.0,0.0,0.0,0.0,0.0,0.0
1652,mp3d/Z6MFQCViBuw/Z6MFQCViBuw.glb,0,1.0,1.0,0.0,1.0,1.0,0.0,0.8771220525446608,0.9667907267238408,0.08966867417918001,0.8069503303233295,0.8951020935823814,0.08815176325905183,0.8069503303233295,0.8951020935823814,0.08815176325905183,0.19546794891357422,0.8031704425811768,0.6077024936676025,76.0,68.0,-8.0,13.440823554992676,12.19420337677002,-1.2466201782226562,0.0,0.0,0.0,0.0,0.0,0.0
1653,mp3d/Z6MFQCViBuw/Z6MFQCViBuw.glb,0,1.0,1.0,0.0,1.0,1.0,0.0,0.9101441257724258,0.9101441257724258,0.0,0.8800405689103222,0.8800405689103222,0.0,0.8800405689103222,0.8800405689103222,0.0,0.5913414359092712,0.5913414359092712,0.0,71.0,71.0,0.0,12.953160285949707,12.953160285949707,0.0,0.0,0.0,0.0,0.0,0.0,0.0
1654,mp3d/TbHJrupSAjP/TbHJrupSAjP.glb,0,0.0,0.0,0.0,0.0,0.0,0.0,0.0,0.0,0.0,0.7399473461693403,0.7399473461693403,0.0,0.0,0.0,0.0,3.5872504711151123,3.5872504711151123,0.0,50.0,50.0,0.0,7.999999046325684,7.999999046325684,0.0,0.0,0.0,0.0,0.0,0.0,0.0
1655,mp3d/TbHJrupSAjP/TbHJrupSAjP.glb,0,1.0,1.0,0.0,1.0,1.0,0.0,0.8343217459044349,0.8343217459044349,0.0,0.886169923746063,0.886169923746063,0.0,0.886169923746063,0.886169923746063,0.0,0.23604020476341248,0.23604020476341248,0.0,70.0,70.0,0.0,11.749998092651367,11.749998092651367,0.0,0.0,0.0,0.0,0.0,0.0,0.0
1656,mp3d/TbHJrupSAjP/TbHJrupSAjP.glb,0,1.0,1.0,0.0,1.0,1.0,0.0,0.8343217459044349,0.8343217459044349,0.0,0.886169923746063,0.886169923746063,0.0,0.886169923746063,0.886169923746063,0.0,0.23604020476341248,0.23604020476341248,0.0,70.0,70.0,0.0,11.749998092651367,11.749998092651367,0.0,0.0,0.0,0.0,0.0,0.0,0.0
1657,mp3d/Z6MFQCViBuw/Z6MFQCViBuw.glb,0,1.0,1.0,0.0,1.0,1.0,0.0,1.0,1.0,0.0,0.9207981195625377,0.9207981195625377,0.0,0.9207981195625377,0.9207981195625377,0.0,0.4830290973186493,0.4830290973186493,0.0,48.0,48.0,0.0,7.83880090713501,7.83880090713501,0.0,0.0,0.0,0.0,0.0,0.0,0.0
1658,mp3d/Z6MFQCViBuw/Z6MFQCViBuw.glb,0,1.0,1.0,0.0,1.0,1.0,0.0,1.0,1.0,0.0,0.9207981195625377,0.9207981195625377,0.0,0.9207981195625377,0.9207981195625377,0.0,0.4830290973186493,0.4830290973186493,0.0,48.0,48.0,0.0,7.83880090713501,7.83880090713501,0.0,0.0,0.0,0.0,0.0,0.0,0.0
1659,mp3d/Z6MFQCViBuw/Z6MFQCViBuw.glb,0,1.0,1.0,0.0,1.0,1.0,0.0,0.860103427546973,1.0,0.139896572453027,0.8789158256337823,0.9207981195625377,0.04188229392875531,0.8789158256337823,0.9207981195625377,0.04188229392875531,1.0933996438980103,0.4830290973186493,-0.610370546579361,54.0,48.0,-6.0,9.342597007751465,7.83880090713501,-1.503796100616455,0.0,0.0,0.0,0.0,0.0,0.0
1660,mp3d/TbHJrupSAjP/TbHJrupSAjP.glb,0,1.0,1.0,0.0,1.0,1.0,0.0,1.0,1.0,0.0,0.942538804194631,0.942538804194631,0.0,0.942538804194631,0.942538804194631,0.0,0.6168925762176514,0.6168925762176514,0.0,51.0,51.0,0.0,8.115279197692871,8.115279197692871,0.0,0.030303030303030304,0.030303030303030304,0.0,0.0,0.0,0.0
1661,mp3d/TbHJrupSAjP/TbHJrupSAjP.glb,0,1.0,1.0,0.0,1.0,1.0,0.0,1.0,1.0,0.0,0.942538804194631,0.942538804194631,0.0,0.942538804194631,0.942538804194631,0.0,0.6168925762176514,0.6168925762176514,0.0,51.0,51.0,0.0,8.115279197692871,8.115279197692871,0.0,0.030303030303030304,0.030303030303030304,0.0,0.0,0.0,0.0
1662,mp3d/TbHJrupSAjP/TbHJrupSAjP.glb,0,1.0,1.0,0.0,1.0,1.0,0.0,0.8906534379830011,0.8906534379830011,0.0,0.9109524244515124,0.9109524244515124,0.0,0.9109524244515124,0.9109524244515124,0.0,0.7344012260437012,0.7344012260437012,0.0,56.0,56.0,0.0,9.417635917663574,9.417635917663574,0.0,0.02631578947368421,0.02631578947368421,0.0,0.0,0.0,0.0
1663,mp3d/x8F5xyUWy9e/x8F5xyUWy9e.glb,0,1.0,1.0,0.0,1.0,1.0,0.0,1.0,1.0,0.0,0.9036391287603537,0.9036391287603537,0.0,0.9036391287603537,0.9036391287603537,0.0,1.9412859678268433,1.9412859678268433,0.0,28.0,28.0,0.0,6.180660247802734,6.180660247802734,0.0,0.0,0.0,0.0,0.0,0.0,0.0
1664,mp3d/x8F5xyUWy9e/x8F5xyUWy9e.glb,0,1.0,1.0,0.0,1.0,1.0,0.0,0.988674929754775,0.3362051549135363,-0.6524697748412387,0.9137117256755454,0.30221803839691197,-0.6114936872786334,0.9137117256755454,0.30221803839691197,-0.6114936872786334,0.602371335029602,0.4291534721851349,-0.17321786284446716,37.0,168.0,131.0,7.933005332946777,23.32850456237793,15.395499229431152,0.0,0.0,0.0,0.0,0.0,0.0
1665,mp3d/x8F5xyUWy9e/x8F5xyUWy9e.glb,0,1.0,1.0,0.0,1.0,1.0,0.0,1.0,1.0,0.0,0.9036391287603537,0.9036391287603537,0.0,0.9036391287603537,0.9036391287603537,0.0,1.9412859678268433,1.9412859678268433,0.0,28.0,28.0,0.0,6.180660247802734,6.180660247802734,0.0,0.0,0.0,0.0,0.0,0.0,0.0
1666,mp3d/oLBMNvg9in8/oLBMNvg9in8.glb,0,1.0,1.0,0.0,1.0,1.0,0.0,1.0,1.0,0.0,0.921337102508279,0.921337102508279,0.0,0.921337102508279,0.921337102508279,0.0,1.5968395471572876,1.5968395471572876,0.0,43.0,43.0,0.0,7.132633209228516,7.132633209228516,0.0,0.03571428571428571,0.03571428571428571,0.0,0.0,0.0,0.0
1667,mp3d/oLBMNvg9in8/oLBMNvg9in8.glb,0,1.0,1.0,0.0,1.0,1.0,0.0,1.0,1.0,0.0,0.921337102508279,0.921337102508279,0.0,0.921337102508279,0.921337102508279,0.0,1.5968395471572876,1.5968395471572876,0.0,43.0,43.0,0.0,7.132633209228516,7.132633209228516,0.0,0.03571428571428571,0.03571428571428571,0.0,0.0,0.0,0.0
1668,mp3d/oLBMNvg9in8/oLBMNvg9in8.glb,0,1.0,1.0,0.0,1.0,1.0,0.0,1.0,1.0,0.0,0.8943208767217317,0.8943208767217317,0.0,0.8943208767217317,0.8943208767217317,0.0,2.010303258895874,2.010303258895874,0.0,42.0,42.0,0.0,7.1771931648254395,7.1771931648254395,0.0,0.03571428571428571,0.03571428571428571,0.0,0.0,0.0,0.0
1669,mp3d/x8F5xyUWy9e/x8F5xyUWy9e.glb,0,1.0,1.0,0.0,1.0,1.0,0.0,0.7266352628779684,0.2854625024250256,-0.44117276045294285,0.8739410574233444,0.4052436959949449,-0.46869736142839946,0.8739410574233444,0.4052436959949449,-0.46869736142839946,0.7321216464042664,0.9442481994628906,0.21212655305862427,78.0,217.0,139.0,9.227254867553711,23.487668991088867,14.260414123535156,0.02631578947368421,0.010526315789473684,-0.015789473684210527,0.0,0.0,0.0
1670,mp3d/x8F5xyUWy9e/x8F5xyUWy9e.glb,0,1.0,1.0,0.0,1.0,1.0,0.0,0.9966693544888757,0.9966693544888757,0.0,0.8641966020383987,0.8641966020383987,0.0,0.8641966020383987,0.8641966020383987,0.0,2.4796297550201416,2.4796297550201416,0.0,49.0,49.0,0.0,6.727254867553711,6.727254867553711,0.0,0.03571428571428571,0.03571428571428571,0.0,0.0,0.0,0.0
1671,mp3d/x8F5xyUWy9e/x8F5xyUWy9e.glb,0,0.0,0.0,0.0,1.0,1.0,0.0,0.0,0.0,0.0,0.18748211121680203,0.18748211121680203,0.0,0.0,0.0,0.0,5.043406963348389,5.043406963348389,0.0,177.0,169.0,-8.0,17.437320709228516,17.437320709228516,0.0,0.014285714285714285,0.014285714285714285,0.0,1.0,1.0,0.0
1672,mp3d/oLBMNvg9in8/oLBMNvg9in8.glb,0,1.0,1.0,0.0,1.0,1.0,0.0,0.9399418980084566,0.9399418980084566,0.0,0.935268352689439,0.935268352689439,0.0,0.935268352689439,0.935268352689439,0.0,0.5777304172515869,0.5777304172515869,0.0,44.0,44.0,0.0,5.684426307678223,5.684426307678223,0.0,0.0,0.0,0.0,0.0,0.0,0.0
1673,mp3d/oLBMNvg9in8/oLBMNvg9in8.glb,0,1.0,1.0,0.0,1.0,1.0,0.0,0.31209709225697413,0.31819772334148605,0.0061006310845119205,0.45567149564398934,0.47333461644667457,0.017663120802685228,0.45567149564398934,0.47333461644667457,0.017663120802685228,0.5332215428352356,0.2588297128677368,-0.2743918299674988,147.0,144.0,-3.0,17.119770050048828,16.791542053222656,-0.3282279968261719,0.07142857142857142,0.0,-0.07142857142857142,0.0,0.0,0.0
1674,mp3d/oLBMNvg9in8/oLBMNvg9in8.glb,0,0.0,0.0,0.0,1.0,1.0,0.0,0.0,0.0,0.0,0.6180088725849486,0.6511753623853158,0.03316648980036718,0.0,0.0,0.0,3.3148036003112793,3.24833083152771,-0.06647276878356934,77.0,74.0,-3.0,10.563979148864746,10.23192024230957,-0.3320589065551758,0.0,0.0,0.0,1.0,1.0,0.0
1675,mp3d/X7HyMhZNoso/X7HyMhZNoso.glb,0,1.0,1.0,0.0,1.0,1.0,0.0,1.0,0.9032475761777128,-0.09675242382228721,0.8943358857226554,0.9186990479386012,0.02436316221594581,0.8943358857226554,0.9186990479386012,0.02436316221594581,1.2876003980636597,0.4031407833099365,-0.8844596147537231,45.0,49.0,4.0,5.227969169616699,6.179664611816406,0.951695442199707,0.0,0.0,0.0,0.0,0.0,0.0
1676,mp3d/X7HyMhZNoso/X7HyMhZNoso.glb,0,1.0,1.0,0.0,1.0,1.0,0.0,0.9032475761777128,0.9032475761777128,0.0,0.9186990479386012,0.9186990479386012,0.0,0.9186990479386012,0.9186990479386012,0.0,0.4031407833099365,0.4031407833099365,0.0,49.0,49.0,0.0,6.179664611816406,6.179664611816406,0.0,0.0,0.0,0.0,0.0,0.0,0.0
1677,mp3d/X7HyMhZNoso/X7HyMhZNoso.glb,0,1.0,1.0,0.0,1.0,1.0,0.0,0.9032475761777128,0.9032475761777128,0.0,0.9186990479386012,0.9186990479386012,0.0,0.9186990479386012,0.9186990479386012,0.0,0.4031407833099365,0.4031407833099365,0.0,49.0,49.0,0.0,6.179664611816406,6.179664611816406,0.0,0.0,0.0,0.0,0.0,0.0,0.0
1678,mp3d/zsNo4HB9uLZ/zsNo4HB9uLZ.glb,0,0.0,0.0,0.0,0.0,0.0,0.0,0.0,0.0,0.0,0.40616076625127107,0.40616076625127107,0.0,0.0,0.0,0.0,9.849843978881836,9.849843978881836,0.0,46.0,46.0,0.0,6.500515937805176,6.500515937805176,0.0,0.0,0.0,0.0,0.0,0.0,0.0
1679,mp3d/zsNo4HB9uLZ/zsNo4HB9uLZ.glb,0,1.0,0.0,-1.0,1.0,0.0,-1.0,1.0,0.0,-1.0,0.9083590772197473,0.8094384608933916,-0.09892061632635574,0.9083590772197473,0.0,-0.9083590772197473,0.8208341598510742,3.2118773460388184,2.391043186187744,68.0,54.0,-14.0,11.475486755371094,8.975485801696777,-2.5000009536743164,0.06382978723404255,0.08108108108108109,0.017251293847038537,0.0,0.0,0.0
1680,mp3d/zsNo4HB9uLZ/zsNo4HB9uLZ.glb,0,1.0,1.0,0.0,1.0,1.0,0.0,1.0,1.0,0.0,0.9083590772197473,0.9083590772197473,0.0,0.9083590772197473,0.9083590772197473,0.0,0.8208341598510742,0.8208341598510742,0.0,68.0,68.0,0.0,11.475486755371094,11.475486755371094,0.0,0.06382978723404255,0.06382978723404255,0.0,0.0,0.0,0.0
1681,mp3d/zsNo4HB9uLZ/zsNo4HB9uLZ.glb,0,1.0,1.0,0.0,1.0,1.0,0.0,0.8865478332774157,0.8865478332774157,0.0,0.44762171444183696,0.44762171444183696,0.0,0.44762171444183696,0.44762171444183696,0.0,2.7190794944763184,2.7190794944763184,0.0,57.0,57.0,0.0,11.256294250488281,11.256294250488281,0.0,0.021739130434782608,0.021739130434782608,0.0,0.0,0.0,0.0
1682,mp3d/zsNo4HB9uLZ/zsNo4HB9uLZ.glb,0,1.0,1.0,0.0,1.0,1.0,0.0,0.5052781406837173,0.42017863061373817,-0.08509951006997918,0.5069866832776163,0.2037104402758491,-0.30327624300176725,0.5069866832776163,0.2037104402758491,-0.30327624300176725,0.41031599044799805,0.924894392490387,0.5145784020423889,110.0,158.0,48.0,19.75,23.750001907348633,4.000001907348633,0.0,0.0,0.0,0.0,0.0,0.0
1683,mp3d/zsNo4HB9uLZ/zsNo4HB9uLZ.glb,0,1.0,1.0,0.0,1.0,1.0,0.0,0.9084983532591265,0.9084983532591265,0.0,0.9559057792683973,0.9559057792683973,0.0,0.9559057792683973,0.9559057792683973,0.0,0.555292546749115,0.555292546749115,0.0,54.0,54.0,0.0,10.98432731628418,10.98432731628418,0.0,0.044444444444444446,0.044444444444444446,0.0,0.0,0.0,0.0
1684,mp3d/zsNo4HB9uLZ/zsNo4HB9uLZ.glb,0,0.0,0.0,0.0,0.0,0.0,0.0,0.0,0.0,0.0,0.26535127628991456,0.26535127628991456,0.0,0.0,0.0,0.0,11.359378814697266,11.359378814697266,0.0,56.0,56.0,0.0,10.778582572937012,10.778582572937012,0.0,0.0,0.0,0.0,0.0,0.0,0.0
1685,mp3d/zsNo4HB9uLZ/zsNo4HB9uLZ.glb,0,1.0,1.0,0.0,1.0,1.0,0.0,0.9376899498293662,0.9376899498293662,0.0,0.932723981579836,0.932723981579836,0.0,0.932723981579836,0.932723981579836,0.0,1.0448497533798218,1.0448497533798218,0.0,75.0,75.0,0.0,13.778585433959961,13.778585433959961,0.0,0.0,0.0,0.0,0.0,0.0,0.0
1686,mp3d/zsNo4HB9uLZ/zsNo4HB9uLZ.glb,0,0.0,1.0,1.0,0.0,1.0,1.0,0.0,0.5734953944759449,0.5734953944759449,0.2950944531463946,0.6381288566892943,0.3430344035428997,0.0,0.6381288566892943,0.6381288566892943,9.449249267578125,0.3159027099609375,-9.133346557617188,42.0,140.0,98.0,8.528582572937012,22.528587341308594,14.000004768371582,0.0,0.0,0.0,0.0,0.0,0.0
1687,mp3d/oLBMNvg9in8/oLBMNvg9in8.glb,0,1.0,1.0,0.0,1.0,1.0,0.0,0.6559431984980372,0.6559431984980372,0.0,0.8123521949697905,0.8123521949697905,0.0,0.8123521949697905,0.8123521949697905,0.0,1.1066986322402954,1.1066986322402954,0.0,97.0,97.0,0.0,13.968944549560547,13.968944549560547,0.0,0.037037037037037035,0.037037037037037035,0.0,0.0,0.0,0.0
1688,mp3d/oLBMNvg9in8/oLBMNvg9in8.glb,0,1.0,0.0,-1.0,1.0,0.0,-1.0,0.6559431984980372,0.0,-0.6559431984980372,0.8123521949697905,0.6057199279246699,-0.2066322670451206,0.8123521949697905,0.0,-0.8123521949697905,1.1066986322402954,3.9879612922668457,2.8812626600265503,97.0,92.0,-5.0,13.968944549560547,11.962925910949707,-2.00601863861084,0.037037037037037035,0.0425531914893617,0.005516154452324666,0.0,0.0,0.0
1689,mp3d/oLBMNvg9in8/oLBMNvg9in8.glb,0,0.0,0.0,0.0,0.0,0.0,0.0,0.0,0.0,0.0,0.798408959739082,0.798408959739082,0.0,0.0,0.0,0.0,4.11892557144165,4.11892557144165,0.0,76.0,76.0,0.0,7.244314670562744,7.244314670562744,0.0,1.1379310344827587,1.1379310344827587,0.0,0.0,0.0,0.0
1690,mp3d/zsNo4HB9uLZ/zsNo4HB9uLZ.glb,0,1.0,1.0,0.0,1.0,1.0,0.0,0.3849822103425698,0.3849822103425698,0.0,0.2777342867574171,0.2777342867574171,0.0,0.2777342867574171,0.2777342867574171,0.0,1.0276503562927246,1.0276503562927246,0.0,117.0,117.0,0.0,21.000001907348633,21.000001907348633,0.0,0.0,0.0,0.0,0.0,0.0,0.0
1691,mp3d/zsNo4HB9uLZ/zsNo4HB9uLZ.glb,0,1.0,1.0,0.0,1.0,1.0,0.0,0.8101796925667016,0.9004121312438648,0.09023243867716313,0.8841139005582274,0.9283969602728115,0.04428305971458413,0.8841139005582274,0.9283969602728115,0.04428305971458413,1.1674069166183472,0.5099120736122131,-0.657494843006134,50.0,44.0,-6.0,9.97880744934082,8.97880744934082,-1.0,0.07317073170731707,0.08108108108108109,0.007910349373764017,0.0,0.0,0.0
1692,mp3d/zsNo4HB9uLZ/zsNo4HB9uLZ.glb,0,1.0,1.0,0.0,1.0,1.0,0.0,0.505289076497775,1.0,0.494710923502225,0.63794245428911,0.9554124533016697,0.3174699990125597,0.63794245428911,0.9554124533016697,0.3174699990125597,1.0276503562927246,0.7435752153396606,-0.28407514095306396,95.0,39.0,-56.0,16.000003814697266,8.000001907348633,-8.000001907348633,0.0,0.0,0.0,0.0,0.0,0.0
1693,mp3d/8194nk5LbLH/8194nk5LbLH.glb,0,1.0,1.0,0.0,1.0,1.0,0.0,0.8742055752140508,0.8742055752140508,0.0,0.8583610386494884,0.8583610386494884,0.0,0.8583610386494884,0.8583610386494884,0.0,0.6724243760108948,0.6724243760108948,0.0,39.0,39.0,0.0,7.3264007568359375,7.3264007568359375,0.0,0.10714285714285714,0.10714285714285714,0.0,0.0,0.0,0.0
1694,mp3d/8194nk5LbLH/8194nk5LbLH.glb,0,1.0,1.0,0.0,1.0,1.0,0.0,0.8742055752140508,0.8742055752140508,0.0,0.8583610386494884,0.8583610386494884,0.0,0.8583610386494884,0.8583610386494884,0.0,0.6724243760108948,0.6724243760108948,0.0,39.0,39.0,0.0,7.3264007568359375,7.3264007568359375,0.0,0.10714285714285714,0.10714285714285714,0.0,0.0,0.0,0.0
1695,mp3d/8194nk5LbLH/8194nk5LbLH.glb,0,1.0,1.0,0.0,1.0,1.0,0.0,1.0,1.0,0.0,0.8916604230140834,0.8916604230140834,0.0,0.8916604230140834,0.8916604230140834,0.0,1.2242306470870972,1.2242306470870972,0.0,30.0,30.0,0.0,6.07008171081543,6.07008171081543,0.0,0.13043478260869565,0.13043478260869565,0.0,0.0,0.0,0.0
1696,mp3d/Z6MFQCViBuw/Z6MFQCViBuw.glb,0,0.0,0.0,0.0,0.0,0.0,0.0,0.0,0.0,0.0,0.04443568607572962,0.04443568607572962,0.0,0.0,0.0,0.0,27.201786041259766,27.201786041259766,0.0,65.0,65.0,0.0,12.896427154541016,12.896427154541016,0.0,0.0,0.0,0.0,0.0,0.0,0.0
1697,mp3d/Z6MFQCViBuw/Z6MFQCViBuw.glb,0,0.0,0.0,0.0,0.0,0.0,0.0,0.0,0.0,0.0,0.046337021661079655,0.04443568607572962,-0.0019013355853500363,0.0,0.0,0.0,26.49826431274414,27.201786041259766,0.703521728515625,73.0,65.0,-8.0,12.602462768554688,12.896427154541016,0.2939643859863281,0.0,0.0,0.0,0.0,0.0,0.0
1698,mp3d/Z6MFQCViBuw/Z6MFQCViBuw.glb,0,0.0,0.0,0.0,0.0,0.0,0.0,0.0,0.0,0.0,0.046337021661079655,0.046337021661079655,0.0,0.0,0.0,0.0,26.49826431274414,26.49826431274414,0.0,73.0,73.0,0.0,12.602462768554688,12.602462768554688,0.0,0.0,0.0,0.0,0.0,0.0,0.0
1699,mp3d/QUCTc6BB5sX/QUCTc6BB5sX.glb,0,0.0,0.0,0.0,0.0,0.0,0.0,0.0,0.0,0.0,0.46535041300311863,0.46535041300311863,0.0,0.0,0.0,0.0,5.751653671264648,5.751653671264648,0.0,90.0,90.0,0.0,16.261760711669922,16.261760711669922,0.0,0.015151515151515152,0.015151515151515152,0.0,0.0,0.0,0.0
1700,mp3d/QUCTc6BB5sX/QUCTc6BB5sX.glb,0,0.0,0.0,0.0,0.0,0.0,0.0,0.0,0.0,0.0,0.23497989144691342,0.2632673404287039,0.028287448981790503,0.0,0.0,0.0,4.317237854003906,7.085037708282471,2.7677998542785645,106.0,98.0,-8.0,20.30272102355957,17.755861282348633,-2.5468597412109375,0.0,0.0,0.0,0.0,0.0,0.0
1701,mp3d/QUCTc6BB5sX/QUCTc6BB5sX.glb,0,0.0,0.0,0.0,0.0,0.0,0.0,0.0,0.0,0.0,0.49091493200027575,0.49091493200027575,0.0,0.0,0.0,0.0,5.14169454574585,5.14169454574585,0.0,89.0,89.0,0.0,15.752689361572266,15.752689361572266,0.0,0.015625,0.015625,0.0,0.0,0.0,0.0
1702,mp3d/oLBMNvg9in8/oLBMNvg9in8.glb,0,1.0,1.0,0.0,1.0,1.0,0.0,0.18513765503423224,0.2334431169241684,0.04830546188993615,0.14828173888382756,0.3617132209179276,0.21343148203410006,0.14828173888382756,0.3617132209179276,0.21343148203410006,1.4045917987823486,1.6656256914138794,0.26103389263153076,246.0,180.0,-66.0,32.62506866455078,25.87409210205078,-6.7509765625,0.06779661016949153,0.05434782608695652,-0.013448784082535005,0.0,0.0,0.0
1703,mp3d/oLBMNvg9in8/oLBMNvg9in8.glb,0,1.0,1.0,0.0,1.0,1.0,0.0,0.2334431169241684,0.2334431169241684,0.0,0.3617132209179276,0.3617132209179276,0.0,0.3617132209179276,0.3617132209179276,0.0,1.6656256914138794,1.6656256914138794,0.0,180.0,180.0,0.0,25.87409210205078,25.87409210205078,0.0,0.05434782608695652,0.05434782608695652,0.0,0.0,0.0,0.0
1704,mp3d/oLBMNvg9in8/oLBMNvg9in8.glb,0,1.0,1.0,0.0,1.0,1.0,0.0,0.22266957074838933,0.22266957074838933,0.0,0.3160018703036077,0.3160018703036077,0.0,0.3160018703036077,0.3160018703036077,0.0,2.0373737812042236,2.0373737812042236,0.0,192.0,192.0,0.0,27.125972747802734,27.125972747802734,0.0,0.05154639175257732,0.05154639175257732,0.0,0.0,0.0,0.0
1705,mp3d/QUCTc6BB5sX/QUCTc6BB5sX.glb,0,1.0,1.0,0.0,1.0,1.0,0.0,1.0,1.0,0.0,0.9059418601734117,0.9059418601734117,0.0,0.9059418601734117,0.9059418601734117,0.0,2.436432361602783,2.436432361602783,0.0,58.0,58.0,0.0,10.810992240905762,10.810992240905762,0.0,0.0,0.0,0.0,0.0,0.0,0.0
1706,mp3d/QUCTc6BB5sX/QUCTc6BB5sX.glb,0,1.0,1.0,0.0,1.0,1.0,0.0,0.8672374338472502,0.8672374338472502,0.0,0.8326249553089683,0.8326249553089683,0.0,0.8326249553089683,0.8326249553089683,0.0,2.5190508365631104,2.5190508365631104,0.0,100.0,100.0,0.0,15.07921314239502,15.07921314239502,0.0,0.0,0.0,0.0,0.0,0.0,0.0
1707,mp3d/QUCTc6BB5sX/QUCTc6BB5sX.glb,0,1.0,1.0,0.0,1.0,1.0,0.0,1.0,1.0,0.0,0.9059418601734117,0.9059418601734117,0.0,0.9059418601734117,0.9059418601734117,0.0,2.436432361602783,2.436432361602783,0.0,58.0,58.0,0.0,10.810992240905762,10.810992240905762,0.0,0.0,0.0,0.0,0.0,0.0,0.0
1708,mp3d/TbHJrupSAjP/TbHJrupSAjP.glb,0,1.0,1.0,0.0,1.0,1.0,0.0,0.910889559013899,0.909938063514652,-0.0009514954992470015,0.8764038395888161,0.8649016229653113,-0.011502216623504813,0.8764038395888161,0.8649016229653113,-0.011502216623504813,1.8394018411636353,1.926414132118225,0.08701229095458984,64.0,63.0,-1.0,10.75,10.76124095916748,0.011240959167480469,0.0,0.0,0.0,0.0,0.0,0.0
1709,mp3d/TbHJrupSAjP/TbHJrupSAjP.glb,0,1.0,1.0,0.0,1.0,1.0,0.0,1.0,1.0,0.0,0.9189728519282846,0.9157093063725398,-0.003263545555744818,0.9189728519282846,0.9157093063725398,-0.003263545555744818,1.9800286293029785,1.678736925125122,-0.30129170417785645,49.0,58.0,9.0,8.26124095916748,9.76124095916748,1.5,0.0,0.0,0.0,0.0,0.0,0.0
1710,mp3d/TbHJrupSAjP/TbHJrupSAjP.glb,0,0.0,0.0,0.0,0.0,0.0,0.0,0.0,0.0,0.0,0.8485561451532742,0.8485561451532742,0.0,0.0,0.0,0.0,3.229813575744629,3.229813575744629,0.0,44.0,44.0,0.0,7.000000953674316,7.000000953674316,0.0,0.0,0.0,0.0,0.0,0.0,0.0
1711,mp3d/TbHJrupSAjP/TbHJrupSAjP.glb,0,1.0,1.0,0.0,1.0,1.0,0.0,0.893175277709961,0.893175277709961,0.0,0.9279103174695094,0.9279103174695094,0.0,0.9279103174695094,0.9279103174695094,0.0,0.13462485373020172,0.13462485373020172,0.0,39.0,39.0,0.0,6.25,6.25,0.0,0.0,0.0,0.0,0.0,0.0,0.0
1712,mp3d/TbHJrupSAjP/TbHJrupSAjP.glb,0,1.0,1.0,0.0,1.0,1.0,0.0,1.0,1.0,0.0,0.9152708154941402,0.9152708154941402,0.0,0.9152708154941402,0.9152708154941402,0.0,1.2330052852630615,1.2330052852630615,0.0,31.0,31.0,0.0,4.999999046325684,4.999999046325684,0.0,0.0,0.0,0.0,0.0,0.0,0.0
1713,mp3d/TbHJrupSAjP/TbHJrupSAjP.glb,0,1.0,1.0,0.0,1.0,1.0,0.0,0.858822382413424,0.858822382413424,0.0,0.8860094606910442,0.8860094606910442,0.0,0.8860094606910442,0.8860094606910442,0.0,1.5348809957504272,1.5348809957504272,0.0,38.0,38.0,0.0,6.5,6.5,0.0,0.0,0.0,0.0,0.0,0.0,0.0
1714,mp3d/2azQ1b91cZZ/2azQ1b91cZZ.glb,0,1.0,1.0,0.0,1.0,1.0,0.0,0.71006928239918,0.71006928239918,0.0,0.7352119651721908,0.7352119651721908,0.0,0.7352119651721908,0.7352119651721908,0.0,0.3765071630477905,0.3765071630477905,0.0,60.0,60.0,0.0,9.256982803344727,9.256982803344727,0.0,0.0,0.0,0.0,0.0,0.0,0.0
1715,mp3d/2azQ1b91cZZ/2azQ1b91cZZ.glb,0,0.0,1.0,1.0,0.0,1.0,1.0,0.0,0.6264481240260025,0.6264481240260025,0.32961295603812973,0.7355914341997898,0.40597847816166005,0.0,0.7355914341997898,0.7355914341997898,9.204621315002441,0.2653522789478302,-8.939269036054611,50.0,77.0,27.0,7.194429397583008,10.492647171020508,3.2982177734375,0.1,0.023255813953488372,-0.07674418604651163,0.0,0.0,0.0
1716,mp3d/2azQ1b91cZZ/2azQ1b91cZZ.glb,0,1.0,1.0,0.0,1.0,1.0,0.0,0.5369267979709502,0.5369267979709502,0.0,0.4823398586320942,0.4823398586320942,0.0,0.4823398586320942,0.4823398586320942,0.0,0.732200562953949,0.732200562953949,0.0,70.0,70.0,0.0,12.242076873779297,12.242076873779297,0.0,0.04,0.04,0.0,0.0,0.0,0.0
1717,mp3d/QUCTc6BB5sX/QUCTc6BB5sX.glb,0,1.0,1.0,0.0,1.0,1.0,0.0,0.9345072861647976,1.0,0.06549271383520239,0.9197930637403304,0.9482064068399515,0.02841334309962107,0.9197930637403304,0.9482064068399515,0.02841334309962107,0.2215721309185028,1.0691689252853394,0.8475967943668365,62.0,59.0,-3.0,11.424134254455566,10.646197319030762,-0.7779369354248047,0.0425531914893617,0.022727272727272728,-0.019825918762088973,0.0,0.0,0.0
1718,mp3d/QUCTc6BB5sX/QUCTc6BB5sX.glb,0,1.0,1.0,0.0,1.0,1.0,0.0,0.9345072861647976,0.9660601390080273,0.03155285284322973,0.9197930637403304,0.9382754740506635,0.01848241031033304,0.9197930637403304,0.9382754740506635,0.01848241031033304,0.2215721309185028,0.15018780529499054,-0.07138432562351227,62.0,64.0,2.0,11.424134254455566,11.051006317138672,-0.37312793731689453,0.0425531914893617,0.0,-0.0425531914893617,0.0,0.0,0.0
1719,mp3d/QUCTc6BB5sX/QUCTc6BB5sX.glb,0,0.0,0.0,0.0,0.0,0.0,0.0,0.0,0.0,0.0,0.0004348436941046845,9.829530096038463e-05,-0.0003365483931442999,0.0,0.0,0.0,18.587099075317383,12.078656196594238,-6.5084428787231445,427.0,531.0,104.0,66.3179931640625,77.51583862304688,11.197845458984375,0.0037593984962406013,0.003215434083601286,-0.0005439644126393152,0.0,0.0,0.0
1720,mp3d/zsNo4HB9uLZ/zsNo4HB9uLZ.glb,0,1.0,1.0,0.0,1.0,1.0,0.0,0.42255462760856394,0.3708334011842197,-0.051721226424344235,0.4977717364109571,0.39414010237015434,-0.10363163404080278,0.4977717364109571,0.39414010237015434,-0.10363163404080278,1.7703149318695068,1.7995572090148926,0.029242277145385742,108.0,140.0,32.0,16.857887268066406,19.2091064453125,2.3512191772460938,0.0,0.03896103896103896,0.03896103896103896,0.0,0.0,0.0
1721,mp3d/zsNo4HB9uLZ/zsNo4HB9uLZ.glb,0,1.0,1.0,0.0,1.0,1.0,0.0,0.6190853050813392,0.7301315534295659,0.11104624834822674,0.7482179857922167,0.8613995793428553,0.11318159355063862,0.7482179857922167,0.8613995793428553,0.11318159355063862,1.7851946353912354,1.832137942314148,0.0469433069229126,69.0,54.0,-15.0,11.506295204162598,9.756294250488281,-1.7500009536743164,0.02127659574468085,0.025,0.003723404255319151,0.0,0.0,0.0
1722,mp3d/zsNo4HB9uLZ/zsNo4HB9uLZ.glb,0,1.0,1.0,0.0,1.0,1.0,0.0,1.0,1.0,0.0,0.9403282256669503,0.9403282256669503,0.0,0.9403282256669503,0.9403282256669503,0.0,1.018275260925293,1.018275260925293,0.0,36.0,36.0,0.0,7.006293773651123,7.006293773651123,0.0,0.034482758620689655,0.034482758620689655,0.0,0.0,0.0,0.0
1723,mp3d/QUCTc6BB5sX/QUCTc6BB5sX.glb,0,0.0,0.0,0.0,0.0,0.0,0.0,0.0,0.0,0.0,0.035918717838916946,0.1368826016147948,0.10096388377587784,0.0,0.0,0.0,10.69414234161377,10.941789627075195,0.24764728546142578,131.0,87.0,-44.0,21.52176856994629,15.771766662597656,-5.750001907348633,0.011494252873563218,0.015625,0.004130747126436782,0.0,0.0,0.0
1724,mp3d/QUCTc6BB5sX/QUCTc6BB5sX.glb,0,1.0,1.0,0.0,1.0,1.0,0.0,0.8338643803000307,0.8338643803000307,0.0,0.8170266994358837,0.8170266994358837,0.0,0.8170266994358837,0.8170266994358837,0.0,0.8543504476547241,0.8543504476547241,0.0,81.0,81.0,0.0,14.331685066223145,14.331685066223145,0.0,0.0,0.0,0.0,0.0,0.0,0.0
1725,mp3d/QUCTc6BB5sX/QUCTc6BB5sX.glb,0,1.0,0.0,-1.0,1.0,0.0,-1.0,0.731647959755619,0.0,-0.731647959755619,0.796266927572827,0.00013459300335018815,-0.7961323345694769,0.796266927572827,0.0,-0.796266927572827,0.8155709505081177,13.435824394226074,12.620253443717957,105.0,324.0,219.0,16.33392333984375,49.77538299560547,33.44145965576172,0.0,0.0,0.0,0.0,0.0,0.0
1726,mp3d/x8F5xyUWy9e/x8F5xyUWy9e.glb,0,1.0,1.0,0.0,1.0,1.0,0.0,0.7909383486719684,0.7909383486719684,0.0,0.8962643621263032,0.8962643621263032,0.0,0.8962643621263032,0.8962643621263032,0.0,0.037330176681280136,0.037330176681280136,0.0,71.0,71.0,0.0,11.957843780517578,11.957843780517578,0.0,0.020833333333333332,0.020833333333333332,0.0,0.0,0.0,0.0
1727,mp3d/x8F5xyUWy9e/x8F5xyUWy9e.glb,0,1.0,1.0,0.0,1.0,1.0,0.0,0.7909383486719684,0.7909383486719684,0.0,0.8962643621263032,0.8962643621263032,0.0,0.8962643621263032,0.8962643621263032,0.0,0.037330176681280136,0.037330176681280136,0.0,71.0,71.0,0.0,11.957843780517578,11.957843780517578,0.0,0.020833333333333332,0.020833333333333332,0.0,0.0,0.0,0.0
1728,mp3d/x8F5xyUWy9e/x8F5xyUWy9e.glb,0,1.0,1.0,0.0,1.0,1.0,0.0,0.8439799439828545,0.7909383486719684,-0.053041595310886036,0.8958436834147188,0.8962643621263032,0.0004206787115844657,0.8958436834147188,0.8962643621263032,0.0004206787115844657,0.11547481268644333,0.037330176681280136,-0.07814463600516319,68.0,71.0,3.0,11.206329345703125,11.957843780517578,0.7515144348144531,0.022222222222222223,0.020833333333333332,-0.001388888888888891,0.0,0.0,0.0
1729,mp3d/2azQ1b91cZZ/2azQ1b91cZZ.glb,0,1.0,1.0,0.0,1.0,1.0,0.0,0.9834805682296217,0.9834805682296217,0.0,0.9295632506966578,0.9295632506966578,0.0,0.9295632506966578,0.9295632506966578,0.0,1.2231998443603516,1.2231998443603516,0.0,61.0,61.0,0.0,10.668645858764648,10.668645858764648,0.0,0.022727272727272728,0.022727272727272728,0.0,0.0,0.0,0.0
1730,mp3d/2azQ1b91cZZ/2azQ1b91cZZ.glb,0,0.0,0.0,0.0,0.0,0.0,0.0,0.0,0.0,0.0,0.0584875402224657,0.21808188157676744,0.15959434135430173,0.0,0.0,0.0,9.641897201538086,8.70112133026123,-0.9407758712768555,304.0,120.0,-184.0,33.528648376464844,18.25,-15.278648376464844,0.014705882352941176,0.0,-0.014705882352941176,0.0,0.0,0.0
1731,mp3d/2azQ1b91cZZ/2azQ1b91cZZ.glb,0,1.0,1.0,0.0,1.0,1.0,0.0,0.9834805682296217,0.9834805682296217,0.0,0.9295632506966578,0.9295632506966578,0.0,0.9295632506966578,0.9295632506966578,0.0,1.2231998443603516,1.2231998443603516,0.0,61.0,61.0,0.0,10.668645858764648,10.668645858764648,0.0,0.022727272727272728,0.022727272727272728,0.0,0.0,0.0,0.0
1732,mp3d/zsNo4HB9uLZ/zsNo4HB9uLZ.glb,0,1.0,0.0,-1.0,1.0,1.0,0.0,0.624532193097437,0.0,-0.624532193097437,0.740232852266029,0.08224910864513856,-0.6579837436208904,0.740232852266029,0.0,-0.740232852266029,1.9671721458435059,5.718750476837158,3.7515783309936523,71.0,255.0,184.0,8.577947616577148,31.575565338134766,22.997617721557617,0.15384615384615385,0.05343511450381679,-0.10041103934233706,0.0,1.0,1.0
1733,mp3d/zsNo4HB9uLZ/zsNo4HB9uLZ.glb,0,1.0,1.0,0.0,1.0,1.0,0.0,0.9192265939415282,0.19233800213544694,-0.7268885918060812,0.9006775737144754,0.12714869161232858,-0.7735288821021469,0.9006775737144754,0.12714869161232858,-0.7735288821021469,0.6158466935157776,1.3513134717941284,0.7354667782783508,51.0,234.0,183.0,5.827947616577148,27.853073120117188,22.02512550354004,0.21428571428571427,0.06837606837606838,-0.1459096459096459,0.0,0.0,0.0
1734,mp3d/zsNo4HB9uLZ/zsNo4HB9uLZ.glb,0,1.0,1.0,0.0,1.0,1.0,0.0,0.624532193097437,0.6129472520009532,-0.01158494109648378,0.740232852266029,0.6958774591312318,-0.044355393134797194,0.740232852266029,0.6958774591312318,-0.044355393134797194,1.9671721458435059,1.7810183763504028,-0.18615376949310303,71.0,65.0,-6.0,8.577947616577148,8.740074157714844,0.1621265411376953,0.15384615384615385,0.2,0.046153846153846156,0.0,0.0,0.0
1735,mp3d/oLBMNvg9in8/oLBMNvg9in8.glb,0,1.0,1.0,0.0,1.0,1.0,0.0,1.0,1.0,0.0,0.9056353866275562,0.9056353866275562,0.0,0.9056353866275562,0.9056353866275562,0.0,1.6154026985168457,1.6154026985168457,0.0,50.0,50.0,0.0,7.44701623916626,7.44701623916626,0.0,0.0967741935483871,0.0967741935483871,0.0,0.0,0.0,0.0
1736,mp3d/oLBMNvg9in8/oLBMNvg9in8.glb,0,1.0,1.0,0.0,1.0,1.0,0.0,1.0,1.0,0.0,0.9056353866275562,0.9056353866275562,0.0,0.9056353866275562,0.9056353866275562,0.0,1.6154026985168457,1.6154026985168457,0.0,50.0,50.0,0.0,7.44701623916626,7.44701623916626,0.0,0.0967741935483871,0.0967741935483871,0.0,0.0,0.0,0.0
1737,mp3d/oLBMNvg9in8/oLBMNvg9in8.glb,0,1.0,1.0,0.0,1.0,1.0,0.0,1.0,1.0,0.0,0.7523946436234672,0.9056353866275562,0.15324074300408896,0.7523946436234672,0.9056353866275562,0.15324074300408896,1.6399086713790894,1.6154026985168457,-0.024505972862243652,45.0,50.0,5.0,7.250001430511475,7.44701623916626,0.19701480865478516,0.0,0.0967741935483871,0.0967741935483871,0.0,0.0,0.0
1738,mp3d/X7HyMhZNoso/X7HyMhZNoso.glb,0,1.0,1.0,0.0,1.0,1.0,0.0,0.9805918519172551,0.9805918519172551,0.0,0.9423040470562591,0.9423040470562591,0.0,0.9423040470562591,0.9423040470562591,0.0,0.37057822942733765,0.37057822942733765,0.0,36.0,36.0,0.0,5.999999523162842,5.999999523162842,0.0,0.0,0.0,0.0,0.0,0.0,0.0
1739,mp3d/X7HyMhZNoso/X7HyMhZNoso.glb,0,1.0,1.0,0.0,1.0,1.0,0.0,0.9805918519172551,0.9805918519172551,0.0,0.9423040470562591,0.9423040470562591,0.0,0.9423040470562591,0.9423040470562591,0.0,0.37057822942733765,0.37057822942733765,0.0,36.0,36.0,0.0,5.999999523162842,5.999999523162842,0.0,0.0,0.0,0.0,0.0,0.0,0.0
1740,mp3d/X7HyMhZNoso/X7HyMhZNoso.glb,0,1.0,1.0,0.0,1.0,1.0,0.0,0.9805918519172551,0.9805918519172551,0.0,0.9423040470562591,0.9423040470562591,0.0,0.9423040470562591,0.9423040470562591,0.0,0.37057822942733765,0.37057822942733765,0.0,36.0,36.0,0.0,5.999999523162842,5.999999523162842,0.0,0.0,0.0,0.0,0.0,0.0,0.0
1741,mp3d/QUCTc6BB5sX/QUCTc6BB5sX.glb,0,1.0,1.0,0.0,1.0,1.0,0.0,1.0,1.0,0.0,0.9627641506509429,0.9627641506509429,0.0,0.9627641506509429,0.9627641506509429,0.0,1.0697436332702637,1.0697436332702637,0.0,53.0,53.0,0.0,6.750000953674316,6.750000953674316,0.0,0.0,0.0,0.0,0.0,0.0,0.0
1742,mp3d/QUCTc6BB5sX/QUCTc6BB5sX.glb,0,1.0,1.0,0.0,1.0,1.0,0.0,1.0,1.0,0.0,0.9627641506509429,0.9627641506509429,0.0,0.9627641506509429,0.9627641506509429,0.0,1.0697436332702637,1.0697436332702637,0.0,53.0,53.0,0.0,6.750000953674316,6.750000953674316,0.0,0.0,0.0,0.0,0.0,0.0,0.0
1743,mp3d/QUCTc6BB5sX/QUCTc6BB5sX.glb,0,1.0,1.0,0.0,1.0,1.0,0.0,0.9051569163221647,0.9051569163221647,0.0,0.9623723921153499,0.9623723921153499,0.0,0.9623723921153499,0.9623723921153499,0.0,0.20919592678546906,0.20919592678546906,0.0,58.0,58.0,0.0,7.750000953674316,7.750000953674316,0.0,0.0,0.0,0.0,0.0,0.0,0.0
1744,mp3d/EU6Fwq7SyZv/EU6Fwq7SyZv.glb,0,0.0,0.0,0.0,1.0,0.0,-1.0,0.0,0.0,0.0,0.08239298375037035,0.1745795211640468,0.09218653741367644,0.0,0.0,0.0,4.7108869552612305,11.531665802001953,6.820778846740723,101.0,43.0,-58.0,16.018108367919922,9.52635383605957,-6.491754531860352,0.0,0.0,0.0,1.0,0.0,-1.0
1745,mp3d/EU6Fwq7SyZv/EU6Fwq7SyZv.glb,0,0.0,0.0,0.0,0.0,0.0,0.0,0.0,0.0,0.0,0.0003374764976637767,0.11158279612903893,0.11124531963137516,0.0,0.0,0.0,8.17017936706543,10.499364852905273,2.3291854858398438,406.0,78.0,-328.0,58.37043762207031,12.306037902832031,-46.06439971923828,0.012711864406779662,0.0,-0.012711864406779662,0.0,0.0,0.0
1746,mp3d/EU6Fwq7SyZv/EU6Fwq7SyZv.glb,0,0.0,0.0,0.0,0.0,0.0,0.0,0.0,0.0,0.0,0.12790412996420245,0.2508519398375786,0.12294780987337614,0.0,0.0,0.0,5.519128322601318,10.499364852905273,4.980236530303955,65.0,38.0,-27.0,12.278717041015625,8.27635383605957,-4.002363204956055,0.06,0.0,-0.06,0.0,0.0,0.0
1747,mp3d/oLBMNvg9in8/oLBMNvg9in8.glb,0,1.0,1.0,0.0,1.0,1.0,0.0,0.9408879350678984,1.0,0.05911206493210164,0.9505666518478793,0.9268841758767586,-0.02368247597112061,0.9505666518478793,0.9268841758767586,-0.02368247597112061,0.3352038264274597,1.2231626510620117,0.887958824634552,46.0,41.0,-5.0,6.779401779174805,5.755955219268799,-1.0234465599060059,0.0,0.0,0.0,0.0,0.0,0.0
1748,mp3d/oLBMNvg9in8/oLBMNvg9in8.glb,0,1.0,1.0,0.0,1.0,1.0,0.0,0.2742246259155264,0.27137553270857856,-0.002849093206947817,0.19305746428101625,0.3143249570763799,0.12126749279536367,0.19305746428101625,0.3143249570763799,0.12126749279536367,0.9398965239524841,1.234520435333252,0.2946239113807678,166.0,167.0,1.0,23.26070213317871,23.50490951538086,0.24420738220214844,0.021505376344086023,0.0425531914893617,0.021047815145275678,0.0,0.0,0.0
1749,mp3d/oLBMNvg9in8/oLBMNvg9in8.glb,0,1.0,1.0,0.0,1.0,1.0,0.0,0.6690415106388342,0.7975058131656345,0.1284643025268003,0.7927525513563721,0.8269233915817377,0.03417084022536554,0.7927525513563721,0.8269233915817377,0.03417084022536554,1.0454730987548828,0.4443284869194031,-0.6011446118354797,59.0,53.0,-6.0,9.53402328491211,7.998258113861084,-1.5357651710510254,0.02631578947368421,0.030303030303030304,0.003987240829346095,0.0,0.0,0.0
1750,mp3d/QUCTc6BB5sX/QUCTc6BB5sX.glb,0,0.0,1.0,1.0,0.0,1.0,1.0,0.0,0.6202854939242226,0.6202854939242226,0.28122991976121414,0.43222282065138534,0.1509929008901712,0.0,0.43222282065138534,0.43222282065138534,13.342198371887207,2.7440483570098877,-10.59815001487732,199.0,154.0,-45.0,26.155397415161133,24.26025390625,-1.8951435089111328,0.2543859649122807,0.09090909090909091,-0.1634768740031898,0.0,0.0,0.0
1751,mp3d/QUCTc6BB5sX/QUCTc6BB5sX.glb,0,0.0,0.0,0.0,0.0,0.0,0.0,0.0,0.0,0.0,0.15172231124874286,0.18773916124232806,0.036016849993585204,0.0,0.0,0.0,17.00408172607422,16.900318145751953,-0.10376358032226562,309.0,253.0,-56.0,27.832632064819336,20.338130950927734,-7.494501113891602,0.4838709677419355,0.6354166666666666,0.15154569892473113,0.0,0.0,0.0
1752,mp3d/QUCTc6BB5sX/QUCTc6BB5sX.glb,0,0.0,0.0,0.0,0.0,0.0,0.0,0.0,0.0,0.0,0.1558656936820279,0.16619861980965828,0.01033292612763037,0.0,0.0,0.0,17.064762115478516,16.92658805847168,-0.13817405700683594,272.0,264.0,-8.0,25.056791305541992,24.050304412841797,-1.0064868927001953,0.4649122807017544,0.5175438596491229,0.052631578947368474,0.0,0.0,0.0
1753,mp3d/zsNo4HB9uLZ/zsNo4HB9uLZ.glb,0,1.0,1.0,0.0,1.0,1.0,0.0,1.0,1.0,0.0,0.8733703461622075,0.8733703461622075,0.0,0.8733703461622075,0.8733703461622075,0.0,2.3278675079345703,2.3278675079345703,0.0,46.0,46.0,0.0,6.499998092651367,6.499998092651367,0.0,0.0,0.0,0.0,0.0,0.0,0.0
1754,mp3d/zsNo4HB9uLZ/zsNo4HB9uLZ.glb,0,1.0,1.0,0.0,1.0,1.0,0.0,0.8864833106956044,0.8864833106956044,0.0,0.8580144807119156,0.8580144807119156,0.0,0.8580144807119156,0.8580144807119156,0.0,2.5010106563568115,2.5010106563568115,0.0,54.0,54.0,0.0,8.249998092651367,8.249998092651367,0.0,0.0,0.0,0.0,0.0,0.0,0.0
1755,mp3d/zsNo4HB9uLZ/zsNo4HB9uLZ.glb,0,1.0,1.0,0.0,1.0,1.0,0.0,0.8358270193728877,0.8358270193728877,0.0,0.9162270417077968,0.9162270417077968,0.0,0.9162270417077968,0.9162270417077968,0.0,0.568798303604126,0.568798303604126,0.0,60.0,60.0,0.0,8.749999046325684,8.749999046325684,0.0,0.0,0.0,0.0,0.0,0.0,0.0
1756,mp3d/2azQ1b91cZZ/2azQ1b91cZZ.glb,0,0.0,0.0,0.0,0.0,0.0,0.0,0.0,0.0,0.0,0.6326584055705909,0.6326584055705909,0.0,0.0,0.0,0.0,6.056343078613281,6.056343078613281,0.0,63.0,63.0,0.0,11.708389282226562,11.708389282226562,0.0,0.13725490196078433,0.13725490196078433,0.0,0.0,0.0,0.0
1757,mp3d/2azQ1b91cZZ/2azQ1b91cZZ.glb,0,1.0,1.0,0.0,1.0,1.0,0.0,0.9577668994443967,0.9577668994443967,0.0,0.9403447391597791,0.9403447391597791,0.0,0.9403447391597791,0.9403447391597791,0.0,0.7504681348800659,0.7504681348800659,0.0,91.0,91.0,0.0,14.034173965454102,14.034173965454102,0.0,0.2459016393442623,0.2459016393442623,0.0,0.0,0.0,0.0
1758,mp3d/2azQ1b91cZZ/2azQ1b91cZZ.glb,0,0.0,0.0,0.0,0.0,0.0,0.0,0.0,0.0,0.0,0.4626904133285656,0.2245078649747953,-0.23818254835377028,0.0,0.0,0.0,5.189698696136475,6.0342326164245605,0.8445339202880859,187.0,266.0,79.0,23.958393096923828,36.70838928222656,12.749996185302734,0.07,0.046357615894039736,-0.02364238410596027,0.0,0.0,0.0
1759,mp3d/X7HyMhZNoso/X7HyMhZNoso.glb,0,0.0,0.0,0.0,0.0,0.0,0.0,0.0,0.0,0.0,0.8063738858211245,0.8063738858211245,0.0,0.0,0.0,0.0,3.7091476917266846,3.7091476917266846,0.0,42.0,42.0,0.0,6.7086286544799805,6.7086286544799805,0.0,0.034482758620689655,0.034482758620689655,0.0,0.0,0.0,0.0
1760,mp3d/X7HyMhZNoso/X7HyMhZNoso.glb,0,1.0,1.0,0.0,1.0,1.0,0.0,1.0,1.0,0.0,0.8773277810130772,0.8773277810130772,0.0,0.8773277810130772,0.8773277810130772,0.0,2.74595308303833,2.74595308303833,0.0,49.0,49.0,0.0,7.708628177642822,7.708628177642822,0.0,0.030303030303030304,0.030303030303030304,0.0,0.0,0.0,0.0
1761,mp3d/X7HyMhZNoso/X7HyMhZNoso.glb,0,1.0,1.0,0.0,1.0,1.0,0.0,1.0,1.0,0.0,0.8773277810130772,0.8773277810130772,0.0,0.8773277810130772,0.8773277810130772,0.0,2.74595308303833,2.74595308303833,0.0,49.0,49.0,0.0,7.708628177642822,7.708628177642822,0.0,0.030303030303030304,0.030303030303030304,0.0,0.0,0.0,0.0
1762,mp3d/TbHJrupSAjP/TbHJrupSAjP.glb,0,0.0,0.0,0.0,1.0,1.0,0.0,0.0,0.0,0.0,0.6296989969415819,0.6296989969415819,0.0,0.0,0.0,0.0,3.4155406951904297,3.4155406951904297,0.0,61.0,61.0,0.0,8.169940948486328,8.169940948486328,0.0,0.43902439024390244,0.43902439024390244,0.0,1.0,1.0,0.0
1763,mp3d/TbHJrupSAjP/TbHJrupSAjP.glb,0,1.0,1.0,0.0,1.0,1.0,0.0,0.8773863110429457,0.8773863110429457,0.0,0.8417572986004624,0.8417572986004624,0.0,0.8417572986004624,0.8417572986004624,0.0,0.7245948314666748,0.7245948314666748,0.0,90.0,90.0,0.0,6.979128837585449,6.979128837585449,0.0,0.5263157894736842,0.5263157894736842,0.0,0.0,0.0,0.0
1764,mp3d/TbHJrupSAjP/TbHJrupSAjP.glb,0,1.0,1.0,0.0,1.0,1.0,0.0,0.8213524660336302,0.8213524660336302,0.0,0.8276257559012113,0.8276257559012113,0.0,0.8276257559012113,0.8276257559012113,0.0,0.8049997091293335,0.8049997091293335,0.0,52.0,52.0,0.0,7.455255031585693,7.455255031585693,0.0,0.42105263157894735,0.42105263157894735,0.0,0.0,0.0,0.0
1765,mp3d/zsNo4HB9uLZ/zsNo4HB9uLZ.glb,0,1.0,1.0,0.0,1.0,1.0,0.0,1.0,1.0,0.0,0.9093368401209642,0.9093368401209642,0.0,0.9093368401209642,0.9093368401209642,0.0,1.637727975845337,1.637727975845337,0.0,34.0,34.0,0.0,7.990649223327637,7.990649223327637,0.0,0.06060606060606061,0.06060606060606061,0.0,0.0,0.0,0.0
1766,mp3d/zsNo4HB9uLZ/zsNo4HB9uLZ.glb,0,1.0,1.0,0.0,1.0,1.0,0.0,1.0,1.0,0.0,0.9093368401209642,0.9093368401209642,0.0,0.9093368401209642,0.9093368401209642,0.0,1.637727975845337,1.637727975845337,0.0,34.0,34.0,0.0,7.990649223327637,7.990649223327637,0.0,0.06060606060606061,0.06060606060606061,0.0,0.0,0.0,0.0
1767,mp3d/zsNo4HB9uLZ/zsNo4HB9uLZ.glb,0,1.0,1.0,0.0,1.0,1.0,0.0,1.0,1.0,0.0,0.9093368401209642,0.9093368401209642,0.0,0.9093368401209642,0.9093368401209642,0.0,1.637727975845337,1.637727975845337,0.0,34.0,34.0,0.0,7.990649223327637,7.990649223327637,0.0,0.06060606060606061,0.06060606060606061,0.0,0.0,0.0,0.0
1768,mp3d/2azQ1b91cZZ/2azQ1b91cZZ.glb,0,0.0,0.0,0.0,1.0,1.0,0.0,0.0,0.0,0.0,0.6416512794247503,0.6416512794247503,0.0,0.0,0.0,0.0,3.4561054706573486,3.4561054706573486,0.0,67.0,67.0,0.0,10.529825210571289,10.529825210571289,0.0,0.24444444444444444,0.24444444444444444,0.0,1.0,1.0,0.0
1769,mp3d/2azQ1b91cZZ/2azQ1b91cZZ.glb,0,1.0,1.0,0.0,1.0,1.0,0.0,0.5532009924808058,0.7552084906076416,0.20200749812683583,0.8558413247129605,0.845669351536301,-0.010171973176659521,0.8558413247129605,0.845669351536301,-0.010171973176659521,0.31066814064979553,1.7087279558181763,1.3980598151683807,125.0,60.0,-65.0,11.985876083374023,8.779825210571289,-3.2060508728027344,0.061224489795918366,0.2894736842105263,0.22824919441460795,0.0,0.0,0.0
1770,mp3d/2azQ1b91cZZ/2azQ1b91cZZ.glb,0,1.0,1.0,0.0,1.0,1.0,0.0,0.7552084906076416,0.7552084906076416,0.0,0.845669351536301,0.845669351536301,0.0,0.845669351536301,0.845669351536301,0.0,1.7087279558181763,1.7087279558181763,0.0,60.0,60.0,0.0,8.779825210571289,8.779825210571289,0.0,0.2894736842105263,0.2894736842105263,0.0,0.0,0.0,0.0
1771,mp3d/zsNo4HB9uLZ/zsNo4HB9uLZ.glb,0,1.0,1.0,0.0,1.0,1.0,0.0,1.0,1.0,0.0,0.859946800593415,0.859946800593415,0.0,0.859946800593415,0.859946800593415,0.0,2.708094596862793,2.708094596862793,0.0,59.0,59.0,0.0,9.499998092651367,9.499998092651367,0.0,0.0,0.0,0.0,0.0,0.0,0.0
1772,mp3d/zsNo4HB9uLZ/zsNo4HB9uLZ.glb,0,0.0,1.0,1.0,0.0,1.0,1.0,0.0,1.0,1.0,0.8040956253681419,0.859946800593415,0.05585117522527305,0.0,0.859946800593415,0.859946800593415,3.282538414001465,2.708094596862793,-0.5744438171386719,59.0,59.0,0.0,8.24999713897705,9.499998092651367,1.2500009536743164,0.0,0.0,0.0,0.0,0.0,0.0
1773,mp3d/zsNo4HB9uLZ/zsNo4HB9uLZ.glb,0,1.0,1.0,0.0,1.0,1.0,0.0,1.0,1.0,0.0,0.859946800593415,0.859946800593415,0.0,0.859946800593415,0.859946800593415,0.0,2.708094596862793,2.708094596862793,0.0,59.0,59.0,0.0,9.499998092651367,9.499998092651367,0.0,0.0,0.0,0.0,0.0,0.0,0.0
1774,mp3d/zsNo4HB9uLZ/zsNo4HB9uLZ.glb,0,1.0,0.0,-1.0,1.0,1.0,0.0,1.0,0.0,-1.0,0.8742671984505428,0.164800240210605,-0.7094669582399378,0.8742671984505428,0.0,-0.8742671984505428,1.0515222549438477,4.353046894073486,3.3015246391296387,38.0,184.0,146.0,4.827946662902832,21.57794952392578,16.75000286102295,0.25,0.06593406593406594,-0.18406593406593408,0.0,1.0,1.0
1775,mp3d/zsNo4HB9uLZ/zsNo4HB9uLZ.glb,0,1.0,1.0,0.0,1.0,1.0,0.0,0.8750123751338764,1.0,0.12498762486612358,0.8796345225383861,0.8742671984505428,-0.00536732408784335,0.8796345225383861,0.8742671984505428,-0.00536732408784335,0.1381092369556427,1.0515222549438477,0.913413017988205,44.0,38.0,-6.0,5.827946662902832,4.827946662902832,-1.0,0.21428571428571427,0.25,0.035714285714285726,0.0,0.0,0.0
1776,mp3d/zsNo4HB9uLZ/zsNo4HB9uLZ.glb,0,1.0,1.0,0.0,1.0,1.0,0.0,0.8750123751338764,0.8750123751338764,0.0,0.8796345225383861,0.8796345225383861,0.0,0.8796345225383861,0.8796345225383861,0.0,0.1381092369556427,0.1381092369556427,0.0,44.0,44.0,0.0,5.827946662902832,5.827946662902832,0.0,0.21428571428571427,0.21428571428571427,0.0,0.0,0.0,0.0
1777,mp3d/pLe4wQe7qrG/pLe4wQe7qrG.glb,0,1.0,0.0,-1.0,1.0,0.0,-1.0,0.5046246702392696,0.0,-0.5046246702392696,0.298867870374767,0.4828377166183242,0.18396984624355722,0.298867870374767,0.0,-0.298867870374767,2.118943214416504,4.127049446105957,2.008106231689453,105.0,58.0,-47.0,12.42628288269043,7.194273948669434,-5.232008934020996,0.09803921568627451,0.13333333333333333,0.03529411764705882,0.0,0.0,0.0
1778,mp3d/pLe4wQe7qrG/pLe4wQe7qrG.glb,0,1.0,0.0,-1.0,1.0,1.0,0.0,0.11765255945102618,0.0,-0.11765255945102618,0.005237214700755286,0.005026811599953904,-0.00021040310080138163,0.005237214700755286,0.0,-0.005237214700755286,2.2168326377868652,3.394806385040283,1.177973747253418,434.0,456.0,22.0,53.29768371582031,53.79119873046875,0.4935150146484375,0.09545454545454546,0.1,0.004545454545454547,0.0,1.0,1.0
1779,mp3d/pLe4wQe7qrG/pLe4wQe7qrG.glb,0,0.0,0.0,0.0,0.0,0.0,0.0,0.0,0.0,0.0,0.028565987396641148,0.48830910738729155,0.45974311999065043,0.0,0.0,0.0,4.010243892669678,4.336020469665527,0.3257765769958496,157.0,30.0,-127.0,17.969331741333008,4.944273471832275,-13.025058269500732,0.0547945205479452,0.19047619047619047,0.13568166992824526,0.0,0.0,0.0
1780,mp3d/x8F5xyUWy9e/x8F5xyUWy9e.glb,0,1.0,0.0,-1.0,1.0,1.0,0.0,0.3347706806979623,0.0,-0.3347706806979623,0.3897086681477346,0.2436732619812429,-0.1460354061664917,0.3897086681477346,0.0,-0.3897086681477346,1.7923418283462524,4.251724720001221,2.4593828916549683,193.0,125.0,-68.0,26.423288345336914,22.641008377075195,-3.7822799682617188,0.0,0.03296703296703297,0.03296703296703297,0.0,1.0,1.0
1781,mp3d/x8F5xyUWy9e/x8F5xyUWy9e.glb,0,1.0,1.0,0.0,1.0,1.0,0.0,1.0,1.0,0.0,0.853072859269889,0.8159455748512081,-0.03712728441868085,0.853072859269889,0.8159455748512081,-0.03712728441868085,2.5570414066314697,2.9872677326202393,0.43022632598876953,55.0,42.0,-13.0,7.16333532333374,6.933299541473389,-0.23003578186035156,0.0,0.0,0.0,0.0,0.0,0.0
1782,mp3d/x8F5xyUWy9e/x8F5xyUWy9e.glb,0,1.0,1.0,0.0,1.0,1.0,0.0,1.0,1.0,0.0,0.8596093207375629,0.8596093207375629,0.0,0.8596093207375629,0.8596093207375629,0.0,2.6488120555877686,2.6488120555877686,0.0,36.0,36.0,0.0,6.403221130371094,6.403221130371094,0.0,0.0,0.0,0.0,0.0,0.0,0.0
1783,mp3d/QUCTc6BB5sX/QUCTc6BB5sX.glb,0,1.0,1.0,0.0,1.0,1.0,0.0,1.0,1.0,0.0,0.9607041608401454,0.9607041608401454,0.0,0.9607041608401454,0.9607041608401454,0.0,0.8682731986045837,0.8682731986045837,0.0,51.0,51.0,0.0,10.058597564697266,10.058597564697266,0.0,0.0,0.0,0.0,0.0,0.0,0.0
1784,mp3d/QUCTc6BB5sX/QUCTc6BB5sX.glb,0,1.0,1.0,0.0,1.0,1.0,0.0,1.0,1.0,0.0,0.9607041608401454,0.9607041608401454,0.0,0.9607041608401454,0.9607041608401454,0.0,0.8682731986045837,0.8682731986045837,0.0,51.0,51.0,0.0,10.058597564697266,10.058597564697266,0.0,0.0,0.0,0.0,0.0,0.0,0.0
1785,mp3d/QUCTc6BB5sX/QUCTc6BB5sX.glb,0,1.0,1.0,0.0,1.0,1.0,0.0,1.0,1.0,0.0,0.9160750096592206,0.9160750096592206,0.0,0.9160750096592206,0.9160750096592206,0.0,2.1139020919799805,2.1139020919799805,0.0,45.0,45.0,0.0,8.808597564697266,8.808597564697266,0.0,0.0,0.0,0.0,0.0,0.0,0.0
1786,mp3d/Z6MFQCViBuw/Z6MFQCViBuw.glb,0,0.0,0.0,0.0,0.0,0.0,0.0,0.0,0.0,0.0,0.02402510241257757,0.01240143250444718,-0.011623669908130388,0.0,0.0,0.0,21.35845947265625,23.06297492980957,1.7045154571533203,81.0,89.0,8.0,13.872122764587402,15.666362762451172,1.7942399978637695,0.0,0.0,0.0,0.0,0.0,0.0
1787,mp3d/Z6MFQCViBuw/Z6MFQCViBuw.glb,0,0.0,0.0,0.0,0.0,0.0,0.0,0.0,0.0,0.0,0.01240143250444718,0.01240143250444718,0.0,0.0,0.0,0.0,23.06297492980957,23.06297492980957,0.0,89.0,89.0,0.0,15.666362762451172,15.666362762451172,0.0,0.0,0.0,0.0,0.0,0.0,0.0
1788,mp3d/Z6MFQCViBuw/Z6MFQCViBuw.glb,0,0.0,0.0,0.0,0.0,0.0,0.0,0.0,0.0,0.0,0.025252635364242375,0.03768395878146109,0.012431323417218712,0.0,0.0,0.0,20.012266159057617,21.005359649658203,0.9930934906005859,77.0,62.0,-15.0,12.393633842468262,11.143632888793945,-1.2500009536743164,0.0,0.0,0.0,0.0,0.0,0.0
1789,mp3d/TbHJrupSAjP/TbHJrupSAjP.glb,0,0.0,0.0,0.0,1.0,1.0,0.0,0.0,0.0,0.0,0.7865951412276506,0.7865951412276506,0.0,0.0,0.0,0.0,4.158929824829102,4.158929824829102,0.0,50.0,50.0,0.0,7.999999046325684,7.999999046325684,0.0,0.0,0.0,0.0,1.0,1.0,0.0
1790,mp3d/TbHJrupSAjP/TbHJrupSAjP.glb,0,0.0,0.0,0.0,1.0,1.0,0.0,0.0,0.0,0.0,0.6807640863544614,0.6807640863544614,0.0,0.0,0.0,0.0,4.338057041168213,4.338057041168213,0.0,95.0,95.0,0.0,11.49999713897705,11.49999713897705,0.0,0.0,0.0,0.0,1.0,1.0,0.0
1791,mp3d/TbHJrupSAjP/TbHJrupSAjP.glb,0,0.0,0.0,0.0,0.0,0.0,0.0,0.0,0.0,0.0,0.7169337592167853,0.7169337592167853,0.0,0.0,0.0,0.0,4.095937728881836,4.095937728881836,0.0,27.0,27.0,0.0,4.499999046325684,4.499999046325684,0.0,0.0,0.0,0.0,0.0,0.0,0.0
1792,mp3d/oLBMNvg9in8/oLBMNvg9in8.glb,0,1.0,1.0,0.0,1.0,1.0,0.0,0.8938141835343623,0.848472260391789,-0.04534192314257324,0.9512665900483838,0.8117905349615047,-0.1394760550868791,0.9512665900483838,0.8117905349615047,-0.1394760550868791,0.40467968583106995,0.35633155703544617,-0.04834812879562378,50.0,53.0,3.0,9.549683570861816,10.060013771057129,0.5103302001953125,0.02631578947368421,0.075,0.04868421052631579,0.0,0.0,0.0
1793,mp3d/oLBMNvg9in8/oLBMNvg9in8.glb,0,1.0,1.0,0.0,1.0,1.0,0.0,0.848472260391789,0.848472260391789,0.0,0.8117905349615047,0.8117905349615047,0.0,0.8117905349615047,0.8117905349615047,0.0,0.35633155703544617,0.35633155703544617,0.0,53.0,53.0,0.0,10.060013771057129,10.060013771057129,0.0,0.075,0.075,0.0,0.0,0.0,0.0
1794,mp3d/oLBMNvg9in8/oLBMNvg9in8.glb,0,0.0,0.0,0.0,1.0,1.0,0.0,0.0,0.0,0.0,0.7326481028385127,0.7326481028385127,0.0,0.0,0.0,0.0,3.001047134399414,3.001047134399414,0.0,47.0,47.0,0.0,7.3357720375061035,7.3357720375061035,0.0,0.0,0.0,0.0,1.0,1.0,0.0
1795,mp3d/X7HyMhZNoso/X7HyMhZNoso.glb,0,1.0,1.0,0.0,1.0,1.0,0.0,0.9764499470495033,0.9764499470495033,0.0,0.8909041937135823,0.8909041937135823,0.0,0.8909041937135823,0.8909041937135823,0.0,0.6889383792877197,0.6889383792877197,0.0,37.0,37.0,0.0,5.260018348693848,5.260018348693848,0.0,0.09090909090909091,0.09090909090909091,0.0,0.0,0.0,0.0
1796,mp3d/X7HyMhZNoso/X7HyMhZNoso.glb,0,0.0,0.0,0.0,1.0,1.0,0.0,0.0,0.0,0.0,0.20657592157795684,0.20657592157795684,0.0,0.0,0.0,0.0,11.423215866088867,11.423215866088867,0.0,95.0,95.0,0.0,13.722501754760742,13.722501754760742,0.0,0.03773584905660377,0.03773584905660377,0.0,1.0,1.0,0.0
1797,mp3d/X7HyMhZNoso/X7HyMhZNoso.glb,0,1.0,1.0,0.0,1.0,1.0,0.0,0.5700481885040881,0.5700481885040881,0.0,0.7647325711519992,0.7647325711519992,0.0,0.7647325711519992,0.7647325711519992,0.0,1.0741838216781616,1.0741838216781616,0.0,79.0,79.0,0.0,9.010018348693848,9.010018348693848,0.0,0.05405405405405406,0.05405405405405406,0.0,0.0,0.0,0.0
1798,mp3d/x8F5xyUWy9e/x8F5xyUWy9e.glb,0,1.0,1.0,0.0,1.0,1.0,0.0,0.27142838860509755,0.27142838860509755,0.0,0.01051601741751846,0.01051601741751846,0.0,0.01051601741751846,0.01051601741751846,0.0,2.69688081741333,2.69688081741333,0.0,245.0,245.0,0.0,38.45207595825195,38.45207595825195,0.0,0.012903225806451613,0.012903225806451613,0.0,0.0,0.0,0.0
1799,mp3d/x8F5xyUWy9e/x8F5xyUWy9e.glb,0,1.0,1.0,0.0,1.0,1.0,0.0,1.0,0.6982191410785242,-0.30178085892147577,0.9615281657579422,0.7875843446338434,-0.17394382112409879,0.9615281657579422,0.7875843446338434,-0.17394382112409879,1.1037611961364746,1.1417313814163208,0.03797018527984619,55.0,108.0,53.0,9.932191848754883,14.948007583618164,5.015815734863281,0.0,0.03278688524590164,0.03278688524590164,0.0,0.0,0.0
1800,mp3d/x8F5xyUWy9e/x8F5xyUWy9e.glb,0,1.0,1.0,0.0,1.0,1.0,0.0,1.0,0.9758012441854348,-0.02419875581456521,0.9615281657579422,0.9139615452817312,-0.04756662047621096,0.9615281657579422,0.9139615452817312,-0.04756662047621096,1.1037611961364746,0.6354997158050537,-0.4682614803314209,55.0,57.0,2.0,9.932191848754883,10.695810317993164,0.7636184692382812,0.0,0.0,0.0,0.0,0.0,0.0
1801,mp3d/2azQ1b91cZZ/2azQ1b91cZZ.glb,0,1.0,1.0,0.0,1.0,1.0,0.0,0.9431882672584557,1.0,0.056811732741544274,0.9002847007788738,0.9306421588700953,0.03035745809122148,0.9002847007788738,0.9306421588700953,0.03035745809122148,0.3310689330101013,1.1392112970352173,0.808142364025116,64.0,57.0,-7.0,10.499313354492188,9.250005722045898,-1.249307632446289,0.023255813953488372,0.0,-0.023255813953488372,0.0,0.0,0.0
1802,mp3d/2azQ1b91cZZ/2azQ1b91cZZ.glb,0,1.0,1.0,0.0,1.0,1.0,0.0,0.9431882672584557,0.9431882672584557,0.0,0.9002847007788738,0.9002847007788738,0.0,0.9002847007788738,0.9002847007788738,0.0,0.3310689330101013,0.3310689330101013,0.0,64.0,64.0,0.0,10.499313354492188,10.499313354492188,0.0,0.023255813953488372,0.023255813953488372,0.0,0.0,0.0,0.0
1803,mp3d/2azQ1b91cZZ/2azQ1b91cZZ.glb,0,0.0,0.0,0.0,0.0,0.0,0.0,0.0,0.0,0.0,0.3557244650016302,0.3557244650016302,0.0,0.0,0.0,0.0,9.148416519165039,9.148416519165039,0.0,79.0,79.0,0.0,14.498367309570312,14.498367309570312,0.0,0.03389830508474576,0.03389830508474576,0.0,0.0,0.0,0.0
1804,mp3d/QUCTc6BB5sX/QUCTc6BB5sX.glb,0,1.0,1.0,0.0,1.0,1.0,0.0,1.0,1.0,0.0,0.8743421800945977,0.8743421800945977,0.0,0.8743421800945977,0.8743421800945977,0.0,2.0030291080474854,2.0030291080474854,0.0,54.0,54.0,0.0,6.499999046325684,6.499999046325684,0.0,0.0,0.0,0.0,0.0,0.0,0.0
1805,mp3d/QUCTc6BB5sX/QUCTc6BB5sX.glb,0,1.0,1.0,0.0,1.0,1.0,0.0,0.9201112645608602,0.9201112645608602,0.0,0.9219608102380886,0.9219608102380886,0.0,0.9219608102380886,0.9219608102380886,0.0,1.0038714408874512,1.0038714408874512,0.0,59.0,59.0,0.0,7.499999046325684,7.499999046325684,0.0,0.0,0.0,0.0,0.0,0.0,0.0
1806,mp3d/QUCTc6BB5sX/QUCTc6BB5sX.glb,0,1.0,1.0,0.0,1.0,1.0,0.0,1.0,1.0,0.0,0.8743421800945977,0.8743421800945977,0.0,0.8743421800945977,0.8743421800945977,0.0,2.0030291080474854,2.0030291080474854,0.0,54.0,54.0,0.0,6.499999046325684,6.499999046325684,0.0,0.0,0.0,0.0,0.0,0.0,0.0
1807,mp3d/zsNo4HB9uLZ/zsNo4HB9uLZ.glb,0,0.0,1.0,1.0,0.0,1.0,1.0,0.0,0.696900383004145,0.696900383004145,0.47957550053006354,0.5725644278392924,0.09298892730922886,0.0,0.5725644278392924,0.5725644278392924,3.2321972846984863,2.954612970352173,-0.2775843143463135,138.0,130.0,-8.0,23.75000762939453,22.250001907348633,-1.5000057220458984,0.0,0.0,0.0,0.0,0.0,0.0
1808,mp3d/zsNo4HB9uLZ/zsNo4HB9uLZ.glb,0,0.0,0.0,0.0,0.0,0.0,0.0,0.0,0.0,0.0,0.547213651649282,0.7605142834587305,0.21330063180944847,0.0,0.0,0.0,3.155989646911621,3.155989646911621,0.0,131.0,109.0,-22.0,22.250003814697266,16.750003814697266,-5.5,0.0,0.0,0.0,0.0,0.0,0.0
1809,mp3d/zsNo4HB9uLZ/zsNo4HB9uLZ.glb,0,0.0,0.0,0.0,0.0,0.0,0.0,0.0,0.0,0.0,0.5859483544222077,0.5942346010874803,0.008286246665272556,0.0,0.0,0.0,3.570753574371338,3.798333168029785,0.22757959365844727,70.0,83.0,13.0,13.25000286102295,13.599977493286133,0.3499746322631836,0.0,0.10714285714285714,0.10714285714285714,0.0,0.0,0.0
1810,mp3d/EU6Fwq7SyZv/EU6Fwq7SyZv.glb,0,1.0,1.0,0.0,1.0,1.0,0.0,0.6807154205731385,0.2982177829365018,-0.3824976376366367,0.7674154411298177,0.41965123968234214,-0.3477642014474756,0.7674154411298177,0.41965123968234214,-0.3477642014474756,0.180633544921875,0.3792376220226288,0.19860407710075378,78.0,227.0,149.0,10.50192642211914,23.971820831298828,13.469894409179688,0.047619047619047616,0.052083333333333336,0.004464285714285719,0.0,0.0,0.0
1811,mp3d/EU6Fwq7SyZv/EU6Fwq7SyZv.glb,0,1.0,1.0,0.0,1.0,1.0,0.0,0.508934324178005,0.508934324178005,0.0,0.6604834969872855,0.6604834969872855,0.0,0.6604834969872855,0.6604834969872855,0.0,2.858736515045166,2.858736515045166,0.0,113.0,113.0,0.0,14.046651840209961,14.046651840209961,0.0,0.017857142857142856,0.017857142857142856,0.0,0.0,0.0,0.0
1812,mp3d/EU6Fwq7SyZv/EU6Fwq7SyZv.glb,0,1.0,1.0,0.0,1.0,1.0,0.0,0.8341391988592808,0.8341391988592808,0.0,0.8523154408759854,0.8523154408759854,0.0,0.8523154408759854,0.8523154408759854,0.0,0.2943098545074463,0.2943098545074463,0.0,54.0,54.0,0.0,8.570300102233887,8.570300102233887,0.0,0.029411764705882353,0.029411764705882353,0.0,0.0,0.0,0.0
1813,mp3d/X7HyMhZNoso/X7HyMhZNoso.glb,0,0.0,1.0,1.0,0.0,1.0,1.0,0.0,1.0,1.0,0.4464766944701505,0.7604970441828189,0.31402034971266846,0.0,0.7604970441828189,0.7604970441828189,11.690949440002441,2.335981845855713,-9.354967594146729,108.0,89.0,-19.0,9.915237426757812,15.145545959472656,5.230308532714844,0.8181818181818182,0.0,-0.8181818181818182,0.0,0.0,0.0
1814,mp3d/X7HyMhZNoso/X7HyMhZNoso.glb,0,0.0,0.0,0.0,0.0,0.0,0.0,0.0,0.0,0.0,0.38355770898374253,0.35493539771266525,-0.028622311271077283,0.0,0.0,0.0,11.978006362915039,11.796172142028809,-0.18183422088623047,116.0,139.0,23.0,9.186225891113281,13.011051177978516,3.8248252868652344,0.7555555555555555,0.48333333333333334,-0.2722222222222222,0.0,0.0,0.0
1815,mp3d/X7HyMhZNoso/X7HyMhZNoso.glb,0,0.0,0.0,0.0,0.0,0.0,0.0,0.0,0.0,0.0,0.37229556065582514,0.37104882358322583,-0.0012467370725993132,0.0,0.0,0.0,12.337911605834961,11.886858940124512,-0.4510526657104492,121.0,130.0,9.0,10.65549373626709,11.15549373626709,0.5,0.5,0.48214285714285715,-0.01785714285714285,0.0,0.0,0.0
1816,mp3d/2azQ1b91cZZ/2azQ1b91cZZ.glb,0,1.0,0.0,-1.0,1.0,0.0,-1.0,0.9798095989355224,0.0,-0.9798095989355224,0.9732504427068175,1.7721986247919807e-05,-0.9732327207205695,0.9732504427068175,0.0,-0.9732504427068175,0.11383601278066635,12.273879051208496,12.16004303842783,25.0,180.0,155.0,5.5008769035339355,25.000003814697266,19.49912691116333,0.0,0.0,0.0,0.0,0.0,0.0
1817,mp3d/2azQ1b91cZZ/2azQ1b91cZZ.glb,0,1.0,1.0,0.0,1.0,1.0,0.0,0.8290899331403161,0.9798095989355224,0.15071966579520635,0.9056055086631215,0.9732504427068175,0.06764493404369598,0.9056055086631215,0.9732504427068175,0.06764493404369598,1.1012697219848633,0.11383601278066635,-0.9874337092041969,30.0,25.0,-5.0,6.500877380371094,5.5008769035339355,-1.0000004768371582,0.0,0.0,0.0,0.0,0.0,0.0
1818,mp3d/2azQ1b91cZZ/2azQ1b91cZZ.glb,0,1.0,0.0,-1.0,1.0,0.0,-1.0,0.9798095989355224,0.0,-0.9798095989355224,0.9732504427068175,0.1314998396212307,-0.8417506030855868,0.9732504427068175,0.0,-0.9732504427068175,0.11383601278066635,11.265620231628418,11.151784218847752,25.0,49.0,24.0,5.5008769035339355,6.500000953674316,0.9991240501403809,0.0,0.0,0.0,0.0,0.0,0.0
1819,mp3d/Z6MFQCViBuw/Z6MFQCViBuw.glb,0,1.0,1.0,0.0,1.0,1.0,0.0,1.0,1.0,0.0,0.9448427002954172,0.9448427002954172,0.0,0.9448427002954172,0.9448427002954172,0.0,1.1679438352584839,1.1679438352584839,0.0,48.0,48.0,0.0,9.215181350708008,9.215181350708008,0.0,0.0,0.0,0.0,0.0,0.0,0.0
1820,mp3d/Z6MFQCViBuw/Z6MFQCViBuw.glb,0,0.0,0.0,0.0,0.0,1.0,1.0,0.0,0.0,0.0,0.0002629500404887108,0.7352853829848849,0.7350224329443962,0.0,0.0,0.0,22.41588592529297,3.5346150398254395,-18.88127088546753,212.0,71.0,-141.0,32.50331115722656,13.936235427856445,-18.567075729370117,0.0,0.0,0.0,0.0,1.0,1.0
1821,mp3d/Z6MFQCViBuw/Z6MFQCViBuw.glb,0,1.0,1.0,0.0,1.0,1.0,0.0,0.9744322857438615,0.9744322857438615,0.0,0.8575479747503864,0.8575479747503864,0.0,0.8575479747503864,0.8575479747503864,0.0,0.7268833518028259,0.7268833518028259,0.0,54.0,54.0,0.0,10.244728088378906,10.244728088378906,0.0,0.09302325581395349,0.09302325581395349,0.0,0.0,0.0,0.0
1822,mp3d/TbHJrupSAjP/TbHJrupSAjP.glb,0,1.0,1.0,0.0,1.0,1.0,0.0,0.3904023932077299,0.5826004028320313,0.1921980096243014,0.5339073606081949,0.7386350079683933,0.20472764736019844,0.5339073606081949,0.7386350079683933,0.20472764736019844,2.354792594909668,2.3172597885131836,-0.037532806396484375,215.0,135.0,-80.0,24.249996185302734,16.25,-7.999996185302734,0.0,0.0,0.0,0.0,0.0,0.0
1823,mp3d/TbHJrupSAjP/TbHJrupSAjP.glb,0,0.0,0.0,0.0,0.0,0.0,0.0,0.0,0.0,0.0,0.27414917844880404,0.20628877999933734,-0.0678603984494667,0.0,0.0,0.0,5.689553737640381,5.6593708992004395,-0.030182838439941406,254.0,304.0,50.0,28.0,30.249998092651367,2.249998092651367,0.0,0.0,0.0,0.0,0.0,0.0
1824,mp3d/TbHJrupSAjP/TbHJrupSAjP.glb,0,1.0,0.0,-1.0,1.0,1.0,0.0,0.35391610732632167,0.0,-0.35391610732632167,0.5175771368337394,0.3263285925008603,-0.19124854433287908,0.5175771368337394,0.0,-0.5175771368337394,1.6037527322769165,3.395495891571045,1.7917431592941284,241.0,280.0,39.0,26.750001907348633,33.23963165283203,6.489629745483398,0.0,0.007462686567164179,0.007462686567164179,0.0,1.0,1.0
1825,mp3d/oLBMNvg9in8/oLBMNvg9in8.glb,0,0.0,0.0,0.0,1.0,1.0,0.0,0.0,0.0,0.0,0.7506679110815578,0.7506679110815578,0.0,0.0,0.0,0.0,3.964186429977417,3.964186429977417,0.0,56.0,56.0,0.0,7.600558280944824,7.600558280944824,0.0,0.0,0.0,0.0,1.0,1.0,0.0
1826,mp3d/oLBMNvg9in8/oLBMNvg9in8.glb,0,1.0,1.0,0.0,1.0,1.0,0.0,0.9123273419318662,0.9123273419318662,0.0,0.8474725166685372,0.8474725166685372,0.0,0.8474725166685372,0.8474725166685372,0.0,2.7608730792999268,2.7608730792999268,0.0,50.0,50.0,0.0,6.350558280944824,6.350558280944824,0.0,0.0,0.0,0.0,0.0,0.0,0.0
1827,mp3d/oLBMNvg9in8/oLBMNvg9in8.glb,0,1.0,1.0,0.0,1.0,1.0,0.0,1.0,1.0,0.0,0.9245670183593493,0.9245670183593493,0.0,0.9245670183593493,0.9245670183593493,0.0,1.370475172996521,1.370475172996521,0.0,48.0,48.0,0.0,5.350558280944824,5.350558280944824,0.0,0.0,0.0,0.0,0.0,0.0,0.0
1828,mp3d/TbHJrupSAjP/TbHJrupSAjP.glb,0,1.0,1.0,0.0,1.0,1.0,0.0,0.8237698768183362,0.8237698768183362,0.0,0.9436050815795872,0.9436050815795872,0.0,0.9436050815795872,0.9436050815795872,0.0,0.158833310008049,0.158833310008049,0.0,52.0,52.0,0.0,7.391379356384277,7.391379356384277,0.0,0.0,0.0,0.0,0.0,0.0,0.0
1829,mp3d/TbHJrupSAjP/TbHJrupSAjP.glb,0,1.0,1.0,0.0,1.0,1.0,0.0,0.8237698768183362,0.960701111314249,0.1369312344959127,0.9436050815795872,0.9508288132853713,0.007223731705784053,0.9436050815795872,0.9508288132853713,0.007223731705784053,0.158833310008049,0.8591015338897705,0.7002682238817215,52.0,45.0,-7.0,7.391379356384277,6.33786678314209,-1.0535125732421875,0.0,0.0,0.0,0.0,0.0,0.0
1830,mp3d/TbHJrupSAjP/TbHJrupSAjP.glb,0,1.0,0.0,-1.0,1.0,1.0,0.0,0.960701111314249,0.0,-0.960701111314249,0.9508288132853713,0.6437733236406039,-0.30705548964476737,0.9508288132853713,0.0,-0.9508288132853713,0.8591015338897705,4.160074710845947,3.3009731769561768,45.0,66.0,21.0,6.33786678314209,9.986370086669922,3.648503303527832,0.0,0.04878048780487805,0.04878048780487805,0.0,1.0,1.0
1831,mp3d/oLBMNvg9in8/oLBMNvg9in8.glb,0,0.0,0.0,0.0,1.0,1.0,0.0,0.0,0.0,0.0,0.14560735517453852,0.14560735517453852,0.0,0.0,0.0,0.0,5.265108108520508,5.265108108520508,0.0,188.0,188.0,0.0,26.383922576904297,26.383922576904297,0.0,0.009708737864077669,0.009708737864077669,0.0,1.0,1.0,0.0
1832,mp3d/oLBMNvg9in8/oLBMNvg9in8.glb,0,1.0,1.0,0.0,1.0,1.0,0.0,0.5031381137728865,0.5031381137728865,0.0,0.3219124933410571,0.3219124933410571,0.0,0.3219124933410571,0.3219124933410571,0.0,1.0827736854553223,1.0827736854553223,0.0,86.0,86.0,0.0,14.162370681762695,14.162370681762695,0.0,0.0,0.0,0.0,0.0,0.0,0.0
1833,mp3d/oLBMNvg9in8/oLBMNvg9in8.glb,0,1.0,1.0,0.0,1.0,1.0,0.0,0.6573173966343965,0.6573173966343965,0.0,0.7220610317761982,0.7220610317761982,0.0,0.7220610317761982,0.7220610317761982,0.0,1.5502374172210693,1.5502374172210693,0.0,60.0,60.0,0.0,10.840468406677246,10.840468406677246,0.0,0.0,0.0,0.0,0.0,0.0,0.0
1834,mp3d/oLBMNvg9in8/oLBMNvg9in8.glb,0,1.0,1.0,0.0,1.0,1.0,0.0,0.9578489834710395,1.0,0.04215101652896047,0.8202281208745466,0.9318309085961201,0.1116027877215735,0.8202281208745466,0.9318309085961201,0.1116027877215735,1.8416416645050049,0.7776116728782654,-1.0640299916267395,58.0,50.0,-8.0,7.458571434020996,6.958571434020996,-0.5,0.0,0.0,0.0,0.0,0.0,0.0
1835,mp3d/oLBMNvg9in8/oLBMNvg9in8.glb,0,1.0,1.0,0.0,1.0,1.0,0.0,1.0,1.0,0.0,0.8347835397030813,0.8347835397030813,0.0,0.8347835397030813,0.8347835397030813,0.0,2.5172860622406006,2.5172860622406006,0.0,52.0,52.0,0.0,6.458571434020996,6.458571434020996,0.0,0.0,0.0,0.0,0.0,0.0,0.0
1836,mp3d/oLBMNvg9in8/oLBMNvg9in8.glb,0,1.0,1.0,0.0,1.0,1.0,0.0,1.0,1.0,0.0,0.9088165459130694,0.9088165459130694,0.0,0.9088165459130694,0.9088165459130694,0.0,1.4979180097579956,1.4979180097579956,0.0,47.0,47.0,0.0,6.208571434020996,6.208571434020996,0.0,0.0,0.0,0.0,0.0,0.0,0.0
1837,mp3d/Z6MFQCViBuw/Z6MFQCViBuw.glb,0,1.0,1.0,0.0,1.0,1.0,0.0,0.6879779110665957,0.9707531178813202,0.28277520681472457,0.7965498353037692,0.8054254786872647,0.008875643383495446,0.7965498353037692,0.8054254786872647,0.008875643383495446,0.45297664403915405,0.9425389766693115,0.48956233263015747,103.0,73.0,-30.0,19.427745819091797,13.768547058105469,-5.659198760986328,0.0,0.0,0.0,0.0,0.0,0.0
1838,mp3d/Z6MFQCViBuw/Z6MFQCViBuw.glb,0,0.0,0.0,0.0,0.0,0.0,0.0,0.0,0.0,0.0,0.00020995859883458579,0.01186930933371879,0.011659350734884204,0.0,0.0,0.0,23.283512115478516,22.288311004638672,-0.9952011108398438,329.0,125.0,-204.0,49.82160186767578,19.299301147460938,-30.522300720214844,0.020100502512562814,0.05063291139240506,0.030532408879842248,0.0,0.0,0.0
1839,mp3d/Z6MFQCViBuw/Z6MFQCViBuw.glb,0,1.0,1.0,0.0,1.0,1.0,0.0,0.9707531178813202,0.9707531178813202,0.0,0.8054254786872647,0.8054254786872647,0.0,0.8054254786872647,0.8054254786872647,0.0,0.9425389766693115,0.9425389766693115,0.0,73.0,73.0,0.0,13.768547058105469,13.768547058105469,0.0,0.0,0.0,0.0,0.0,0.0,0.0
