episode_id,scene_id,cache_missing,baseline_success,candidate_success,delta_success,baseline_oracle_success,candidate_oracle_success,delta_oracle_success,baseline_spl,candidate_spl,delta_spl,baseline_ndtw,candidate_ndtw,delta_ndtw,baseline_sdtw,candidate_sdtw,delta_sdtw,baseline_distance_to_goal,candidate_distance_to_goal,delta_distance_to_goal,baseline_steps_taken,candidate_steps_taken,delta_steps_taken,baseline_path_length,candidate_path_length,delta_path_length,baseline_collisions,candidate_collisions,delta_collisions,baseline_stop_error,candidate_stop_error,delta_stop_error
1,mp3d/zsNo4HB9uLZ/zsNo4HB9uLZ.glb,0,1.0,1.0,0.0,1.0,1.0,0.0,1.0,1.0,0.0,0.9429388089030235,0.9429388089030235,0.0,0.9429388089030235,0.9429388089030235,0.0,0.8068112134933472,0.8068112134933472,0.0,41.0,41.0,0.0,7.500001907348633,7.500001907348633,0.0,0.0,0.0,0.0,0.0,0.0,0.0
2,mp3d/zsNo4HB9uLZ/zsNo4HB9uLZ.glb,0,1.0,1.0,0.0,1.0,1.0,0.0,1.0,1.0,0.0,0.9429388089030235,0.9429388089030235,0.0,0.9429388089030235,0.9429388089030235,0.0,0.8068112134933472,0.8068112134933472,0.0,41.0,41.0,0.0,7.500001907348633,7.500001907348633,0.0,0.0,0.0,0.0,0.0,0.0,0.0
3,mp3d/zsNo4HB9uLZ/zsNo4HB9uLZ.glb,0,1.0,1.0,0.0,1.0,1.0,0.0,1.0,1.0,0.0,0.9429388089030235,0.9429388089030235,0.0,0.9429388089030235,0.9429388089030235,0.0,0.8068112134933472,0.8068112134933472,0.0,41.0,41.0,0.0,7.500001907348633,7.500001907348633,0.0,0.0,0.0,0.0,0.0,0.0,0.0
4,mp3d/TbHJrupSAjP/TbHJrupSAjP.glb,0,0.0,0.0,0.0,0.0,0.0,0.0,0.0,0.0,0.0,0.4923657546422849,0.5608288185092779,0.06846306386699302,0.0,0.0,0.0,7.400137901306152,7.331089496612549,-0.06904840469360352,90.0,75.0,-15.0,11.037290573120117,9.39334487915039,-1.6439456939697266,0.16326530612244897,0.3695652173913043,0.20629991126885536,0.0,0.0,0.0
5,mp3d/TbHJrupSAjP/TbHJrupSAjP.glb,0,1.0,0.0,-1.0,1.0,0.0,-1.0,0.8430159585348727,0.0,-0.8430159585348727,0.8655524624292783,0.4309968334605236,-0.4345556289687547,0.8655524624292783,0.0,-0.8655524624292783,0.797720730304718,8.612324714660645,7.8146039843559265,111.0,106.0,-5.0,11.459604263305664,12.516883850097656,1.0572795867919922,0.3148148148148148,0.29310344827586204,-0.02171136653895278,0.0,0.0,0.0
6,mp3d/TbHJrupSAjP/TbHJrupSAjP.glb,0,1.0,1.0,0.0,1.0,1.0,0.0,0.8540246440293754,0.7535031907778071,-0.10052145325156825,0.8251163446971721,0.8297919462334286,0.004675601536256457,0.8251163446971721,0.8297919462334286,0.004675601536256457,1.1264197826385498,0.3805042803287506,-0.7459155023097992,115.0,128.0,13.0,11.311885833740234,12.820953369140625,1.5090675354003906,0.36363636363636365,0.32786885245901637,-0.03576751117734728,0.0,0.0,0.0
7,mp3d/x8F5xyUWy9e/x8F5xyUWy9e.glb,0,1.0,1.0,0.0,1.0,1.0,0.0,0.9957915966765253,1.0,0.004208403323474719,0.9502403960777535,0.959264501554123,0.00902410547636956,0.9502403960777535,0.959264501554123,0.00902410547636956,1.074582576751709,0.8840233087539673,-0.1905592679977417,54.0,47.0,-7.0,10.496437072753906,9.749999046325684,-0.7464380264282227,0.023255813953488372,0.0,-0.023255813953488372,0.0,0.0,0.0
8,mp3d/x8F5xyUWy9e/x8F5xyUWy9e.glb,0,1.0,1.0,0.0,1.0,1.0,0.0,1.0,1.0,0.0,0.959264501554123,0.959264501554123,0.0,0.959264501554123,0.959264501554123,0.0,0.8840233087539673,0.8840233087539673,0.0,47.0,47.0,0.0,9.749999046325684,9.749999046325684,0.0,0.0,0.0,0.0,0.0,0.0,0.0
9,mp3d/x8F5xyUWy9e/x8F5xyUWy9e.glb,0,0.0,0.0,0.0,0.0,0.0,0.0,0.0,0.0,0.0,0.477693111571876,0.5463239905279639,0.06863087895608788,0.0,0.0,0.0,9.65466022491455,9.117965698242188,-0.5366945266723633,60.0,55.0,-5.0,12.206552505493164,11.455612182617188,-0.7509403228759766,0.0,0.0,0.0,0.0,0.0,0.0
10,mp3d/2azQ1b91cZZ/2azQ1b91cZZ.glb,0,0.0,0.0,0.0,1.0,1.0,0.0,0.0,0.0,0.0,0.4664192354267501,0.002053558612316734,-0.4643656768144334,0.0,0.0,0.0,4.687075614929199,4.550180435180664,-0.13689517974853516,54.0,323.0,269.0,12.0,50.50000762939453,38.50000762939453,0.0,0.0,0.0,1.0,1.0,0.0
11,mp3d/2azQ1b91cZZ/2azQ1b91cZZ.glb,0,1.0,1.0,0.0,1.0,1.0,0.0,0.8621781667073568,0.8621781667073568,0.0,0.8432483809079323,0.8432483809079323,0.0,0.8432483809079323,0.8432483809079323,0.0,0.9826689958572388,0.9826689958572388,0.0,37.0,37.0,0.0,8.25,8.25,0.0,0.0,0.0,0.0,0.0,0.0,0.0
12,mp3d/2azQ1b91cZZ/2azQ1b91cZZ.glb,0,0.0,0.0,0.0,1.0,1.0,0.0,0.0,0.0,0.0,0.4354318180969989,0.4354318180969989,0.0,0.0,0.0,0.0,4.937219142913818,4.937219142913818,0.0,54.0,54.0,0.0,12.249999046325684,12.249999046325684,0.0,0.0,0.0,0.0,1.0,1.0,0.0
13,mp3d/zsNo4HB9uLZ/zsNo4HB9uLZ.glb,0,1.0,1.0,0.0,1.0,1.0,0.0,0.9441309826616747,1.0,0.05586901733832528,0.9567362201196138,0.9646195193350778,0.007883299215464046,0.9567362201196138,0.9646195193350778,0.007883299215464046,0.35421207547187805,0.9292094111442566,0.5749973356723785,64.0,59.0,-5.0,12.749998092651367,11.499998092651367,-1.25,0.0,0.0,0.0,0.0,0.0,0.0
14,mp3d/zsNo4HB9uLZ/zsNo4HB9uLZ.glb,0,1.0,1.0,0.0,1.0,1.0,0.0,0.9459393227588216,0.9459393227588216,0.0,0.9404891245715092,0.9404891245715092,0.0,0.9404891245715092,0.9404891245715092,0.0,0.2235850691795349,0.2235850691795349,0.0,67.0,67.0,0.0,12.725624084472656,12.725624084472656,0.0,0.09615384615384616,0.09615384615384616,0.0,0.0,0.0,0.0
15,mp3d/zsNo4HB9uLZ/zsNo4HB9uLZ.glb,0,1.0,0.0,-1.0,1.0,0.0,-1.0,0.8770215586602892,0.0,-0.8770215586602892,0.9078055129398515,0.6093567564989861,-0.2984487564408653,0.9078055129398515,0.0,-0.9078055129398515,1.2110750675201416,8.04448413848877,6.833409070968628,72.0,52.0,-20.0,13.725624084472656,8.749998092651367,-4.975625991821289,0.08928571428571429,0.0,-0.08928571428571429,0.0,0.0,0.0
16,mp3d/2azQ1b91cZZ/2azQ1b91cZZ.glb,0,1.0,1.0,0.0,1.0,1.0,0.0,1.0,1.0,0.0,0.8922818666653523,0.8922818666653523,0.0,0.8922818666653523,0.8922818666653523,0.0,2.2286908626556396,2.2286908626556396,0.0,40.0,40.0,0.0,6.503945350646973,6.503945350646973,0.0,0.037037037037037035,0.037037037037037035,0.0,0.0,0.0,0.0
17,mp3d/2azQ1b91cZZ/2azQ1b91cZZ.glb,0,0.0,0.0,0.0,0.0,0.0,0.0,0.0,0.0,0.0,0.009250277108826165,0.04182777067051068,0.03257749356168452,0.0,0.0,0.0,10.735626220703125,13.636940956115723,2.9013147354125977,199.0,159.0,-40.0,29.50406265258789,22.754058837890625,-6.750003814697266,0.008403361344537815,0.010869565217391304,0.0024662038728534893,0.0,0.0,0.0
18,mp3d/2azQ1b91cZZ/2azQ1b91cZZ.glb,0,0.0,0.0,0.0,0.0,0.0,0.0,0.0,0.0,0.0,0.008947864187247443,0.008947864187247443,0.0,0.0,0.0,0.0,8.487829208374023,8.487829208374023,0.0,203.0,203.0,0.0,30.50406265258789,30.50406265258789,0.0,0.008130081300813009,0.008130081300813009,0.0,0.0,0.0,0.0
19,mp3d/QUCTc6BB5sX/QUCTc6BB5sX.glb,0,1.0,1.0,0.0,1.0,1.0,0.0,0.911497531484362,0.911497531484362,0.0,0.7018417153985697,0.7018417153985697,0.0,0.7018417153985697,0.7018417153985697,0.0,0.34143200516700745,0.34143200516700745,0.0,87.0,87.0,0.0,14.487374305725098,14.487374305725098,0.0,0.0,0.0,0.0,0.0,0.0,0.0
20,mp3d/QUCTc6BB5sX/QUCTc6BB5sX.glb,0,0.0,0.0,0.0,0.0,0.0,0.0,0.0,0.0,0.0,0.37865113296216674,0.37865113296216674,0.0,0.0,0.0,0.0,4.92535924911499,4.92535924911499,0.0,61.0,61.0,0.0,11.624261856079102,11.624261856079102,0.0,0.021739130434782608,0.021739130434782608,0.0,0.0,0.0,0.0
21,mp3d/QUCTc6BB5sX/QUCTc6BB5sX.glb,0,1.0,1.0,0.0,1.0,1.0,0.0,0.8255871115831441,0.911497531484362,0.08591041990121784,0.6790458970602787,0.7018417153985697,0.02279581833829092,0.6790458970602787,0.7018417153985697,0.02279581833829092,0.34143200516700745,0.34143200516700745,0.0,107.0,87.0,-20.0,15.994927406311035,14.487374305725098,-1.5075531005859375,0.0,0.0,0.0,0.0,0.0,0.0
22,mp3d/TbHJrupSAjP/TbHJrupSAjP.glb,0,1.0,1.0,0.0,1.0,1.0,0.0,0.9142145193380425,1.0,0.08578548066195746,0.9342196686735798,0.936200082499479,0.0019804138258991966,0.9342196686735798,0.936200082499479,0.0019804138258991966,0.2974698841571808,0.996239960193634,0.6987700760364532,49.0,43.0,-6.0,9.161970138549805,7.911970615386963,-1.2499995231628418,0.0,0.0,0.0,0.0,0.0,0.0
23,mp3d/TbHJrupSAjP/TbHJrupSAjP.glb,0,1.0,1.0,0.0,1.0,1.0,0.0,1.0,1.0,0.0,0.936200082499479,0.936200082499479,0.0,0.936200082499479,0.936200082499479,0.0,0.996239960193634,0.996239960193634,0.0,43.0,43.0,0.0,7.911970615386963,7.911970615386963,0.0,0.0,0.0,0.0,0.0,0.0,0.0
24,mp3d/TbHJrupSAjP/TbHJrupSAjP.glb,0,0.0,0.0,0.0,1.0,1.0,0.0,0.0,0.0,0.0,0.6628916536811296,0.6628916536811296,0.0,0.0,0.0,0.0,5.448633193969727,5.448633193969727,0.0,98.0,98.0,0.0,11.786622047424316,11.786622047424316,0.0,0.0,0.0,0.0,1.0,1.0,0.0
25,mp3d/zsNo4HB9uLZ/zsNo4HB9uLZ.glb,0,1.0,1.0,0.0,1.0,1.0,0.0,1.0,1.0,0.0,0.8624839848847469,0.8624839848847469,0.0,0.8624839848847469,0.8624839848847469,0.0,2.236529588699341,2.236529588699341,0.0,78.0,78.0,0.0,12.00000286102295,12.00000286102295,0.0,0.0,0.0,0.0,0.0,0.0,0.0
26,mp3d/zsNo4HB9uLZ/zsNo4HB9uLZ.glb,0,1.0,1.0,0.0,1.0,1.0,0.0,0.9243463794574558,0.9243463794574558,0.0,0.9052005033912061,0.9052005033912061,0.0,0.9052005033912061,0.9052005033912061,0.0,0.8075020909309387,0.8075020909309387,0.0,88.0,88.0,0.0,13.750001907348633,13.750001907348633,0.0,0.0,0.0,0.0,0.0,0.0,0.0
27,mp3d/zsNo4HB9uLZ/zsNo4HB9uLZ.glb,0,1.0,1.0,0.0,1.0,1.0,0.0,0.9414639025845135,0.9422500107466306,0.0007861081621171051,0.901467643214585,0.8748685698781248,-0.026599073336460166,0.901467643214585,0.8748685698781248,-0.026599073336460166,1.26711905002594,1.5706382989883423,0.30351924896240234,90.0,83.0,-7.0,13.500001907348633,13.488739013671875,-0.011262893676757812,0.0,0.01818181818181818,0.01818181818181818,0.0,0.0,0.0
28,mp3d/oLBMNvg9in8/oLBMNvg9in8.glb,0,0.0,0.0,0.0,0.0,0.0,0.0,0.0,0.0,0.0,0.6284425595593182,0.6284425595593182,0.0,0.0,0.0,0.0,8.859955787658691,8.859955787658691,0.0,122.0,122.0,0.0,8.127616882324219,8.127616882324219,0.0,0.5151515151515151,0.5151515151515151,0.0,0.0,0.0,0.0
29,mp3d/oLBMNvg9in8/oLBMNvg9in8.glb,0,0.0,0.0,0.0,0.0,0.0,0.0,0.0,0.0,0.0,0.6284425595593182,0.6284425595593182,0.0,0.0,0.0,0.0,8.859955787658691,8.859955787658691,0.0,98.0,98.0,0.0,8.127616882324219,8.127616882324219,0.0,0.5151515151515151,0.5151515151515151,0.0,0.0,0.0,0.0
30,mp3d/oLBMNvg9in8/oLBMNvg9in8.glb,0,0.0,0.0,0.0,0.0,0.0,0.0,0.0,0.0,0.0,0.7015338754959021,0.7015338754959021,0.0,0.0,0.0,0.0,8.85738754272461,8.85738754272461,0.0,56.0,56.0,0.0,7.357223987579346,7.357223987579346,0.0,0.0625,0.0625,0.0,0.0,0.0,0.0
31,mp3d/x8F5xyUWy9e/x8F5xyUWy9e.glb,0,0.0,0.0,0.0,1.0,1.0,0.0,0.0,0.0,0.0,0.5119051310048295,0.5119051310048295,0.0,0.0,0.0,0.0,4.729847431182861,4.729847431182861,0.0,155.0,155.0,0.0,17.61492919921875,17.61492919921875,0.0,0.0,0.0,0.0,1.0,1.0,0.0
32,mp3d/x8F5xyUWy9e/x8F5xyUWy9e.glb,0,1.0,1.0,0.0,1.0,1.0,0.0,0.8759519184779415,0.7700181570323583,-0.1059337614455832,0.8943855208078025,0.8662686626835687,-0.028116858124233812,0.8943855208078025,0.8662686626835687,-0.028116858124233812,1.070844054222107,1.113002061843872,0.04215800762176514,53.0,64.0,11.0,7.2628092765808105,8.26197624206543,0.9991669654846191,0.0,0.0,0.0,0.0,0.0,0.0
33,mp3d/x8F5xyUWy9e/x8F5xyUWy9e.glb,0,1.0,1.0,0.0,1.0,1.0,0.0,0.7700181570323583,0.7700181570323583,0.0,0.8662686626835687,0.8662686626835687,0.0,0.8662686626835687,0.8662686626835687,0.0,1.113002061843872,1.113002061843872,0.0,64.0,64.0,0.0,8.26197624206543,8.26197624206543,0.0,0.0,0.0,0.0,0.0,0.0,0.0
34,mp3d/TbHJrupSAjP/TbHJrupSAjP.glb,0,1.0,1.0,0.0,1.0,1.0,0.0,0.9814048626344758,0.9814048626344758,0.0,0.9364259799840663,0.9364259799840663,0.0,0.9364259799840663,0.9364259799840663,0.0,0.39711809158325195,0.39711809158325195,0.0,38.0,38.0,0.0,7.32413387298584,7.32413387298584,0.0,0.0,0.0,0.0,0.0,0.0,0.0
35,mp3d/TbHJrupSAjP/TbHJrupSAjP.glb,0,1.0,1.0,0.0,1.0,1.0,0.0,0.9814048626344758,0.9814048626344758,0.0,0.9364259799840663,0.9364259799840663,0.0,0.9364259799840663,0.9364259799840663,0.0,0.39711809158325195,0.39711809158325195,0.0,38.0,38.0,0.0,7.32413387298584,7.32413387298584,0.0,0.0,0.0,0.0,0.0,0.0,0.0
36,mp3d/TbHJrupSAjP/TbHJrupSAjP.glb,0,1.0,1.0,0.0,1.0,1.0,0.0,0.9814048626344758,0.9814048626344758,0.0,0.9364259799840663,0.9364259799840663,0.0,0.9364259799840663,0.9364259799840663,0.0,0.39711809158325195,0.39711809158325195,0.0,38.0,38.0,0.0,7.32413387298584,7.32413387298584,0.0,0.0,0.0,0.0,0.0,0.0,0.0
37,mp3d/zsNo4HB9uLZ/zsNo4HB9uLZ.glb,0,1.0,1.0,0.0,1.0,1.0,0.0,1.0,1.0,0.0,0.9526048890218718,0.9526048890218718,0.0,0.9526048890218718,0.9526048890218718,0.0,0.8641429543495178,0.8641429543495178,0.0,49.0,49.0,0.0,8.192215919494629,8.192215919494629,0.0,0.20588235294117646,0.20588235294117646,0.0,0.0,0.0,0.0
38,mp3d/zsNo4HB9uLZ/zsNo4HB9uLZ.glb,0,1.0,1.0,0.0,1.0,1.0,0.0,0.9378619943013152,0.9378619943013152,0.0,0.9416080245640869,0.9416080245640869,0.0,0.9416080245640869,0.9416080245640869,0.0,0.4141988158226013,0.4141988158226013,0.0,55.0,55.0,0.0,9.442215919494629,9.442215919494629,0.0,0.1794871794871795,0.1794871794871795,0.0,0.0,0.0,0.0
39,mp3d/zsNo4HB9uLZ/zsNo4HB9uLZ.glb,0,1.0,1.0,0.0,1.0,1.0,0.0,1.0,1.0,0.0,0.9042875055016676,0.9042875055016676,0.0,0.9042875055016676,0.9042875055016676,0.0,2.072024345397949,2.072024345397949,0.0,43.0,43.0,0.0,6.942215919494629,6.942215919494629,0.0,0.2413793103448276,0.2413793103448276,0.0,0.0,0.0,0.0
40,mp3d/zsNo4HB9uLZ/zsNo4HB9uLZ.glb,0,1.0,1.0,0.0,1.0,1.0,0.0,0.9974942528414087,0.9974942528414087,0.0,0.947648230417133,0.947648230417133,0.0,0.947648230417133,0.947648230417133,0.0,0.5907740592956543,0.5907740592956543,0.0,76.0,76.0,0.0,15.000001907348633,15.000001907348633,0.0,0.0,0.0,0.0,0.0,0.0,0.0
41,mp3d/zsNo4HB9uLZ/zsNo4HB9uLZ.glb,0,0.0,0.0,0.0,0.0,0.0,0.0,0.0,0.0,0.0,0.6929642402464409,0.6929642402464409,0.0,0.0,0.0,0.0,7.193060398101807,7.193060398101807,0.0,98.0,98.0,0.0,16.250003814697266,16.250003814697266,0.0,0.0,0.0,0.0,0.0,0.0,0.0
42,mp3d/zsNo4HB9uLZ/zsNo4HB9uLZ.glb,0,1.0,1.0,0.0,1.0,1.0,0.0,0.9974942528414087,0.9974942528414087,0.0,0.947648230417133,0.947648230417133,0.0,0.947648230417133,0.947648230417133,0.0,0.5907740592956543,0.5907740592956543,0.0,76.0,76.0,0.0,15.000001907348633,15.000001907348633,0.0,0.0,0.0,0.0,0.0,0.0,0.0
43,mp3d/2azQ1b91cZZ/2azQ1b91cZZ.glb,0,1.0,1.0,0.0,1.0,1.0,0.0,0.9541422622361029,0.9541422622361029,0.0,0.8926992129383357,0.8926992129383357,0.0,0.8926992129383357,0.8926992129383357,0.0,0.5438604950904846,0.5438604950904846,0.0,68.0,68.0,0.0,11.48206901550293,11.48206901550293,0.0,0.04081632653061224,0.04081632653061224,0.0,0.0,0.0,0.0
44,mp3d/2azQ1b91cZZ/2azQ1b91cZZ.glb,0,1.0,0.0,-1.0,1.0,0.0,-1.0,0.5702156193482021,0.0,-0.5702156193482021,0.1891285172385794,0.22236890572305942,0.03324038848448002,0.1891285172385794,0.0,-0.1891285172385794,2.946096420288086,13.274782180786133,10.328685760498047,105.0,70.0,-35.0,19.212955474853516,11.741588592529297,-7.471366882324219,0.036585365853658534,0.038461538461538464,0.0018761726078799293,0.0,0.0,0.0
45,mp3d/2azQ1b91cZZ/2azQ1b91cZZ.glb,0,1.0,1.0,0.0,1.0,1.0,0.0,0.9541422622361029,0.9541422622361029,0.0,0.8926992129383357,0.8926992129383357,0.0,0.8926992129383357,0.8926992129383357,0.0,0.5438604950904846,0.5438604950904846,0.0,68.0,68.0,0.0,11.48206901550293,11.48206901550293,0.0,0.04081632653061224,0.04081632653061224,0.0,0.0,0.0,0.0
46,mp3d/X7HyMhZNoso/X7HyMhZNoso.glb,0,1.0,1.0,0.0,1.0,1.0,0.0,0.9877784799593384,1.0,0.012221520040661571,0.929021963849008,0.8879965069831174,-0.04102545686589065,0.929021963849008,0.8879965069831174,-0.04102545686589065,1.37800133228302,2.377946615219116,0.9999452829360962,65.0,61.0,-4.0,10.177139282226562,9.177140235900879,-0.9999990463256836,0.0,0.0,0.0,0.0,0.0,0.0
47,mp3d/X7HyMhZNoso/X7HyMhZNoso.glb,0,1.0,1.0,0.0,1.0,1.0,0.0,1.0,1.0,0.0,0.8604195312172502,0.8604195312172502,0.0,0.8604195312172502,0.8604195312172502,0.0,2.20732045173645,2.20732045173645,0.0,61.0,61.0,0.0,9.641895294189453,9.641895294189453,0.0,0.0,0.0,0.0,0.0,0.0,0.0
48,mp3d/X7HyMhZNoso/X7HyMhZNoso.glb,0,1.0,1.0,0.0,1.0,1.0,0.0,1.0,1.0,0.0,0.8879965069831174,0.8879965069831174,0.0,0.8879965069831174,0.8879965069831174,0.0,2.377946615219116,2.377946615219116,0.0,61.0,61.0,0.0,9.177140235900879,9.177140235900879,0.0,0.0,0.0,0.0,0.0,0.0,0.0
49,mp3d/QUCTc6BB5sX/QUCTc6BB5sX.glb,0,0.0,0.0,0.0,0.0,0.0,0.0,0.0,0.0,0.0,0.5127794461602736,0.5236505823085976,0.010871136148324023,0.0,0.0,0.0,8.483038902282715,7.52454948425293,-0.9584894180297852,132.0,120.0,-12.0,11.743799209594727,10.493799209594727,-1.25,0.58,0.7555555555555555,0.17555555555555558,0.0,0.0,0.0
50,mp3d/QUCTc6BB5sX/QUCTc6BB5sX.glb,0,0.0,0.0,0.0,0.0,0.0,0.0,0.0,0.0,0.0,0.10221011775426676,0.2352171553717118,0.13300703761744503,0.0,0.0,0.0,12.841303825378418,13.116637229919434,0.2753334045410156,226.0,46.0,-180.0,32.3231315612793,7.003425598144531,-25.319705963134766,0.09090909090909091,0.0,-0.09090909090909091,0.0,0.0,0.0
51,mp3d/QUCTc6BB5sX/QUCTc6BB5sX.glb,0,0.0,0.0,0.0,0.0,0.0,0.0,0.0,0.0,0.0,0.3265800091818757,0.5501668424999268,0.22358683331805107,0.0,0.0,0.0,13.988570213317871,7.515966415405273,-6.472603797912598,135.0,87.0,-48.0,14.56328010559082,7.344579696655273,-7.218700408935547,0.6721311475409836,1.21875,0.5466188524590164,0.0,0.0,0.0
52,mp3d/zsNo4HB9uLZ/zsNo4HB9uLZ.glb,0,1.0,1.0,0.0,1.0,1.0,0.0,1.0,1.0,0.0,0.8676237790479531,0.8676237790479531,0.0,0.8676237790479531,0.8676237790479531,0.0,2.641010046005249,2.641010046005249,0.0,73.0,73.0,0.0,12.505812644958496,12.505812644958496,0.0,0.0,0.0,0.0,0.0,0.0,0.0
53,mp3d/zsNo4HB9uLZ/zsNo4HB9uLZ.glb,0,1.0,1.0,0.0,1.0,1.0,0.0,1.0,1.0,0.0,0.8944290790187317,0.8944290790187317,0.0,0.8944290790187317,0.8944290790187317,0.0,1.9000046253204346,1.9000046253204346,0.0,77.0,77.0,0.0,13.255812644958496,13.255812644958496,0.0,0.0,0.0,0.0,0.0,0.0,0.0
54,mp3d/zsNo4HB9uLZ/zsNo4HB9uLZ.glb,0,0.0,1.0,1.0,1.0,1.0,0.0,0.0,0.9076459955935475,0.9076459955935475,0.8213041025903833,0.8865975723833193,0.06529346979293593,0.0,0.8865975723833193,0.8865975723833193,3.7915165424346924,2.232879638671875,-1.5586369037628174,115.0,100.0,-15.0,17.660537719726562,15.905203819274902,-1.7553339004516602,0.0273972602739726,0.030303030303030304,0.0029057700290577027,1.0,0.0,-1.0
55,mp3d/zsNo4HB9uLZ/zsNo4HB9uLZ.glb,0,0.0,0.0,0.0,0.0,0.0,0.0,0.0,0.0,0.0,0.7076517859805885,0.7076517859805885,0.0,0.0,0.0,0.0,6.606271743774414,6.606271743774414,0.0,70.0,70.0,0.0,12.49393367767334,12.49393367767334,0.0,0.0196078431372549,0.0196078431372549,0.0,0.0,0.0,0.0
56,mp3d/zsNo4HB9uLZ/zsNo4HB9uLZ.glb,0,1.0,1.0,0.0,1.0,1.0,0.0,0.8730892950356136,0.8730892950356136,0.0,0.8318870253783157,0.8318870253783157,0.0,0.8318870253783157,0.8318870253783157,0.0,2.377243995666504,2.377243995666504,0.0,93.0,93.0,0.0,14.8661527633667,14.8661527633667,0.0,0.06451612903225806,0.06451612903225806,0.0,0.0,0.0,0.0
57,mp3d/zsNo4HB9uLZ/zsNo4HB9uLZ.glb,0,1.0,1.0,0.0,1.0,1.0,0.0,0.614670598158459,0.614670598158459,0.0,0.637176554999007,0.637176554999007,0.0,0.637176554999007,0.637176554999007,0.0,2.3139383792877197,2.3139383792877197,0.0,159.0,159.0,0.0,21.116153717041016,21.116153717041016,0.0,0.04597701149425287,0.04597701149425287,0.0,0.0,0.0,0.0
58,mp3d/TbHJrupSAjP/TbHJrupSAjP.glb,0,1.0,1.0,0.0,1.0,1.0,0.0,0.570844376017347,1.0,0.42915562398265295,0.7546721371473591,0.9075718651908827,0.1528997280435236,0.7546721371473591,0.9075718651908827,0.1528997280435236,2.4267053604125977,1.3130483627319336,-1.113656997680664,105.0,38.0,-67.0,14.60606575012207,7.356067657470703,-7.249998092651367,0.03508771929824561,0.07142857142857142,0.03634085213032581,0.0,0.0,0.0
59,mp3d/TbHJrupSAjP/TbHJrupSAjP.glb,0,1.0,1.0,0.0,1.0,1.0,0.0,1.0,1.0,0.0,0.9075718651908827,0.9075718651908827,0.0,0.9075718651908827,0.9075718651908827,0.0,1.3130483627319336,1.3130483627319336,0.0,38.0,38.0,0.0,7.356067657470703,7.356067657470703,0.0,0.07142857142857142,0.07142857142857142,0.0,0.0,0.0,0.0
60,mp3d/TbHJrupSAjP/TbHJrupSAjP.glb,0,0.0,0.0,0.0,1.0,1.0,0.0,0.0,0.0,0.0,0.7341568824968924,0.7643387310925461,0.03018184859565376,0.0,0.0,0.0,4.375509738922119,4.267223358154297,-0.10828638076782227,86.0,53.0,-33.0,10.611490249633789,7.606067657470703,-3.005422592163086,0.04878048780487805,0.06896551724137931,0.02018502943650126,1.0,1.0,0.0
61,mp3d/2azQ1b91cZZ/2azQ1b91cZZ.glb,0,1.0,0.0,-1.0,1.0,1.0,0.0,0.8663653066727844,0.0,-0.8663653066727844,0.89390349173914,0.021792912911729183,-0.8721105788274108,0.89390349173914,0.0,-0.89390349173914,0.8316430449485779,6.835166931152344,6.003523886203766,63.0,268.0,205.0,9.477882385253906,32.4778938293457,23.000011444091797,0.1282051282051282,0.03816793893129771,-0.09003718927383048,0.0,1.0,1.0
62,mp3d/2azQ1b91cZZ/2azQ1b91cZZ.glb,0,1.0,1.0,0.0,1.0,1.0,0.0,0.8898368914692583,0.8898368914692583,0.0,0.9142297166977015,0.9142297166977015,0.0,0.9142297166977015,0.9142297166977015,0.0,0.8110896348953247,0.8110896348953247,0.0,61.0,61.0,0.0,9.227880477905273,9.227880477905273,0.0,0.13157894736842105,0.13157894736842105,0.0,0.0,0.0,0.0
63,mp3d/2azQ1b91cZZ/2azQ1b91cZZ.glb,0,1.0,1.0,0.0,1.0,1.0,0.0,1.0,1.0,0.0,0.8959233479134131,0.8959233479134131,0.0,0.8959233479134131,0.8959233479134131,0.0,1.2264902591705322,1.2264902591705322,0.0,54.0,54.0,0.0,7.942702770233154,7.942702770233154,0.0,0.32432432432432434,0.32432432432432434,0.0,0.0,0.0,0.0
64,mp3d/oLBMNvg9in8/oLBMNvg9in8.glb,0,1.0,1.0,0.0,1.0,1.0,0.0,0.7252714718869674,0.7252714718869674,0.0,0.9066452980846924,0.9066452980846924,0.0,0.9066452980846924,0.9066452980846924,0.0,0.17140619456768036,0.17140619456768036,0.0,63.0,63.0,0.0,8.122352600097656,8.122352600097656,0.0,0.0,0.0,0.0,0.0,0.0,0.0
65,mp3d/oLBMNvg9in8/oLBMNvg9in8.glb,0,1.0,1.0,0.0,1.0,1.0,0.0,0.7252714718869674,0.7252714718869674,0.0,0.9066452980846924,0.9066452980846924,0.0,0.9066452980846924,0.9066452980846924,0.0,0.17140619456768036,0.17140619456768036,0.0,63.0,63.0,0.0,8.122352600097656,8.122352600097656,0.0,0.0,0.0,0.0,0.0,0.0,0.0
66,mp3d/oLBMNvg9in8/oLBMNvg9in8.glb,0,0.0,1.0,1.0,0.0,1.0,1.0,0.0,0.2903529830164398,0.2903529830164398,0.02324682783390958,0.42568210856117045,0.40243528072726087,0.0,0.42568210856117045,0.42568210856117045,7.102865219116211,1.4527770280838013,-5.65008819103241,387.0,182.0,-205.0,42.518863677978516,20.288789749145508,-22.230073928833008,0.023255813953488372,0.07228915662650602,0.04903334267301765,0.0,0.0,0.0
67,mp3d/QUCTc6BB5sX/QUCTc6BB5sX.glb,0,0.0,0.0,0.0,0.0,0.0,0.0,0.0,0.0,0.0,0.07231974014669042,0.07231974014669042,0.0,0.0,0.0,0.0,18.31039810180664,18.31039810180664,0.0,66.0,66.0,0.0,11.0,11.0,0.0,0.0,0.0,0.0,0.0,0.0,0.0
68,mp3d/QUCTc6BB5sX/QUCTc6BB5sX.glb,0,1.0,0.0,-1.0,1.0,0.0,-1.0,0.4846074715857429,0.0,-0.4846074715857429,0.11599331804272467,0.18336578324383507,0.0673724652011104,0.11599331804272467,0.0,-0.11599331804272467,2.9664323329925537,3.8522753715515137,0.88584303855896,138.0,138.0,0.0,26.284374237060547,22.2996826171875,-3.984691619873047,0.0,0.0,0.0,0.0,0.0,0.0
69,mp3d/QUCTc6BB5sX/QUCTc6BB5sX.glb,0,1.0,0.0,-1.0,1.0,0.0,-1.0,0.20953016258843304,0.0,-0.20953016258843304,0.003025084639473473,0.00020710803953071397,-0.002817976599942759,0.003025084639473473,0.0,-0.003025084639473473,2.307438611984253,18.315073013305664,16.00763440132141,343.0,451.0,108.0,60.79126739501953,73.96067810058594,13.169410705566406,0.0,0.010067114093959731,0.010067114093959731,0.0,0.0,0.0
70,mp3d/2azQ1b91cZZ/2azQ1b91cZZ.glb,0,0.0,1.0,1.0,0.0,1.0,1.0,0.0,0.8690454545454546,0.8690454545454546,0.3591431700952,0.7472236873464403,0.38808051725124026,0.0,0.7472236873464403,0.7472236873464403,9.880952835083008,0.9524632692337036,-8.928489565849304,86.0,98.0,12.0,17.7542724609375,18.001556396484375,0.247283935546875,0.0,0.0136986301369863,0.0136986301369863,0.0,0.0,0.0
71,mp3d/2azQ1b91cZZ/2azQ1b91cZZ.glb,0,0.0,0.0,0.0,0.0,0.0,0.0,0.0,0.0,0.0,0.2256881086663629,0.08273797446027835,-0.14295013420608454,0.0,0.0,0.0,6.731383323669434,9.880952835083008,3.149569511413574,218.0,156.0,-62.0,28.770505905151367,29.2542724609375,0.4837665557861328,0.0,0.0,0.0,0.0,0.0,0.0
72,mp3d/2azQ1b91cZZ/2azQ1b91cZZ.glb,0,0.0,0.0,0.0,0.0,0.0,0.0,0.0,0.0,0.0,0.27086390333072446,0.27086390333072446,0.0,0.0,0.0,0.0,11.29574966430664,11.29574966430664,0.0,93.0,93.0,0.0,19.5042724609375,19.5042724609375,0.0,0.0,0.0,0.0,0.0,0.0,0.0
73,mp3d/zsNo4HB9uLZ/zsNo4HB9uLZ.glb,0,1.0,1.0,0.0,1.0,1.0,0.0,0.6638677194883417,0.7302544851060405,0.06638676561769885,0.6953965149587698,0.7689259122009854,0.07352939724221563,0.6953965149587698,0.7689259122009854,0.07352939724221563,1.9405571222305298,2.8763840198516846,0.9358268976211548,74.0,60.0,-14.0,11.000000953674316,10.000000953674316,-1.0,0.0,0.0,0.0,0.0,0.0,0.0
74,mp3d/zsNo4HB9uLZ/zsNo4HB9uLZ.glb,0,0.0,0.0,0.0,0.0,0.0,0.0,0.0,0.0,0.0,0.1596567293947788,0.1596567293947788,0.0,0.0,0.0,0.0,4.576741695404053,4.576741695404053,0.0,122.0,122.0,0.0,19.366153717041016,19.366153717041016,0.0,0.05,0.05,0.0,0.0,0.0,0.0
75,mp3d/zsNo4HB9uLZ/zsNo4HB9uLZ.glb,0,0.0,0.0,0.0,0.0,0.0,0.0,0.0,0.0,0.0,0.19628855855348507,0.07526435680449185,-0.12102420174899321,0.0,0.0,0.0,7.292149543762207,7.317535400390625,0.02538585662841797,62.0,144.0,82.0,11.24393367767334,22.616153717041016,11.372220039367676,0.021739130434782608,0.043010752688172046,0.02127162225338944,0.0,0.0,0.0
76,mp3d/2azQ1b91cZZ/2azQ1b91cZZ.glb,0,0.0,0.0,0.0,0.0,0.0,0.0,0.0,0.0,0.0,0.012411350989953263,0.0037779589081847103,-0.008633392081768554,0.0,0.0,0.0,23.299924850463867,21.896638870239258,-1.4032859802246094,119.0,169.0,50.0,20.25001335144043,23.75001335144043,3.5,0.0,0.0,0.0,0.0,0.0,0.0
77,mp3d/2azQ1b91cZZ/2azQ1b91cZZ.glb,0,0.0,0.0,0.0,0.0,0.0,0.0,0.0,0.0,0.0,0.1914549348086285,0.1914549348086285,0.0,0.0,0.0,0.0,14.017653465270996,14.017653465270996,0.0,88.0,88.0,0.0,13.793296813964844,13.793296813964844,0.0,0.07017543859649122,0.07017543859649122,0.0,0.0,0.0,0.0
78,mp3d/2azQ1b91cZZ/2azQ1b91cZZ.glb,0,0.0,0.0,0.0,0.0,0.0,0.0,0.0,0.0,0.0,0.12718106684432126,0.08550032723599243,-0.041680739608328826,0.0,0.0,0.0,14.617340087890625,14.31486988067627,-0.30247020721435547,130.0,198.0,68.0,18.18663215637207,25.73257064819336,7.545938491821289,0.02702702702702703,0.009615384615384616,-0.017411642411642413,0.0,0.0,0.0
79,mp3d/2azQ1b91cZZ/2azQ1b91cZZ.glb,0,1.0,1.0,0.0,1.0,1.0,0.0,0.9868277714673924,0.9868277714673924,0.0,0.9573981505636339,0.9573981505636339,0.0,0.9573981505636339,0.9573981505636339,0.0,0.6729662418365479,0.6729662418365479,0.0,43.0,43.0,0.0,6.726863861083984,6.726863861083984,0.0,0.03571428571428571,0.03571428571428571,0.0,0.0,0.0,0.0
80,mp3d/2azQ1b91cZZ/2azQ1b91cZZ.glb,0,1.0,1.0,0.0,1.0,1.0,0.0,0.9868277714673924,0.9868277714673924,0.0,0.8867561786715518,0.8867561786715518,0.0,0.8867561786715518,0.8867561786715518,0.0,2.4905433654785156,2.4905433654785156,0.0,36.0,36.0,0.0,6.726863861083984,6.726863861083984,0.0,0.03571428571428571,0.03571428571428571,0.0,0.0,0.0,0.0
81,mp3d/2azQ1b91cZZ/2azQ1b91cZZ.glb,0,1.0,1.0,0.0,1.0,1.0,0.0,0.9868277714673924,0.9868277714673924,0.0,0.8867561786715518,0.8867561786715518,0.0,0.8867561786715518,0.8867561786715518,0.0,2.4905433654785156,2.4905433654785156,0.0,36.0,36.0,0.0,6.726863861083984,6.726863861083984,0.0,0.03571428571428571,0.03571428571428571,0.0,0.0,0.0,0.0
82,mp3d/QUCTc6BB5sX/QUCTc6BB5sX.glb,0,0.0,0.0,0.0,0.0,0.0,0.0,0.0,0.0,0.0,0.47762019361756897,0.5333113189756887,0.055691125358119764,0.0,0.0,0.0,7.422171592712402,7.456847190856934,0.03467559814453125,141.0,97.0,-44.0,10.144021987915039,5.946463584899902,-4.197558403015137,1.4047619047619047,2.6,1.1952380952380954,0.0,0.0,0.0
83,mp3d/QUCTc6BB5sX/QUCTc6BB5sX.glb,0,0.0,1.0,1.0,0.0,1.0,1.0,0.0,0.9052715848899483,0.9052715848899483,0.23549199671444085,0.8247252214171846,0.5892332247027438,0.0,0.8247252214171846,0.8247252214171846,13.095329284667969,2.2645344734191895,-10.83079481124878,90.0,93.0,3.0,12.250007629394531,14.523747444152832,2.273739814758301,0.0,0.0,0.0,0.0,0.0,0.0
84,mp3d/QUCTc6BB5sX/QUCTc6BB5sX.glb,0,1.0,1.0,0.0,1.0,1.0,0.0,1.0,1.0,0.0,0.901694929596693,0.901694929596693,0.0,0.901694929596693,0.901694929596693,0.0,2.2645344734191895,2.2645344734191895,0.0,57.0,57.0,0.0,11.02374267578125,11.02374267578125,0.0,0.0,0.0,0.0,0.0,0.0,0.0
85,mp3d/zsNo4HB9uLZ/zsNo4HB9uLZ.glb,0,1.0,1.0,0.0,1.0,1.0,0.0,0.9784075855954949,0.9784075855954949,0.0,0.9559748698199814,0.9559748698199814,0.0,0.9559748698199814,0.9559748698199814,0.0,0.07800856232643127,0.07800856232643127,0.0,43.0,43.0,0.0,8.750032424926758,8.750032424926758,0.0,0.0,0.0,0.0,0.0,0.0,0.0
86,mp3d/zsNo4HB9uLZ/zsNo4HB9uLZ.glb,0,0.0,0.0,0.0,0.0,0.0,0.0,0.0,0.0,0.0,0.8157497308696703,0.8157497308696703,0.0,0.0,0.0,0.0,3.5326290130615234,3.5326290130615234,0.0,25.0,25.0,0.0,5.250030517578125,5.250030517578125,0.0,0.0,0.0,0.0,0.0,0.0,0.0
87,mp3d/zsNo4HB9uLZ/zsNo4HB9uLZ.glb,0,1.0,1.0,0.0,1.0,1.0,0.0,1.0,1.0,0.0,0.9407783797323604,0.9407783797323604,0.0,0.9407783797323604,0.9407783797323604,0.0,1.554837942123413,1.554837942123413,0.0,36.0,36.0,0.0,7.250030517578125,7.250030517578125,0.0,0.0,0.0,0.0,0.0,0.0,0.0
88,mp3d/2azQ1b91cZZ/2azQ1b91cZZ.glb,0,0.0,0.0,0.0,0.0,0.0,0.0,0.0,0.0,0.0,0.13913685969358316,0.029499109414495895,-0.10963775027908727,0.0,0.0,0.0,13.464926719665527,12.590665817260742,-0.8742609024047852,114.0,191.0,77.0,16.250009536743164,23.250019073486328,7.000009536743164,0.0,0.0,0.0,0.0,0.0,0.0
89,mp3d/2azQ1b91cZZ/2azQ1b91cZZ.glb,0,0.0,0.0,0.0,0.0,0.0,0.0,0.0,0.0,0.0,0.02127165861347982,0.0082013321858236,-0.013070326427656221,0.0,0.0,0.0,13.728275299072266,13.009817123413086,-0.7184581756591797,227.0,225.0,-2.0,26.25000762939453,29.750019073486328,3.500011444091797,0.0,0.0,0.0,0.0,0.0,0.0
90,mp3d/2azQ1b91cZZ/2azQ1b91cZZ.glb,0,0.0,0.0,0.0,0.0,0.0,0.0,0.0,0.0,0.0,0.4625969710492728,0.4625969710492728,0.0,0.0,0.0,0.0,11.02640151977539,11.02640151977539,0.0,68.0,68.0,0.0,2.1277127265930176,2.1277127265930176,0.0,5.0,5.0,0.0,0.0,0.0,0.0
91,mp3d/TbHJrupSAjP/TbHJrupSAjP.glb,0,0.0,0.0,0.0,0.0,0.0,0.0,0.0,0.0,0.0,0.1698338606706188,0.1698338606706188,0.0,0.0,0.0,0.0,11.797550201416016,11.797550201416016,0.0,45.0,45.0,0.0,7.352598190307617,7.352598190307617,0.0,0.0,0.0,0.0,0.0,0.0,0.0
92,mp3d/TbHJrupSAjP/TbHJrupSAjP.glb,0,1.0,1.0,0.0,1.0,1.0,0.0,1.0,1.0,0.0,0.9476030620655737,0.9476030620655737,0.0,0.9476030620655737,0.9476030620655737,0.0,1.149502158164978,1.149502158164978,0.0,35.0,35.0,0.0,5.065460205078125,5.065460205078125,0.0,0.0,0.0,0.0,0.0,0.0,0.0
93,mp3d/TbHJrupSAjP/TbHJrupSAjP.glb,0,1.0,1.0,0.0,1.0,1.0,0.0,1.0,1.0,0.0,0.9427194978010222,0.9427194978010222,0.0,0.9427194978010222,0.9427194978010222,0.0,0.7663328647613525,0.7663328647613525,0.0,43.0,43.0,0.0,5.330206394195557,5.330206394195557,0.0,0.0,0.0,0.0,0.0,0.0,0.0
94,mp3d/QUCTc6BB5sX/QUCTc6BB5sX.glb,0,0.0,0.0,0.0,0.0,0.0,0.0,0.0,0.0,0.0,0.25598410870048693,0.28016703722958824,0.02418292852910131,0.0,0.0,0.0,8.28711986541748,8.773635864257812,0.48651599884033203,195.0,179.0,-16.0,26.327070236206055,25.327070236206055,-1.0,0.028037383177570093,0.02912621359223301,0.0010888304146629176,0.0,0.0,0.0
95,mp3d/QUCTc6BB5sX/QUCTc6BB5sX.glb,0,0.0,0.0,0.0,0.0,0.0,0.0,0.0,0.0,0.0,0.10052412996202491,0.06218304484348379,-0.03834108511854112,0.0,0.0,0.0,19.363229751586914,17.717575073242188,-1.6456546783447266,73.0,137.0,64.0,11.732791900634766,18.997535705566406,7.264743804931641,0.0,0.0,0.0,0.0,0.0,0.0
96,mp3d/QUCTc6BB5sX/QUCTc6BB5sX.glb,0,0.0,0.0,0.0,0.0,0.0,0.0,0.0,0.0,0.0,0.01403399827853701,0.007759897377728867,-0.006274100900808143,0.0,0.0,0.0,8.7498779296875,9.008687973022461,0.25881004333496094,181.0,212.0,31.0,29.045106887817383,32.6798095703125,3.634702682495117,0.0,0.0,0.0,0.0,0.0,0.0
97,mp3d/QUCTc6BB5sX/QUCTc6BB5sX.glb,0,0.0,0.0,0.0,0.0,0.0,0.0,0.0,0.0,0.0,0.09069605383945191,0.09069605383945191,0.0,0.0,0.0,0.0,10.763608932495117,10.763608932495117,0.0,74.0,74.0,0.0,11.524635314941406,11.524635314941406,0.0,0.0,0.0,0.0,0.0,0.0,0.0
98,mp3d/QUCTc6BB5sX/QUCTc6BB5sX.glb,0,1.0,1.0,0.0,1.0,1.0,0.0,1.0,1.0,0.0,0.9262452937136162,0.9262452937136162,0.0,0.9262452937136162,0.9262452937136162,0.0,1.2956572771072388,1.2956572771072388,0.0,42.0,42.0,0.0,6.003425598144531,6.003425598144531,0.0,0.0,0.0,0.0,0.0,0.0,0.0
99,mp3d/QUCTc6BB5sX/QUCTc6BB5sX.glb,0,1.0,1.0,0.0,1.0,1.0,0.0,1.0,1.0,0.0,0.9262452937136162,0.9262452937136162,0.0,0.9262452937136162,0.9262452937136162,0.0,1.2956572771072388,1.2956572771072388,0.0,42.0,42.0,0.0,6.003425598144531,6.003425598144531,0.0,0.0,0.0,0.0,0.0,0.0,0.0
100,mp3d/x8F5xyUWy9e/x8F5xyUWy9e.glb,0,0.0,1.0,1.0,1.0,1.0,0.0,0.0,0.3540733291651859,0.3540733291651859,0.3573862230697466,0.4696660658379419,0.1122798427681953,0.0,0.4696660658379419,0.4696660658379419,3.481489896774292,2.0595312118530273,-1.4219586849212646,198.0,181.0,-17.0,28.36498260498047,25.616506576538086,-2.748476028442383,0.017543859649122806,0.019417475728155338,0.001873616079032532,1.0,0.0,-1.0
101,mp3d/x8F5xyUWy9e/x8F5xyUWy9e.glb,0,0.0,0.0,0.0,0.0,0.0,0.0,0.0,0.0,0.0,0.6461312422438155,0.6461312422438155,0.0,0.0,0.0,0.0,3.229184865951538,3.229184865951538,0.0,81.0,81.0,0.0,12.434675216674805,12.434675216674805,0.0,0.0,0.0,0.0,0.0,0.0,0.0
102,mp3d/x8F5xyUWy9e/x8F5xyUWy9e.glb,0,1.0,0.0,-1.0,1.0,1.0,0.0,0.3465680597052344,0.0,-0.3465680597052344,0.20829489776543378,0.5949690488064667,0.386674151041033,0.20829489776543378,0.0,-0.20829489776543378,0.5484108924865723,4.690935134887695,4.142524242401123,187.0,74.0,-113.0,26.17125701904297,13.919500350952148,-12.25175666809082,0.0,0.0,0.0,0.0,1.0,1.0
103,mp3d/QUCTc6BB5sX/QUCTc6BB5sX.glb,0,0.0,0.0,0.0,1.0,1.0,0.0,0.0,0.0,0.0,0.6018697863774419,0.6018697863774419,0.0,0.0,0.0,0.0,6.093987464904785,6.093987464904785,0.0,60.0,60.0,0.0,10.271350860595703,10.271350860595703,0.0,0.0,0.0,0.0,1.0,1.0,0.0
104,mp3d/QUCTc6BB5sX/QUCTc6BB5sX.glb,0,1.0,1.0,0.0,1.0,1.0,0.0,0.35115320453991206,0.4455190330281013,0.09436582848818925,0.5396531208587261,0.6794827725179413,0.13982965165921524,0.5396531208587261,0.6794827725179413,0.13982965165921524,0.4631117582321167,0.34600478410720825,-0.11710697412490845,194.0,158.0,-36.0,22.462448120117188,17.704654693603516,-4.757793426513672,0.01098901098901099,0.013888888888888888,0.0028998778998778982,0.0,0.0,0.0
105,mp3d/QUCTc6BB5sX/QUCTc6BB5sX.glb,0,1.0,1.0,0.0,1.0,1.0,0.0,0.8301414235618816,0.8301414235618816,0.0,0.8117755816042544,0.8117755816042544,0.0,0.8117755816042544,0.8117755816042544,0.0,1.8218145370483398,1.8218145370483398,0.0,58.0,58.0,0.0,9.501707077026367,9.501707077026367,0.0,0.02564102564102564,0.02564102564102564,0.0,0.0,0.0,0.0
106,mp3d/TbHJrupSAjP/TbHJrupSAjP.glb,0,1.0,1.0,0.0,1.0,1.0,0.0,1.0,1.0,0.0,0.9286210478484904,0.9286210478484904,0.0,0.9286210478484904,0.9286210478484904,0.0,0.9605606198310852,0.9605606198310852,0.0,40.0,40.0,0.0,7.402243614196777,7.402243614196777,0.0,0.0,0.0,0.0,0.0,0.0,0.0
107,mp3d/TbHJrupSAjP/TbHJrupSAjP.glb,0,1.0,1.0,0.0,1.0,1.0,0.0,1.0,1.0,0.0,0.8476163824393388,0.8476163824393388,0.0,0.8476163824393388,0.8476163824393388,0.0,2.2688963413238525,2.2688963413238525,0.0,34.0,34.0,0.0,5.89352560043335,5.89352560043335,0.0,0.0,0.0,0.0,0.0,0.0,0.0
108,mp3d/TbHJrupSAjP/TbHJrupSAjP.glb,0,0.0,0.0,0.0,0.0,0.0,0.0,0.0,0.0,0.0,0.369667026849251,0.3005628126039274,-0.06910421424532359,0.0,0.0,0.0,9.878567695617676,10.853416442871094,0.974848747253418,53.0,61.0,8.0,9.368825912475586,10.414983749389648,1.0461578369140625,0.0,0.0,0.0,0.0,0.0,0.0
109,mp3d/oLBMNvg9in8/oLBMNvg9in8.glb,0,0.0,0.0,0.0,0.0,0.0,0.0,0.0,0.0,0.0,0.32155703332616314,0.34545482250067816,0.023897789174515016,0.0,0.0,0.0,8.432302474975586,8.401182174682617,-0.03112030029296875,170.0,123.0,-47.0,10.220122337341309,7.758086204528809,-2.4620361328125,0.5324675324675324,0.6428571428571429,0.11038961038961048,0.0,0.0,0.0
110,mp3d/oLBMNvg9in8/oLBMNvg9in8.glb,0,0.0,0.0,0.0,0.0,0.0,0.0,0.0,0.0,0.0,0.760000234185937,0.760000234185937,0.0,0.0,0.0,0.0,3.4101576805114746,3.4101576805114746,0.0,72.0,72.0,0.0,10.035999298095703,10.035999298095703,0.0,0.21052631578947367,0.21052631578947367,0.0,0.0,0.0,0.0
111,mp3d/oLBMNvg9in8/oLBMNvg9in8.glb,0,0.0,0.0,0.0,0.0,0.0,0.0,0.0,0.0,0.0,0.760000234185937,0.760000234185937,0.0,0.0,0.0,0.0,3.4101576805114746,3.4101576805114746,0.0,72.0,72.0,0.0,10.035999298095703,10.035999298095703,0.0,0.21052631578947367,0.21052631578947367,0.0,0.0,0.0,0.0
112,mp3d/X7HyMhZNoso/X7HyMhZNoso.glb,0,1.0,1.0,0.0,1.0,1.0,0.0,0.4697439325082953,0.4697439325082953,0.0,0.8589284444518939,0.8589284444518939,0.0,0.8589284444518939,0.8589284444518939,0.0,1.8345942497253418,1.8345942497253418,0.0,83.0,83.0,0.0,11.766989707946777,11.766989707946777,0.0,0.0,0.0,0.0,0.0,0.0,0.0
113,mp3d/X7HyMhZNoso/X7HyMhZNoso.glb,0,1.0,0.0,-1.0,1.0,0.0,-1.0,0.30957717745986213,0.0,-0.30957717745986213,0.5018923974245769,0.2810578463416636,-0.22083455108291333,0.5018923974245769,0.0,-0.5018923974245769,2.3883450031280518,5.247121810913086,2.858776807785034,153.0,230.0,77.0,17.854907989501953,26.87221908569336,9.017311096191406,0.22580645161290322,0.144,-0.08180645161290323,0.0,0.0,0.0
114,mp3d/X7HyMhZNoso/X7HyMhZNoso.glb,0,0.0,0.0,0.0,1.0,1.0,0.0,0.0,0.0,0.0,0.3006152442417275,0.39475787071374546,0.09414262647201799,0.0,0.0,0.0,3.330108165740967,5.00521183013916,1.6751036643981934,200.0,192.0,-8.0,27.105045318603516,25.105045318603516,-2.0,0.026785714285714284,0.028846153846153848,0.0020604395604395635,1.0,1.0,0.0
115,mp3d/2azQ1b91cZZ/2azQ1b91cZZ.glb,0,0.0,1.0,1.0,1.0,1.0,0.0,0.0,0.7261324872191328,0.7261324872191328,0.057263936359283174,0.8829134153232271,0.8256494789639439,0.0,0.8829134153232271,0.8829134153232271,7.274264335632324,0.18724459409713745,-7.087019741535187,197.0,57.0,-140.0,25.958782196044922,7.747238636016846,-18.211543560028076,0.03773584905660377,0.0625,0.024764150943396228,1.0,0.0,-1.0
116,mp3d/2azQ1b91cZZ/2azQ1b91cZZ.glb,0,1.0,0.0,-1.0,1.0,1.0,0.0,0.25040865332164064,0.0,-0.25040865332164064,0.4572035771414368,0.26246182928958933,-0.19474174785184745,0.4572035771414368,0.0,-0.4572035771414368,0.41898220777511597,3.4316272735595703,3.0126450657844543,216.0,212.0,-4.0,22.465364456176758,21.747243881225586,-0.7181205749511719,0.06521739130434782,0.022727272727272728,-0.042490118577075096,0.0,1.0,1.0
117,mp3d/2azQ1b91cZZ/2azQ1b91cZZ.glb,0,1.0,1.0,0.0,1.0,1.0,0.0,0.9788218220267089,0.9788218220267089,0.0,0.9407355196685346,0.9407355196685346,0.0,0.9407355196685346,0.9407355196685346,0.0,0.6476407051086426,0.6476407051086426,0.0,43.0,43.0,0.0,5.747237682342529,5.747237682342529,0.0,0.08333333333333333,0.08333333333333333,0.0,0.0,0.0,0.0
118,mp3d/X7HyMhZNoso/X7HyMhZNoso.glb,0,1.0,1.0,0.0,1.0,1.0,0.0,0.7915480166473365,0.7915480166473365,0.0,0.9023952318479729,0.9023952318479729,0.0,0.9023952318479729,0.9023952318479729,0.0,0.2864556908607483,0.2864556908607483,0.0,54.0,54.0,0.0,6.750000953674316,6.750000953674316,0.0,0.0,0.0,0.0,0.0,0.0,0.0
119,mp3d/X7HyMhZNoso/X7HyMhZNoso.glb,0,0.0,0.0,0.0,1.0,1.0,0.0,0.0,0.0,0.0,0.4129348965413286,0.4129348965413286,0.0,0.0,0.0,0.0,6.790174961090088,6.790174961090088,0.0,65.0,65.0,0.0,9.25,9.25,0.0,0.0,0.0,0.0,1.0,1.0,0.0
120,mp3d/X7HyMhZNoso/X7HyMhZNoso.glb,0,0.0,0.0,0.0,1.0,1.0,0.0,0.0,0.0,0.0,0.7191557313369645,0.7191557313369645,0.0,0.0,0.0,0.0,3.8775506019592285,3.8775506019592285,0.0,68.0,68.0,0.0,8.5,8.5,0.0,0.0,0.0,0.0,1.0,1.0,0.0
121,mp3d/2azQ1b91cZZ/2azQ1b91cZZ.glb,0,0.0,0.0,0.0,1.0,1.0,0.0,0.0,0.0,0.0,0.1913112740068465,0.1913112740068465,0.0,0.0,0.0,0.0,7.9316864013671875,7.9316864013671875,0.0,57.0,57.0,0.0,9.579976081848145,9.579976081848145,0.0,0.15,0.15,0.0,1.0,1.0,0.0
122,mp3d/2azQ1b91cZZ/2azQ1b91cZZ.glb,0,1.0,1.0,0.0,1.0,1.0,0.0,0.6026066297038485,0.6026067015401481,7.183629957552284e-08,0.6761134200829214,0.6507029563779636,-0.02541046370495781,0.6761134200829214,0.6507029563779636,-0.02541046370495781,2.4761390686035156,2.851008892059326,0.37486982345581055,46.0,46.0,0.0,8.000001907348633,8.000000953674316,-9.5367431640625e-07,0.0,0.0,0.0,0.0,0.0,0.0
123,mp3d/2azQ1b91cZZ/2azQ1b91cZZ.glb,0,0.0,1.0,1.0,1.0,1.0,0.0,0.0,0.741669820516306,0.741669820516306,0.5926029236733648,0.8384763751237659,0.24587345145040118,0.0,0.8384763751237659,0.8384763751237659,3.137843370437622,1.1116372346878052,-2.026206135749817,52.0,37.0,-15.0,8.250000953674316,6.500000476837158,-1.7500004768371582,0.0,0.0,0.0,1.0,0.0,-1.0
124,mp3d/zsNo4HB9uLZ/zsNo4HB9uLZ.glb,0,0.0,0.0,0.0,0.0,0.0,0.0,0.0,0.0,0.0,0.7749132352295156,0.7749132352295156,0.0,0.0,0.0,0.0,3.71193265914917,3.71193265914917,0.0,54.0,54.0,0.0,9.1903715133667,9.1903715133667,0.0,0.2631578947368421,0.2631578947368421,0.0,0.0,0.0,0.0
125,mp3d/zsNo4HB9uLZ/zsNo4HB9uLZ.glb,0,1.0,1.0,0.0,1.0,1.0,0.0,0.765963467392105,0.765963467392105,0.0,0.8004061089563373,0.8004061089563373,0.0,0.8004061089563373,0.8004061089563373,0.0,1.6874616146087646,1.6874616146087646,0.0,104.0,104.0,0.0,14.940370559692383,14.940370559692383,0.0,0.16393442622950818,0.16393442622950818,0.0,0.0,0.0,0.0
126,mp3d/zsNo4HB9uLZ/zsNo4HB9uLZ.glb,0,0.0,0.0,0.0,0.0,0.0,0.0,0.0,0.0,0.0,0.5668833841407549,0.5668833841407549,0.0,0.0,0.0,0.0,6.162146091461182,6.162146091461182,0.0,46.0,46.0,0.0,6.940370559692383,6.940370559692383,0.0,0.3448275862068966,0.3448275862068966,0.0,0.0,0.0,0.0
127,mp3d/EU6Fwq7SyZv/EU6Fwq7SyZv.glb,0,0.0,0.0,0.0,1.0,1.0,0.0,0.0,0.0,0.0,0.037516023922695645,0.4560228925855993,0.41850686866290365,0.0,0.0,0.0,3.055105209350586,3.1021673679351807,0.04706215858459473,235.0,95.0,-140.0,29.763797760009766,11.494641304016113,-18.269156455993652,0.04838709677419355,0.0425531914893617,-0.005833905284831846,1.0,1.0,0.0
128,mp3d/EU6Fwq7SyZv/EU6Fwq7SyZv.glb,0,1.0,1.0,0.0,1.0,1.0,0.0,0.12623464436346302,0.1827681391736226,0.056533494810159596,0.053491233005976024,0.003694857473691423,-0.0497963755322846,0.053491233005976024,0.003694857473691423,-0.0497963755322846,2.009519100189209,2.3061373233795166,0.2966182231903076,315.0,254.0,-61.0,36.555171966552734,25.247995376586914,-11.30717658996582,0.013605442176870748,0.009433962264150943,-0.004171479912719805,0.0,0.0,0.0
129,mp3d/EU6Fwq7SyZv/EU6Fwq7SyZv.glb,0,1.0,1.0,0.0,1.0,1.0,0.0,0.1626004658492898,0.1544157584934524,-0.0081847073558374,0.11291784569722783,0.09375990123224402,-0.01915794446498381,0.11291784569722783,0.09375990123224402,-0.01915794446498381,2.3722591400146484,0.9471649527549744,-1.425094187259674,243.0,261.0,18.0,28.37955665588379,29.88379669189453,1.5042400360107422,0.02608695652173913,0.024793388429752067,-0.0012935680919870622,0.0,0.0,0.0
130,mp3d/oLBMNvg9in8/oLBMNvg9in8.glb,0,1.0,0.0,-1.0,1.0,0.0,-1.0,0.3023917686604172,0.0,-0.3023917686604172,0.3764977194054738,0.27708815456642244,-0.09940956483905133,0.3764977194054738,0.0,-0.3764977194054738,0.5551344752311707,6.4784417152404785,5.923307240009308,154.0,129.0,-25.0,20.0117130279541,6.7293572425842285,-13.282355785369873,0.16455696202531644,0.7333333333333333,0.5687763713080168,0.0,0.0,0.0
131,mp3d/oLBMNvg9in8/oLBMNvg9in8.glb,0,1.0,1.0,0.0,1.0,1.0,0.0,0.41982088306414583,0.4433010966400078,0.02348021357586194,0.6198625560384434,0.6224512019765187,0.0025886459380752846,0.6198625560384434,0.6224512019765187,0.0025886459380752846,0.8221057057380676,0.42353692650794983,-0.3985687792301178,113.0,120.0,7.0,14.414188385009766,13.650715827941895,-0.7634725570678711,0.14545454545454545,0.14814814814814814,0.0026936026936026924,0.0,0.0,0.0
132,mp3d/oLBMNvg9in8/oLBMNvg9in8.glb,0,1.0,1.0,0.0,1.0,1.0,0.0,0.4433010966400078,0.46051417279540907,0.017213076155401297,0.6224512019765187,0.540205383009346,-0.08224581896717276,0.6224512019765187,0.540205383009346,-0.08224581896717276,0.42353692650794983,0.4122966229915619,-0.01124030351638794,120.0,108.0,-12.0,13.650715827941895,13.140480041503906,-0.5102357864379883,0.14814814814814814,0.33962264150943394,0.1914744933612858,0.0,0.0,0.0
133,mp3d/TbHJrupSAjP/TbHJrupSAjP.glb,0,1.0,1.0,0.0,1.0,1.0,0.0,0.8380329111108088,0.8380329111108088,0.0,0.9292407391710822,0.9292407391710822,0.0,0.9292407391710822,0.9292407391710822,0.0,0.2852024435997009,0.2852024435997009,0.0,66.0,66.0,0.0,10.022833824157715,10.022833824157715,0.0,0.024390243902439025,0.024390243902439025,0.0,0.0,0.0,0.0
134,mp3d/TbHJrupSAjP/TbHJrupSAjP.glb,0,1.0,1.0,0.0,1.0,1.0,0.0,0.8380329111108088,0.8380329111108088,0.0,0.9292407391710822,0.9292407391710822,0.0,0.9292407391710822,0.9292407391710822,0.0,0.2852024435997009,0.2852024435997009,0.0,66.0,66.0,0.0,10.022833824157715,10.022833824157715,0.0,0.024390243902439025,0.024390243902439025,0.0,0.0,0.0,0.0
135,mp3d/TbHJrupSAjP/TbHJrupSAjP.glb,0,1.0,1.0,0.0,1.0,1.0,0.0,0.8380329111108088,0.8380329111108088,0.0,0.9292407391710822,0.9292407391710822,0.0,0.9292407391710822,0.9292407391710822,0.0,0.2852024435997009,0.2852024435997009,0.0,66.0,66.0,0.0,10.022833824157715,10.022833824157715,0.0,0.024390243902439025,0.024390243902439025,0.0,0.0,0.0,0.0
136,mp3d/zsNo4HB9uLZ/zsNo4HB9uLZ.glb,0,1.0,1.0,0.0,1.0,1.0,0.0,1.0,1.0,0.0,0.9164386384925979,0.9164386384925979,0.0,0.9164386384925979,0.9164386384925979,0.0,1.553521990776062,1.553521990776062,0.0,35.0,35.0,0.0,6.749999523162842,6.749999523162842,0.0,0.0,0.0,0.0,0.0,0.0,0.0
137,mp3d/zsNo4HB9uLZ/zsNo4HB9uLZ.glb,0,1.0,1.0,0.0,1.0,1.0,0.0,1.0,1.0,0.0,0.9164386384925979,0.9164386384925979,0.0,0.9164386384925979,0.9164386384925979,0.0,1.553521990776062,1.553521990776062,0.0,35.0,35.0,0.0,6.749999523162842,6.749999523162842,0.0,0.0,0.0,0.0,0.0,0.0,0.0
138,mp3d/zsNo4HB9uLZ/zsNo4HB9uLZ.glb,0,1.0,1.0,0.0,1.0,1.0,0.0,1.0,1.0,0.0,0.9164386384925979,0.9164386384925979,0.0,0.9164386384925979,0.9164386384925979,0.0,1.553521990776062,1.553521990776062,0.0,35.0,35.0,0.0,6.749999523162842,6.749999523162842,0.0,0.0,0.0,0.0,0.0,0.0,0.0
139,mp3d/2azQ1b91cZZ/2azQ1b91cZZ.glb,0,1.0,1.0,0.0,1.0,1.0,0.0,0.7226164188180343,0.7531494872512899,0.03053306843325565,0.780625933009436,0.7909061282756108,0.010280195266174852,0.780625933009436,0.7909061282756108,0.010280195266174852,0.6238597631454468,0.12965689599514008,-0.4942028671503067,110.0,103.0,-7.0,18.500011444091797,17.750011444091797,-0.75,0.0,0.0,0.0,0.0,0.0,0.0
140,mp3d/2azQ1b91cZZ/2azQ1b91cZZ.glb,0,1.0,0.0,-1.0,1.0,1.0,0.0,0.6521174773842014,0.0,-0.6521174773842014,0.41607188038600584,0.38784487338043294,-0.0282270070055729,0.41607188038600584,0.0,-0.41607188038600584,2.920672655105591,3.172504425048828,0.2518317699432373,136.0,175.0,39.0,20.5000057220459,24.000003814697266,3.499998092651367,0.0,0.0,0.0,0.0,1.0,1.0
141,mp3d/2azQ1b91cZZ/2azQ1b91cZZ.glb,0,0.0,0.0,0.0,0.0,0.0,0.0,0.0,0.0,0.0,0.04577413843282822,0.15634968879204011,0.1105755503592119,0.0,0.0,0.0,11.960306167602539,13.342761993408203,1.382455825805664,203.0,94.0,-109.0,29.431995391845703,12.45988655090332,-16.972108840942383,0.041666666666666664,0.07692307692307693,0.03525641025641026,0.0,0.0,0.0
142,mp3d/QUCTc6BB5sX/QUCTc6BB5sX.glb,0,1.0,1.0,0.0,1.0,1.0,0.0,0.671020710966605,0.671020710966605,0.0,0.7937259219484188,0.7937259219484188,0.0,0.7937259219484188,0.7937259219484188,0.0,1.8773224353790283,1.8773224353790283,0.0,54.0,54.0,0.0,8.115385055541992,8.115385055541992,0.0,0.1388888888888889,0.1388888888888889,0.0,0.0,0.0,0.0
143,mp3d/QUCTc6BB5sX/QUCTc6BB5sX.glb,0,0.0,0.0,0.0,1.0,1.0,0.0,0.0,0.0,0.0,0.3436440154062361,0.3436440154062361,0.0,0.0,0.0,0.0,5.035663604736328,5.035663604736328,0.0,98.0,98.0,0.0,15.117939949035645,15.117939949035645,0.0,0.078125,0.078125,0.0,1.0,1.0,0.0
144,mp3d/QUCTc6BB5sX/QUCTc6BB5sX.glb,0,0.0,0.0,0.0,1.0,1.0,0.0,0.0,0.0,0.0,0.07905566206129337,0.33313014782439654,0.25407448576310315,0.0,0.0,0.0,6.5063862800598145,4.664724826812744,-1.8416614532470703,97.0,92.0,-5.0,16.250003814697266,13.615385055541992,-2.6346187591552734,0.0,0.08620689655172414,0.08620689655172414,1.0,1.0,0.0
145,mp3d/zsNo4HB9uLZ/zsNo4HB9uLZ.glb,0,1.0,1.0,0.0,1.0,1.0,0.0,1.0,1.0,0.0,0.9263144623111971,0.9263144623111971,0.0,0.9263144623111971,0.9263144623111971,0.0,0.9797817468643188,0.9797817468643188,0.0,38.0,38.0,0.0,7.000000953674316,7.000000953674316,0.0,0.0,0.0,0.0,0.0,0.0,0.0
146,mp3d/zsNo4HB9uLZ/zsNo4HB9uLZ.glb,0,1.0,1.0,0.0,1.0,1.0,0.0,0.8048647037998521,0.7243781566619873,-0.08048654713786474,0.8878699923579023,0.8753851122754135,-0.012484880082488825,0.8878699923579023,0.8753851122754135,-0.012484880082488825,0.32751330733299255,0.7292015552520752,0.40168824791908264,51.0,67.0,16.0,8.999999046325684,10.0,1.0000009536743164,0.0,0.0,0.0,0.0,0.0,0.0
147,mp3d/zsNo4HB9uLZ/zsNo4HB9uLZ.glb,0,1.0,1.0,0.0,1.0,1.0,0.0,1.0,1.0,0.0,0.9263144623111971,0.9263144623111971,0.0,0.9263144623111971,0.9263144623111971,0.0,0.9797817468643188,0.9797817468643188,0.0,38.0,38.0,0.0,7.000000953674316,7.000000953674316,0.0,0.0,0.0,0.0,0.0,0.0,0.0
148,mp3d/QUCTc6BB5sX/QUCTc6BB5sX.glb,0,1.0,1.0,0.0,1.0,1.0,0.0,0.9789592961393492,0.9789592961393492,0.0,0.9004035314351113,0.9004035314351113,0.0,0.9004035314351113,0.9004035314351113,0.0,0.6486559510231018,0.6486559510231018,0.0,69.0,69.0,0.0,8.943117141723633,8.943117141723633,0.0,0.3,0.3,0.0,0.0,0.0,0.0
149,mp3d/QUCTc6BB5sX/QUCTc6BB5sX.glb,0,1.0,1.0,0.0,1.0,1.0,0.0,0.9815958555870984,0.978551285473202,-0.003044570113896361,0.917331751755856,0.9162197697479924,-0.0011119820078636655,0.917331751755856,0.9162197697479924,-0.0011119820078636655,0.840851902961731,0.8077556490898132,-0.033096253871917725,73.0,74.0,1.0,8.919095993041992,8.946846008300781,0.027750015258789062,0.275,0.275,0.0,0.0,0.0,0.0
150,mp3d/QUCTc6BB5sX/QUCTc6BB5sX.glb,0,1.0,1.0,0.0,1.0,1.0,0.0,0.3132646470448207,0.7648350571687509,0.4515704101239302,0.45240459594827837,0.8197776748525014,0.36737307890422305,0.45240459594827837,0.8197776748525014,0.36737307890422305,0.5360567569732666,0.5289387106895447,-0.007118046283721924,261.0,99.0,-162.0,27.94744873046875,11.446844100952148,-16.5006046295166,0.11206896551724138,0.22,0.10793103448275862,0.0,0.0,0.0
151,mp3d/QUCTc6BB5sX/QUCTc6BB5sX.glb,0,1.0,1.0,0.0,1.0,1.0,0.0,0.9215288481386245,1.0,0.07847115186137554,0.8630987526913395,0.8634799333499793,0.00038118065863979034,0.8630987526913395,0.8634799333499793,0.00038118065863979034,0.3204805254936218,1.461660385131836,1.1411798596382141,72.0,60.0,-12.0,14.779814720153809,13.029813766479492,-1.7500009536743164,0.0,0.0,0.0,0.0,0.0,0.0
152,mp3d/QUCTc6BB5sX/QUCTc6BB5sX.glb,0,0.0,0.0,0.0,0.0,0.0,0.0,0.0,0.0,0.0,0.5131891344657362,0.5131891344657362,0.0,0.0,0.0,0.0,10.496731758117676,10.496731758117676,0.0,93.0,93.0,0.0,18.240381240844727,18.240381240844727,0.0,0.06756756756756757,0.06756756756756757,0.0,0.0,0.0,0.0
153,mp3d/QUCTc6BB5sX/QUCTc6BB5sX.glb,0,1.0,1.0,0.0,1.0,1.0,0.0,0.8366201876111412,0.8366201876111412,0.0,0.7387561237546749,0.7387561237546749,0.0,0.7387561237546749,0.7387561237546749,0.0,2.968517303466797,2.968517303466797,0.0,74.0,74.0,0.0,16.27981948852539,16.27981948852539,0.0,0.0,0.0,0.0,0.0,0.0,0.0
154,mp3d/zsNo4HB9uLZ/zsNo4HB9uLZ.glb,0,1.0,1.0,0.0,1.0,1.0,0.0,1.0,1.0,0.0,0.9227897247276377,0.9227897247276377,0.0,0.9227897247276377,0.9227897247276377,0.0,1.9668500423431396,1.9668500423431396,0.0,59.0,59.0,0.0,11.000000953674316,11.000000953674316,0.0,0.0,0.0,0.0,0.0,0.0,0.0
155,mp3d/zsNo4HB9uLZ/zsNo4HB9uLZ.glb,0,1.0,1.0,0.0,1.0,1.0,0.0,0.9777158655102998,1.0,0.022284134489700236,0.9115878133314282,0.9227897247276377,0.011201911396209407,0.9115878133314282,0.9227897247276377,0.011201911396209407,2.658219814300537,1.9668500423431396,-0.6913697719573975,71.0,59.0,-12.0,12.250001907348633,11.000000953674316,-1.2500009536743164,0.0,0.0,0.0,0.0,0.0,0.0
156,mp3d/zsNo4HB9uLZ/zsNo4HB9uLZ.glb,0,1.0,1.0,0.0,1.0,1.0,0.0,0.9777158655102998,0.9777158655102998,0.0,0.9115878133314282,0.9115878133314282,0.0,0.9115878133314282,0.9115878133314282,0.0,2.658219814300537,2.658219814300537,0.0,71.0,71.0,0.0,12.250001907348633,12.250001907348633,0.0,0.0,0.0,0.0,0.0,0.0,0.0
157,mp3d/2azQ1b91cZZ/2azQ1b91cZZ.glb,0,1.0,1.0,0.0,1.0,1.0,0.0,0.9681656361831178,0.68888697665032,-0.27927865953279785,0.9583830794181605,0.7485732474517875,-0.20980983196637293,0.9583830794181605,0.7485732474517875,-0.20980983196637293,0.2392062395811081,1.693603277206421,1.4543970376253128,42.0,89.0,47.0,9.250001907348633,13.000004768371582,3.750002861022949,0.0,0.0,0.0,0.0,0.0,0.0
158,mp3d/2azQ1b91cZZ/2azQ1b91cZZ.glb,0,1.0,1.0,0.0,1.0,1.0,0.0,1.0,1.0,0.0,0.9414088028173121,0.9414088028173121,0.0,0.9414088028173121,0.9414088028173121,0.0,1.693603277206421,1.693603277206421,0.0,35.0,35.0,0.0,7.500001430511475,7.500001430511475,0.0,0.0,0.0,0.0,0.0,0.0,0.0
159,mp3d/2azQ1b91cZZ/2azQ1b91cZZ.glb,0,1.0,1.0,0.0,1.0,1.0,0.0,1.0,1.0,0.0,0.9414088028173121,0.9414088028173121,0.0,0.9414088028173121,0.9414088028173121,0.0,1.693603277206421,1.693603277206421,0.0,35.0,35.0,0.0,7.500001430511475,7.500001430511475,0.0,0.0,0.0,0.0,0.0,0.0,0.0
160,mp3d/2azQ1b91cZZ/2azQ1b91cZZ.glb,0,0.0,0.0,0.0,0.0,0.0,0.0,0.0,0.0,0.0,0.5733234591318946,0.5733234591318946,0.0,0.0,0.0,0.0,8.5242338180542,8.5242338180542,0.0,105.0,105.0,0.0,6.044238090515137,6.044238090515137,0.0,1.3703703703703705,1.3703703703703705,0.0,0.0,0.0,0.0
161,mp3d/2azQ1b91cZZ/2azQ1b91cZZ.glb,0,0.0,0.0,0.0,0.0,0.0,0.0,0.0,0.0,0.0,0.34455499907520537,0.5426342966069664,0.198079297531761,0.0,0.0,0.0,8.739848136901855,8.288728713989258,-0.45111942291259766,128.0,156.0,28.0,16.753501892089844,17.253767013549805,0.5002651214599609,0.21739130434782608,0.38028169014084506,0.16289038579301898,0.0,0.0,0.0
162,mp3d/2azQ1b91cZZ/2azQ1b91cZZ.glb,0,0.0,0.0,0.0,0.0,0.0,0.0,0.0,0.0,0.0,0.5309513362847198,0.5309513362847198,0.0,0.0,0.0,0.0,7.688819408416748,7.688819408416748,0.0,109.0,112.0,3.0,14.253501892089844,14.253501892089844,0.0,0.2033898305084746,0.2542372881355932,0.05084745762711862,0.0,0.0,0.0
163,mp3d/zsNo4HB9uLZ/zsNo4HB9uLZ.glb,0,1.0,1.0,0.0,1.0,1.0,0.0,0.9272749500889932,0.44223882235013523,-0.48503612773885796,0.9566820261685829,0.5135507967287952,-0.44313122943978767,0.9566820261685829,0.5135507967287952,-0.44313122943978767,0.08696646988391876,0.5625881552696228,0.47562168538570404,53.0,123.0,70.0,7.75,16.25,8.5,0.0,0.0,0.0,0.0,0.0,0.0
164,mp3d/zsNo4HB9uLZ/zsNo4HB9uLZ.glb,0,1.0,1.0,0.0,1.0,1.0,0.0,1.0,1.0,0.0,0.8987718551941795,0.8987718551941795,0.0,0.8987718551941795,0.8987718551941795,0.0,2.202773332595825,2.202773332595825,0.0,39.0,39.0,0.0,5.5,5.5,0.0,0.0,0.0,0.0,0.0,0.0,0.0
165,mp3d/zsNo4HB9uLZ/zsNo4HB9uLZ.glb,0,1.0,1.0,0.0,1.0,1.0,0.0,1.0,1.0,0.0,0.9403450222351322,0.9403450222351322,0.0,0.9403450222351322,0.9403450222351322,0.0,1.463539719581604,1.463539719581604,0.0,46.0,46.0,0.0,6.25,6.25,0.0,0.0,0.0,0.0,0.0,0.0,0.0
166,mp3d/2azQ1b91cZZ/2azQ1b91cZZ.glb,0,0.0,0.0,0.0,0.0,0.0,0.0,0.0,0.0,0.0,0.1221838801402396,0.15355502770464258,0.03137114756440297,0.0,0.0,0.0,11.91287612915039,11.34217643737793,-0.5706996917724609,46.0,41.0,-5.0,6.500001430511475,5.750000953674316,-0.7500004768371582,0.0,0.0,0.0,0.0,0.0,0.0
167,mp3d/2azQ1b91cZZ/2azQ1b91cZZ.glb,0,0.0,0.0,0.0,1.0,1.0,0.0,0.0,0.0,0.0,0.33132737960602,0.33132737960602,0.0,0.0,0.0,0.0,4.691442012786865,4.691442012786865,0.0,100.0,100.0,0.0,13.009349822998047,13.009349822998047,0.0,0.2,0.2,0.0,1.0,1.0,0.0
168,mp3d/2azQ1b91cZZ/2azQ1b91cZZ.glb,0,0.0,0.0,0.0,1.0,1.0,0.0,0.0,0.0,0.0,0.20075269516665797,0.18645653486038152,-0.01429616030627645,0.0,0.0,0.0,6.324066162109375,5.831203460693359,-0.4928627014160156,99.0,107.0,8.0,14.509349822998047,14.509654998779297,0.00030517578125,0.08196721311475409,0.2459016393442623,0.1639344262295082,1.0,1.0,0.0
169,mp3d/TbHJrupSAjP/TbHJrupSAjP.glb,0,0.0,0.0,0.0,0.0,0.0,0.0,0.0,0.0,0.0,0.08447363586773647,0.46144523128707177,0.3769715954193353,0.0,0.0,0.0,13.264718055725098,15.110517501831055,1.845799446105957,312.0,69.0,-243.0,32.28543472290039,12.017635345458984,-20.267799377441406,0.015384615384615385,0.0,-0.015384615384615385,0.0,0.0,0.0
170,mp3d/TbHJrupSAjP/TbHJrupSAjP.glb,0,0.0,0.0,0.0,0.0,0.0,0.0,0.0,0.0,0.0,0.12555531302030856,0.12555531302030856,0.0,0.0,0.0,0.0,15.054759979248047,15.054759979248047,0.0,114.0,114.0,0.0,17.749998092651367,17.749998092651367,0.0,0.0,0.0,0.0,0.0,0.0,0.0
171,mp3d/TbHJrupSAjP/TbHJrupSAjP.glb,0,0.0,0.0,0.0,0.0,0.0,0.0,0.0,0.0,0.0,0.07691958103663427,0.09005112861229955,0.013131547575665287,0.0,0.0,0.0,14.860372543334961,15.819448471069336,0.959075927734375,207.0,131.0,-76.0,29.936330795288086,19.75,-10.186330795288086,0.040983606557377046,0.0,-0.040983606557377046,0.0,0.0,0.0
172,mp3d/TbHJrupSAjP/TbHJrupSAjP.glb,0,1.0,1.0,0.0,1.0,1.0,0.0,0.9455814361572266,0.9455814361572266,0.0,0.9383349473814829,0.9383349473814829,0.0,0.9383349473814829,0.9383349473814829,0.0,0.3515182137489319,0.3515182137489319,0.0,54.0,54.0,0.0,9.0,9.0,0.0,0.0,0.0,0.0,0.0,0.0,0.0
173,mp3d/TbHJrupSAjP/TbHJrupSAjP.glb,0,1.0,1.0,0.0,1.0,1.0,0.0,0.8525386443379565,0.8525386443379565,0.0,0.8577452373024934,0.8577452373024934,0.0,0.8577452373024934,0.8577452373024934,0.0,0.0769999623298645,0.0769999623298645,0.0,58.0,58.0,0.0,9.98222541809082,9.98222541809082,0.0,0.024390243902439025,0.024390243902439025,0.0,0.0,0.0,0.0
174,mp3d/TbHJrupSAjP/TbHJrupSAjP.glb,0,1.0,1.0,0.0,1.0,1.0,0.0,0.7400202543839164,0.7749096928384194,0.034889438454502986,0.8623593749707713,0.8245015227285776,-0.037857852242193735,0.8623593749707713,0.8245015227285776,-0.037857852242193735,0.3126208782196045,0.59662926197052,0.2840083837509155,71.0,68.0,-3.0,11.5,10.98222541809082,-0.5177745819091797,0.0,0.022222222222222223,0.022222222222222223,0.0,0.0,0.0
175,mp3d/QUCTc6BB5sX/QUCTc6BB5sX.glb,0,1.0,1.0,0.0,1.0,1.0,0.0,0.6712859638820541,0.5934849941691814,-0.07780096971287265,0.7980181804451097,0.7318813344686592,-0.06613684597645053,0.7980181804451097,0.7318813344686592,-0.06613684597645053,1.1813992261886597,0.6195629239082336,-0.561836302280426,92.0,94.0,2.0,10.382386207580566,11.743431091308594,1.3610448837280273,0.03636363636363636,0.03333333333333333,-0.003030303030303029,0.0,0.0,0.0
176,mp3d/QUCTc6BB5sX/QUCTc6BB5sX.glb,0,1.0,0.0,-1.0,1.0,0.0,-1.0,0.4419453035688455,0.0,-0.4419453035688455,0.5865583694571189,0.7451206550461255,0.15856228558900654,0.5865583694571189,0.0,-0.5865583694571189,2.6024742126464844,3.436004161834717,0.8335299491882324,150.0,40.0,-110.0,15.770164489746094,4.783084869384766,-10.987079620361328,0.046153846153846156,0.09523809523809523,0.049084249084249076,0.0,0.0,0.0
177,mp3d/QUCTc6BB5sX/QUCTc6BB5sX.glb,0,0.0,0.0,0.0,0.0,0.0,0.0,0.0,0.0,0.0,0.0011366214479135634,0.0004698353692058893,-0.0006667860787076741,0.0,0.0,0.0,9.940568923950195,10.46746826171875,0.5268993377685547,230.0,233.0,3.0,29.091270446777344,28.78870391845703,-0.3025665283203125,0.02586206896551724,0.007874015748031496,-0.017988053217485745,0.0,0.0,0.0
178,mp3d/2azQ1b91cZZ/2azQ1b91cZZ.glb,0,0.0,0.0,0.0,0.0,0.0,0.0,0.0,0.0,0.0,0.3668307373428568,0.3668307373428568,0.0,0.0,0.0,0.0,9.51157283782959,9.51157283782959,0.0,36.0,36.0,0.0,7.250003814697266,7.250003814697266,0.0,0.0,0.0,0.0,0.0,0.0,0.0
179,mp3d/2azQ1b91cZZ/2azQ1b91cZZ.glb,0,1.0,1.0,0.0,1.0,1.0,0.0,0.8371620155161714,0.8371620155161714,0.0,0.8449306244348818,0.8449306244348818,0.0,0.8449306244348818,0.8449306244348818,0.0,1.0721189975738525,1.0721189975738525,0.0,54.0,54.0,0.0,9.500005722045898,9.500005722045898,0.0,0.0,0.0,0.0,0.0,0.0,0.0
180,mp3d/2azQ1b91cZZ/2azQ1b91cZZ.glb,0,1.0,1.0,0.0,1.0,1.0,0.0,0.8371620155161714,0.8371620155161714,0.0,0.8449306244348818,0.8449306244348818,0.0,0.8449306244348818,0.8449306244348818,0.0,1.0721189975738525,1.0721189975738525,0.0,54.0,54.0,0.0,9.500005722045898,9.500005722045898,0.0,0.0,0.0,0.0,0.0,0.0,0.0
181,mp3d/TbHJrupSAjP/TbHJrupSAjP.glb,0,0.0,1.0,1.0,0.0,1.0,1.0,0.0,0.7297912723147619,0.7297912723147619,0.4030804748257691,0.8454586678043989,0.44237819297862985,0.0,0.8454586678043989,0.8454586678043989,9.029081344604492,0.7811464667320251,-8.247934877872467,76.0,74.0,-2.0,10.169655799865723,12.344583511352539,2.1749277114868164,0.24444444444444444,0.0,-0.24444444444444444,0.0,0.0,0.0
182,mp3d/TbHJrupSAjP/TbHJrupSAjP.glb,0,1.0,1.0,0.0,1.0,1.0,0.0,0.7297912723147619,0.7297912723147619,0.0,0.8454586678043989,0.8454586678043989,0.0,0.8454586678043989,0.8454586678043989,0.0,0.7811464667320251,0.7811464667320251,0.0,74.0,74.0,0.0,12.344583511352539,12.344583511352539,0.0,0.0,0.0,0.0,0.0,0.0,0.0
183,mp3d/TbHJrupSAjP/TbHJrupSAjP.glb,0,0.0,1.0,1.0,0.0,1.0,1.0,0.0,0.7297912723147619,0.7297912723147619,0.4030804748257691,0.8454586678043989,0.44237819297862985,0.0,0.8454586678043989,0.8454586678043989,9.029081344604492,0.7811464667320251,-8.247934877872467,76.0,74.0,-2.0,10.169655799865723,12.344583511352539,2.1749277114868164,0.24444444444444444,0.0,-0.24444444444444444,0.0,0.0,0.0
184,mp3d/oLBMNvg9in8/oLBMNvg9in8.glb,0,1.0,1.0,0.0,1.0,1.0,0.0,0.5701883701406104,0.5701883701406104,0.0,0.8251375950516651,0.8251375950516651,0.0,0.8251375950516651,0.8251375950516651,0.0,0.07528450340032578,0.07528450340032578,0.0,91.0,91.0,0.0,9.812353134155273,9.812353134155273,0.0,0.08108108108108109,0.08108108108108109,0.0,0.0,0.0,0.0
185,mp3d/oLBMNvg9in8/oLBMNvg9in8.glb,0,1.0,1.0,0.0,1.0,1.0,0.0,0.653428976024133,0.653428976024133,0.0,0.8163867665787395,0.8163867665787395,0.0,0.8163867665787395,0.8163867665787395,0.0,1.174752950668335,1.174752950668335,0.0,84.0,84.0,0.0,8.562353134155273,8.562353134155273,0.0,0.09375,0.09375,0.0,0.0,0.0,0.0
186,mp3d/oLBMNvg9in8/oLBMNvg9in8.glb,0,1.0,1.0,0.0,1.0,1.0,0.0,0.7050452837340414,0.5791988574513369,-0.12584642628270448,0.8075266776847092,0.7875927690527683,-0.01993390863194089,0.8075266776847092,0.7875927690527683,-0.01993390863194089,2.756397008895874,2.756397008895874,0.0,87.0,117.0,30.0,7.935503959655762,9.659704208374023,1.7242002487182617,0.18181818181818182,0.15384615384615385,-0.02797202797202797,0.0,0.0,0.0
187,mp3d/x8F5xyUWy9e/x8F5xyUWy9e.glb,0,1.0,1.0,0.0,1.0,1.0,0.0,1.0,1.0,0.0,0.9189452736962292,0.9189452736962292,0.0,0.9189452736962292,0.9189452736962292,0.0,1.7863366603851318,1.7863366603851318,0.0,45.0,45.0,0.0,7.193035125732422,7.193035125732422,0.0,0.0,0.0,0.0,0.0,0.0,0.0
188,mp3d/x8F5xyUWy9e/x8F5xyUWy9e.glb,0,0.0,1.0,1.0,0.0,1.0,1.0,0.0,0.35663663984125915,0.35663663984125915,0.026986903834177105,0.12727919056338327,0.10029228672920616,0.0,0.12727919056338327,0.12727919056338327,10.765997886657715,1.8281898498535156,-8.9378080368042,283.0,184.0,-99.0,34.440391540527344,24.665393829345703,-9.77499771118164,0.03597122302158273,0.050505050505050504,0.014533827483467772,0.0,0.0,0.0
189,mp3d/x8F5xyUWy9e/x8F5xyUWy9e.glb,0,0.0,0.0,0.0,1.0,1.0,0.0,0.0,0.0,0.0,0.5743683918383521,0.5743683918383521,0.0,0.0,0.0,0.0,3.154299736022949,3.154299736022949,0.0,175.0,175.0,0.0,20.253360748291016,20.253360748291016,0.0,0.04938271604938271,0.04938271604938271,0.0,1.0,1.0,0.0
190,mp3d/QUCTc6BB5sX/QUCTc6BB5sX.glb,0,1.0,1.0,0.0,1.0,1.0,0.0,0.35446053212562095,0.7057181095462041,0.3512575774205831,0.31744853843705606,0.6806995396706564,0.3632510012336004,0.31744853843705606,0.6806995396706564,0.3632510012336004,0.9345409274101257,0.24268943071365356,-0.6918514966964722,173.0,87.0,-86.0,28.648208618164062,14.389115333557129,-14.259093284606934,0.0,0.0,0.0,0.0,0.0,0.0
191,mp3d/QUCTc6BB5sX/QUCTc6BB5sX.glb,0,1.0,1.0,0.0,1.0,1.0,0.0,0.7917863686056782,0.7620758081325917,-0.02971056047308651,0.7920098608757108,0.7705879775226978,-0.021421883353012983,0.7920098608757108,0.7705879775226978,-0.021421883353012983,0.8266783356666565,1.4324028491973877,0.6057245135307312,69.0,73.0,4.0,12.82499885559082,13.32499885559082,0.5,0.0,0.0,0.0,0.0,0.0,0.0
192,mp3d/QUCTc6BB5sX/QUCTc6BB5sX.glb,0,0.0,0.0,0.0,0.0,0.0,0.0,0.0,0.0,0.0,0.13916572421090947,0.3040011152676322,0.1648353910567227,0.0,0.0,0.0,10.584277153015137,10.938549995422363,0.35427284240722656,94.0,65.0,-29.0,15.864234924316406,13.081955909729004,-2.7822790145874023,0.03076923076923077,0.0,-0.03076923076923077,0.0,0.0,0.0
193,mp3d/2azQ1b91cZZ/2azQ1b91cZZ.glb,0,1.0,1.0,0.0,1.0,1.0,0.0,1.0,1.0,0.0,0.9261216923549782,0.9261216923549782,0.0,0.9261216923549782,0.9261216923549782,0.0,1.2058908939361572,1.2058908939361572,0.0,48.0,48.0,0.0,7.520474433898926,7.520474433898926,0.0,0.09375,0.09375,0.0,0.0,0.0,0.0
194,mp3d/2azQ1b91cZZ/2azQ1b91cZZ.glb,0,1.0,1.0,0.0,1.0,1.0,0.0,1.0,1.0,0.0,0.9261216923549782,0.9261216923549782,0.0,0.9261216923549782,0.9261216923549782,0.0,1.2058908939361572,1.2058908939361572,0.0,48.0,48.0,0.0,7.520474433898926,7.520474433898926,0.0,0.09375,0.09375,0.0,0.0,0.0,0.0
195,mp3d/2azQ1b91cZZ/2azQ1b91cZZ.glb,0,1.0,1.0,0.0,1.0,1.0,0.0,0.8440366201417656,0.8440366201417656,0.0,0.8827995701304868,0.8827995701304868,0.0,0.8827995701304868,0.8827995701304868,0.0,1.0027551651000977,1.0027551651000977,0.0,73.0,73.0,0.0,9.985467910766602,9.985467910766602,0.0,0.024390243902439025,0.024390243902439025,0.0,0.0,0.0,0.0
196,mp3d/EU6Fwq7SyZv/EU6Fwq7SyZv.glb,0,1.0,1.0,0.0,1.0,1.0,0.0,0.27591992782447977,0.27591992782447977,0.0,0.34428317597252495,0.34428317597252495,0.0,0.34428317597252495,0.34428317597252495,0.0,1.3223562240600586,1.3223562240600586,0.0,345.0,345.0,0.0,30.265777587890625,30.265777587890625,0.0,0.16541353383458646,0.16541353383458646,0.0,0.0,0.0,0.0
197,mp3d/EU6Fwq7SyZv/EU6Fwq7SyZv.glb,0,0.0,0.0,0.0,0.0,0.0,0.0,0.0,0.0,0.0,1.5599266764277354e-08,0.004181725783202054,0.00418171018393529,0.0,0.0,0.0,17.907909393310547,15.745033264160156,-2.1628761291503906,497.0,201.0,-296.0,65.52372741699219,28.75589370727539,-36.7678337097168,0.0,0.008695652173913044,0.008695652173913044,0.0,0.0,0.0
198,mp3d/EU6Fwq7SyZv/EU6Fwq7SyZv.glb,0,1.0,0.0,-1.0,1.0,0.0,-1.0,0.8723344822220447,0.0,-0.8723344822220447,0.8931378095992388,0.45700260492461736,-0.43613520467462147,0.8931378095992388,0.0,-0.8931378095992388,0.16289357841014862,6.853164196014404,6.690270617604256,214.0,163.0,-51.0,9.573083877563477,2.6889963150024414,-6.884087562561035,0.6507936507936508,1.2727272727272727,0.6219336219336219,0.0,0.0,0.0
199,mp3d/x8F5xyUWy9e/x8F5xyUWy9e.glb,0,1.0,0.0,-1.0,1.0,1.0,0.0,0.16602600956453117,0.0,-0.16602600956453117,0.08253625923079809,0.13906891816414435,0.05653265893334626,0.08253625923079809,0.0,-0.08253625923079809,2.8214914798736572,5.770809173583984,2.949317693710327,331.0,242.0,-89.0,35.79011535644531,28.44025993347168,-7.349855422973633,0.02112676056338028,0.008849557522123894,-0.012277203041256388,0.0,1.0,1.0
200,mp3d/x8F5xyUWy9e/x8F5xyUWy9e.glb,0,1.0,1.0,0.0,1.0,1.0,0.0,0.5463619991445136,0.5463619991445136,0.0,0.7644451818180064,0.7644451818180064,0.0,0.7644451818180064,0.7644451818180064,0.0,2.232656955718994,2.232656955718994,0.0,81.0,81.0,0.0,10.875738143920898,10.875738143920898,0.0,0.044444444444444446,0.044444444444444446,0.0,0.0,0.0,0.0
201,mp3d/x8F5xyUWy9e/x8F5xyUWy9e.glb,0,1.0,1.0,0.0,1.0,1.0,0.0,0.5294555067516755,0.6109124762478111,0.08145696949613557,0.7157466772963138,0.8024167174864423,0.08667004019012847,0.7157466772963138,0.8024167174864423,0.08667004019012847,2.3721864223480225,1.7323408126831055,-0.639845609664917,91.0,73.0,-18.0,11.223020553588867,9.726581573486328,-1.496438980102539,0.021739130434782608,0.025,0.0032608695652173933,0.0,0.0,0.0
202,mp3d/EU6Fwq7SyZv/EU6Fwq7SyZv.glb,0,0.0,0.0,0.0,0.0,0.0,0.0,0.0,0.0,0.0,0.032470526609130086,0.04499571100395119,0.012525184394821101,0.0,0.0,0.0,13.271492004394531,14.007899284362793,0.7364072799682617,290.0,309.0,19.0,37.80523681640625,33.55564498901367,-4.249591827392578,0.013157894736842105,0.022222222222222223,0.009064327485380119,0.0,0.0,0.0
203,mp3d/EU6Fwq7SyZv/EU6Fwq7SyZv.glb,0,0.0,0.0,0.0,0.0,0.0,0.0,0.0,0.0,0.0,0.031124316106489476,0.0676536710345406,0.03652935492805113,0.0,0.0,0.0,13.20467758178711,14.596961975097656,1.3922843933105469,295.0,276.0,-19.0,38.07830047607422,29.420822143554688,-8.657478332519531,0.006535947712418301,0.025210084033613446,0.018674136321195144,0.0,0.0,0.0
204,mp3d/EU6Fwq7SyZv/EU6Fwq7SyZv.glb,0,0.0,0.0,0.0,0.0,0.0,0.0,0.0,0.0,0.0,0.1720019971955039,0.15722244803201013,-0.014779549163493777,0.0,0.0,0.0,15.953357696533203,15.953357696533203,0.0,148.0,152.0,4.0,15.87635326385498,16.374250411987305,0.4978971481323242,0.21212121212121213,0.20588235294117646,-0.006238859180035666,0.0,0.0,0.0
205,mp3d/Z6MFQCViBuw/Z6MFQCViBuw.glb,0,1.0,1.0,0.0,1.0,1.0,0.0,1.0,1.0,0.0,0.9981900457434242,0.9981900457434242,0.0,0.9981900457434242,0.9981900457434242,0.0,0.5095369219779968,0.5095369219779968,0.0,57.0,57.0,0.0,11.05593490600586,11.05593490600586,0.0,0.0,0.0,0.0,0.0,0.0,0.0
206,mp3d/Z6MFQCViBuw/Z6MFQCViBuw.glb,0,1.0,1.0,0.0,1.0,1.0,0.0,0.8642017459978062,0.8642017459978062,0.0,0.9357212386472088,0.9357212386472088,0.0,0.9357212386472088,0.9357212386472088,0.0,1.7727396488189697,1.7727396488189697,0.0,67.0,67.0,0.0,13.318029403686523,13.318029403686523,0.0,0.0,0.0,0.0,0.0,0.0,0.0
207,mp3d/Z6MFQCViBuw/Z6MFQCViBuw.glb,0,0.0,0.0,0.0,0.0,0.0,0.0,0.0,0.0,0.0,0.041382025047835856,0.043002255695689995,0.0016202306478541387,0.0,0.0,0.0,20.804466247558594,20.697664260864258,-0.10680198669433594,44.0,39.0,-5.0,9.504140853881836,9.271562576293945,-0.23257827758789062,0.0,0.0,0.0,0.0,0.0,0.0
208,mp3d/QUCTc6BB5sX/QUCTc6BB5sX.glb,0,0.0,0.0,0.0,0.0,0.0,0.0,0.0,0.0,0.0,0.6936986588687378,0.6936986588687378,0.0,0.0,0.0,0.0,4.907697677612305,4.907697677612305,0.0,48.0,48.0,0.0,7.504795551300049,7.504795551300049,0.0,0.0,0.0,0.0,0.0,0.0,0.0
209,mp3d/QUCTc6BB5sX/QUCTc6BB5sX.glb,0,0.0,0.0,0.0,0.0,0.0,0.0,0.0,0.0,0.0,0.587240810398649,0.2212808333613261,-0.36595997703732286,0.0,0.0,0.0,4.447262763977051,7.142925262451172,2.695662498474121,61.0,77.0,16.0,10.865935325622559,12.791054725646973,1.925119400024414,0.0,0.0,0.0,0.0,0.0,0.0
210,mp3d/QUCTc6BB5sX/QUCTc6BB5sX.glb,0,0.0,0.0,0.0,0.0,1.0,1.0,0.0,0.0,0.0,0.49301800415874364,0.6009048739477961,0.10788686978905249,0.0,0.0,0.0,6.141429901123047,4.371523857116699,-1.7699060440063477,90.0,96.0,6.0,13.85401725769043,13.77074146270752,-0.08327579498291016,0.0,0.0,0.0,0.0,1.0,1.0
211,mp3d/EU6Fwq7SyZv/EU6Fwq7SyZv.glb,0,0.0,0.0,0.0,1.0,1.0,0.0,0.0,0.0,0.0,0.1408992547990939,0.14305563826373807,0.002156383464644168,0.0,0.0,0.0,3.556870222091675,3.7264678478240967,0.16959762573242188,297.0,308.0,11.0,37.240989685058594,34.825469970703125,-2.4155197143554688,0.020134228187919462,0.0425531914893617,0.02241896330144224,1.0,1.0,0.0
212,mp3d/EU6Fwq7SyZv/EU6Fwq7SyZv.glb,0,1.0,1.0,0.0,1.0,1.0,0.0,0.8962447125572487,0.8374085448621961,-0.05883616769505262,0.9120587517787743,0.882149434476443,-0.029909317302331262,0.9120587517787743,0.882149434476443,-0.029909317302331262,0.25558173656463623,0.1940983235836029,-0.061483412981033325,65.0,71.0,6.0,11.048087120056152,11.824323654174805,0.7762365341186523,0.06521739130434782,0.0,-0.06521739130434782,0.0,0.0,0.0
213,mp3d/EU6Fwq7SyZv/EU6Fwq7SyZv.glb,0,0.0,0.0,0.0,1.0,1.0,0.0,0.0,0.0,0.0,0.6259906679535384,0.1401194605148103,-0.48587120743872814,0.0,0.0,0.0,3.173144817352295,3.789522886276245,0.6163780689239502,105.0,288.0,183.0,17.54083251953125,37.66497039794922,20.12413787841797,0.0,0.006535947712418301,0.006535947712418301,1.0,1.0,0.0
214,mp3d/2azQ1b91cZZ/2azQ1b91cZZ.glb,0,1.0,0.0,-1.0,1.0,1.0,0.0,0.18885443812849975,0.0,-0.18885443812849975,0.16110028299017354,0.14001951548948843,-0.021080767500685105,0.16110028299017354,0.0,-0.16110028299017354,1.737014651298523,4.166271209716797,2.429256558418274,308.0,302.0,-6.0,31.5008544921875,36.674774169921875,5.173919677734375,0.23880597014925373,0.013513513513513514,-0.2252924566357402,0.0,1.0,1.0
215,mp3d/2azQ1b91cZZ/2azQ1b91cZZ.glb,0,1.0,1.0,0.0,1.0,1.0,0.0,0.8813447431415619,0.8813447431415619,0.0,0.924260145702912,0.924260145702912,0.0,0.924260145702912,0.924260145702912,0.0,0.2017820030450821,0.2017820030450821,0.0,39.0,39.0,0.0,6.749999046325684,6.749999046325684,0.0,0.0,0.0,0.0,0.0,0.0,0.0
216,mp3d/2azQ1b91cZZ/2azQ1b91cZZ.glb,0,1.0,1.0,0.0,1.0,1.0,0.0,0.7436346106093658,0.7436346106093658,0.0,0.7958448092574445,0.7958448092574445,0.0,0.7958448092574445,0.7958448092574445,0.0,1.125028133392334,1.125028133392334,0.0,60.0,60.0,0.0,7.999999046325684,7.999999046325684,0.0,0.0,0.0,0.0,0.0,0.0,0.0
217,mp3d/X7HyMhZNoso/X7HyMhZNoso.glb,0,1.0,1.0,0.0,1.0,1.0,0.0,1.0,1.0,0.0,0.9425924601666075,0.9425924601666075,0.0,0.9425924601666075,0.9425924601666075,0.0,0.7515079379081726,0.7515079379081726,0.0,43.0,43.0,0.0,6.999999046325684,6.999999046325684,0.0,0.0,0.0,0.0,0.0,0.0,0.0
218,mp3d/X7HyMhZNoso/X7HyMhZNoso.glb,0,1.0,1.0,0.0,1.0,1.0,0.0,1.0,1.0,0.0,0.9425924601666075,0.9425924601666075,0.0,0.9425924601666075,0.9425924601666075,0.0,0.7515079379081726,0.7515079379081726,0.0,43.0,43.0,0.0,6.999999046325684,6.999999046325684,0.0,0.0,0.0,0.0,0.0,0.0,0.0
219,mp3d/X7HyMhZNoso/X7HyMhZNoso.glb,0,1.0,1.0,0.0,1.0,1.0,0.0,1.0,1.0,0.0,0.9425924601666075,0.9425924601666075,0.0,0.9425924601666075,0.9425924601666075,0.0,0.7515079379081726,0.7515079379081726,0.0,43.0,43.0,0.0,6.999999046325684,6.999999046325684,0.0,0.0,0.0,0.0,0.0,0.0,0.0
220,mp3d/8194nk5LbLH/8194nk5LbLH.glb,0,0.0,0.0,0.0,0.0,0.0,0.0,0.0,0.0,0.0,0.0017552584464024968,0.006891113101337576,0.00513585465493508,0.0,0.0,0.0,16.91460609436035,18.893747329711914,1.9791412353515625,379.0,215.0,-164.0,45.750003814697266,27.5,-18.250003814697266,0.0,0.0,0.0,0.0,0.0,0.0
221,mp3d/8194nk5LbLH/8194nk5LbLH.glb,0,0.0,0.0,0.0,0.0,0.0,0.0,0.0,0.0,0.0,0.0573737788116008,0.043674506937767664,-0.013699271873833137,0.0,0.0,0.0,11.99605655670166,15.156938552856445,3.160881996154785,367.0,273.0,-94.0,38.42299270629883,30.47838592529297,-7.944606781005859,0.03205128205128205,0.08064516129032258,0.04859387923904053,0.0,0.0,0.0
222,mp3d/8194nk5LbLH/8194nk5LbLH.glb,0,0.0,0.0,0.0,0.0,0.0,0.0,0.0,0.0,0.0,0.0048338687272148455,0.04689177361075736,0.04205790488354251,0.0,0.0,0.0,12.56783676147461,13.740238189697266,1.1724014282226562,375.0,248.0,-127.0,51.85029220581055,28.46164321899414,-23.388648986816406,0.07042253521126761,0.017391304347826087,-0.053031230863441525,0.0,0.0,0.0
223,mp3d/x8F5xyUWy9e/x8F5xyUWy9e.glb,0,1.0,1.0,0.0,1.0,1.0,0.0,1.0,1.0,0.0,0.9360971302520676,0.9360971302520676,0.0,0.9360971302520676,0.9360971302520676,0.0,1.2283635139465332,1.2283635139465332,0.0,36.0,36.0,0.0,5.0872392654418945,5.0872392654418945,0.0,0.0,0.0,0.0,0.0,0.0,0.0
224,mp3d/x8F5xyUWy9e/x8F5xyUWy9e.glb,0,1.0,1.0,0.0,1.0,1.0,0.0,0.8582678240633937,0.8582678240633937,0.0,0.9039202692746579,0.9039202692746579,0.0,0.9039202692746579,0.9039202692746579,0.0,0.8692302107810974,0.8692302107810974,0.0,45.0,45.0,0.0,7.193035125732422,7.193035125732422,0.0,0.0,0.0,0.0,0.0,0.0,0.0
225,mp3d/x8F5xyUWy9e/x8F5xyUWy9e.glb,0,1.0,1.0,0.0,1.0,1.0,0.0,1.0,0.8582678240633937,-0.14173217593660625,0.9360971302520676,0.9039202692746579,-0.032176860977409794,0.9360971302520676,0.9039202692746579,-0.032176860977409794,1.2283635139465332,0.8692302107810974,-0.3591333031654358,36.0,45.0,9.0,5.0872392654418945,7.193035125732422,2.1057958602905273,0.0,0.0,0.0,0.0,0.0,0.0
226,mp3d/X7HyMhZNoso/X7HyMhZNoso.glb,0,1.0,1.0,0.0,1.0,1.0,0.0,0.9839515666286797,0.9839515666286797,0.0,0.9587462170189883,0.9587462170189883,0.0,0.9587462170189883,0.9587462170189883,0.0,0.3766250014305115,0.3766250014305115,0.0,45.0,45.0,0.0,7.749999046325684,7.749999046325684,0.0,0.0,0.0,0.0,0.0,0.0,0.0
227,mp3d/X7HyMhZNoso/X7HyMhZNoso.glb,0,1.0,1.0,0.0,1.0,1.0,0.0,0.9839515666286797,1.0,0.016048433371320336,0.9587462170189883,0.9482957065192875,-0.010450510499700805,0.9587462170189883,0.9482957065192875,-0.010450510499700805,0.3766250014305115,1.1389460563659668,0.7623210549354553,45.0,40.0,-5.0,7.749999046325684,6.999999046325684,-0.75,0.0,0.0,0.0,0.0,0.0,0.0
228,mp3d/X7HyMhZNoso/X7HyMhZNoso.glb,0,1.0,1.0,0.0,1.0,1.0,0.0,0.9612201126097264,1.0,0.038779887390273604,0.9190781110377549,0.9360080576145631,0.01692994657680813,0.9190781110377549,0.9360080576145631,0.01692994657680813,0.34278368949890137,0.8963446617126465,0.5535609722137451,51.0,46.0,-5.0,7.93327522277832,7.433276176452637,-0.4999990463256836,0.06060606060606061,0.06451612903225806,0.003910068426197455,0.0,0.0,0.0
229,mp3d/x8F5xyUWy9e/x8F5xyUWy9e.glb,0,1.0,1.0,0.0,1.0,1.0,0.0,0.9248280611313993,0.9248280611313993,0.0,0.8982494042113998,0.8982494042113998,0.0,0.8982494042113998,0.8982494042113998,0.0,1.1784271001815796,1.1784271001815796,0.0,68.0,68.0,0.0,11.206329345703125,11.206329345703125,0.0,0.022222222222222223,0.022222222222222223,0.0,0.0,0.0,0.0
230,mp3d/x8F5xyUWy9e/x8F5xyUWy9e.glb,0,1.0,1.0,0.0,1.0,1.0,0.0,0.8345033033453647,0.8345033033453647,0.0,0.8653449833785136,0.8653449833785136,0.0,0.8653449833785136,0.8653449833785136,0.0,1.1314810514450073,1.1314810514450073,0.0,72.0,72.0,0.0,12.41927719116211,12.41927719116211,0.0,0.02,0.02,0.0,0.0,0.0,0.0
231,mp3d/x8F5xyUWy9e/x8F5xyUWy9e.glb,0,1.0,1.0,0.0,1.0,1.0,0.0,0.8667054053735042,0.8667054053735042,0.0,0.8965844232225457,0.8965844232225457,0.0,0.8965844232225457,0.8965844232225457,0.0,1.3061628341674805,1.3061628341674805,0.0,71.0,71.0,0.0,11.957843780517578,11.957843780517578,0.0,0.020833333333333332,0.020833333333333332,0.0,0.0,0.0,0.0
232,mp3d/oLBMNvg9in8/oLBMNvg9in8.glb,0,0.0,0.0,0.0,0.0,0.0,0.0,0.0,0.0,0.0,0.7013651564476326,0.7013651564476326,0.0,0.0,0.0,0.0,8.882767677307129,8.882767677307129,0.0,49.0,49.0,0.0,7.103732585906982,7.103732585906982,0.0,0.10344827586206896,0.10344827586206896,0.0,0.0,0.0,0.0
233,mp3d/oLBMNvg9in8/oLBMNvg9in8.glb,0,0.0,0.0,0.0,0.0,0.0,0.0,0.0,0.0,0.0,0.7013651564476326,0.7013651564476326,0.0,0.0,0.0,0.0,8.882767677307129,8.882767677307129,0.0,49.0,49.0,0.0,7.103732585906982,7.103732585906982,0.0,0.10344827586206896,0.10344827586206896,0.0,0.0,0.0,0.0
234,mp3d/oLBMNvg9in8/oLBMNvg9in8.glb,0,0.0,0.0,0.0,0.0,0.0,0.0,0.0,0.0,0.0,0.6668942457737211,0.6668942457737211,0.0,0.0,0.0,0.0,5.779665946960449,5.779665946960449,0.0,43.0,43.0,0.0,7.137172698974609,7.137172698974609,0.0,0.10344827586206896,0.10344827586206896,0.0,0.0,0.0,0.0
235,mp3d/zsNo4HB9uLZ/zsNo4HB9uLZ.glb,0,1.0,1.0,0.0,1.0,1.0,0.0,0.7637040625135028,0.8104614577360704,0.04675739522256761,0.8450380133756947,0.8549872996612446,0.009949286285549919,0.8450380133756947,0.8549872996612446,0.009949286285549919,2.849621295928955,2.106452465057373,-0.743168830871582,83.0,80.0,-3.0,12.999999046325684,12.249999046325684,-0.75,0.0,0.0,0.0,0.0,0.0,0.0
236,mp3d/zsNo4HB9uLZ/zsNo4HB9uLZ.glb,0,1.0,1.0,0.0,1.0,1.0,0.0,1.0,1.0,0.0,0.9215992430761935,0.9215992430761935,0.0,0.9215992430761935,0.9215992430761935,0.0,2.106452465057373,2.106452465057373,0.0,50.0,50.0,0.0,9.249999046325684,9.249999046325684,0.0,0.0,0.0,0.0,0.0,0.0,0.0
237,mp3d/zsNo4HB9uLZ/zsNo4HB9uLZ.glb,0,1.0,1.0,0.0,1.0,1.0,0.0,1.0,1.0,0.0,0.9042068366188774,0.9042068366188774,0.0,0.9042068366188774,0.9042068366188774,0.0,2.3250439167022705,2.3250439167022705,0.0,45.0,45.0,0.0,7.999999523162842,7.999999523162842,0.0,0.0,0.0,0.0,0.0,0.0,0.0
238,mp3d/QUCTc6BB5sX/QUCTc6BB5sX.glb,0,0.0,0.0,0.0,0.0,0.0,0.0,0.0,0.0,0.0,0.8176581117476482,0.8222876767849787,0.004629565037330474,0.0,0.0,0.0,3.5726921558380127,3.5054385662078857,-0.06725358963012695,55.0,54.0,-1.0,10.250001907348633,10.25,-1.9073486328125e-06,0.0,0.0,0.0,0.0,0.0,0.0
239,mp3d/QUCTc6BB5sX/QUCTc6BB5sX.glb,0,0.0,0.0,0.0,0.0,0.0,0.0,0.0,0.0,0.0,0.8176581117476482,0.8222876767849787,0.004629565037330474,0.0,0.0,0.0,3.5726921558380127,3.5054385662078857,-0.06725358963012695,55.0,54.0,-1.0,10.250001907348633,10.25,-1.9073486328125e-06,0.0,0.0,0.0,0.0,0.0,0.0
240,mp3d/QUCTc6BB5sX/QUCTc6BB5sX.glb,0,1.0,1.0,0.0,1.0,1.0,0.0,0.9708117797290557,1.0,0.029188220270944254,0.9006419797398111,0.9188143874156333,0.018172407675822178,0.9006419797398111,0.9188143874156333,0.018172407675822178,0.314998984336853,0.8062965273857117,0.49129754304885864,71.0,67.0,-4.0,14.000001907348633,13.000000953674316,-1.0000009536743164,0.0,0.0,0.0,0.0,0.0,0.0
241,mp3d/X7HyMhZNoso/X7HyMhZNoso.glb,0,1.0,1.0,0.0,1.0,1.0,0.0,0.5484267172099426,0.5484267172099426,0.0,0.7001780391707544,0.7001780391707544,0.0,0.7001780391707544,0.7001780391707544,0.0,0.3255627453327179,0.3255627453327179,0.0,97.0,97.0,0.0,12.914084434509277,12.914084434509277,0.0,0.0,0.0,0.0,0.0,0.0,0.0
242,mp3d/X7HyMhZNoso/X7HyMhZNoso.glb,0,1.0,1.0,0.0,1.0,1.0,0.0,0.602720089027529,0.602720089027529,0.0,0.701989853330391,0.701989853330391,0.0,0.701989853330391,0.701989853330391,0.0,0.8092125058174133,0.8092125058174133,0.0,89.0,89.0,0.0,11.750776290893555,11.750776290893555,0.0,0.0,0.0,0.0,0.0,0.0,0.0
243,mp3d/X7HyMhZNoso/X7HyMhZNoso.glb,0,1.0,1.0,0.0,1.0,1.0,0.0,0.8093486448236862,0.8093486448236862,0.0,0.7427748682447721,0.7427748682447721,0.0,0.7427748682447721,0.7427748682447721,0.0,1.4973359107971191,1.4973359107971191,0.0,58.0,58.0,0.0,8.750776290893555,8.750776290893555,0.0,0.0,0.0,0.0,0.0,0.0,0.0
244,mp3d/X7HyMhZNoso/X7HyMhZNoso.glb,0,1.0,1.0,0.0,1.0,1.0,0.0,0.9914630058911624,0.2743693810886377,-0.7170936248025248,0.9642589103532486,0.4540503061795415,-0.5102086041737071,0.9642589103532486,0.4540503061795415,-0.5102086041737071,0.21848246455192566,0.369056761264801,0.15057429671287537,44.0,228.0,184.0,6.966843128204346,25.175430297851562,18.208587169647217,0.034482758620689655,0.0196078431372549,-0.014874915483434753,0.0,0.0,0.0
245,mp3d/X7HyMhZNoso/X7HyMhZNoso.glb,0,1.0,1.0,0.0,1.0,1.0,0.0,0.6760763746345841,0.6760763746345841,0.0,0.7686267231149571,0.7686267231149571,0.0,0.7686267231149571,0.7686267231149571,0.0,0.7860621213912964,0.7860621213912964,0.0,74.0,74.0,0.0,10.21684455871582,10.21684455871582,0.0,0.023809523809523808,0.023809523809523808,0.0,0.0,0.0,0.0
246,mp3d/X7HyMhZNoso/X7HyMhZNoso.glb,0,1.0,1.0,0.0,1.0,1.0,0.0,0.9914630058911624,0.9914630058911624,0.0,0.9642589103532486,0.9642589103532486,0.0,0.9642589103532486,0.9642589103532486,0.0,0.21848246455192566,0.21848246455192566,0.0,44.0,44.0,0.0,6.966843128204346,6.966843128204346,0.0,0.034482758620689655,0.034482758620689655,0.0,0.0,0.0,0.0
247,mp3d/zsNo4HB9uLZ/zsNo4HB9uLZ.glb,0,1.0,1.0,0.0,1.0,1.0,0.0,1.0,1.0,0.0,0.8733623068118587,0.8733623068118587,0.0,0.8733623068118587,0.8733623068118587,0.0,2.3674468994140625,2.3674468994140625,0.0,45.0,45.0,0.0,6.250001430511475,6.250001430511475,0.0,0.0,0.0,0.0,0.0,0.0,0.0
248,mp3d/zsNo4HB9uLZ/zsNo4HB9uLZ.glb,0,0.0,0.0,0.0,0.0,0.0,0.0,0.0,0.0,0.0,0.3451406991950776,0.36023596990360257,0.015095270708524955,0.0,0.0,0.0,8.191688537597656,9.183476448059082,0.9917879104614258,167.0,67.0,-100.0,16.500003814697266,6.5036821365356445,-9.996321678161621,0.0,0.0,0.0,0.0,0.0,0.0
249,mp3d/zsNo4HB9uLZ/zsNo4HB9uLZ.glb,0,0.0,1.0,1.0,0.0,1.0,1.0,0.0,0.4717147711551551,0.4717147711551551,0.3257665943021829,0.45951661105369923,0.13375001675151632,0.0,0.45951661105369923,0.45951661105369923,9.489612579345703,2.6186513900756836,-6.8709611892700195,87.0,125.0,38.0,12.25,16.5,4.25,0.0,0.0,0.0,0.0,0.0,0.0
250,mp3d/zsNo4HB9uLZ/zsNo4HB9uLZ.glb,0,0.0,0.0,0.0,0.0,0.0,0.0,0.0,0.0,0.0,0.5751523495172471,0.5751523495172471,0.0,0.0,0.0,0.0,5.246484756469727,5.246484756469727,0.0,66.0,66.0,0.0,8.499999046325684,8.499999046325684,0.0,0.0,0.0,0.0,0.0,0.0,0.0
251,mp3d/zsNo4HB9uLZ/zsNo4HB9uLZ.glb,0,1.0,1.0,0.0,1.0,1.0,0.0,1.0,1.0,0.0,0.857242673179268,0.857242673179268,0.0,0.857242673179268,0.857242673179268,0.0,2.4880075454711914,2.4880075454711914,0.0,33.0,33.0,0.0,5.75,5.75,0.0,0.0,0.0,0.0,0.0,0.0,0.0
252,mp3d/zsNo4HB9uLZ/zsNo4HB9uLZ.glb,0,1.0,1.0,0.0,1.0,1.0,0.0,1.0,1.0,0.0,0.9464539973256253,0.9464539973256253,0.0,0.9464539973256253,0.9464539973256253,0.0,0.8176321983337402,0.8176321983337402,0.0,33.0,33.0,0.0,6.500000953674316,6.500000953674316,0.0,0.0,0.0,0.0,0.0,0.0,0.0
253,mp3d/zsNo4HB9uLZ/zsNo4HB9uLZ.glb,0,0.0,0.0,0.0,0.0,0.0,0.0,0.0,0.0,0.0,0.4169833978161767,0.3545068177824966,-0.06247658003368012,0.0,0.0,0.0,8.069011688232422,10.485190391540527,2.4161787033081055,179.0,167.0,-12.0,24.242076873779297,21.342166900634766,-2.8999099731445312,0.01020408163265306,0.056818181818181816,0.04661410018552876,0.0,0.0,0.0
254,mp3d/zsNo4HB9uLZ/zsNo4HB9uLZ.glb,0,0.0,0.0,0.0,0.0,0.0,0.0,0.0,0.0,0.0,0.437129228322527,0.29749776439882425,-0.13963146392370274,0.0,0.0,0.0,9.705124855041504,8.996193885803223,-0.7089309692382812,173.0,226.0,53.0,22.000003814697266,29.489065170288086,7.48906135559082,0.0,0.008403361344537815,0.008403361344537815,0.0,0.0,0.0
255,mp3d/zsNo4HB9uLZ/zsNo4HB9uLZ.glb,0,0.0,0.0,0.0,0.0,0.0,0.0,0.0,0.0,0.0,0.5864492187233112,0.6327098835859057,0.0462606648625945,0.0,0.0,0.0,8.090476036071777,8.499151229858398,0.4086751937866211,42.0,54.0,12.0,8.500000953674316,9.750000953674316,1.25,0.0,0.0,0.0,0.0,0.0,0.0
256,mp3d/TbHJrupSAjP/TbHJrupSAjP.glb,0,1.0,1.0,0.0,1.0,1.0,0.0,0.8296437778543173,1.0,0.1703562221456827,0.9337706428511074,0.9310224490599331,-0.0027481937911743026,0.9337706428511074,0.9310224490599331,-0.0027481937911743026,0.3255629539489746,0.9341574311256409,0.6085944771766663,34.0,28.0,-6.0,5.89352560043335,4.5889692306518555,-1.3045563697814941,0.0,0.0,0.0,0.0,0.0,0.0
257,mp3d/TbHJrupSAjP/TbHJrupSAjP.glb,0,1.0,1.0,0.0,1.0,1.0,0.0,0.8296437778543173,0.8296437778543173,0.0,0.9337706428511074,0.9337706428511074,0.0,0.9337706428511074,0.9337706428511074,0.0,0.3255629539489746,0.3255629539489746,0.0,34.0,34.0,0.0,5.89352560043335,5.89352560043335,0.0,0.0,0.0,0.0,0.0,0.0,0.0
258,mp3d/TbHJrupSAjP/TbHJrupSAjP.glb,0,1.0,1.0,0.0,1.0,1.0,0.0,0.8296437778543173,0.8296437778543173,0.0,0.9337706428511074,0.9337706428511074,0.0,0.9337706428511074,0.9337706428511074,0.0,0.3255629539489746,0.3255629539489746,0.0,34.0,34.0,0.0,5.89352560043335,5.89352560043335,0.0,0.0,0.0,0.0,0.0,0.0,0.0
259,mp3d/TbHJrupSAjP/TbHJrupSAjP.glb,0,1.0,1.0,0.0,1.0,1.0,0.0,0.9615414262231015,0.9615414262231015,0.0,0.9559262753651899,0.9559262753651899,0.0,0.9559262753651899,0.9559262753651899,0.0,0.11715945601463318,0.11715945601463318,0.0,31.0,31.0,0.0,6.000535011291504,6.000535011291504,0.0,0.0,0.0,0.0,0.0,0.0,0.0
260,mp3d/TbHJrupSAjP/TbHJrupSAjP.glb,0,1.0,0.0,-1.0,1.0,1.0,0.0,0.47899970555543814,0.0,-0.47899970555543814,0.6526593254949856,0.5291664158059035,-0.12349290968908211,0.6526593254949856,0.0,-0.6526593254949856,1.3995883464813232,3.8885998725891113,2.489011526107788,118.0,68.0,-50.0,12.045441627502441,10.760978698730469,-1.2844629287719727,0.04,0.022727272727272728,-0.017272727272727273,0.0,1.0,1.0
261,mp3d/TbHJrupSAjP/TbHJrupSAjP.glb,0,1.0,1.0,0.0,1.0,1.0,0.0,0.7952686129077395,0.9615414262231015,0.16627281331536192,0.8755773319270166,0.9559262753651899,0.08034894343817334,0.8755773319270166,0.9559262753651899,0.08034894343817334,1.3653147220611572,0.11715945601463318,-1.248155266046524,37.0,31.0,-6.0,7.255112171173096,6.000535011291504,-1.2545771598815918,0.0,0.0,0.0,0.0,0.0,0.0
262,mp3d/2azQ1b91cZZ/2azQ1b91cZZ.glb,0,1.0,1.0,0.0,1.0,1.0,0.0,0.5720382884352102,0.5078179204300404,-0.06422036800516984,0.6453046512934322,0.5769385320928493,-0.06836611920058289,0.6453046512934322,0.5769385320928493,-0.06836611920058289,0.8289432525634766,0.74919193983078,-0.07975131273269653,131.0,138.0,7.0,18.420490264892578,20.75000762939453,2.329517364501953,0.09333333333333334,0.0,-0.09333333333333334,0.0,0.0,0.0
263,mp3d/2azQ1b91cZZ/2azQ1b91cZZ.glb,0,1.0,1.0,0.0,1.0,1.0,0.0,0.9162800417626215,0.9162800417626215,0.0,0.9382598361118705,0.9382598361118705,0.0,0.9382598361118705,0.9382598361118705,0.0,0.22303415834903717,0.22303415834903717,0.0,72.0,72.0,0.0,11.500005722045898,11.500005722045898,0.0,0.0,0.0,0.0,0.0,0.0,0.0
264,mp3d/2azQ1b91cZZ/2azQ1b91cZZ.glb,0,1.0,1.0,0.0,1.0,1.0,0.0,0.5720382884352102,0.5720382884352102,0.0,0.6453046512934322,0.6453046512934322,0.0,0.6453046512934322,0.6453046512934322,0.0,0.8289432525634766,0.8289432525634766,0.0,131.0,131.0,0.0,18.420490264892578,18.420490264892578,0.0,0.09333333333333334,0.09333333333333334,0.0,0.0,0.0,0.0
265,mp3d/2azQ1b91cZZ/2azQ1b91cZZ.glb,0,0.0,0.0,0.0,0.0,0.0,0.0,0.0,0.0,0.0,0.0022477539133083538,0.00019644445313655957,-0.002051309460171794,0.0,0.0,0.0,9.868424415588379,9.872105598449707,0.003681182861328125,260.0,301.0,41.0,30.994823455810547,38.99482727050781,8.000003814697266,0.008,0.006369426751592357,-0.0016305732484076432,0.0,0.0,0.0
266,mp3d/2azQ1b91cZZ/2azQ1b91cZZ.glb,0,1.0,1.0,0.0,1.0,1.0,0.0,1.0,1.0,0.0,0.948471152728249,0.948471152728249,0.0,0.948471152728249,0.948471152728249,0.0,0.6570855975151062,0.6570855975151062,0.0,40.0,40.0,0.0,7.75,7.75,0.0,0.0,0.0,0.0,0.0,0.0,0.0
267,mp3d/2azQ1b91cZZ/2azQ1b91cZZ.glb,0,1.0,1.0,0.0,1.0,1.0,0.0,0.547304951808315,0.6840037893741688,0.13669883756585388,0.6385073225354094,0.8618621783373801,0.22335485580197068,0.6385073225354094,0.8618621783373801,0.22335485580197068,0.398135244846344,0.43836620450019836,0.04023095965385437,93.0,76.0,-17.0,14.684764862060547,11.75,-2.934764862060547,0.2,0.0,-0.2,0.0,0.0,0.0
268,mp3d/oLBMNvg9in8/oLBMNvg9in8.glb,0,1.0,1.0,0.0,1.0,1.0,0.0,0.5975069274147159,0.5975069274147159,0.0,0.742280990295286,0.742280990295286,0.0,0.742280990295286,0.742280990295286,0.0,0.06950440257787704,0.06950440257787704,0.0,60.0,60.0,0.0,7.481324672698975,7.481324672698975,0.0,0.34285714285714286,0.34285714285714286,0.0,0.0,0.0,0.0
269,mp3d/oLBMNvg9in8/oLBMNvg9in8.glb,0,1.0,1.0,0.0,1.0,1.0,0.0,0.5975069274147159,0.5975069274147159,0.0,0.742280990295286,0.742280990295286,0.0,0.742280990295286,0.742280990295286,0.0,0.06950440257787704,0.06950440257787704,0.0,60.0,60.0,0.0,7.481324672698975,7.481324672698975,0.0,0.34285714285714286,0.34285714285714286,0.0,0.0,0.0,0.0
270,mp3d/oLBMNvg9in8/oLBMNvg9in8.glb,0,1.0,1.0,0.0,1.0,1.0,0.0,0.6105392836388222,0.5975069274147159,-0.013032356224106256,0.8276282726909941,0.742280990295286,-0.0853472823957081,0.8276282726909941,0.742280990295286,-0.0853472823957081,1.1634535789489746,0.06950440257787704,-1.0939491763710976,49.0,60.0,11.0,7.321630954742432,7.481324672698975,0.15969371795654297,0.10714285714285714,0.34285714285714286,0.2357142857142857,0.0,0.0,0.0
271,mp3d/2azQ1b91cZZ/2azQ1b91cZZ.glb,0,1.0,1.0,0.0,1.0,1.0,0.0,0.9432631349190891,0.9432631349190891,0.0,0.9525611406705047,0.9525611406705047,0.0,0.9525611406705047,0.9525611406705047,0.0,0.5005364418029785,0.5005364418029785,0.0,30.0,30.0,0.0,5.398231029510498,5.398231029510498,0.0,0.0,0.0,0.0,0.0,0.0,0.0
272,mp3d/2azQ1b91cZZ/2azQ1b91cZZ.glb,0,0.0,1.0,1.0,1.0,1.0,0.0,0.0,0.6249150284876943,0.6249150284876943,0.566582571857207,0.7456516209882506,0.1790690491310436,0.0,0.7456516209882506,0.7456516209882506,3.4259250164031982,2.2282443046569824,-1.1976807117462158,48.0,42.0,-6.0,9.398232460021973,8.148231506347656,-1.2500009536743164,0.0,0.0,0.0,1.0,0.0,-1.0
273,mp3d/2azQ1b91cZZ/2azQ1b91cZZ.glb,0,1.0,0.0,-1.0,1.0,1.0,0.0,0.6249150284876943,0.0,-0.6249150284876943,0.7456516209882506,0.566582571857207,-0.1790690491310436,0.7456516209882506,0.0,-0.7456516209882506,2.2282443046569824,3.4259250164031982,1.1976807117462158,42.0,48.0,6.0,8.148231506347656,9.398232460021973,1.2500009536743164,0.0,0.0,0.0,0.0,1.0,1.0
274,mp3d/TbHJrupSAjP/TbHJrupSAjP.glb,0,0.0,0.0,0.0,0.0,0.0,0.0,0.0,0.0,0.0,0.22791165351510997,0.22791165351510997,0.0,0.0,0.0,0.0,13.143559455871582,13.143559455871582,0.0,84.0,84.0,0.0,8.6276273727417,8.6276273727417,0.0,0.15789473684210525,0.15789473684210525,0.0,0.0,0.0,0.0
275,mp3d/TbHJrupSAjP/TbHJrupSAjP.glb,0,0.0,0.0,0.0,0.0,0.0,0.0,0.0,0.0,0.0,0.3172166973915911,0.3172166973915911,0.0,0.0,0.0,0.0,12.084573745727539,12.084573745727539,0.0,60.0,60.0,0.0,6.5156354904174805,6.5156354904174805,0.0,0.2,0.2,0.0,0.0,0.0,0.0
276,mp3d/TbHJrupSAjP/TbHJrupSAjP.glb,0,1.0,1.0,0.0,1.0,1.0,0.0,1.0,1.0,0.0,0.8457098132734249,0.8457098132734249,0.0,0.8457098132734249,0.8457098132734249,0.0,1.8003411293029785,1.8003411293029785,0.0,68.0,68.0,0.0,8.034051895141602,8.034051895141602,0.0,0.16666666666666666,0.16666666666666666,0.0,0.0,0.0,0.0
277,mp3d/2azQ1b91cZZ/2azQ1b91cZZ.glb,0,0.0,0.0,0.0,0.0,0.0,0.0,0.0,0.0,0.0,0.7151644646246448,0.7455239236091208,0.030359458984476007,0.0,0.0,0.0,4.465804576873779,4.088307857513428,-0.37749671936035156,49.0,55.0,6.0,8.749999046325684,9.499999046325684,0.75,0.0,0.0,0.0,0.0,0.0,0.0
278,mp3d/2azQ1b91cZZ/2azQ1b91cZZ.glb,0,0.0,1.0,1.0,1.0,1.0,0.0,0.0,0.5272771714996444,0.5272771714996444,0.2903621173079581,0.2331433528809099,-0.05721876442704818,0.0,0.2331433528809099,0.2331433528809099,4.929884910583496,1.6248074769973755,-3.3050774335861206,139.0,164.0,25.0,22.267868041992188,24.267864227294922,1.9999961853027344,0.0,0.0,0.0,1.0,0.0,-1.0
279,mp3d/2azQ1b91cZZ/2azQ1b91cZZ.glb,0,1.0,1.0,0.0,1.0,1.0,0.0,0.8530590617908242,0.8530590617908242,0.0,0.8290401452915809,0.8290401452915809,0.0,0.8290401452915809,0.8290401452915809,0.0,1.6797924041748047,1.6797924041748047,0.0,84.0,84.0,0.0,15.000005722045898,15.000005722045898,0.0,0.0,0.0,0.0,0.0,0.0,0.0
280,mp3d/EU6Fwq7SyZv/EU6Fwq7SyZv.glb,0,1.0,1.0,0.0,1.0,1.0,0.0,0.9009259398290322,0.9929277956425301,0.09200185581349785,0.8898650327689763,0.9048653330062126,0.015000300237236308,0.8898650327689763,0.9048653330062126,0.015000300237236308,1.1959835290908813,0.9216839075088501,-0.27429962158203125,74.0,65.0,-9.0,13.528326988220215,12.27483081817627,-1.2534961700439453,0.0,0.0,0.0,0.0,0.0,0.0
281,mp3d/EU6Fwq7SyZv/EU6Fwq7SyZv.glb,0,1.0,1.0,0.0,1.0,1.0,0.0,0.5931631752835472,0.7159697631508064,0.12280658786725918,0.7138370568556424,0.8104578528219047,0.09662079596626238,0.7138370568556424,0.8104578528219047,0.09662079596626238,2.0050556659698486,2.0050556659698486,0.0,144.0,112.0,-32.0,20.547500610351562,17.023094177246094,-3.5244064331054688,0.060240963855421686,0.07246376811594203,0.012222804260520345,0.0,0.0,0.0
282,mp3d/EU6Fwq7SyZv/EU6Fwq7SyZv.glb,0,1.0,1.0,0.0,1.0,1.0,0.0,0.5418104209192347,0.4710588190196203,-0.07075160189961438,0.32894432973657417,0.5704478696593059,0.24150353992273177,0.32894432973657417,0.5704478696593059,0.24150353992273177,2.2610549926757812,0.809971034526825,-1.4510839581489563,130.0,198.0,68.0,22.494991302490234,25.87367057800293,3.3786792755126953,0.03333333333333333,0.0,-0.03333333333333333,0.0,0.0,0.0
283,mp3d/x8F5xyUWy9e/x8F5xyUWy9e.glb,0,0.0,1.0,1.0,1.0,1.0,0.0,0.0,0.7726929853712982,0.7726929853712982,0.646005529346791,0.8862223047373637,0.24021677539057273,0.0,0.8862223047373637,0.8862223047373637,3.5492899417877197,1.301243543624878,-2.248046398162842,55.0,45.0,-10.0,11.455612182617188,9.12557601928711,-2.330036163330078,0.0,0.0,0.0,1.0,0.0,-1.0
284,mp3d/x8F5xyUWy9e/x8F5xyUWy9e.glb,0,0.0,1.0,1.0,1.0,1.0,0.0,0.0,0.7726929853712982,0.7726929853712982,0.646005529346791,0.8862223047373637,0.24021677539057273,0.0,0.8862223047373637,0.8862223047373637,3.5492899417877197,1.301243543624878,-2.248046398162842,55.0,45.0,-10.0,11.455612182617188,9.12557601928711,-2.330036163330078,0.0,0.0,0.0,1.0,0.0,-1.0
285,mp3d/x8F5xyUWy9e/x8F5xyUWy9e.glb,0,0.0,1.0,1.0,1.0,1.0,0.0,0.0,0.2810070217255657,0.2810070217255657,0.01262492993348475,0.05238808048908691,0.039763150555602166,0.0,0.05238808048908691,0.05238808048908691,6.210569381713867,0.78005051612854,-5.430518865585327,233.0,157.0,-76.0,34.949798583984375,25.09285545349121,-9.856943130493164,0.007142857142857143,0.0,-0.007142857142857143,1.0,0.0,-1.0
286,mp3d/2azQ1b91cZZ/2azQ1b91cZZ.glb,0,1.0,1.0,0.0,1.0,1.0,0.0,0.39831336325531375,0.39831336325531375,0.0,0.5670982865531736,0.5670982865531736,0.0,0.5670982865531736,0.5670982865531736,0.0,2.549095392227173,2.549095392227173,0.0,164.0,164.0,0.0,21.249296188354492,21.249296188354492,0.0,0.011627906976744186,0.011627906976744186,0.0,0.0,0.0,0.0
287,mp3d/2azQ1b91cZZ/2azQ1b91cZZ.glb,0,1.0,1.0,0.0,1.0,1.0,0.0,0.8258018052219401,0.8258018052219401,0.0,0.8777777407330394,0.8777777407330394,0.0,0.8777777407330394,0.8777777407330394,0.0,0.6259975433349609,0.6259975433349609,0.0,55.0,55.0,0.0,10.249285697937012,10.249285697937012,0.0,0.023809523809523808,0.023809523809523808,0.0,0.0,0.0,0.0
288,mp3d/2azQ1b91cZZ/2azQ1b91cZZ.glb,0,0.0,0.0,0.0,0.0,0.0,0.0,0.0,0.0,0.0,0.0020616070906107715,2.2165714282316464e-07,-0.0020613854334679484,0.0,0.0,0.0,16.273426055908203,13.32345962524414,-2.9499664306640625,136.0,375.0,239.0,22.749282836914062,56.99929428100586,34.2500114440918,0.010869565217391304,0.004366812227074236,-0.0065027529903170685,0.0,0.0,0.0
289,mp3d/8194nk5LbLH/8194nk5LbLH.glb,0,1.0,1.0,0.0,1.0,1.0,0.0,0.44266602464227073,0.584969277794284,0.14230325315201325,0.48276194491796603,0.6751531564802208,0.19239121156225475,0.48276194491796603,0.6751531564802208,0.19239121156225475,2.8828623294830322,1.9291821718215942,-0.953680157661438,137.0,241.0,104.0,13.174663543701172,9.96971321105957,-3.2049503326416016,0.42105263157894735,0.7474747474747475,0.32642211589580017,0.0,0.0,0.0
290,mp3d/8194nk5LbLH/8194nk5LbLH.glb,0,1.0,1.0,0.0,1.0,1.0,0.0,0.1660788396166934,0.2227270965798204,0.056648256963127,0.012824635743369332,0.01239767040728324,-0.0004269653360860926,0.012824635743369332,0.01239767040728324,-0.0004269653360860926,1.4691994190216064,2.0803070068359375,0.611107587814331,243.0,188.0,-55.0,35.11570739746094,26.184402465820312,-8.931304931640625,0.027972027972027972,0.018867924528301886,-0.009104103443726086,0.0,0.0,0.0
291,mp3d/8194nk5LbLH/8194nk5LbLH.glb,0,1.0,1.0,0.0,1.0,1.0,0.0,0.4352863171314083,0.804410579866946,0.36912426273553767,0.47785755287229464,0.8903568634661024,0.4124993105938078,0.47785755287229464,0.8903568634661024,0.4124993105938078,2.0717053413391113,1.2715023756027222,-0.8002029657363892,166.0,45.0,-121.0,13.398022651672363,7.249999046325684,-6.14802360534668,0.5,0.0,-0.5,0.0,0.0,0.0
292,mp3d/zsNo4HB9uLZ/zsNo4HB9uLZ.glb,0,1.0,1.0,0.0,1.0,1.0,0.0,0.8930968094905019,0.8930968094905019,0.0,0.9022710982094984,0.9022710982094984,0.0,0.9022710982094984,0.9022710982094984,0.0,0.9614325761795044,0.9614325761795044,0.0,58.0,58.0,0.0,10.190370559692383,10.190370559692383,0.0,0.23809523809523808,0.23809523809523808,0.0,0.0,0.0,0.0
293,mp3d/zsNo4HB9uLZ/zsNo4HB9uLZ.glb,0,1.0,1.0,0.0,1.0,1.0,0.0,0.8930968094905019,0.8930968094905019,0.0,0.9022710982094984,0.9022710982094984,0.0,0.9022710982094984,0.9022710982094984,0.0,0.9614325761795044,0.9614325761795044,0.0,58.0,58.0,0.0,10.190370559692383,10.190370559692383,0.0,0.23809523809523808,0.23809523809523808,0.0,0.0,0.0,0.0
294,mp3d/zsNo4HB9uLZ/zsNo4HB9uLZ.glb,0,1.0,1.0,0.0,1.0,1.0,0.0,0.8930968094905019,0.8930968094905019,0.0,0.9022710982094984,0.9022710982094984,0.0,0.9022710982094984,0.9022710982094984,0.0,0.9614325761795044,0.9614325761795044,0.0,58.0,58.0,0.0,10.190370559692383,10.190370559692383,0.0,0.23809523809523808,0.23809523809523808,0.0,0.0,0.0,0.0
295,mp3d/EU6Fwq7SyZv/EU6Fwq7SyZv.glb,0,0.0,0.0,0.0,1.0,1.0,0.0,0.0,0.0,0.0,0.1390605007226082,0.08117743999558762,-0.05788306072702058,0.0,0.0,0.0,9.786349296569824,10.106474876403809,0.3201255798339844,83.0,104.0,21.0,16.529048919677734,19.279335021972656,2.750286102294922,0.0,0.0,0.0,1.0,1.0,0.0
296,mp3d/EU6Fwq7SyZv/EU6Fwq7SyZv.glb,0,1.0,1.0,0.0,1.0,1.0,0.0,0.3940775863764775,0.3940775863764775,0.0,0.20688370811696602,0.20688370811696602,0.0,0.20688370811696602,0.20688370811696602,0.0,1.9708149433135986,1.9708149433135986,0.0,125.0,125.0,0.0,19.00426483154297,19.00426483154297,0.0,0.0,0.0,0.0,0.0,0.0,0.0
297,mp3d/EU6Fwq7SyZv/EU6Fwq7SyZv.glb,0,1.0,1.0,0.0,1.0,1.0,0.0,0.6478969733861335,0.32863331159448433,-0.31926366179164917,0.8225447103512304,0.13942722904004518,-0.6831174813111853,0.8225447103512304,0.13942722904004518,-0.6831174813111853,1.6533089876174927,1.4195504188537598,-0.2337585687637329,58.0,143.0,85.0,11.559175491333008,22.788787841796875,11.229612350463867,0.0,0.0,0.0,0.0,0.0,0.0
298,mp3d/TbHJrupSAjP/TbHJrupSAjP.glb,0,1.0,1.0,0.0,1.0,1.0,0.0,0.9068968729511053,1.0,0.09310312704889467,0.9407759773366628,0.934461190142718,-0.0063147871939448486,0.9407759773366628,0.934461190142718,-0.0063147871939448486,0.11795525997877121,0.8676722645759583,0.749717004597187,43.0,36.0,-7.0,6.705503463745117,5.909295082092285,-0.796208381652832,0.0,0.0,0.0,0.0,0.0,0.0
299,mp3d/TbHJrupSAjP/TbHJrupSAjP.glb,0,1.0,1.0,0.0,1.0,1.0,0.0,1.0,1.0,0.0,0.8892741598365752,0.8892741598365752,0.0,0.8892741598365752,0.8892741598365752,0.0,1.7242343425750732,1.7242343425750732,0.0,31.0,31.0,0.0,4.887261867523193,4.887261867523193,0.0,0.0,0.0,0.0,0.0,0.0,0.0
300,mp3d/TbHJrupSAjP/TbHJrupSAjP.glb,0,1.0,1.0,0.0,1.0,1.0,0.0,1.0,1.0,0.0,0.934461190142718,0.934461190142718,0.0,0.934461190142718,0.934461190142718,0.0,0.8676722645759583,0.8676722645759583,0.0,36.0,36.0,0.0,5.909295082092285,5.909295082092285,0.0,0.0,0.0,0.0,0.0,0.0,0.0
301,mp3d/zsNo4HB9uLZ/zsNo4HB9uLZ.glb,0,0.0,1.0,1.0,0.0,1.0,1.0,0.0,0.7943071103219331,0.7943071103219331,0.7124881005775255,0.75932419643694,0.046836095859414506,0.0,0.75932419643694,0.75932419643694,3.718733787536621,2.8565540313720703,-0.8621797561645508,76.0,96.0,20.0,8.25,10.500001907348633,2.250001907348633,0.0,0.0,0.0,0.0,0.0,0.0
302,mp3d/zsNo4HB9uLZ/zsNo4HB9uLZ.glb,0,1.0,1.0,0.0,1.0,1.0,0.0,0.6541354350771014,0.7758349928745004,0.12169955779739905,0.8037607883631995,0.9133464705417675,0.10958568217856801,0.8037607883631995,0.9133464705417675,0.10958568217856801,1.271422266960144,0.9702547788619995,-0.30116748809814453,107.0,91.0,-16.0,12.749999046325684,10.75,-1.9999990463256836,0.0,0.0,0.0,0.0,0.0,0.0
303,mp3d/zsNo4HB9uLZ/zsNo4HB9uLZ.glb,0,1.0,1.0,0.0,1.0,1.0,0.0,0.8340226968786905,0.7943071824657638,-0.039715514412926645,0.8969988516216905,0.9247575278136131,0.027758676191922627,0.8969988516216905,0.9247575278136131,0.027758676191922627,1.6979001760482788,0.4641508162021637,-1.2337493598461151,64.0,91.0,27.0,9.999999046325684,10.500000953674316,0.5000019073486328,0.0,0.0,0.0,0.0,0.0,0.0
304,mp3d/X7HyMhZNoso/X7HyMhZNoso.glb,0,1.0,1.0,0.0,1.0,1.0,0.0,1.0,1.0,0.0,0.6431832423207462,0.6431832423207462,0.0,0.6431832423207462,0.6431832423207462,0.0,1.9148389101028442,1.9148389101028442,0.0,45.0,45.0,0.0,9.055633544921875,9.055633544921875,0.0,0.0,0.0,0.0,0.0,0.0,0.0
305,mp3d/X7HyMhZNoso/X7HyMhZNoso.glb,0,1.0,1.0,0.0,1.0,1.0,0.0,0.6926385638152045,0.6926385638152045,0.0,0.6466012515826628,0.6466012515826628,0.0,0.6466012515826628,0.6466012515826628,0.0,0.5458807349205017,0.5458807349205017,0.0,89.0,89.0,0.0,13.305630683898926,13.305630683898926,0.0,0.0,0.0,0.0,0.0,0.0,0.0
306,mp3d/X7HyMhZNoso/X7HyMhZNoso.glb,0,1.0,1.0,0.0,1.0,1.0,0.0,0.8239403277611153,1.0,0.17605967223888475,0.7782176535418497,0.9338612241919129,0.15564357065006318,0.7782176535418497,0.9338612241919129,0.15564357065006318,0.30069565773010254,0.47405174374580383,0.1733560860157013,70.0,44.0,-26.0,11.185267448425293,9.05589485168457,-2.1293725967407227,0.021739130434782608,0.0,-0.021739130434782608,0.0,0.0,0.0
307,mp3d/TbHJrupSAjP/TbHJrupSAjP.glb,0,1.0,1.0,0.0,1.0,1.0,0.0,0.41361498760736326,0.41550428525580746,0.0018892976484441992,0.7219239414351053,0.6748312091027275,-0.04709273233237776,0.7219239414351053,0.6748312091027275,-0.04709273233237776,0.8684985041618347,2.3775908946990967,1.509092390537262,200.0,191.0,-9.0,19.498836517333984,19.410175323486328,-0.08866119384765625,0.0379746835443038,0.0,-0.0379746835443038,0.0,0.0,0.0
308,mp3d/TbHJrupSAjP/TbHJrupSAjP.glb,1,0.0,0.0,0.0,0.0,0.0,0.0,0.0,0.0,0.0,0.0,0.0,0.0,0.0,0.0,0.0,0.0,0.0,0.0,0.0,0.0,0.0,0.0,0.0,0.0,0.0,0.0,0.0,0.0,0.0,0.0
309,mp3d/TbHJrupSAjP/TbHJrupSAjP.glb,0,1.0,1.0,0.0,1.0,1.0,0.0,0.7602410505033796,0.7602410505033796,0.0,0.8933584789113522,0.8933584789113522,0.0,0.8933584789113522,0.8933584789113522,0.0,1.511060357093811,1.511060357093811,0.0,73.0,73.0,0.0,10.608491897583008,10.608491897583008,0.0,0.0,0.0,0.0,0.0,0.0,0.0
310,mp3d/x8F5xyUWy9e/x8F5xyUWy9e.glb,0,1.0,1.0,0.0,1.0,1.0,0.0,0.6547915295856755,1.0,0.34520847041432445,0.6343317525212909,0.8706363097043296,0.23630455718303867,0.6343317525212909,0.8706363097043296,0.23630455718303867,2.9920763969421387,1.7653803825378418,-1.2266960144042969,53.0,29.0,-24.0,10.25,5.500000476837158,-4.749999523162842,0.0,0.0,0.0,0.0,0.0,0.0
311,mp3d/x8F5xyUWy9e/x8F5xyUWy9e.glb,0,0.0,0.0,0.0,1.0,1.0,0.0,0.0,0.0,0.0,0.26054740456250663,0.26054740456250663,0.0,0.0,0.0,0.0,5.400814533233643,5.400814533233643,0.0,61.0,61.0,0.0,12.248695373535156,12.248695373535156,0.0,0.02,0.02,0.0,1.0,1.0,0.0
312,mp3d/x8F5xyUWy9e/x8F5xyUWy9e.glb,0,1.0,1.0,0.0,1.0,1.0,0.0,1.0,1.0,0.0,0.8362014217226543,0.8362014217226543,0.0,0.8362014217226543,0.8362014217226543,0.0,1.3087249994277954,1.3087249994277954,0.0,35.0,35.0,0.0,6.24869441986084,6.24869441986084,0.0,0.038461538461538464,0.038461538461538464,0.0,0.0,0.0,0.0
313,mp3d/2azQ1b91cZZ/2azQ1b91cZZ.glb,0,1.0,0.0,-1.0,1.0,0.0,-1.0,0.8330964645314699,0.0,-0.8330964645314699,0.9141542128684677,0.00011894368224821826,-0.9140352691862195,0.9141542128684677,0.0,-0.9141542128684677,0.4587935507297516,18.592519760131836,18.133726209402084,78.0,226.0,148.0,12.00000286102295,29.730274200439453,17.730271339416504,0.0,0.016666666666666666,0.016666666666666666,0.0,0.0,0.0
314,mp3d/2azQ1b91cZZ/2azQ1b91cZZ.glb,0,1.0,1.0,0.0,1.0,1.0,0.0,0.4080473452198262,0.5000495146609191,0.09200216944109285,0.5382953674826398,0.6044861712366092,0.06619080375396935,0.5382953674826398,0.6044861712366092,0.06619080375396935,0.8212740421295166,0.9007545113563538,0.07948046922683716,170.0,152.0,-18.0,24.5,19.992340087890625,-4.507659912109375,0.0,0.012345679012345678,0.012345679012345678,0.0,0.0,0.0
315,mp3d/2azQ1b91cZZ/2azQ1b91cZZ.glb,0,1.0,1.0,0.0,1.0,1.0,0.0,0.9521102992266157,0.9521102992266157,0.0,0.8872544324332649,0.8872544324332649,0.0,0.8872544324332649,0.8872544324332649,0.0,1.1161633729934692,1.1161633729934692,0.0,57.0,57.0,0.0,10.500001907348633,10.500001907348633,0.0,0.0,0.0,0.0,0.0,0.0,0.0
316,mp3d/EU6Fwq7SyZv/EU6Fwq7SyZv.glb,0,0.0,0.0,0.0,0.0,0.0,0.0,0.0,0.0,0.0,0.0615791860011307,0.103019217224997,0.0414400312238663,0.0,0.0,0.0,10.699153900146484,12.528087615966797,1.8289337158203125,372.0,265.0,-107.0,29.466711044311523,18.90668487548828,-10.560026168823242,0.07894736842105263,0.14666666666666667,0.06771929824561404,0.0,0.0,0.0
317,mp3d/EU6Fwq7SyZv/EU6Fwq7SyZv.glb,0,0.0,0.0,0.0,0.0,0.0,0.0,0.0,0.0,0.0,0.0615791860011307,0.2611417296981974,0.19956254369706666,0.0,0.0,0.0,10.699153900146484,10.600105285644531,-0.09904861450195312,372.0,265.0,-107.0,29.466711044311523,21.729930877685547,-7.736780166625977,0.07894736842105263,0.1839080459770115,0.10496067755595886,0.0,0.0,0.0
318,mp3d/EU6Fwq7SyZv/EU6Fwq7SyZv.glb,0,0.0,0.0,0.0,0.0,0.0,0.0,0.0,0.0,0.0,0.050120958232716256,0.0615791860011307,0.011458227768414445,0.0,0.0,0.0,10.796503067016602,10.699153900146484,-0.09734916687011719,342.0,372.0,30.0,28.87421989440918,29.466711044311523,0.5924911499023438,0.07964601769911504,0.07894736842105263,-0.000698649278062416,0.0,0.0,0.0
319,mp3d/EU6Fwq7SyZv/EU6Fwq7SyZv.glb,0,1.0,1.0,0.0,1.0,1.0,0.0,0.7612963084154849,0.7612963084154849,0.0,0.3279557046309287,0.3279557046309287,0.0,0.3279557046309287,0.3279557046309287,0.0,1.2253443002700806,1.2253443002700806,0.0,52.0,52.0,0.0,6.251584053039551,6.251584053039551,0.0,0.038461538461538464,0.038461538461538464,0.0,0.0,0.0,0.0
320,mp3d/EU6Fwq7SyZv/EU6Fwq7SyZv.glb,0,1.0,1.0,0.0,1.0,1.0,0.0,0.22622149733774188,0.32788446578671837,0.10166296844897649,0.16968932850471652,0.18456942243886662,0.014880093934150102,0.16968932850471652,0.18456942243886662,0.014880093934150102,1.871870994567871,2.08504319190979,0.21317219734191895,166.0,109.0,-57.0,21.038265228271484,14.51519775390625,-6.523067474365234,0.011764705882352941,0.01694915254237288,0.00518444666001994,0.0,0.0,0.0
321,mp3d/EU6Fwq7SyZv/EU6Fwq7SyZv.glb,0,1.0,1.0,0.0,1.0,1.0,0.0,0.7883653266209407,0.7883653266209407,0.0,0.8790795567715038,0.8790795567715038,0.0,0.8790795567715038,0.8790795567715038,0.0,0.7446960806846619,0.7446960806846619,0.0,39.0,39.0,0.0,6.036931991577148,6.036931991577148,0.0,0.04,0.04,0.0,0.0,0.0,0.0
322,mp3d/Z6MFQCViBuw/Z6MFQCViBuw.glb,0,1.0,1.0,0.0,1.0,1.0,0.0,0.8486880216837375,0.9767978471269368,0.12810982544319938,0.8426860180621094,0.8697098200329912,0.027023801970881833,0.8426860180621094,0.8697098200329912,0.027023801970881833,0.8720669746398926,0.44888636469841003,-0.42318060994148254,51.0,45.0,-6.0,9.689912796020508,8.419053077697754,-1.270859718322754,0.0,0.0,0.0,0.0,0.0,0.0
323,mp3d/Z6MFQCViBuw/Z6MFQCViBuw.glb,0,0.0,1.0,1.0,1.0,1.0,0.0,0.0,0.802726324232181,0.802726324232181,0.6463216476213013,0.8054958049768235,0.1591741573555222,0.0,0.8054958049768235,0.8054958049768235,3.331998109817505,1.4230483770370483,-1.9089497327804565,63.0,54.0,-9.0,12.273097038269043,10.244728088378906,-2.0283689498901367,0.0784313725490196,0.09302325581395349,0.01459188326493388,1.0,0.0,-1.0
324,mp3d/Z6MFQCViBuw/Z6MFQCViBuw.glb,0,0.0,0.0,0.0,0.0,0.0,0.0,0.0,0.0,0.0,0.00011212363134895852,0.0009421444029459153,0.0008300207715969568,0.0,0.0,0.0,15.924131393432617,16.10704231262207,0.18291091918945312,213.0,154.0,-59.0,23.908430099487305,14.736634254455566,-9.171795845031738,0.3559322033898305,0.5681818181818182,0.21224961479198773,0.0,0.0,0.0
325,mp3d/2azQ1b91cZZ/2azQ1b91cZZ.glb,0,1.0,0.0,-1.0,1.0,0.0,-1.0,0.8016477577744171,0.0,-0.8016477577744171,0.7078923655910649,0.1234191187404917,-0.5844732468505732,0.7078923655910649,0.0,-0.7078923655910649,0.04197950288653374,15.842623710632324,15.80064420774579,90.0,69.0,-21.0,15.251193046569824,4.003195285797119,-11.247997760772705,0.04838709677419355,2.111111111111111,2.0627240143369177,0.0,0.0,0.0
326,mp3d/2azQ1b91cZZ/2azQ1b91cZZ.glb,0,0.0,0.0,0.0,0.0,0.0,0.0,0.0,0.0,0.0,0.005722934990710442,0.1234191187404917,0.11769618374978126,0.0,0.0,0.0,24.547685623168945,15.842623710632324,-8.705061912536621,146.0,69.0,-77.0,17.753204345703125,4.003195285797119,-13.750009059906006,0.1095890410958904,2.111111111111111,2.0015220700152208,0.0,0.0,0.0
327,mp3d/2azQ1b91cZZ/2azQ1b91cZZ.glb,0,0.0,0.0,0.0,0.0,0.0,0.0,0.0,0.0,0.0,0.34971426940984407,0.595560963594556,0.24584669418471194,0.0,0.0,0.0,5.530028343200684,5.146956920623779,-0.3830714225769043,124.0,78.0,-46.0,16.732091903686523,12.251193046569824,-4.480898857116699,0.07246376811594203,0.06,-0.012463768115942034,0.0,0.0,0.0
328,mp3d/2azQ1b91cZZ/2azQ1b91cZZ.glb,0,1.0,1.0,0.0,1.0,1.0,0.0,0.8213446210304555,0.7522822303261089,-0.06906239070434661,0.906802398127428,0.8294511836015619,-0.07735121452586613,0.906802398127428,0.8294511836015619,-0.07735121452586613,1.3389017581939697,1.0599833726882935,-0.27891838550567627,74.0,74.0,0.0,9.823131561279297,10.724932670593262,0.9018011093139648,0.0,0.0,0.0,0.0,0.0,0.0
329,mp3d/2azQ1b91cZZ/2azQ1b91cZZ.glb,0,0.0,0.0,0.0,1.0,1.0,0.0,0.0,0.0,0.0,0.18239947830850517,0.18239947830850517,0.0,0.0,0.0,0.0,8.560133934020996,8.560133934020996,0.0,171.0,171.0,0.0,24.026824951171875,24.026824951171875,0.0,0.0,0.0,0.0,1.0,1.0,0.0
330,mp3d/2azQ1b91cZZ/2azQ1b91cZZ.glb,0,1.0,1.0,0.0,1.0,1.0,0.0,1.0,1.0,0.0,0.9246843020434224,0.9246843020434224,0.0,0.9246843020434224,0.9246843020434224,0.0,1.3609539270401,1.3609539270401,0.0,39.0,39.0,0.0,7.494891166687012,7.494891166687012,0.0,0.0,0.0,0.0,0.0,0.0,0.0
331,mp3d/TbHJrupSAjP/TbHJrupSAjP.glb,0,1.0,1.0,0.0,1.0,1.0,0.0,0.6193080420055169,0.6193080420055169,0.0,0.8236615507423437,0.8236615507423437,0.0,0.8236615507423437,0.8236615507423437,0.0,0.569779634475708,0.569779634475708,0.0,68.0,68.0,0.0,10.472420692443848,10.472420692443848,0.0,0.0,0.0,0.0,0.0,0.0,0.0
332,mp3d/TbHJrupSAjP/TbHJrupSAjP.glb,0,1.0,1.0,0.0,1.0,1.0,0.0,1.0,1.0,0.0,0.8629054541984627,0.8629054541984627,0.0,0.8629054541984627,0.8629054541984627,0.0,2.184516191482544,2.184516191482544,0.0,27.0,27.0,0.0,4.499999046325684,4.499999046325684,0.0,0.0,0.0,0.0,0.0,0.0,0.0
333,mp3d/TbHJrupSAjP/TbHJrupSAjP.glb,0,1.0,1.0,0.0,1.0,1.0,0.0,0.6193080420055169,0.6193080420055169,0.0,0.8236615507423437,0.8236615507423437,0.0,0.8236615507423437,0.8236615507423437,0.0,0.569779634475708,0.569779634475708,0.0,68.0,68.0,0.0,10.472420692443848,10.472420692443848,0.0,0.0,0.0,0.0,0.0,0.0,0.0
334,mp3d/QUCTc6BB5sX/QUCTc6BB5sX.glb,0,1.0,1.0,0.0,1.0,1.0,0.0,0.718717372877234,0.9093028231274854,0.19058545025025142,0.7964958959293075,0.9184836065533415,0.12198771062403402,0.7964958959293075,0.9184836065533415,0.12198771062403402,0.8784539103507996,0.6359476447105408,-0.2425062656402588,90.0,67.0,-23.0,14.313318252563477,11.313316345214844,-3.000001907348633,0.0,0.0,0.0,0.0,0.0,0.0
335,mp3d/QUCTc6BB5sX/QUCTc6BB5sX.glb,0,1.0,1.0,0.0,1.0,1.0,0.0,0.9974706629076918,0.9974706629076918,0.0,0.930630467623683,0.930630467623683,0.0,0.930630467623683,0.930630467623683,0.0,0.473570853471756,0.473570853471756,0.0,60.0,60.0,0.0,10.313316345214844,10.313316345214844,0.0,0.0,0.0,0.0,0.0,0.0,0.0
336,mp3d/QUCTc6BB5sX/QUCTc6BB5sX.glb,0,1.0,1.0,0.0,1.0,1.0,0.0,0.718717372877234,0.9093028231274854,0.19058545025025142,0.7964958959293075,0.9184836065533415,0.12198771062403402,0.7964958959293075,0.9184836065533415,0.12198771062403402,0.8784539103507996,0.6359476447105408,-0.2425062656402588,90.0,67.0,-23.0,14.313318252563477,11.313316345214844,-3.000001907348633,0.0,0.0,0.0,0.0,0.0,0.0
337,mp3d/TbHJrupSAjP/TbHJrupSAjP.glb,0,1.0,1.0,0.0,1.0,1.0,0.0,0.9687124332733538,0.9687124332733538,0.0,0.7422371847331443,0.7422371847331443,0.0,0.7422371847331443,0.7422371847331443,0.0,2.4332220554351807,2.4332220554351807,0.0,50.0,50.0,0.0,6.56112813949585,6.56112813949585,0.0,0.0,0.0,0.0,0.0,0.0,0.0
338,mp3d/TbHJrupSAjP/TbHJrupSAjP.glb,0,1.0,1.0,0.0,1.0,1.0,0.0,1.0,1.0,0.0,0.8913868282676563,0.8913868282676563,0.0,0.8913868282676563,0.8913868282676563,0.0,1.8575491905212402,1.8575491905212402,0.0,42.0,42.0,0.0,5.568464756011963,5.568464756011963,0.0,0.0,0.0,0.0,0.0,0.0,0.0
339,mp3d/TbHJrupSAjP/TbHJrupSAjP.glb,0,1.0,1.0,0.0,1.0,1.0,0.0,1.0,1.0,0.0,0.8913868282676563,0.8913868282676563,0.0,0.8913868282676563,0.8913868282676563,0.0,1.8575491905212402,1.8575491905212402,0.0,42.0,42.0,0.0,5.568464756011963,5.568464756011963,0.0,0.0,0.0,0.0,0.0,0.0,0.0
340,mp3d/2azQ1b91cZZ/2azQ1b91cZZ.glb,0,1.0,1.0,0.0,1.0,1.0,0.0,0.6864509171155425,0.6864509171155425,0.0,0.48556693398075645,0.48556693398075645,0.0,0.48556693398075645,0.48556693398075645,0.0,0.7341392040252686,0.7341392040252686,0.0,82.0,82.0,0.0,15.501494407653809,15.501494407653809,0.0,0.015873015873015872,0.015873015873015872,0.0,0.0,0.0,0.0
341,mp3d/2azQ1b91cZZ/2azQ1b91cZZ.glb,0,0.0,0.0,0.0,1.0,1.0,0.0,0.0,0.0,0.0,0.5424154582765272,0.5180962846984968,-0.024319173578030373,0.0,0.0,0.0,4.370087146759033,5.499824523925781,1.129737377166748,147.0,93.0,-54.0,20.750003814697266,15.750001907348633,-5.000001907348633,0.0,0.0,0.0,1.0,1.0,0.0
342,mp3d/2azQ1b91cZZ/2azQ1b91cZZ.glb,0,1.0,1.0,0.0,1.0,1.0,0.0,0.29354493392951286,0.3576878515397271,0.06414291761021423,0.055093021349737904,0.0884494745297486,0.0333564531800107,0.055093021349737904,0.0884494745297486,0.0333564531800107,1.7841987609863281,1.8585536479949951,0.07435488700866699,277.0,227.0,-50.0,36.250038146972656,29.74944496154785,-6.500593185424805,0.0,0.008333333333333333,0.008333333333333333,0.0,0.0,0.0
343,mp3d/Z6MFQCViBuw/Z6MFQCViBuw.glb,0,0.0,0.0,0.0,1.0,1.0,0.0,0.0,0.0,0.0,0.433429531271972,0.545061692825083,0.11163216155311101,0.0,0.0,0.0,4.138709545135498,3.731194019317627,-0.4075155258178711,63.0,51.0,-12.0,10.984546661376953,9.950826644897461,-1.0337200164794922,0.045454545454545456,0.0,-0.045454545454545456,1.0,1.0,0.0
344,mp3d/Z6MFQCViBuw/Z6MFQCViBuw.glb,0,0.0,0.0,0.0,0.0,0.0,0.0,0.0,0.0,0.0,0.03966864694705594,0.11850756084401574,0.0788389138969598,0.0,0.0,0.0,14.579360008239746,12.260384559631348,-2.3189754486083984,47.0,35.0,-12.0,9.0,6.500000953674316,-2.4999990463256836,0.0,0.0,0.0,0.0,0.0,0.0
345,mp3d/Z6MFQCViBuw/Z6MFQCViBuw.glb,0,0.0,0.0,0.0,1.0,1.0,0.0,0.0,0.0,0.0,0.3800304810605253,0.3800304810605253,0.0,0.0,0.0,0.0,4.588180065155029,4.588180065155029,0.0,60.0,60.0,0.0,11.537797927856445,11.537797927856445,0.0,0.043478260869565216,0.043478260869565216,0.0,1.0,1.0,0.0
346,mp3d/EU6Fwq7SyZv/EU6Fwq7SyZv.glb,0,0.0,0.0,0.0,0.0,0.0,0.0,0.0,0.0,0.0,0.058094815283058834,0.24861419139134736,0.1905193761082885,0.0,0.0,0.0,12.017990112304688,11.611480712890625,-0.4065093994140625,383.0,266.0,-117.0,32.689388275146484,20.763425827026367,-11.925962448120117,0.08661417322834646,0.1927710843373494,0.10615691110900295,0.0,0.0,0.0
347,mp3d/EU6Fwq7SyZv/EU6Fwq7SyZv.glb,0,0.0,0.0,0.0,0.0,0.0,0.0,0.0,0.0,0.0,0.058094815283058834,0.10890789499499558,0.05081307971193674,0.0,0.0,0.0,12.017990112304688,11.936233520507812,-0.081756591796875,383.0,308.0,-75.0,32.689388275146484,22.560142517089844,-10.12924575805664,0.08661417322834646,0.1348314606741573,0.048217287445810844,0.0,0.0,0.0
348,mp3d/EU6Fwq7SyZv/EU6Fwq7SyZv.glb,0,0.0,0.0,0.0,0.0,0.0,0.0,0.0,0.0,0.0,0.07837032601631574,0.2394577533399044,0.16108742732358866,0.0,0.0,0.0,11.813837051391602,11.510709762573242,-0.3031272888183594,372.0,272.0,-100.0,29.466711044311523,24.128158569335938,-5.338552474975586,0.07894736842105263,0.17708333333333334,0.09813596491228072,0.0,0.0,0.0
349,mp3d/8194nk5LbLH/8194nk5LbLH.glb,1,0.0,0.0,0.0,0.0,0.0,0.0,0.0,0.0,0.0,0.0,0.0,0.0,0.0,0.0,0.0,0.0,0.0,0.0,0.0,0.0,0.0,0.0,0.0,0.0,0.0,0.0,0.0,0.0,0.0,0.0
350,mp3d/8194nk5LbLH/8194nk5LbLH.glb,0,1.0,1.0,0.0,1.0,1.0,0.0,0.5784761560151769,0.5784761560151769,0.0,0.12464170517896579,0.12464170517896579,0.0,0.12464170517896579,0.12464170517896579,0.0,1.696437954902649,1.696437954902649,0.0,153.0,153.0,0.0,24.97513198852539,24.97513198852539,0.0,0.03,0.03,0.0,0.0,0.0,0.0
351,mp3d/8194nk5LbLH/8194nk5LbLH.glb,0,1.0,1.0,0.0,1.0,1.0,0.0,0.7336630138135324,0.7336630138135324,0.0,0.30488809036270914,0.30488809036270914,0.0,0.30488809036270914,0.30488809036270914,0.0,0.7410374879837036,0.7410374879837036,0.0,112.0,112.0,0.0,19.69230842590332,19.69230842590332,0.0,0.06329113924050633,0.06329113924050633,0.0,0.0,0.0,0.0
352,mp3d/zsNo4HB9uLZ/zsNo4HB9uLZ.glb,0,0.0,0.0,0.0,0.0,0.0,0.0,0.0,0.0,0.0,0.05905765965469134,0.07365894674045356,0.014601287085762221,0.0,0.0,0.0,14.132908821105957,13.384861946105957,-0.748046875,65.0,62.0,-3.0,11.250000953674316,10.500000953674316,-0.75,0.0,0.0,0.0,0.0,0.0,0.0
353,mp3d/zsNo4HB9uLZ/zsNo4HB9uLZ.glb,0,0.0,0.0,0.0,0.0,0.0,0.0,0.0,0.0,0.0,0.06401627200173858,0.1291686292866411,0.06515235728490253,0.0,0.0,0.0,13.721918106079102,11.634760856628418,-2.0871572494506836,69.0,46.0,-23.0,11.750000953674316,8.000000953674316,-3.75,0.0,0.0,0.0,0.0,0.0,0.0
354,mp3d/zsNo4HB9uLZ/zsNo4HB9uLZ.glb,0,0.0,0.0,0.0,0.0,0.0,0.0,0.0,0.0,0.0,0.03579678277700555,0.038333933782079145,0.0025371510050735957,0.0,0.0,0.0,15.570423126220703,15.271780967712402,-0.2986421585083008,73.0,72.0,-1.0,12.750001907348633,12.500001907348633,-0.25,0.0,0.0,0.0,0.0,0.0,0.0
355,mp3d/TbHJrupSAjP/TbHJrupSAjP.glb,0,1.0,1.0,0.0,1.0,1.0,0.0,0.9108700204013962,0.9108700204013962,0.0,0.8522138013513387,0.8522138013513387,0.0,0.8522138013513387,0.8522138013513387,0.0,1.1690577268600464,1.1690577268600464,0.0,76.0,76.0,0.0,9.28693675994873,9.28693675994873,0.0,0.14634146341463414,0.14634146341463414,0.0,0.0,0.0,0.0
356,mp3d/TbHJrupSAjP/TbHJrupSAjP.glb,0,0.0,0.0,0.0,0.0,0.0,0.0,0.0,0.0,0.0,0.22501167289750276,0.22501167289750276,0.0,0.0,0.0,0.0,13.262227058410645,13.262227058410645,0.0,84.0,84.0,0.0,8.6276273727417,8.6276273727417,0.0,0.15789473684210525,0.15789473684210525,0.0,0.0,0.0,0.0
357,mp3d/TbHJrupSAjP/TbHJrupSAjP.glb,0,1.0,1.0,0.0,1.0,1.0,0.0,0.9106266083352446,0.986846286120145,0.07621967778490046,0.8669922357507553,0.8582376439952388,-0.008754591755516516,0.8669922357507553,0.8582376439952388,-0.008754591755516516,1.1573903560638428,1.2041335105895996,0.046743154525756836,72.0,71.0,-1.0,9.289419174194336,8.571945190429688,-0.7174739837646484,0.14634146341463414,0.15789473684210525,0.011553273427471117,0.0,0.0,0.0
358,mp3d/TbHJrupSAjP/TbHJrupSAjP.glb,0,1.0,1.0,0.0,1.0,1.0,0.0,0.81985931495344,0.81985931495344,0.0,0.9158262947526317,0.9158262947526317,0.0,0.9158262947526317,0.9158262947526317,0.0,0.49671584367752075,0.49671584367752075,0.0,70.0,70.0,0.0,11.980425834655762,11.980425834655762,0.0,0.0,0.0,0.0,0.0,0.0,0.0
359,mp3d/TbHJrupSAjP/TbHJrupSAjP.glb,0,1.0,1.0,0.0,1.0,1.0,0.0,0.81985931495344,0.81985931495344,0.0,0.9158262947526317,0.9158262947526317,0.0,0.9158262947526317,0.9158262947526317,0.0,0.49671584367752075,0.49671584367752075,0.0,70.0,70.0,0.0,11.980425834655762,11.980425834655762,0.0,0.0,0.0,0.0,0.0,0.0,0.0
360,mp3d/TbHJrupSAjP/TbHJrupSAjP.glb,0,1.0,1.0,0.0,1.0,1.0,0.0,0.9427719980499025,0.9427719980499025,0.0,0.9238937543434533,0.9238937543434533,0.0,0.9238937543434533,0.9238937543434533,0.0,1.0212889909744263,1.0212889909744263,0.0,60.0,60.0,0.0,10.418493270874023,10.418493270874023,0.0,0.0,0.0,0.0,0.0,0.0,0.0
361,mp3d/zsNo4HB9uLZ/zsNo4HB9uLZ.glb,0,1.0,1.0,0.0,1.0,1.0,0.0,1.0,1.0,0.0,0.8868467016512295,0.8868467016512295,0.0,0.8868467016512295,0.8868467016512295,0.0,2.1809401512145996,2.1809401512145996,0.0,60.0,60.0,0.0,8.985586166381836,8.985586166381836,0.0,0.02702702702702703,0.02702702702702703,0.0,0.0,0.0,0.0
362,mp3d/zsNo4HB9uLZ/zsNo4HB9uLZ.glb,0,1.0,1.0,0.0,1.0,1.0,0.0,1.0,1.0,0.0,0.9103328982051591,0.8826996678807589,-0.027633230324400126,0.9103328982051591,0.8826996678807589,-0.027633230324400126,1.8574609756469727,2.4202589988708496,0.562798023223877,58.0,43.0,-15.0,8.985586166381836,7.249999046325684,-1.7355871200561523,0.02702702702702703,0.0,-0.02702702702702703,0.0,0.0,0.0
363,mp3d/zsNo4HB9uLZ/zsNo4HB9uLZ.glb,0,1.0,1.0,0.0,1.0,1.0,0.0,1.0,1.0,0.0,0.9403423670125591,0.9403423670125591,0.0,0.9403423670125591,0.9403423670125591,0.0,0.7500511407852173,0.7500511407852173,0.0,54.0,54.0,0.0,9.0,9.0,0.0,0.0,0.0,0.0,0.0,0.0,0.0
364,mp3d/2azQ1b91cZZ/2azQ1b91cZZ.glb,0,1.0,1.0,0.0,1.0,1.0,0.0,1.0,1.0,0.0,0.9842985828632281,0.9842985828632281,0.0,0.9842985828632281,0.9842985828632281,0.0,0.4530070126056671,0.4530070126056671,0.0,33.0,33.0,0.0,6.75,6.75,0.0,0.0,0.0,0.0,0.0,0.0,0.0
365,mp3d/2azQ1b91cZZ/2azQ1b91cZZ.glb,0,1.0,1.0,0.0,1.0,1.0,0.0,1.0,1.0,0.0,0.9842985828632281,0.9769212712126513,-0.007377311650576868,0.9842985828632281,0.9769212712126513,-0.007377311650576868,0.4530070126056671,0.9288331270217896,0.47582611441612244,33.0,31.0,-2.0,6.75,6.25,-0.5,0.0,0.0,0.0,0.0,0.0,0.0
366,mp3d/2azQ1b91cZZ/2azQ1b91cZZ.glb,0,1.0,1.0,0.0,1.0,1.0,0.0,0.8917503227889922,1.0,0.10824967721100776,0.9308253412373823,0.9769212712126513,0.04609592997526901,0.9308253412373823,0.9769212712126513,0.04609592997526901,1.2804741859436035,0.9288331270217896,-0.35164105892181396,40.0,31.0,-9.0,7.999999046325684,6.25,-1.7499990463256836,0.0,0.0,0.0,0.0,0.0,0.0
367,mp3d/zsNo4HB9uLZ/zsNo4HB9uLZ.glb,0,1.0,1.0,0.0,1.0,1.0,0.0,1.0,1.0,0.0,0.8949285505922938,0.8949285505922938,0.0,0.8949285505922938,0.8949285505922938,0.0,1.2077454328536987,1.2077454328536987,0.0,58.0,58.0,0.0,8.327947616577148,8.327947616577148,0.0,0.15789473684210525,0.15789473684210525,0.0,0.0,0.0,0.0
368,mp3d/zsNo4HB9uLZ/zsNo4HB9uLZ.glb,0,1.0,1.0,0.0,1.0,1.0,0.0,1.0,1.0,0.0,0.8949285505922938,0.8949285505922938,0.0,0.8949285505922938,0.8949285505922938,0.0,1.2077454328536987,1.2077454328536987,0.0,58.0,58.0,0.0,8.327947616577148,8.327947616577148,0.0,0.15789473684210525,0.15789473684210525,0.0,0.0,0.0,0.0
369,mp3d/zsNo4HB9uLZ/zsNo4HB9uLZ.glb,0,1.0,1.0,0.0,1.0,1.0,0.0,1.0,1.0,0.0,0.8285154520556969,0.8285154520556969,0.0,0.8285154520556969,0.8285154520556969,0.0,2.400684118270874,2.400684118270874,0.0,59.0,59.0,0.0,7.827947616577148,7.827947616577148,0.0,0.16666666666666666,0.16666666666666666,0.0,0.0,0.0,0.0
370,mp3d/X7HyMhZNoso/X7HyMhZNoso.glb,0,1.0,1.0,0.0,1.0,1.0,0.0,0.9051076626072493,0.9740959519171023,0.06898828930985301,0.8885000455180366,0.9555111916263983,0.06701114610836167,0.8885000455180366,0.9555111916263983,0.06701114610836167,0.19559891521930695,0.1703229695558548,-0.02527594566345215,59.0,50.0,-9.0,10.279077529907227,9.5510835647583,-0.7279939651489258,0.0,0.0,0.0,0.0,0.0,0.0
371,mp3d/X7HyMhZNoso/X7HyMhZNoso.glb,0,1.0,1.0,0.0,1.0,1.0,0.0,0.9740959519171023,0.9740959519171023,0.0,0.9555111916263983,0.9555111916263983,0.0,0.9555111916263983,0.9555111916263983,0.0,0.1703229695558548,0.1703229695558548,0.0,50.0,50.0,0.0,9.5510835647583,9.5510835647583,0.0,0.0,0.0,0.0,0.0,0.0,0.0
372,mp3d/X7HyMhZNoso/X7HyMhZNoso.glb,0,1.0,1.0,0.0,1.0,1.0,0.0,0.9740959519171023,1.0,0.0259040480828977,0.9555111916263983,0.925409968911891,-0.030101222714507325,0.9555111916263983,0.925409968911891,-0.030101222714507325,0.1703229695558548,1.8083209991455078,1.637998029589653,50.0,42.0,-8.0,9.5510835647583,7.6135053634643555,-1.9375782012939453,0.0,0.0,0.0,0.0,0.0,0.0
373,mp3d/X7HyMhZNoso/X7HyMhZNoso.glb,0,1.0,1.0,0.0,1.0,1.0,0.0,0.8083398503244024,0.8083398503244024,0.0,0.9068672846161064,0.9068672846161064,0.0,0.9068672846161064,0.9068672846161064,0.0,0.5865216255187988,0.5865216255187988,0.0,45.0,45.0,0.0,6.765628814697266,6.765628814697266,0.0,0.0,0.0,0.0,0.0,0.0,0.0
374,mp3d/X7HyMhZNoso/X7HyMhZNoso.glb,0,1.0,1.0,0.0,1.0,1.0,0.0,0.8083398503244024,0.8083398503244024,0.0,0.9068672846161064,0.9068672846161064,0.0,0.9068672846161064,0.9068672846161064,0.0,0.5865216255187988,0.5865216255187988,0.0,45.0,45.0,0.0,6.765628814697266,6.765628814697266,0.0,0.0,0.0,0.0,0.0,0.0,0.0
375,mp3d/X7HyMhZNoso/X7HyMhZNoso.glb,0,1.0,1.0,0.0,1.0,1.0,0.0,1.0,1.0,0.0,0.8944186243716692,0.8944186243716692,0.0,0.8944186243716692,0.8944186243716692,0.0,1.3404840230941772,1.3404840230941772,0.0,38.0,38.0,0.0,5.015629768371582,5.015629768371582,0.0,0.0,0.0,0.0,0.0,0.0,0.0
376,mp3d/TbHJrupSAjP/TbHJrupSAjP.glb,0,1.0,1.0,0.0,1.0,1.0,0.0,1.0,1.0,0.0,0.8193530202330179,0.8193530202330179,0.0,0.8193530202330179,0.8193530202330179,0.0,2.79697847366333,2.79697847366333,0.0,32.0,32.0,0.0,5.25,5.25,0.0,0.0,0.0,0.0,0.0,0.0,0.0
377,mp3d/TbHJrupSAjP/TbHJrupSAjP.glb,0,1.0,1.0,0.0,1.0,1.0,0.0,1.0,1.0,0.0,0.8193530202330179,0.8193530202330179,0.0,0.8193530202330179,0.8193530202330179,0.0,2.79697847366333,2.79697847366333,0.0,32.0,32.0,0.0,5.25,5.25,0.0,0.0,0.0,0.0,0.0,0.0,0.0
378,mp3d/TbHJrupSAjP/TbHJrupSAjP.glb,0,0.0,0.0,0.0,1.0,1.0,0.0,0.0,0.0,0.0,0.6299987620043036,0.6299987620043036,0.0,0.0,0.0,0.0,3.3030734062194824,3.3030734062194824,0.0,73.0,73.0,0.0,10.499999046325684,10.499999046325684,0.0,0.0,0.0,0.0,1.0,1.0,0.0
379,mp3d/QUCTc6BB5sX/QUCTc6BB5sX.glb,0,1.0,1.0,0.0,1.0,1.0,0.0,0.8749589157398454,0.6067461394808484,-0.268212776258997,0.854427724793963,0.7334420260174744,-0.12098569877648857,0.854427724793963,0.7334420260174744,-0.12098569877648857,1.2876768112182617,1.799405813217163,0.5117290019989014,81.0,140.0,59.0,14.449871063232422,20.837451934814453,6.387580871582031,0.0847457627118644,0.05747126436781609,-0.027274498344048312,0.0,0.0,0.0
380,mp3d/QUCTc6BB5sX/QUCTc6BB5sX.glb,0,1.0,1.0,0.0,1.0,1.0,0.0,0.6643027312533748,1.0,0.3356972687466252,0.7326748753922355,0.824970939164884,0.09229606377264843,0.7326748753922355,0.824970939164884,0.09229606377264843,0.8403332829475403,2.6119863986968994,1.7716531157493591,142.0,63.0,-79.0,19.03205108642578,10.837450981140137,-8.194600105285645,0.125,0.10638297872340426,-0.018617021276595744,0.0,0.0,0.0
381,mp3d/QUCTc6BB5sX/QUCTc6BB5sX.glb,0,1.0,1.0,0.0,1.0,1.0,0.0,0.9848562254797046,0.9848562254797046,0.0,0.8657738481656732,0.8657738481656732,0.0,0.8657738481656732,0.8657738481656732,0.0,0.6668877601623535,0.6668877601623535,0.0,71.0,71.0,0.0,12.837450981140137,12.837450981140137,0.0,0.09090909090909091,0.09090909090909091,0.0,0.0,0.0,0.0
382,mp3d/X7HyMhZNoso/X7HyMhZNoso.glb,0,1.0,0.0,-1.0,1.0,1.0,0.0,0.7588354997726853,0.0,-0.7588354997726853,0.4847710766596917,0.2174720527990501,-0.26729902386064164,0.4847710766596917,0.0,-0.4847710766596917,0.5805906057357788,7.593492031097412,7.012901425361633,80.0,176.0,96.0,11.755489349365234,23.900442123413086,12.144952774047852,0.0,0.0,0.0,0.0,1.0,1.0
383,mp3d/X7HyMhZNoso/X7HyMhZNoso.glb,0,0.0,0.0,0.0,0.0,0.0,0.0,0.0,0.0,0.0,0.30322241875473543,0.33086642053394344,0.027644001779208005,0.0,0.0,0.0,3.9690651893615723,3.9690651893615723,0.0,106.0,79.0,-27.0,9.752704620361328,7.752703666687012,-2.0000009536743164,0.17777777777777778,0.21621621621621623,0.038438438438438444,0.0,0.0,0.0
384,mp3d/X7HyMhZNoso/X7HyMhZNoso.glb,0,0.0,0.0,0.0,0.0,0.0,0.0,0.0,0.0,0.0,0.15913982845095173,0.1893444486035586,0.03020462015260686,0.0,0.0,0.0,7.018574237823486,6.732638835906982,-0.2859354019165039,210.0,256.0,46.0,8.261377334594727,7.9582719802856445,-0.30310535430908203,0.582089552238806,0.7758620689655172,0.19377251672671125,0.0,0.0,0.0
385,mp3d/zsNo4HB9uLZ/zsNo4HB9uLZ.glb,0,1.0,1.0,0.0,1.0,1.0,0.0,0.9798696157508819,0.957236304732037,-0.022633311018844915,0.9193504852157545,0.9085237944875787,-0.01082669072817577,0.9193504852157545,0.9085237944875787,-0.01082669072817577,0.3263016641139984,0.41310131549835205,0.08679965138435364,65.0,65.0,0.0,10.573312759399414,10.823312759399414,0.25,0.09090909090909091,0.08888888888888889,-0.0020202020202020193,0.0,0.0,0.0
386,mp3d/zsNo4HB9uLZ/zsNo4HB9uLZ.glb,0,0.0,0.0,0.0,0.0,0.0,0.0,0.0,0.0,0.0,0.7111477460943386,0.7111477460943386,0.0,0.0,0.0,0.0,4.453378200531006,4.453378200531006,0.0,44.0,44.0,0.0,6.331827163696289,6.331827163696289,0.0,0.1111111111111111,0.1111111111111111,0.0,0.0,0.0,0.0
387,mp3d/zsNo4HB9uLZ/zsNo4HB9uLZ.glb,0,1.0,1.0,0.0,1.0,1.0,0.0,1.0,1.0,0.0,0.9280073995615379,0.9280073995615379,0.0,0.9280073995615379,0.9280073995615379,0.0,0.95408695936203,0.95408695936203,0.0,59.0,59.0,0.0,9.831826210021973,9.831826210021973,0.0,0.07317073170731707,0.07317073170731707,0.0,0.0,0.0,0.0
388,mp3d/EU6Fwq7SyZv/EU6Fwq7SyZv.glb,0,1.0,1.0,0.0,1.0,1.0,0.0,0.682409580521581,0.682409580521581,0.0,0.4199822500411546,0.4199822500411546,0.0,0.4199822500411546,0.4199822500411546,0.0,0.4641694128513336,0.4641694128513336,0.0,74.0,74.0,0.0,11.293517112731934,11.293517112731934,0.0,0.021739130434782608,0.021739130434782608,0.0,0.0,0.0,0.0
389,mp3d/EU6Fwq7SyZv/EU6Fwq7SyZv.glb,0,1.0,1.0,0.0,1.0,1.0,0.0,0.5912913491893055,0.8766633988200822,0.28537204963077667,0.7333737683460199,0.8369861848325544,0.10361241648653452,0.7333737683460199,0.8369861848325544,0.10361241648653452,1.2240959405899048,1.3917222023010254,0.1676262617111206,80.0,56.0,-24.0,13.033852577209473,8.791064262390137,-4.242788314819336,0.0,0.0,0.0,0.0,0.0,0.0
390,mp3d/EU6Fwq7SyZv/EU6Fwq7SyZv.glb,0,1.0,1.0,0.0,1.0,1.0,0.0,0.33699737113384864,0.4935128637672383,0.15651549263338965,0.3289198707393316,0.49262419943027363,0.16370432869094204,0.3289198707393316,0.49262419943027363,0.16370432869094204,0.9188991785049438,1.3755130767822266,0.4566138982772827,154.0,107.0,-47.0,22.869033813476562,15.616217613220215,-7.252816200256348,0.0,0.0,0.0,0.0,0.0,0.0
391,mp3d/Z6MFQCViBuw/Z6MFQCViBuw.glb,0,0.0,0.0,0.0,0.0,0.0,0.0,0.0,0.0,0.0,0.09991961365856905,0.09991961365856905,0.0,0.0,0.0,0.0,10.754985809326172,10.754985809326172,0.0,101.0,101.0,0.0,16.576152801513672,16.576152801513672,0.0,0.0,0.0,0.0,0.0,0.0,0.0
392,mp3d/Z6MFQCViBuw/Z6MFQCViBuw.glb,0,1.0,1.0,0.0,1.0,1.0,0.0,0.9034013931629113,0.9034013931629113,0.0,0.8550310965055845,0.8550310965055845,0.0,0.8550310965055845,0.8550310965055845,0.0,0.6393055319786072,0.6393055319786072,0.0,68.0,68.0,0.0,12.410828590393066,12.410828590393066,0.0,0.0,0.0,0.0,0.0,0.0,0.0
393,mp3d/Z6MFQCViBuw/Z6MFQCViBuw.glb,0,0.0,0.0,0.0,0.0,0.0,0.0,0.0,0.0,0.0,0.211058777421411,0.15391061242769155,-0.05714816499371944,0.0,0.0,0.0,10.507881164550781,10.34500503540039,-0.16287612915039062,64.0,79.0,15.0,11.820160865783691,13.078108787536621,1.2579479217529297,0.0,0.0,0.0,0.0,0.0,0.0
394,mp3d/2azQ1b91cZZ/2azQ1b91cZZ.glb,0,1.0,1.0,0.0,1.0,1.0,0.0,0.9110453489157083,0.9110453489157083,0.0,0.859859057862921,0.859859057862921,0.0,0.859859057862921,0.859859057862921,0.0,0.5752140879631042,0.5752140879631042,0.0,42.0,42.0,0.0,6.99972677230835,6.99972677230835,0.0,0.034482758620689655,0.034482758620689655,0.0,0.0,0.0,0.0
395,mp3d/2azQ1b91cZZ/2azQ1b91cZZ.glb,0,1.0,1.0,0.0,1.0,1.0,0.0,0.9110453489157083,0.9110453489157083,0.0,0.859859057862921,0.859859057862921,0.0,0.859859057862921,0.859859057862921,0.0,0.5752140879631042,0.5752140879631042,0.0,42.0,42.0,0.0,6.99972677230835,6.99972677230835,0.0,0.034482758620689655,0.034482758620689655,0.0,0.0,0.0,0.0
396,mp3d/2azQ1b91cZZ/2azQ1b91cZZ.glb,0,1.0,1.0,0.0,1.0,1.0,0.0,0.7502675142598536,0.9110453489157083,0.1607778346558547,0.7973605618362123,0.859859057862921,0.06249849602670876,0.7973605618362123,0.859859057862921,0.06249849602670876,0.3371656537055969,0.5752140879631042,0.23804843425750732,59.0,42.0,-17.0,8.499726295471191,6.99972677230835,-1.4999995231628418,0.02857142857142857,0.034482758620689655,0.005911330049261084,0.0,0.0,0.0
397,mp3d/Z6MFQCViBuw/Z6MFQCViBuw.glb,0,0.0,0.0,0.0,0.0,0.0,0.0,0.0,0.0,0.0,0.22630995655912392,0.22630995655912392,0.0,0.0,0.0,0.0,8.5503511428833,8.5503511428833,0.0,58.0,58.0,0.0,10.807096481323242,10.807096481323242,0.0,0.022727272727272728,0.022727272727272728,0.0,0.0,0.0,0.0
398,mp3d/Z6MFQCViBuw/Z6MFQCViBuw.glb,0,0.0,0.0,0.0,0.0,0.0,0.0,0.0,0.0,0.0,1.5773720885588446e-07,1.3228089485918799e-06,1.1650717397359953e-06,0.0,0.0,0.0,26.296680450439453,17.65396499633789,-8.642715454101562,305.0,301.0,-4.0,47.55289840698242,47.594696044921875,0.041797637939453125,0.005235602094240838,0.0,-0.005235602094240838,0.0,0.0,0.0
399,mp3d/Z6MFQCViBuw/Z6MFQCViBuw.glb,0,0.0,0.0,0.0,0.0,0.0,0.0,0.0,0.0,0.0,0.18651687891306193,0.18651687891306193,0.0,0.0,0.0,0.0,9.302473068237305,9.302473068237305,0.0,62.0,62.0,0.0,11.557096481323242,11.557096481323242,0.0,0.02127659574468085,0.02127659574468085,0.0,0.0,0.0,0.0
400,mp3d/8194nk5LbLH/8194nk5LbLH.glb,0,1.0,1.0,0.0,1.0,1.0,0.0,0.7367804280111717,0.9536200757833041,0.21683964777213238,0.7392119504817379,0.9030913847269101,0.16387943424517215,0.7392119504817379,0.9030913847269101,0.16387943424517215,2.4369821548461914,0.9853302240371704,-1.451651930809021,52.0,44.0,-8.0,7.696173667907715,5.946173191070557,-1.7500004768371582,0.0967741935483871,0.125,0.028225806451612906,0.0,0.0,0.0
401,mp3d/8194nk5LbLH/8194nk5LbLH.glb,0,1.0,1.0,0.0,1.0,1.0,0.0,0.9536200757833041,1.0,0.0463799242166959,0.9030913847269101,0.8695087455583715,-0.03358263916853854,0.9030913847269101,0.8695087455583715,-0.03358263916853854,0.9853302240371704,2.167924165725708,1.1825939416885376,44.0,32.0,-12.0,5.946173191070557,3.752659797668457,-2.1935133934020996,0.125,0.0,-0.125,0.0,0.0,0.0
402,mp3d/8194nk5LbLH/8194nk5LbLH.glb,0,1.0,1.0,0.0,1.0,1.0,0.0,0.9536200757833041,0.9536200757833041,0.0,0.9030913847269101,0.9030913847269101,0.0,0.9030913847269101,0.9030913847269101,0.0,0.9853302240371704,0.9853302240371704,0.0,44.0,44.0,0.0,5.946173191070557,5.946173191070557,0.0,0.125,0.125,0.0,0.0,0.0,0.0
403,mp3d/2azQ1b91cZZ/2azQ1b91cZZ.glb,0,1.0,1.0,0.0,1.0,1.0,0.0,1.0,0.8392359415690104,-0.16076405843098962,0.8841675101715473,0.6852726117815661,-0.1988948983899812,0.8841675101715473,0.6852726117815661,-0.1988948983899812,1.6280964612960815,2.3099489212036133,0.6818524599075317,48.0,65.0,17.0,7.749999046325684,10.5,2.7500009536743164,0.0,0.0,0.0,0.0,0.0,0.0
404,mp3d/2azQ1b91cZZ/2azQ1b91cZZ.glb,0,0.0,0.0,0.0,0.0,0.0,0.0,0.0,0.0,0.0,0.13896555877794836,0.13896555877794836,0.0,0.0,0.0,0.0,13.962970733642578,13.962970733642578,0.0,37.0,37.0,0.0,7.500005722045898,7.500005722045898,0.0,0.0,0.0,0.0,0.0,0.0,0.0
405,mp3d/2azQ1b91cZZ/2azQ1b91cZZ.glb,0,0.0,0.0,0.0,0.0,0.0,0.0,0.0,0.0,0.0,3.7970060499230257e-05,6.073419540551863e-05,2.276413490628837e-05,0.0,0.0,0.0,18.094192504882812,18.844839096069336,0.7506465911865234,245.0,260.0,15.0,36.422359466552734,35.66036605834961,-0.761993408203125,0.10596026490066225,0.034722222222222224,-0.07123804267844003,0.0,0.0,0.0
406,mp3d/TbHJrupSAjP/TbHJrupSAjP.glb,0,1.0,1.0,0.0,1.0,1.0,0.0,0.8829480489095052,0.8829480489095052,0.0,0.9384878084922127,0.9384878084922127,0.0,0.9384878084922127,0.9384878084922127,0.0,0.16979174315929413,0.16979174315929413,0.0,70.0,70.0,0.0,11.25,11.25,0.0,0.0,0.0,0.0,0.0,0.0,0.0
407,mp3d/TbHJrupSAjP/TbHJrupSAjP.glb,0,1.0,1.0,0.0,1.0,1.0,0.0,0.9690893219738472,0.9690893219738472,0.0,0.9298025363305821,0.9298025363305821,0.0,0.9298025363305821,0.9298025363305821,0.0,0.4061468839645386,0.4061468839645386,0.0,58.0,58.0,0.0,10.25,10.25,0.0,0.0,0.0,0.0,0.0,0.0,0.0
408,mp3d/TbHJrupSAjP/TbHJrupSAjP.glb,0,1.0,1.0,0.0,1.0,1.0,0.0,0.9035842586190593,0.9035842586190593,0.0,0.9117924491149985,0.9117924491149985,0.0,0.9117924491149985,0.9117924491149985,0.0,0.1949646919965744,0.1949646919965744,0.0,63.0,63.0,0.0,10.993070602416992,10.993070602416992,0.0,0.044444444444444446,0.044444444444444446,0.0,0.0,0.0,0.0
409,mp3d/TbHJrupSAjP/TbHJrupSAjP.glb,0,1.0,1.0,0.0,1.0,1.0,0.0,0.9353627051384722,0.9353627051384722,0.0,0.9411174300544357,0.9411174300544357,0.0,0.9411174300544357,0.9411174300544357,0.0,0.2730417847633362,0.2730417847633362,0.0,50.0,50.0,0.0,7.500001907348633,7.500001907348633,0.0,0.0,0.0,0.0,0.0,0.0,0.0
410,mp3d/TbHJrupSAjP/TbHJrupSAjP.glb,0,1.0,0.0,-1.0,1.0,1.0,0.0,1.0,0.0,-1.0,0.9024943401288061,0.6018289163186773,-0.30066542381012884,0.9024943401288061,0.0,-0.9024943401288061,2.1849546432495117,5.24713134765625,3.0621767044067383,55.0,69.0,14.0,7.000001907348633,10.250001907348633,3.25,0.0,0.0,0.0,0.0,1.0,1.0
411,mp3d/TbHJrupSAjP/TbHJrupSAjP.glb,0,1.0,1.0,0.0,1.0,1.0,0.0,0.8271527523993186,0.8271527523993186,0.0,0.4933407398670517,0.4933407398670517,0.0,0.4933407398670517,0.4933407398670517,0.0,2.514373302459717,2.514373302459717,0.0,55.0,55.0,0.0,8.481168746948242,8.481168746948242,0.0,0.05714285714285714,0.05714285714285714,0.0,0.0,0.0,0.0
412,mp3d/pLe4wQe7qrG/pLe4wQe7qrG.glb,0,0.0,0.0,0.0,1.0,1.0,0.0,0.0,0.0,0.0,0.44248006775281595,0.44248006775281595,0.0,0.0,0.0,0.0,5.353897571563721,5.353897571563721,0.0,50.0,50.0,0.0,8.0,8.0,0.0,0.0,0.0,0.0,1.0,1.0,0.0
413,mp3d/pLe4wQe7qrG/pLe4wQe7qrG.glb,0,1.0,1.0,0.0,1.0,1.0,0.0,0.5476305296850257,0.5476305296850257,0.0,0.6109890486411507,0.6109890486411507,0.0,0.6109890486411507,0.6109890486411507,0.0,2.108314275741577,2.108314275741577,0.0,53.0,53.0,0.0,8.25831127166748,8.25831127166748,0.0,0.0,0.0,0.0,0.0,0.0,0.0
414,mp3d/pLe4wQe7qrG/pLe4wQe7qrG.glb,0,1.0,1.0,0.0,1.0,1.0,0.0,0.785289619511502,0.785289619511502,0.0,0.9014902838901249,0.9014902838901249,0.0,0.9014902838901249,0.9014902838901249,0.0,0.7187110185623169,0.7187110185623169,0.0,40.0,40.0,0.0,5.759026050567627,5.759026050567627,0.0,0.0,0.0,0.0,0.0,0.0,0.0
415,mp3d/zsNo4HB9uLZ/zsNo4HB9uLZ.glb,0,1.0,1.0,0.0,1.0,1.0,0.0,1.0,1.0,0.0,0.872714864835449,0.872714864835449,0.0,0.872714864835449,0.872714864835449,0.0,1.8218159675598145,1.8218159675598145,0.0,51.0,51.0,0.0,6.500000953674316,6.500000953674316,0.0,0.0,0.0,0.0,0.0,0.0,0.0
416,mp3d/zsNo4HB9uLZ/zsNo4HB9uLZ.glb,0,1.0,1.0,0.0,1.0,1.0,0.0,1.0,1.0,0.0,0.872714864835449,0.872714864835449,0.0,0.872714864835449,0.872714864835449,0.0,1.8218159675598145,1.8218159675598145,0.0,51.0,51.0,0.0,6.500000953674316,6.500000953674316,0.0,0.0,0.0,0.0,0.0,0.0,0.0
417,mp3d/zsNo4HB9uLZ/zsNo4HB9uLZ.glb,0,1.0,1.0,0.0,1.0,1.0,0.0,1.0,1.0,0.0,0.9340513551954214,0.8814520017176294,-0.05259935347779199,0.9340513551954214,0.8814520017176294,-0.05259935347779199,1.1349670886993408,2.1247305870056152,0.9897634983062744,49.0,40.0,-9.0,6.250000476837158,5.250000953674316,-0.9999995231628418,0.0,0.0,0.0,0.0,0.0,0.0
418,mp3d/zsNo4HB9uLZ/zsNo4HB9uLZ.glb,0,1.0,1.0,0.0,1.0,1.0,0.0,1.0,1.0,0.0,0.8878749006522674,0.8878749006522674,0.0,0.8878749006522674,0.8878749006522674,0.0,1.883327603340149,1.883327603340149,0.0,53.0,53.0,0.0,10.986807823181152,10.986807823181152,0.0,0.044444444444444446,0.044444444444444446,0.0,0.0,0.0,0.0
419,mp3d/zsNo4HB9uLZ/zsNo4HB9uLZ.glb,0,1.0,1.0,0.0,1.0,1.0,0.0,1.0,1.0,0.0,0.8878749006522674,0.8878749006522674,0.0,0.8878749006522674,0.8878749006522674,0.0,1.883327603340149,1.883327603340149,0.0,53.0,53.0,0.0,10.986807823181152,10.986807823181152,0.0,0.044444444444444446,0.044444444444444446,0.0,0.0,0.0,0.0
420,mp3d/zsNo4HB9uLZ/zsNo4HB9uLZ.glb,0,1.0,1.0,0.0,1.0,1.0,0.0,1.0,1.0,0.0,0.8878749006522674,0.8878749006522674,0.0,0.8878749006522674,0.8878749006522674,0.0,1.883327603340149,1.883327603340149,0.0,53.0,53.0,0.0,10.986807823181152,10.986807823181152,0.0,0.044444444444444446,0.044444444444444446,0.0,0.0,0.0,0.0
421,mp3d/QUCTc6BB5sX/QUCTc6BB5sX.glb,0,0.0,0.0,0.0,0.0,0.0,0.0,0.0,0.0,0.0,0.006399472553762843,0.006399472553762843,0.0,0.0,0.0,0.0,19.739748001098633,19.739748001098633,0.0,132.0,132.0,0.0,18.490257263183594,18.490257263183594,0.0,0.02666666666666667,0.02666666666666667,0.0,0.0,0.0,0.0
422,mp3d/QUCTc6BB5sX/QUCTc6BB5sX.glb,0,0.0,0.0,0.0,0.0,0.0,0.0,0.0,0.0,0.0,0.01663670080381909,0.010776636190349088,-0.00586006461347,0.0,0.0,0.0,19.739748001098633,19.739748001098633,0.0,94.0,106.0,12.0,14.990257263183594,16.490257263183594,1.5,0.03278688524590164,0.029850746268656716,-0.002936138977244925,0.0,0.0,0.0
423,mp3d/QUCTc6BB5sX/QUCTc6BB5sX.glb,0,0.0,0.0,0.0,0.0,0.0,0.0,0.0,0.0,0.0,0.055898076211338084,0.0743616151199852,0.01846353890864711,0.0,0.0,0.0,19.271148681640625,19.492223739624023,0.22107505798339844,77.0,49.0,-28.0,9.990255355834961,8.740255355834961,-1.25,0.04878048780487805,0.05555555555555555,0.006775067750677502,0.0,0.0,0.0
424,mp3d/EU6Fwq7SyZv/EU6Fwq7SyZv.glb,0,1.0,1.0,0.0,1.0,1.0,0.0,0.9315604699191303,1.0,0.06843953008086967,0.8679680371154253,0.878348918518141,0.010380881402715758,0.8679680371154253,0.878348918518141,0.010380881402715758,0.3011656105518341,0.7782495617866516,0.4770839512348175,40.0,36.0,-4.0,6.494665622711182,5.494664669036865,-1.0000009536743164,0.037037037037037035,0.043478260869565216,0.006441223832528181,0.0,0.0,0.0
425,mp3d/EU6Fwq7SyZv/EU6Fwq7SyZv.glb,0,1.0,1.0,0.0,1.0,1.0,0.0,1.0,1.0,0.0,0.878348918518141,0.878348918518141,0.0,0.878348918518141,0.878348918518141,0.0,0.7782495617866516,0.7782495617866516,0.0,36.0,36.0,0.0,5.494664669036865,5.494664669036865,0.0,0.043478260869565216,0.043478260869565216,0.0,0.0,0.0,0.0
426,mp3d/EU6Fwq7SyZv/EU6Fwq7SyZv.glb,0,1.0,1.0,0.0,1.0,1.0,0.0,1.0,1.0,0.0,0.878348918518141,0.878348918518141,0.0,0.878348918518141,0.878348918518141,0.0,0.7782495617866516,0.7782495617866516,0.0,36.0,36.0,0.0,5.494664669036865,5.494664669036865,0.0,0.043478260869565216,0.043478260869565216,0.0,0.0,0.0,0.0
427,mp3d/QUCTc6BB5sX/QUCTc6BB5sX.glb,0,1.0,1.0,0.0,1.0,1.0,0.0,1.0,1.0,0.0,0.9345628768585532,0.9124623608711729,-0.022100515987380276,0.9345628768585532,0.9124623608711729,-0.022100515987380276,0.5390233993530273,2.0202505588531494,1.481227159500122,80.0,74.0,-6.0,15.259103775024414,13.75008487701416,-1.509018898010254,0.0625,0.06896551724137931,0.006465517241379309,0.0,0.0,0.0
428,mp3d/QUCTc6BB5sX/QUCTc6BB5sX.glb,0,1.0,0.0,-1.0,1.0,0.0,-1.0,1.0,0.0,-1.0,0.9124623608711729,0.7371958969381938,-0.17526646393297918,0.9124623608711729,0.0,-0.9124623608711729,2.0202505588531494,5.263027191162109,3.24277663230896,74.0,60.0,-14.0,13.75008487701416,10.500083923339844,-3.2500009536743164,0.06896551724137931,0.08888888888888889,0.019923371647509583,0.0,0.0,0.0
429,mp3d/QUCTc6BB5sX/QUCTc6BB5sX.glb,0,0.0,0.0,0.0,0.0,0.0,0.0,0.0,0.0,0.0,0.5949133061586724,0.5949133061586724,0.0,0.0,0.0,0.0,5.100255966186523,5.100255966186523,0.0,121.0,121.0,0.0,19.610883712768555,19.610883712768555,0.0,0.10975609756097561,0.10975609756097561,0.0,0.0,0.0,0.0
430,mp3d/Z6MFQCViBuw/Z6MFQCViBuw.glb,0,1.0,1.0,0.0,1.0,1.0,0.0,0.9048496781008826,0.9048496781008826,0.0,0.7444876525684937,0.7444876525684937,0.0,0.7444876525684937,0.7444876525684937,0.0,0.5350529551506042,0.5350529551506042,0.0,54.0,54.0,0.0,11.030241012573242,11.030241012573242,0.0,0.0,0.0,0.0,0.0,0.0,0.0
431,mp3d/Z6MFQCViBuw/Z6MFQCViBuw.glb,0,1.0,0.0,-1.0,1.0,0.0,-1.0,0.45605508777730897,0.0,-0.45605508777730897,0.4799269586840416,6.886740824667535e-05,-0.47985809127579493,0.4799269586840416,0.0,-0.4799269586840416,2.847222089767456,20.028301239013672,17.181079149246216,123.0,399.0,276.0,21.884878158569336,59.22487258911133,37.33999443054199,0.0,0.0,0.0,0.0,0.0,0.0
432,mp3d/Z6MFQCViBuw/Z6MFQCViBuw.glb,0,1.0,1.0,0.0,1.0,1.0,0.0,0.9048496781008826,0.9048496781008826,0.0,0.7444876525684937,0.7444876525684937,0.0,0.7444876525684937,0.7444876525684937,0.0,0.5350529551506042,0.5350529551506042,0.0,54.0,54.0,0.0,11.030241012573242,11.030241012573242,0.0,0.0,0.0,0.0,0.0,0.0,0.0
433,mp3d/QUCTc6BB5sX/QUCTc6BB5sX.glb,0,0.0,0.0,0.0,0.0,0.0,0.0,0.0,0.0,0.0,0.31498121138198937,0.2853984131224111,-0.02958279825957827,0.0,0.0,0.0,16.38953971862793,16.592594146728516,0.20305442810058594,182.0,183.0,1.0,12.633070945739746,12.70239543914795,0.06932449340820312,1.0508474576271187,0.9464285714285714,-0.10441888619854733,0.0,0.0,0.0
434,mp3d/QUCTc6BB5sX/QUCTc6BB5sX.glb,0,0.0,0.0,0.0,0.0,0.0,0.0,0.0,0.0,0.0,0.3190385713235075,0.2625215864970888,-0.056516984826418704,0.0,0.0,0.0,16.386531829833984,16.592594146728516,0.20606231689453125,197.0,118.0,-79.0,14.553045272827148,4.495538711547852,-10.057506561279297,0.8873239436619719,2.3181818181818183,1.4308578745198464,0.0,0.0,0.0
435,mp3d/QUCTc6BB5sX/QUCTc6BB5sX.glb,0,0.0,0.0,0.0,0.0,0.0,0.0,0.0,0.0,0.0,0.32684989584367985,0.2781169161647028,-0.04873297967897705,0.0,0.0,0.0,16.537826538085938,16.024152755737305,-0.5136737823486328,229.0,269.0,40.0,21.6321964263916,24.496862411499023,2.864665985107422,0.5918367346938775,0.5377358490566038,-0.05410088563727378,0.0,0.0,0.0
436,mp3d/oLBMNvg9in8/oLBMNvg9in8.glb,0,0.0,0.0,0.0,0.0,0.0,0.0,0.0,0.0,0.0,0.09699511735239191,0.11948492568630334,0.022489808333911426,0.0,0.0,0.0,7.652371406555176,8.22746467590332,0.5750932693481445,318.0,234.0,-84.0,28.470321655273438,19.350675582885742,-9.119646072387695,0.23880597014925373,0.3431372549019608,0.10433128475270706,0.0,0.0,0.0
437,mp3d/oLBMNvg9in8/oLBMNvg9in8.glb,0,1.0,1.0,0.0,1.0,1.0,0.0,0.225411101132837,0.259972519959644,0.034561418826806994,0.19286110909349208,0.35397521641754376,0.16111410732405168,0.19286110909349208,0.35397521641754376,0.16111410732405168,2.3837573528289795,0.3821169435977936,-2.001640409231186,269.0,215.0,-54.0,31.556766510009766,27.361528396606445,-4.19523811340332,0.05185185185185185,0.07627118644067797,0.02441933458882612,0.0,0.0,0.0
438,mp3d/oLBMNvg9in8/oLBMNvg9in8.glb,0,1.0,1.0,0.0,1.0,1.0,0.0,0.27804243145206203,0.29232544724887677,0.014283015796814735,0.4429567427568826,0.4487967716246921,0.005840028867809488,0.4429567427568826,0.4487967716246921,0.005840028867809488,0.700899600982666,0.9130919575691223,0.2121923565864563,208.0,201.0,-7.0,25.583309173583984,24.333309173583984,-1.25,0.09183673469387756,0.0967741935483871,0.004937458854509538,0.0,0.0,0.0
439,mp3d/zsNo4HB9uLZ/zsNo4HB9uLZ.glb,0,1.0,1.0,0.0,1.0,1.0,0.0,1.0,1.0,0.0,0.8392395423867137,0.8392395423867137,0.0,0.8392395423867137,0.8392395423867137,0.0,2.386913776397705,2.386913776397705,0.0,39.0,39.0,0.0,4.253316879272461,4.253316879272461,0.0,0.05555555555555555,0.05555555555555555,0.0,0.0,0.0,0.0
440,mp3d/zsNo4HB9uLZ/zsNo4HB9uLZ.glb,0,1.0,1.0,0.0,1.0,1.0,0.0,1.0,1.0,0.0,0.8392395423867137,0.8392395423867137,0.0,0.8392395423867137,0.8392395423867137,0.0,2.386913776397705,2.386913776397705,0.0,39.0,39.0,0.0,4.253316879272461,4.253316879272461,0.0,0.05555555555555555,0.05555555555555555,0.0,0.0,0.0,0.0
441,mp3d/zsNo4HB9uLZ/zsNo4HB9uLZ.glb,0,1.0,1.0,0.0,1.0,1.0,0.0,1.0,1.0,0.0,0.8392395423867137,0.8392395423867137,0.0,0.8392395423867137,0.8392395423867137,0.0,2.386913776397705,2.386913776397705,0.0,39.0,39.0,0.0,4.253316879272461,4.253316879272461,0.0,0.05555555555555555,0.05555555555555555,0.0,0.0,0.0,0.0
442,mp3d/EU6Fwq7SyZv/EU6Fwq7SyZv.glb,0,0.0,0.0,0.0,0.0,0.0,0.0,0.0,0.0,0.0,0.0738918149775682,0.0738918149775682,0.0,0.0,0.0,0.0,6.377746105194092,6.377746105194092,0.0,123.0,123.0,0.0,18.778289794921875,18.778289794921875,0.0,0.013157894736842105,0.013157894736842105,0.0,0.0,0.0,0.0
443,mp3d/EU6Fwq7SyZv/EU6Fwq7SyZv.glb,0,1.0,1.0,0.0,1.0,1.0,0.0,0.6968469506722657,0.7371115374682504,0.04026458679598477,0.1356039326936504,0.14306059881279098,0.007456666119140587,0.1356039326936504,0.14306059881279098,0.007456666119140587,2.05667781829834,2.923305034637451,0.8666272163391113,92.0,85.0,-7.0,16.202651977539062,15.317584991455078,-0.8850669860839844,0.030303030303030304,0.0,-0.030303030303030304,0.0,0.0,0.0
444,mp3d/EU6Fwq7SyZv/EU6Fwq7SyZv.glb,0,1.0,0.0,-1.0,1.0,0.0,-1.0,0.7025820027122381,0.0,-0.7025820027122381,0.13509248007417837,0.1853643503915048,0.05027187031732644,0.13509248007417837,0.0,-0.13509248007417837,2.8516645431518555,5.130321502685547,2.2786569595336914,99.0,78.0,-21.0,16.070392608642578,12.995420455932617,-3.074972152709961,0.03076923076923077,0.03773584905660377,0.006966618287373001,0.0,0.0,0.0
445,mp3d/zsNo4HB9uLZ/zsNo4HB9uLZ.glb,0,1.0,1.0,0.0,1.0,1.0,0.0,1.0,1.0,0.0,0.8348520611584042,0.8348520611584042,0.0,0.8348520611584042,0.8348520611584042,0.0,2.9762842655181885,2.9762842655181885,0.0,52.0,52.0,0.0,9.616153717041016,9.616153717041016,0.0,0.0975609756097561,0.0975609756097561,0.0,0.0,0.0,0.0
446,mp3d/zsNo4HB9uLZ/zsNo4HB9uLZ.glb,0,0.0,0.0,0.0,1.0,1.0,0.0,0.0,0.0,0.0,0.7341596572389324,0.7341596572389324,0.0,0.0,0.0,0.0,5.385501861572266,5.385501861572266,0.0,70.0,70.0,0.0,12.616153717041016,12.616153717041016,0.0,0.07547169811320754,0.07547169811320754,0.0,1.0,1.0,0.0
447,mp3d/zsNo4HB9uLZ/zsNo4HB9uLZ.glb,0,0.0,0.0,0.0,0.0,0.0,0.0,0.0,0.0,0.0,0.7632052143044047,0.7632052143044047,0.0,0.0,0.0,0.0,5.0972700119018555,5.0972700119018555,0.0,53.0,53.0,0.0,9.6161527633667,9.6161527633667,0.0,0.0975609756097561,0.0975609756097561,0.0,0.0,0.0,0.0
448,mp3d/2azQ1b91cZZ/2azQ1b91cZZ.glb,0,1.0,1.0,0.0,1.0,1.0,0.0,0.9532031340035871,0.9532031340035871,0.0,0.9027556041473737,0.9027556041473737,0.0,0.9027556041473737,0.9027556041473737,0.0,0.34538543224334717,0.34538543224334717,0.0,55.0,55.0,0.0,8.349600791931152,8.349600791931152,0.0,0.1111111111111111,0.1111111111111111,0.0,0.0,0.0,0.0
449,mp3d/2azQ1b91cZZ/2azQ1b91cZZ.glb,0,1.0,1.0,0.0,1.0,1.0,0.0,0.9532031340035871,0.9532031340035871,0.0,0.9027556041473737,0.9027556041473737,0.0,0.9027556041473737,0.9027556041473737,0.0,0.34538543224334717,0.34538543224334717,0.0,55.0,55.0,0.0,8.349600791931152,8.349600791931152,0.0,0.1111111111111111,0.1111111111111111,0.0,0.0,0.0,0.0
450,mp3d/2azQ1b91cZZ/2azQ1b91cZZ.glb,0,1.0,1.0,0.0,1.0,1.0,0.0,0.9532031340035871,0.9532031340035871,0.0,0.9027556041473737,0.9027556041473737,0.0,0.9027556041473737,0.9027556041473737,0.0,0.34538543224334717,0.34538543224334717,0.0,55.0,55.0,0.0,8.349600791931152,8.349600791931152,0.0,0.1111111111111111,0.1111111111111111,0.0,0.0,0.0,0.0
451,mp3d/TbHJrupSAjP/TbHJrupSAjP.glb,0,0.0,0.0,0.0,0.0,0.0,0.0,0.0,0.0,0.0,0.04464909197795748,0.09590654944936816,0.05125745747141068,0.0,0.0,0.0,5.444284915924072,6.398698329925537,0.9544134140014648,305.0,321.0,16.0,33.74297332763672,36.010868072509766,2.267894744873047,0.007352941176470588,0.006896551724137931,-0.0004563894523326572,0.0,0.0,0.0
452,mp3d/TbHJrupSAjP/TbHJrupSAjP.glb,0,0.0,0.0,0.0,0.0,0.0,0.0,0.0,0.0,0.0,0.1201893758942598,0.31902586029859165,0.19883648440433183,0.0,0.0,0.0,6.391064167022705,6.39927339553833,0.008209228515625,239.0,117.0,-122.0,28.306663513183594,14.30666732788086,-13.999996185302734,0.008771929824561403,0.017241379310344827,0.008469449485783424,0.0,0.0,0.0
453,mp3d/TbHJrupSAjP/TbHJrupSAjP.glb,0,0.0,0.0,0.0,0.0,0.0,0.0,0.0,0.0,0.0,0.04609238376639024,0.10143083315162653,0.05533844938523629,0.0,0.0,0.0,6.217417240142822,6.480896472930908,0.26347923278808594,245.0,261.0,16.0,29.01955223083496,30.24296760559082,1.2234153747558594,0.008620689655172414,0.00819672131147541,-0.0004239683436970034,0.0,0.0,0.0
454,mp3d/QUCTc6BB5sX/QUCTc6BB5sX.glb,0,1.0,1.0,0.0,1.0,1.0,0.0,0.936436196291568,0.936436196291568,0.0,0.9027656161262253,0.9027656161262253,0.0,0.9027656161262253,0.9027656161262253,0.0,0.9052634239196777,0.9052634239196777,0.0,68.0,68.0,0.0,10.017557144165039,10.017557144165039,0.0,0.0,0.0,0.0,0.0,0.0,0.0
455,mp3d/QUCTc6BB5sX/QUCTc6BB5sX.glb,1,0.0,0.0,0.0,0.0,0.0,0.0,0.0,0.0,0.0,0.0,0.0,0.0,0.0,0.0,0.0,0.0,0.0,0.0,0.0,0.0,0.0,0.0,0.0,0.0,0.0,0.0,0.0,0.0,0.0,0.0
456,mp3d/QUCTc6BB5sX/QUCTc6BB5sX.glb,0,1.0,0.0,-1.0,1.0,0.0,-1.0,0.37880092543635246,0.0,-0.37880092543635246,0.38191997080297857,0.0004302947976956118,-0.38148967600528294,0.38191997080297857,0.0,-0.38191997080297857,0.8630109429359436,18.596355438232422,17.73334449529648,172.0,233.0,61.0,24.764467239379883,30.26320457458496,5.498737335205078,0.0,0.0,0.0,0.0,0.0,0.0
457,mp3d/Z6MFQCViBuw/Z6MFQCViBuw.glb,0,1.0,1.0,0.0,1.0,1.0,0.0,0.9035848519515268,0.9035848519515268,0.0,0.9024596603111158,0.9024596603111158,0.0,0.9024596603111158,0.9024596603111158,0.0,0.5953180193901062,0.5953180193901062,0.0,64.0,64.0,0.0,13.481441497802734,13.481441497802734,0.0,0.0,0.0,0.0,0.0,0.0,0.0
458,mp3d/Z6MFQCViBuw/Z6MFQCViBuw.glb,0,1.0,1.0,0.0,1.0,1.0,0.0,0.9896616480186098,0.9896616480186098,0.0,0.7812436445314124,0.7812436445314124,0.0,0.7812436445314124,0.7812436445314124,0.0,0.6553770899772644,0.6553770899772644,0.0,60.0,60.0,0.0,12.308879852294922,12.308879852294922,0.0,0.0,0.0,0.0,0.0,0.0,0.0
459,mp3d/Z6MFQCViBuw/Z6MFQCViBuw.glb,0,1.0,1.0,0.0,1.0,1.0,0.0,0.9896616480186098,0.9896616480186098,0.0,0.7812436445314124,0.7812436445314124,0.0,0.7812436445314124,0.7812436445314124,0.0,0.6553770899772644,0.6553770899772644,0.0,60.0,60.0,0.0,12.308879852294922,12.308879852294922,0.0,0.0,0.0,0.0,0.0,0.0,0.0
460,mp3d/EU6Fwq7SyZv/EU6Fwq7SyZv.glb,0,1.0,1.0,0.0,1.0,1.0,0.0,0.7426214378046925,0.7426214378046925,0.0,0.9029826844260527,0.9029826844260527,0.0,0.9029826844260527,0.9029826844260527,0.0,0.7731707096099854,0.7731707096099854,0.0,49.0,49.0,0.0,6.332587718963623,6.332587718963623,0.0,0.037037037037037035,0.037037037037037035,0.0,0.0,0.0,0.0
461,mp3d/EU6Fwq7SyZv/EU6Fwq7SyZv.glb,0,1.0,1.0,0.0,1.0,1.0,0.0,0.7426214378046925,0.7426214378046925,0.0,0.9029826844260527,0.9029826844260527,0.0,0.9029826844260527,0.9029826844260527,0.0,0.7731707096099854,0.7731707096099854,0.0,49.0,49.0,0.0,6.332587718963623,6.332587718963623,0.0,0.037037037037037035,0.037037037037037035,0.0,0.0,0.0,0.0
462,mp3d/EU6Fwq7SyZv/EU6Fwq7SyZv.glb,0,1.0,1.0,0.0,1.0,1.0,0.0,0.5527774993985889,0.5527774993985889,0.0,0.7984261559375708,0.7984261559375708,0.0,0.7984261559375708,0.7984261559375708,0.0,0.383669376373291,0.383669376373291,0.0,60.0,60.0,0.0,8.507429122924805,8.507429122924805,0.0,0.0,0.0,0.0,0.0,0.0,0.0
463,mp3d/X7HyMhZNoso/X7HyMhZNoso.glb,0,1.0,1.0,0.0,1.0,1.0,0.0,0.7565450770245509,0.7565450770245509,0.0,0.8633781668011724,0.8633781668011724,0.0,0.8633781668011724,0.8633781668011724,0.0,0.9477491974830627,0.9477491974830627,0.0,47.0,47.0,0.0,7.27783727645874,7.27783727645874,0.0,0.0,0.0,0.0,0.0,0.0,0.0
464,mp3d/X7HyMhZNoso/X7HyMhZNoso.glb,0,1.0,1.0,0.0,1.0,1.0,0.0,0.7565450770245509,0.7565450770245509,0.0,0.8633781668011724,0.8633781668011724,0.0,0.8633781668011724,0.8633781668011724,0.0,0.9477491974830627,0.9477491974830627,0.0,47.0,47.0,0.0,7.27783727645874,7.27783727645874,0.0,0.0,0.0,0.0,0.0,0.0,0.0
465,mp3d/X7HyMhZNoso/X7HyMhZNoso.glb,0,1.0,1.0,0.0,1.0,1.0,0.0,0.7565450770245509,0.7565450770245509,0.0,0.8633781668011724,0.8633781668011724,0.0,0.8633781668011724,0.8633781668011724,0.0,0.9477491974830627,0.9477491974830627,0.0,47.0,47.0,0.0,7.27783727645874,7.27783727645874,0.0,0.0,0.0,0.0,0.0,0.0,0.0
466,mp3d/oLBMNvg9in8/oLBMNvg9in8.glb,0,1.0,1.0,0.0,1.0,1.0,0.0,0.6779281262946375,0.6779281262946375,0.0,0.8569409568888713,0.8569409568888713,0.0,0.8569409568888713,0.8569409568888713,0.0,0.15383300185203552,0.15383300185203552,0.0,66.0,66.0,0.0,11.477682113647461,11.477682113647461,0.0,0.046511627906976744,0.046511627906976744,0.0,0.0,0.0,0.0
467,mp3d/oLBMNvg9in8/oLBMNvg9in8.glb,0,1.0,1.0,0.0,1.0,1.0,0.0,0.8823167047031425,0.882427016859418,0.00011031215627554936,0.9193419012276132,0.9249221740550891,0.005580272827475974,0.9193419012276132,0.9249221740550891,0.005580272827475974,1.0442557334899902,1.0674941539764404,0.023238420486450195,48.0,48.0,0.0,8.818878173828125,8.81777572631836,-0.001102447509765625,0.030303030303030304,0.030303030303030304,0.0,0.0,0.0,0.0
468,mp3d/oLBMNvg9in8/oLBMNvg9in8.glb,0,1.0,1.0,0.0,1.0,1.0,0.0,0.8823167047031425,0.8823167047031425,0.0,0.9193419012276132,0.9193419012276132,0.0,0.9193419012276132,0.9193419012276132,0.0,1.0442557334899902,1.0442557334899902,0.0,48.0,48.0,0.0,8.818878173828125,8.818878173828125,0.0,0.030303030303030304,0.030303030303030304,0.0,0.0,0.0,0.0
469,mp3d/Z6MFQCViBuw/Z6MFQCViBuw.glb,0,0.0,0.0,0.0,0.0,0.0,0.0,0.0,0.0,0.0,0.07992352399859337,0.07722096628853564,-0.002702557710057729,0.0,0.0,0.0,12.34119987487793,12.056734085083008,-0.2844657897949219,104.0,88.0,-16.0,19.250011444091797,17.00000762939453,-2.2500038146972656,0.0,0.0,0.0,0.0,0.0,0.0
470,mp3d/Z6MFQCViBuw/Z6MFQCViBuw.glb,0,1.0,1.0,0.0,1.0,1.0,0.0,0.8914375162326009,1.0,0.10856248376739908,0.8555931330792846,0.8377445850094245,-0.017848548069860137,0.8555931330792846,0.8377445850094245,-0.017848548069860137,0.23532260954380035,1.8763980865478516,1.6410754770040512,88.0,79.0,-9.0,18.227359771728516,16.227359771728516,-2.0,0.0,0.0,0.0,0.0,0.0,0.0
471,mp3d/Z6MFQCViBuw/Z6MFQCViBuw.glb,0,1.0,1.0,0.0,1.0,1.0,0.0,0.9186261564482623,1.0,0.08137384355173771,0.8864611916228833,0.8530501825467096,-0.03341100907617367,0.8864611916228833,0.8530501825467096,-0.03341100907617367,0.25043728947639465,2.2485485076904297,1.998111218214035,91.0,82.0,-9.0,17.687883377075195,15.687881469726562,-2.000001907348633,0.0,0.0,0.0,0.0,0.0,0.0
472,mp3d/TbHJrupSAjP/TbHJrupSAjP.glb,0,1.0,1.0,0.0,1.0,1.0,0.0,0.773180607675519,0.773180607675519,0.0,0.9092310531605305,0.9092310531605305,0.0,0.9092310531605305,0.9092310531605305,0.0,0.6400970816612244,0.6400970816612244,0.0,82.0,82.0,0.0,11.501615524291992,11.501615524291992,0.0,0.0,0.0,0.0,0.0,0.0,0.0
473,mp3d/TbHJrupSAjP/TbHJrupSAjP.glb,0,0.0,0.0,0.0,0.0,0.0,0.0,0.0,0.0,0.0,0.583483260304463,0.583483260304463,0.0,0.0,0.0,0.0,5.798405170440674,5.798405170440674,0.0,44.0,44.0,0.0,8.000001907348633,8.000001907348633,0.0,0.0,0.0,0.0,0.0,0.0,0.0
474,mp3d/TbHJrupSAjP/TbHJrupSAjP.glb,0,1.0,1.0,0.0,1.0,1.0,0.0,0.7568362621550865,0.773180607675519,0.016344345520432513,0.8496199448955444,0.9092310531605305,0.05961110826498617,0.8496199448955444,0.9092310531605305,0.05961110826498617,0.5868377685546875,0.6400970816612244,0.053259313106536865,72.0,82.0,10.0,11.75,11.501615524291992,-0.2483844757080078,0.0,0.0,0.0,0.0,0.0,0.0
475,mp3d/zsNo4HB9uLZ/zsNo4HB9uLZ.glb,0,1.0,1.0,0.0,1.0,1.0,0.0,1.0,1.0,0.0,0.908107389829757,0.908107389829757,0.0,0.908107389829757,0.908107389829757,0.0,0.8844695687294006,0.8844695687294006,0.0,58.0,58.0,0.0,10.005812644958496,10.005812644958496,0.0,0.0,0.0,0.0,0.0,0.0,0.0
476,mp3d/zsNo4HB9uLZ/zsNo4HB9uLZ.glb,0,1.0,1.0,0.0,1.0,1.0,0.0,1.0,1.0,0.0,0.908107389829757,0.8480810135968823,-0.06002637623287477,0.908107389829757,0.8480810135968823,-0.06002637623287477,0.8844695687294006,2.7596774101257324,1.8752078413963318,58.0,49.0,-9.0,10.005812644958496,7.7558112144470215,-2.2500014305114746,0.0,0.0,0.0,0.0,0.0,0.0
477,mp3d/zsNo4HB9uLZ/zsNo4HB9uLZ.glb,0,1.0,1.0,0.0,1.0,1.0,0.0,1.0,1.0,0.0,0.908107389829757,0.908107389829757,0.0,0.908107389829757,0.908107389829757,0.0,0.8844695687294006,0.8844695687294006,0.0,58.0,58.0,0.0,10.005812644958496,10.005812644958496,0.0,0.0,0.0,0.0,0.0,0.0,0.0
478,mp3d/oLBMNvg9in8/oLBMNvg9in8.glb,0,1.0,1.0,0.0,1.0,1.0,0.0,0.9145755951790302,0.9145755951790302,0.0,0.9328036384726892,0.9328036384726892,0.0,0.9328036384726892,0.9328036384726892,0.0,0.24051852524280548,0.24051852524280548,0.0,43.0,43.0,0.0,8.015424728393555,8.015424728393555,0.0,0.0,0.0,0.0,0.0,0.0,0.0
479,mp3d/oLBMNvg9in8/oLBMNvg9in8.glb,0,1.0,1.0,0.0,1.0,1.0,0.0,1.0,1.0,0.0,0.9288103875280643,0.9288103875280643,0.0,0.9288103875280643,0.9288103875280643,0.0,1.1392968893051147,1.1392968893051147,0.0,33.0,33.0,0.0,6.818502426147461,6.818502426147461,0.0,0.0,0.0,0.0,0.0,0.0,0.0
480,mp3d/oLBMNvg9in8/oLBMNvg9in8.glb,0,1.0,1.0,0.0,1.0,1.0,0.0,1.0,1.0,0.0,0.9288103875280643,0.9288103875280643,0.0,0.9288103875280643,0.9288103875280643,0.0,1.1392968893051147,1.1392968893051147,0.0,33.0,33.0,0.0,6.818502426147461,6.818502426147461,0.0,0.0,0.0,0.0,0.0,0.0,0.0
481,mp3d/QUCTc6BB5sX/QUCTc6BB5sX.glb,0,1.0,1.0,0.0,1.0,1.0,0.0,1.0,1.0,0.0,0.8672617890601992,0.8672617890601992,0.0,0.8672617890601992,0.8672617890601992,0.0,0.9509150981903076,0.9509150981903076,0.0,44.0,44.0,0.0,6.015198230743408,6.015198230743408,0.0,0.04,0.04,0.0,0.0,0.0,0.0
482,mp3d/QUCTc6BB5sX/QUCTc6BB5sX.glb,0,1.0,1.0,0.0,1.0,1.0,0.0,0.8285043703410786,0.7282644715638711,-0.10023989877720751,0.8682961874742161,0.8168229643493545,-0.05147322312486158,0.8682961874742161,0.8168229643493545,-0.05147322312486158,0.3222675025463104,0.038760893046855927,-0.2835066094994545,52.0,60.0,8.0,7.265198230743408,8.265195846557617,0.999997615814209,0.03333333333333333,0.029411764705882353,-0.00392156862745098,0.0,0.0,0.0
483,mp3d/QUCTc6BB5sX/QUCTc6BB5sX.glb,0,1.0,0.0,-1.0,1.0,1.0,0.0,0.7509795893696527,0.0,-0.7509795893696527,0.7693346793796197,0.6753125928544387,-0.09402208652518107,0.7693346793796197,0.0,-0.7693346793796197,2.69500470161438,3.1359000205993652,0.44089531898498535,57.0,79.0,22.0,8.015195846557617,9.765195846557617,1.75,0.030303030303030304,0.025,-0.0053030303030303025,0.0,1.0,1.0
484,mp3d/EU6Fwq7SyZv/EU6Fwq7SyZv.glb,0,1.0,1.0,0.0,1.0,1.0,0.0,0.9050389507294326,0.9050389507294326,0.0,0.9417916157898295,0.9417916157898295,0.0,0.9417916157898295,0.9417916157898295,0.0,0.7896859645843506,0.7896859645843506,0.0,45.0,45.0,0.0,8.765069961547852,8.765069961547852,0.0,0.0,0.0,0.0,0.0,0.0,0.0
485,mp3d/EU6Fwq7SyZv/EU6Fwq7SyZv.glb,0,1.0,1.0,0.0,1.0,1.0,0.0,0.7717603410190788,0.7717603410190788,0.0,0.7296098821864623,0.7296098821864623,0.0,0.7296098821864623,0.7296098821864623,0.0,2.171377658843994,2.171377658843994,0.0,54.0,54.0,0.0,10.27874755859375,10.27874755859375,0.0,0.0,0.0,0.0,0.0,0.0,0.0
486,mp3d/EU6Fwq7SyZv/EU6Fwq7SyZv.glb,0,1.0,1.0,0.0,1.0,1.0,0.0,0.6617078505669733,0.7367700055111137,0.07506215494414037,0.8524994708523292,0.8204420195485896,-0.032057451303739604,0.8524994708523292,0.8204420195485896,-0.032057451303739604,1.3390038013458252,2.2802484035491943,0.9412446022033691,79.0,58.0,-21.0,11.988265991210938,10.766901016235352,-1.221364974975586,0.061224489795918366,0.0,-0.061224489795918366,0.0,0.0,0.0
487,mp3d/2azQ1b91cZZ/2azQ1b91cZZ.glb,0,0.0,0.0,0.0,0.0,0.0,0.0,0.0,0.0,0.0,0.8374364218224952,0.8374364218224952,0.0,0.0,0.0,0.0,3.317673683166504,3.317673683166504,0.0,49.0,49.0,0.0,6.34631872177124,6.34631872177124,0.0,0.18518518518518517,0.18518518518518517,0.0,0.0,0.0,0.0
488,mp3d/2azQ1b91cZZ/2azQ1b91cZZ.glb,0,1.0,1.0,0.0,1.0,1.0,0.0,1.0,1.0,0.0,0.8835445538036215,0.8835445538036215,0.0,0.8835445538036215,0.8835445538036215,0.0,2.523301839828491,2.523301839828491,0.0,42.0,42.0,0.0,6.750003337860107,6.750003337860107,0.0,0.0,0.0,0.0,0.0,0.0,0.0
489,mp3d/2azQ1b91cZZ/2azQ1b91cZZ.glb,0,1.0,1.0,0.0,1.0,1.0,0.0,1.0,1.0,0.0,0.9147237384695136,0.9147237384695136,0.0,0.9147237384695136,0.9147237384695136,0.0,1.7438347339630127,1.7438347339630127,0.0,56.0,56.0,0.0,8.000005722045898,8.000005722045898,0.0,0.0,0.0,0.0,0.0,0.0,0.0
490,mp3d/QUCTc6BB5sX/QUCTc6BB5sX.glb,0,1.0,1.0,0.0,1.0,1.0,0.0,0.9677329172586729,0.9677329172586729,0.0,0.9445937158813394,0.9445937158813394,0.0,0.9445937158813394,0.9445937158813394,0.0,0.182770237326622,0.182770237326622,0.0,50.0,50.0,0.0,7.50822639465332,7.50822639465332,0.0,0.0,0.0,0.0,0.0,0.0,0.0
491,mp3d/QUCTc6BB5sX/QUCTc6BB5sX.glb,0,1.0,1.0,0.0,1.0,1.0,0.0,0.8294096566253085,0.8294096566253085,0.0,0.9081952583146597,0.9081952583146597,0.0,0.9081952583146597,0.9081952583146597,0.0,1.161585807800293,1.161585807800293,0.0,60.0,60.0,0.0,8.760396957397461,8.760396957397461,0.0,0.0,0.0,0.0,0.0,0.0,0.0
492,mp3d/QUCTc6BB5sX/QUCTc6BB5sX.glb,0,1.0,1.0,0.0,1.0,1.0,0.0,0.9677329172586729,0.9677329172586729,0.0,0.9445937158813394,0.9445937158813394,0.0,0.9445937158813394,0.9445937158813394,0.0,0.182770237326622,0.182770237326622,0.0,50.0,50.0,0.0,7.50822639465332,7.50822639465332,0.0,0.0,0.0,0.0,0.0,0.0,0.0
493,mp3d/2azQ1b91cZZ/2azQ1b91cZZ.glb,0,0.0,0.0,0.0,0.0,0.0,0.0,0.0,0.0,0.0,0.785011868748994,0.785011868748994,0.0,0.0,0.0,0.0,4.284947395324707,4.284947395324707,0.0,43.0,43.0,0.0,7.250003337860107,7.250003337860107,0.0,0.0,0.0,0.0,0.0,0.0,0.0
494,mp3d/2azQ1b91cZZ/2azQ1b91cZZ.glb,0,1.0,1.0,0.0,1.0,1.0,0.0,1.0,1.0,0.0,0.957273917357952,0.957273917357952,0.0,0.957273917357952,0.957273917357952,0.0,0.5198896527290344,0.5198896527290344,0.0,49.0,49.0,0.0,7.500004291534424,7.500004291534424,0.0,0.0,0.0,0.0,0.0,0.0,0.0
495,mp3d/2azQ1b91cZZ/2azQ1b91cZZ.glb,0,0.0,0.0,0.0,0.0,0.0,0.0,0.0,0.0,0.0,0.7882734393283528,0.7882734393283528,0.0,0.0,0.0,0.0,3.3195340633392334,3.3195340633392334,0.0,38.0,38.0,0.0,6.250001430511475,6.250001430511475,0.0,0.0,0.0,0.0,0.0,0.0,0.0
496,mp3d/2azQ1b91cZZ/2azQ1b91cZZ.glb,0,0.0,0.0,0.0,1.0,1.0,0.0,0.0,0.0,0.0,0.5864387081341019,0.5864387081341019,0.0,0.0,0.0,0.0,3.7943766117095947,3.7943766117095947,0.0,71.0,71.0,0.0,11.723690032958984,11.723690032958984,0.0,0.04081632653061224,0.04081632653061224,0.0,1.0,1.0,0.0
497,mp3d/2azQ1b91cZZ/2azQ1b91cZZ.glb,0,1.0,1.0,0.0,1.0,1.0,0.0,0.9606636084627509,0.9606636084627509,0.0,0.9595050475234441,0.9595050475234441,0.0,0.9595050475234441,0.9595050475234441,0.0,0.24204121530056,0.24204121530056,0.0,55.0,55.0,0.0,9.980169296264648,9.980169296264648,0.0,0.047619047619047616,0.047619047619047616,0.0,0.0,0.0,0.0
498,mp3d/2azQ1b91cZZ/2azQ1b91cZZ.glb,0,1.0,1.0,0.0,1.0,1.0,0.0,0.9606636084627509,0.9606636084627509,0.0,0.9595050475234441,0.9595050475234441,0.0,0.9595050475234441,0.9595050475234441,0.0,0.24204121530056,0.24204121530056,0.0,55.0,55.0,0.0,9.980169296264648,9.980169296264648,0.0,0.047619047619047616,0.047619047619047616,0.0,0.0,0.0,0.0
499,mp3d/QUCTc6BB5sX/QUCTc6BB5sX.glb,0,0.0,0.0,0.0,0.0,0.0,0.0,0.0,0.0,0.0,0.8083079672115498,0.8083079672115498,0.0,0.0,0.0,0.0,3.715315341949463,3.715315341949463,0.0,97.0,97.0,0.0,5.946463584899902,5.946463584899902,0.0,2.6,2.6,0.0,0.0,0.0,0.0
500,mp3d/QUCTc6BB5sX/QUCTc6BB5sX.glb,0,1.0,1.0,0.0,1.0,1.0,0.0,0.8494367964930543,0.8494367964930543,0.0,0.8583809150330948,0.8583809150330948,0.0,0.8583809150330948,0.8583809150330948,0.0,1.5767035484313965,1.5767035484313965,0.0,57.0,57.0,0.0,11.02374267578125,11.02374267578125,0.0,0.0,0.0,0.0,0.0,0.0,0.0
501,mp3d/QUCTc6BB5sX/QUCTc6BB5sX.glb,0,1.0,1.0,0.0,1.0,1.0,0.0,0.8494367964930543,0.8494367964930543,0.0,0.8583809150330948,0.8583809150330948,0.0,0.8583809150330948,0.8583809150330948,0.0,1.5767035484313965,1.5767035484313965,0.0,57.0,57.0,0.0,11.02374267578125,11.02374267578125,0.0,0.0,0.0,0.0,0.0,0.0,0.0
502,mp3d/EU6Fwq7SyZv/EU6Fwq7SyZv.glb,0,0.0,1.0,1.0,1.0,1.0,0.0,0.0,0.22628896606683083,0.22628896606683083,0.07079971699828663,0.09042946329963877,0.01962974630135214,0.0,0.09042946329963877,0.09042946329963877,3.11391019821167,2.4062304496765137,-0.7076797485351562,248.0,225.0,-23.0,24.98027801513672,23.23797035217285,-1.7423076629638672,0.019801980198019802,0.02127659574468085,0.0014746155466610483,1.0,0.0,-1.0
503,mp3d/EU6Fwq7SyZv/EU6Fwq7SyZv.glb,0,0.0,1.0,1.0,1.0,1.0,0.0,0.0,0.8057311649832053,0.8057311649832053,0.51665135682066,0.9035094553300158,0.3868580985093558,0.0,0.9035094553300158,0.9035094553300158,4.199398040771484,1.1670150756835938,-3.0323829650878906,67.0,42.0,-25.0,10.533563613891602,6.526365756988525,-4.007197856903076,0.0,0.0,0.0,1.0,0.0,-1.0
504,mp3d/EU6Fwq7SyZv/EU6Fwq7SyZv.glb,0,1.0,1.0,0.0,1.0,1.0,0.0,0.4053140895255173,0.288549812864224,-0.1167642766612933,0.37713391956483255,0.1858310423653688,-0.19130287719946376,0.37713391956483255,0.1858310423653688,-0.19130287719946376,0.615867555141449,2.484870433807373,1.869002878665924,117.0,191.0,74.0,12.97387981414795,18.223876953125,5.249997138977051,0.1320754716981132,0.0945945945945946,-0.037480877103518606,0.0,0.0,0.0
505,mp3d/zsNo4HB9uLZ/zsNo4HB9uLZ.glb,0,0.0,0.0,0.0,0.0,0.0,0.0,0.0,0.0,0.0,0.04122764174156078,0.00021078862628513871,-0.04101685311527564,0.0,0.0,0.0,11.447093963623047,11.18294620513916,-0.2641477584838867,82.0,230.0,148.0,11.476899147033691,28.416053771972656,16.939154624938965,0.06382978723404255,0.11864406779661017,0.054814280562567624,0.0,0.0,0.0
506,mp3d/zsNo4HB9uLZ/zsNo4HB9uLZ.glb,0,0.0,0.0,0.0,0.0,0.0,0.0,0.0,0.0,0.0,0.049004718718551735,0.12364993602108251,0.07464521730253078,0.0,0.0,0.0,14.536128997802734,12.890647888183594,-1.6454811096191406,84.0,46.0,-38.0,9.97690200805664,6.976897716522217,-3.000004291534424,0.07317073170731707,0.10344827586206896,0.030277544154751895,0.0,0.0,0.0
507,mp3d/zsNo4HB9uLZ/zsNo4HB9uLZ.glb,0,1.0,1.0,0.0,1.0,1.0,0.0,0.9316157642957212,0.9316157642957212,0.0,0.9540139592296358,0.9540139592296358,0.0,0.9540139592296358,0.9540139592296358,0.0,0.2989594638347626,0.2989594638347626,0.0,45.0,45.0,0.0,7.000530242919922,7.000530242919922,0.0,0.0,0.0,0.0,0.0,0.0,0.0
508,mp3d/oLBMNvg9in8/oLBMNvg9in8.glb,0,1.0,1.0,0.0,1.0,1.0,0.0,0.7855606981277984,0.5330401730360779,-0.2525205250917205,0.7699531657140616,0.5436765908652725,-0.22627657484878905,0.7699531657140616,0.5436765908652725,-0.22627657484878905,0.48546677827835083,1.0462034940719604,0.5607367157936096,68.0,123.0,55.0,11.94628620147705,17.605676651000977,5.659390449523926,0.020833333333333332,0.04225352112676056,0.02142018779342723,0.0,0.0,0.0
509,mp3d/oLBMNvg9in8/oLBMNvg9in8.glb,0,1.0,0.0,-1.0,1.0,1.0,0.0,0.21919432398646752,0.0,-0.21919432398646752,0.0693398273599718,0.007730241099547396,-0.0616095862604244,0.0693398273599718,0.0,-0.0693398273599718,0.15487320721149445,10.204235076904297,10.049361869692802,344.0,448.0,104.0,42.813758850097656,59.11444091796875,16.300682067871094,0.011695906432748537,0.016736401673640166,0.0050404952408916286,0.0,1.0,1.0
510,mp3d/oLBMNvg9in8/oLBMNvg9in8.glb,0,1.0,1.0,0.0,1.0,1.0,0.0,0.5067725572691744,0.5067725572691744,0.0,0.34670025257291764,0.34670025257291764,0.0,0.34670025257291764,0.34670025257291764,0.0,1.0462034940719604,1.0462034940719604,0.0,113.0,113.0,0.0,18.518234252929688,18.518234252929688,0.0,0.06666666666666667,0.06666666666666667,0.0,0.0,0.0,0.0
511,mp3d/2azQ1b91cZZ/2azQ1b91cZZ.glb,0,0.0,0.0,0.0,1.0,1.0,0.0,0.0,0.0,0.0,0.00035661863471644483,9.709912203902876e-06,-0.000346908722512542,0.0,0.0,0.0,5.129332542419434,5.188348293304443,0.059015750885009766,296.0,295.0,-1.0,34.99264907836914,41.49264907836914,6.5,0.014184397163120567,0.011976047904191617,-0.0022083492589289495,1.0,1.0,0.0
512,mp3d/2azQ1b91cZZ/2azQ1b91cZZ.glb,0,0.0,0.0,0.0,1.0,1.0,0.0,0.0,0.0,0.0,0.04045872545002981,0.00019782753148256103,-0.04026089791854725,0.0,0.0,0.0,3.656322479248047,3.8253607749938965,0.1690382957458496,203.0,319.0,116.0,23.49111557006836,42.468910217285156,18.977794647216797,0.031578947368421054,0.017543859649122806,-0.014035087719298248,1.0,1.0,0.0
513,mp3d/2azQ1b91cZZ/2azQ1b91cZZ.glb,0,0.0,0.0,0.0,0.0,0.0,0.0,0.0,0.0,0.0,0.03530207051088996,0.04507329499122285,0.009771224480332887,0.0,0.0,0.0,5.845098495483398,6.331131935119629,0.48603343963623047,158.0,92.0,-66.0,21.718181610107422,13.57085132598877,-8.147330284118652,0.022727272727272728,0.07017543859649122,0.047448165869218496,0.0,0.0,0.0
514,mp3d/zsNo4HB9uLZ/zsNo4HB9uLZ.glb,0,1.0,1.0,0.0,1.0,1.0,0.0,0.986508099571756,0.986508099571756,0.0,0.9089035467784305,0.9089035467784305,0.0,0.9089035467784305,0.9089035467784305,0.0,0.6559012532234192,0.6559012532234192,0.0,60.0,60.0,0.0,9.705679893493652,9.705679893493652,0.0,0.2,0.2,0.0,0.0,0.0,0.0
515,mp3d/zsNo4HB9uLZ/zsNo4HB9uLZ.glb,0,1.0,1.0,0.0,1.0,1.0,0.0,1.0,1.0,0.0,0.8696965346828347,0.8515393461903705,-0.01815718849246417,0.8696965346828347,0.8515393461903705,-0.01815718849246417,2.1745638847351074,2.849343776702881,0.6747798919677734,51.0,64.0,13.0,7.705679893493652,9.455679893493652,1.75,0.24324324324324326,0.20454545454545456,-0.0386977886977887,0.0,0.0,0.0
516,mp3d/zsNo4HB9uLZ/zsNo4HB9uLZ.glb,0,1.0,1.0,0.0,1.0,1.0,0.0,0.5908257833102374,0.6096349416465273,0.018809158336289933,0.6570733534577575,0.5632023203851478,-0.09387103307260969,0.6570733534577575,0.5632023203851478,-0.09387103307260969,0.5127055048942566,1.5003503561019897,0.9876448512077332,130.0,114.0,-16.0,16.205677032470703,15.705680847167969,-0.4999961853027344,0.1267605633802817,0.13043478260869565,0.0036742192284139608,0.0,0.0,0.0
517,mp3d/TbHJrupSAjP/TbHJrupSAjP.glb,0,1.0,1.0,0.0,1.0,1.0,0.0,0.6520047408249383,0.6520047408249383,0.0,0.8386986238353459,0.8386986238353459,0.0,0.8386986238353459,0.8386986238353459,0.0,0.5954421758651733,0.5954421758651733,0.0,103.0,103.0,0.0,14.833693504333496,14.833693504333496,0.0,0.1111111111111111,0.1111111111111111,0.0,0.0,0.0,0.0
518,mp3d/TbHJrupSAjP/TbHJrupSAjP.glb,0,1.0,1.0,0.0,1.0,1.0,0.0,0.6520047408249383,0.6520047408249383,0.0,0.8386986238353459,0.8386986238353459,0.0,0.8386986238353459,0.8386986238353459,0.0,0.5954421758651733,0.5954421758651733,0.0,103.0,103.0,0.0,14.833693504333496,14.833693504333496,0.0,0.1111111111111111,0.1111111111111111,0.0,0.0,0.0,0.0
519,mp3d/TbHJrupSAjP/TbHJrupSAjP.glb,0,1.0,1.0,0.0,1.0,1.0,0.0,0.7236393491144104,0.7236393491144104,0.0,0.858944323223443,0.858944323223443,0.0,0.858944323223443,0.858944323223443,0.0,0.8903208374977112,0.8903208374977112,0.0,97.0,97.0,0.0,13.365274429321289,13.365274429321289,0.0,0.1206896551724138,0.1206896551724138,0.0,0.0,0.0,0.0
520,mp3d/x8F5xyUWy9e/x8F5xyUWy9e.glb,0,1.0,1.0,0.0,1.0,1.0,0.0,0.8359465231725599,1.0,0.1640534768274401,0.8304671980247547,0.959598937690364,0.1291317396656093,0.8304671980247547,0.959598937690364,0.1291317396656093,1.0197826623916626,0.7140923142433167,-0.30569034814834595,49.0,38.0,-11.0,8.945810317993164,7.182190895080566,-1.7636194229125977,0.0,0.0,0.0,0.0,0.0,0.0
521,mp3d/x8F5xyUWy9e/x8F5xyUWy9e.glb,0,1.0,1.0,0.0,1.0,1.0,0.0,0.8613285658721057,0.8613285658721057,0.0,0.9079658651662466,0.9079658651662466,0.0,0.9079658651662466,0.9079658651662466,0.0,1.2838935852050781,1.2838935852050781,0.0,45.0,45.0,0.0,8.682190895080566,8.682190895080566,0.0,0.0,0.0,0.0,0.0,0.0,0.0
522,mp3d/x8F5xyUWy9e/x8F5xyUWy9e.glb,0,1.0,1.0,0.0,1.0,1.0,0.0,0.8359465231725599,0.8359465231725599,0.0,0.8304671980247547,0.8304671980247547,0.0,0.8304671980247547,0.8304671980247547,0.0,1.0197826623916626,1.0197826623916626,0.0,49.0,49.0,0.0,8.945810317993164,8.945810317993164,0.0,0.0,0.0,0.0,0.0,0.0,0.0
523,mp3d/TbHJrupSAjP/TbHJrupSAjP.glb,0,1.0,1.0,0.0,1.0,1.0,0.0,0.5432976786295572,0.5432976786295572,0.0,0.62196701714487,0.62196701714487,0.0,0.62196701714487,0.62196701714487,0.0,0.3765493929386139,0.3765493929386139,0.0,126.0,126.0,0.0,18.75,18.75,0.0,0.0,0.0,0.0,0.0,0.0,0.0
524,mp3d/TbHJrupSAjP/TbHJrupSAjP.glb,0,1.0,1.0,0.0,1.0,1.0,0.0,0.9344907020000667,0.9466223749618818,0.012131672961815165,0.936111342278066,0.9552211202749015,0.019109777996835442,0.936111342278066,0.9552211202749015,0.019109777996835442,0.20166103541851044,0.31957465410232544,0.117913618683815,67.0,63.0,-4.0,10.900944709777832,10.76124095916748,-0.13970375061035156,0.0851063829787234,0.0,-0.0851063829787234,0.0,0.0,0.0
525,mp3d/TbHJrupSAjP/TbHJrupSAjP.glb,0,1.0,1.0,0.0,1.0,1.0,0.0,0.8481080930867746,0.9476122301678325,0.09950413708105788,0.9136174702907678,0.9382166736005237,0.024599203309755957,0.9136174702907678,0.9382166736005237,0.024599203309755957,1.3898561000823975,0.3765493333339691,-1.0133067667484283,68.0,64.0,-4.0,12.011241912841797,10.75,-1.2612419128417969,0.0,0.0,0.0,0.0,0.0,0.0
526,mp3d/EU6Fwq7SyZv/EU6Fwq7SyZv.glb,0,1.0,1.0,0.0,1.0,1.0,0.0,0.9053212813876178,0.8385206657437622,-0.06680061564385564,0.9227514774409222,0.8771363884546097,-0.0456150889863125,0.9227514774409222,0.8771363884546097,-0.0456150889863125,0.5165544152259827,1.1226494312286377,0.606095016002655,39.0,41.0,2.0,6.276300430297852,6.77630090713501,0.5000004768371582,0.0,0.0,0.0,0.0,0.0,0.0
527,mp3d/EU6Fwq7SyZv/EU6Fwq7SyZv.glb,0,1.0,1.0,0.0,1.0,1.0,0.0,0.8385206657437622,0.8385206657437622,0.0,0.8771363884546097,0.8771363884546097,0.0,0.8771363884546097,0.8771363884546097,0.0,1.1226494312286377,1.1226494312286377,0.0,41.0,41.0,0.0,6.77630090713501,6.77630090713501,0.0,0.0,0.0,0.0,0.0,0.0,0.0
528,mp3d/EU6Fwq7SyZv/EU6Fwq7SyZv.glb,0,1.0,1.0,0.0,1.0,1.0,0.0,0.15757817258126064,0.19076194761026663,0.03318377502900599,0.08217606957005673,0.1702404463301355,0.08806437676007876,0.08217606957005673,0.1702404463301355,0.08806437676007876,1.3550620079040527,2.0087597370147705,0.6536977291107178,295.0,265.0,-30.0,36.0587272644043,29.78617286682129,-6.272554397583008,0.0,0.0,0.0,0.0,0.0,0.0
529,mp3d/TbHJrupSAjP/TbHJrupSAjP.glb,0,1.0,1.0,0.0,1.0,1.0,0.0,0.8047447216968818,0.8047447216968818,0.0,0.9190654911397251,0.9190654911397251,0.0,0.9190654911397251,0.9190654911397251,0.0,0.40089309215545654,0.40089309215545654,0.0,39.0,39.0,0.0,6.5521368980407715,6.5521368980407715,0.0,0.0,0.0,0.0,0.0,0.0,0.0
530,mp3d/TbHJrupSAjP/TbHJrupSAjP.glb,0,1.0,1.0,0.0,1.0,1.0,0.0,0.8047447216968818,0.8047447216968818,0.0,0.9190654911397251,0.9190654911397251,0.0,0.9190654911397251,0.9190654911397251,0.0,0.40089309215545654,0.40089309215545654,0.0,39.0,39.0,0.0,6.5521368980407715,6.5521368980407715,0.0,0.0,0.0,0.0,0.0,0.0,0.0
531,mp3d/TbHJrupSAjP/TbHJrupSAjP.glb,0,1.0,1.0,0.0,1.0,1.0,0.0,1.0,0.22560931619708804,-0.774390683802912,0.9233683250359838,0.07030406910315876,-0.853064255932825,0.9233683250359838,0.07030406910315876,-0.853064255932825,1.1545850038528442,0.42832306027412415,-0.7262619435787201,29.0,162.0,133.0,5.056448459625244,23.37136459350586,18.314916133880615,0.0,0.031578947368421054,0.031578947368421054,0.0,0.0,0.0
532,mp3d/oLBMNvg9in8/oLBMNvg9in8.glb,0,1.0,1.0,0.0,1.0,1.0,0.0,0.790351572050774,0.929761885987916,0.13941031393714198,0.8996667832107624,0.8641730112729579,-0.035493771937804564,0.8996667832107624,0.8641730112729579,-0.035493771937804564,1.0084168910980225,1.961676001548767,0.9532591104507446,87.0,80.0,-7.0,11.026745796203613,9.373373985290527,-1.653371810913086,0.023809523809523808,0.027777777777777776,0.003968253968253968,0.0,0.0,0.0
533,mp3d/oLBMNvg9in8/oLBMNvg9in8.glb,0,1.0,0.0,-1.0,1.0,0.0,-1.0,0.6395659514642552,0.0,-0.6395659514642552,0.7769338241717422,0.769468085282151,-0.0074657388895911225,0.7769338241717422,0.0,-0.7769338241717422,2.212110996246338,3.526763916015625,1.314652919769287,135.0,64.0,-71.0,13.62643814086914,7.646750450134277,-5.979687690734863,0.018867924528301886,0.03333333333333333,0.014465408805031447,0.0,0.0,0.0
534,mp3d/oLBMNvg9in8/oLBMNvg9in8.glb,0,1.0,1.0,0.0,1.0,1.0,0.0,0.929761885987916,0.929761885987916,0.0,0.8641730112729579,0.8641730112729579,0.0,0.8641730112729579,0.8641730112729579,0.0,1.961676001548767,1.961676001548767,0.0,80.0,80.0,0.0,9.373373985290527,9.373373985290527,0.0,0.027777777777777776,0.027777777777777776,0.0,0.0,0.0,0.0
535,mp3d/EU6Fwq7SyZv/EU6Fwq7SyZv.glb,0,0.0,0.0,0.0,0.0,0.0,0.0,0.0,0.0,0.0,0.10701589308651,0.029067575920494578,-0.07794831716601541,0.0,0.0,0.0,12.729925155639648,13.539249420166016,0.8093242645263672,405.0,346.0,-59.0,40.4848747253418,41.587554931640625,1.1026802062988281,0.05521472392638037,0.0718562874251497,0.01664156349876933,0.0,0.0,0.0
536,mp3d/EU6Fwq7SyZv/EU6Fwq7SyZv.glb,0,0.0,0.0,0.0,0.0,0.0,0.0,0.0,0.0,0.0,0.13608433214526774,0.06016598687283135,-0.0759183452724364,0.0,0.0,0.0,12.889379501342773,14.913740158081055,2.0243606567382812,347.0,197.0,-150.0,34.5134162902832,23.795820236206055,-10.717596054077148,0.02877697841726619,0.050505050505050504,0.021728072087784316,0.0,0.0,0.0
537,mp3d/EU6Fwq7SyZv/EU6Fwq7SyZv.glb,0,0.0,0.0,0.0,0.0,0.0,0.0,0.0,0.0,0.0,0.11068994141678255,0.05255926480427681,-0.05813067661250574,0.0,0.0,0.0,9.644556999206543,13.132957458496094,3.488400459289551,393.0,429.0,36.0,39.018829345703125,44.24901580810547,5.230186462402344,0.025477707006369428,0.05056179775280899,0.02508409074643956,0.0,0.0,0.0
538,mp3d/QUCTc6BB5sX/QUCTc6BB5sX.glb,0,0.0,0.0,0.0,0.0,0.0,0.0,0.0,0.0,0.0,0.223728131242186,0.223728131242186,0.0,0.0,0.0,0.0,10.44826889038086,10.44826889038086,0.0,34.0,34.0,0.0,5.226977348327637,5.226977348327637,0.0,0.13043478260869565,0.13043478260869565,0.0,0.0,0.0,0.0
539,mp3d/QUCTc6BB5sX/QUCTc6BB5sX.glb,0,0.0,0.0,0.0,0.0,0.0,0.0,0.0,0.0,0.0,0.2447910521682206,0.2447910521682206,0.0,0.0,0.0,0.0,10.501825332641602,10.501825332641602,0.0,32.0,32.0,0.0,4.764871120452881,4.764871120452881,0.0,0.0,0.0,0.0,0.0,0.0,0.0
540,mp3d/QUCTc6BB5sX/QUCTc6BB5sX.glb,0,0.0,0.0,0.0,0.0,0.0,0.0,0.0,0.0,0.0,0.19869538048381524,0.00034730021401189576,-0.19834808026980336,0.0,0.0,0.0,11.445882797241211,11.202966690063477,-0.24291610717773438,39.0,285.0,246.0,6.226977348327637,41.014488220214844,34.78751087188721,0.1111111111111111,0.0,-0.1111111111111111,0.0,0.0,0.0
541,mp3d/2azQ1b91cZZ/2azQ1b91cZZ.glb,0,1.0,1.0,0.0,1.0,1.0,0.0,1.0,1.0,0.0,0.890776013869903,0.890776013869903,0.0,0.890776013869903,0.890776013869903,0.0,1.7308528423309326,1.7308528423309326,0.0,43.0,43.0,0.0,6.180880546569824,6.180880546569824,0.0,0.0,0.0,0.0,0.0,0.0,0.0
542,mp3d/2azQ1b91cZZ/2azQ1b91cZZ.glb,0,1.0,1.0,0.0,1.0,1.0,0.0,1.0,1.0,0.0,0.890776013869903,0.890776013869903,0.0,0.890776013869903,0.890776013869903,0.0,1.7308528423309326,1.7308528423309326,0.0,43.0,43.0,0.0,6.180880546569824,6.180880546569824,0.0,0.0,0.0,0.0,0.0,0.0,0.0
543,mp3d/2azQ1b91cZZ/2azQ1b91cZZ.glb,0,1.0,1.0,0.0,1.0,1.0,0.0,0.9893728170058371,0.9893728170058371,0.0,0.9261360577773019,0.9261360577773019,0.0,0.9261360577773019,0.9261360577773019,0.0,0.45331183075904846,0.45331183075904846,0.0,52.0,52.0,0.0,7.485276699066162,7.485276699066162,0.0,0.0,0.0,0.0,0.0,0.0,0.0
544,mp3d/zsNo4HB9uLZ/zsNo4HB9uLZ.glb,0,0.0,0.0,0.0,0.0,1.0,1.0,0.0,0.0,0.0,0.07295060685509029,0.04738809968994579,-0.0255625071651445,0.0,0.0,0.0,11.527141571044922,11.333697319030762,-0.19344425201416016,49.0,110.0,61.0,10.000001907348633,16.70184326171875,6.701841354370117,0.0,0.058823529411764705,0.058823529411764705,0.0,1.0,1.0
545,mp3d/zsNo4HB9uLZ/zsNo4HB9uLZ.glb,0,1.0,1.0,0.0,1.0,1.0,0.0,0.8858143170267955,0.8858143170267955,0.0,0.9692076161744243,0.9692076161744243,0.0,0.9692076161744243,0.9692076161744243,0.0,0.34580034017562866,0.34580034017562866,0.0,40.0,40.0,0.0,5.20025634765625,5.20025634765625,0.0,0.13636363636363635,0.13636363636363635,0.0,0.0,0.0,0.0
546,mp3d/zsNo4HB9uLZ/zsNo4HB9uLZ.glb,0,1.0,1.0,0.0,1.0,1.0,0.0,0.8858143170267955,0.8858143170267955,0.0,0.9692076161744243,0.9692076161744243,0.0,0.9692076161744243,0.9692076161744243,0.0,0.34580034017562866,0.34580034017562866,0.0,40.0,40.0,0.0,5.20025634765625,5.20025634765625,0.0,0.13636363636363635,0.13636363636363635,0.0,0.0,0.0,0.0
547,mp3d/Z6MFQCViBuw/Z6MFQCViBuw.glb,0,0.0,0.0,0.0,0.0,0.0,0.0,0.0,0.0,0.0,0.018123893112583386,0.04131689978259092,0.023193006670007534,0.0,0.0,0.0,24.288959503173828,22.07699966430664,-2.2119598388671875,70.0,60.0,-10.0,14.213350296020508,11.937708854675293,-2.275641441345215,0.0,0.0,0.0,0.0,0.0,0.0
548,mp3d/Z6MFQCViBuw/Z6MFQCViBuw.glb,0,1.0,1.0,0.0,1.0,1.0,0.0,1.0,1.0,0.0,0.9154093131608236,0.9154093131608236,0.0,0.9154093131608236,0.9154093131608236,0.0,1.262382984161377,1.262382984161377,0.0,57.0,57.0,0.0,10.750007629394531,10.750007629394531,0.0,0.0,0.0,0.0,0.0,0.0,0.0
549,mp3d/Z6MFQCViBuw/Z6MFQCViBuw.glb,0,0.0,0.0,0.0,0.0,0.0,0.0,0.0,0.0,0.0,0.0406759951991593,0.10462373957037485,0.06394774437121556,0.0,0.0,0.0,18.60821533203125,18.834758758544922,0.22654342651367188,72.0,47.0,-25.0,12.58912181854248,8.672410011291504,-3.9167118072509766,0.0,0.0,0.0,0.0,0.0,0.0
550,mp3d/Z6MFQCViBuw/Z6MFQCViBuw.glb,0,1.0,1.0,0.0,1.0,1.0,0.0,0.8768958978682165,0.8768958978682165,0.0,0.8575210063356351,0.8575210063356351,0.0,0.8575210063356351,0.8575210063356351,0.0,0.9341020584106445,0.9341020584106445,0.0,101.0,101.0,0.0,19.287919998168945,19.287919998168945,0.0,0.0,0.0,0.0,0.0,0.0,0.0
551,mp3d/Z6MFQCViBuw/Z6MFQCViBuw.glb,0,1.0,1.0,0.0,1.0,1.0,0.0,0.26113509258934237,0.8768958978682165,0.6157608052788741,0.06993333110672428,0.8575210063356351,0.7875876752289108,0.06993333110672428,0.8575210063356351,0.7875876752289108,0.795759379863739,0.9341020584106445,0.13834267854690552,365.0,101.0,-264.0,64.76914978027344,19.287919998168945,-45.48122978210449,0.003861003861003861,0.0,-0.003861003861003861,0.0,0.0,0.0
552,mp3d/Z6MFQCViBuw/Z6MFQCViBuw.glb,0,0.0,0.0,0.0,0.0,0.0,0.0,0.0,0.0,0.0,0.0005502219981151964,0.0041568696233922715,0.003606647625277075,0.0,0.0,0.0,24.442983627319336,24.7340145111084,0.2910308837890625,583.0,283.0,-300.0,99.08539581298828,29.900310516357422,-69.18508529663086,0.012658227848101266,0.27049180327868855,0.25783357543058727,0.0,0.0,0.0
553,mp3d/x8F5xyUWy9e/x8F5xyUWy9e.glb,0,1.0,1.0,0.0,1.0,1.0,0.0,0.480990383049617,0.3894187784556068,-0.0915716045940102,0.7278850649322961,0.5944122063224054,-0.13347285860989067,0.7278850649322961,0.5944122063224054,-0.13347285860989067,0.5527925491333008,0.6009024381637573,0.04810988903045654,120.0,140.0,20.0,12.57979965209961,15.537932395935059,2.958132743835449,0.0,0.031746031746031744,0.031746031746031744,0.0,0.0,0.0
554,mp3d/x8F5xyUWy9e/x8F5xyUWy9e.glb,0,1.0,0.0,-1.0,1.0,1.0,0.0,1.0,0.0,-1.0,0.9412657538675345,0.8466827196279074,-0.0945830342396271,0.9412657538675345,0.0,-0.9412657538675345,1.0732353925704956,3.2973690032958984,2.224133610725403,30.0,42.0,12.0,5.079798221588135,6.828311443328857,1.7485132217407227,0.0,0.0,0.0,0.0,1.0,1.0
555,mp3d/x8F5xyUWy9e/x8F5xyUWy9e.glb,0,1.0,1.0,0.0,1.0,1.0,0.0,1.0,1.0,0.0,0.9412657538675345,0.9412657538675345,0.0,0.9412657538675345,0.9412657538675345,0.0,1.0732353925704956,1.0732353925704956,0.0,30.0,30.0,0.0,5.079798221588135,5.079798221588135,0.0,0.0,0.0,0.0,0.0,0.0,0.0
556,mp3d/EU6Fwq7SyZv/EU6Fwq7SyZv.glb,0,0.0,0.0,0.0,0.0,0.0,0.0,0.0,0.0,0.0,0.008692814719558593,0.0710998901557058,0.0624070754361472,0.0,0.0,0.0,9.891256332397461,10.986831665039062,1.0955753326416016,293.0,208.0,-85.0,35.084205627441406,23.533567428588867,-11.550638198852539,0.06338028169014084,0.125,0.061619718309859156,0.0,0.0,0.0
557,mp3d/EU6Fwq7SyZv/EU6Fwq7SyZv.glb,0,0.0,0.0,0.0,0.0,0.0,0.0,0.0,0.0,0.0,0.0040397935675710855,0.04053334782818149,0.036493554260610406,0.0,0.0,0.0,11.90863037109375,11.916913032531738,0.008282661437988281,261.0,169.0,-92.0,30.414112091064453,18.375957489013672,-12.038154602050781,0.07142857142857142,0.16455696202531644,0.09312839059674502,0.0,0.0,0.0
558,mp3d/EU6Fwq7SyZv/EU6Fwq7SyZv.glb,0,0.0,0.0,0.0,0.0,0.0,0.0,0.0,0.0,0.0,0.01013001347987134,0.04234581072174258,0.032215797241871236,0.0,0.0,0.0,10.435905456542969,10.46792221069336,0.032016754150390625,275.0,281.0,6.0,33.16523742675781,29.794631958007812,-3.37060546875,0.03731343283582089,0.06611570247933884,0.028802269643517953,0.0,0.0,0.0
559,mp3d/Z6MFQCViBuw/Z6MFQCViBuw.glb,0,1.0,1.0,0.0,1.0,1.0,0.0,1.0,1.0,0.0,0.9946949726870986,0.9946949726870986,0.0,0.9946949726870986,0.9946949726870986,0.0,0.7939208745956421,0.7939208745956421,0.0,45.0,45.0,0.0,10.999999046325684,10.999999046325684,0.0,0.0,0.0,0.0,0.0,0.0,0.0
560,mp3d/Z6MFQCViBuw/Z6MFQCViBuw.glb,0,1.0,1.0,0.0,1.0,1.0,0.0,1.0,1.0,0.0,0.9946949726870986,0.9946949726870986,0.0,0.9946949726870986,0.9946949726870986,0.0,0.7939208745956421,0.7939208745956421,0.0,45.0,45.0,0.0,10.999999046325684,10.999999046325684,0.0,0.0,0.0,0.0,0.0,0.0,0.0
561,mp3d/Z6MFQCViBuw/Z6MFQCViBuw.glb,0,1.0,1.0,0.0,1.0,1.0,0.0,1.0,1.0,0.0,0.9946949726870986,0.9946949726870986,0.0,0.9946949726870986,0.9946949726870986,0.0,0.7939208745956421,0.7939208745956421,0.0,45.0,45.0,0.0,10.999999046325684,10.999999046325684,0.0,0.0,0.0,0.0,0.0,0.0,0.0
562,mp3d/X7HyMhZNoso/X7HyMhZNoso.glb,0,1.0,1.0,0.0,1.0,1.0,0.0,0.8879803739939298,0.9940245897687334,0.10604421577480361,0.9009836795677048,0.956212154509923,0.055228474942218275,0.9009836795677048,0.956212154509923,0.055228474942218275,0.4145870804786682,0.6806646585464478,0.26607757806777954,74.0,59.0,-15.0,11.713095664978027,10.463522911071777,-1.24957275390625,0.041666666666666664,0.046511627906976744,0.004844961240310079,0.0,0.0,0.0
563,mp3d/X7HyMhZNoso/X7HyMhZNoso.glb,0,1.0,1.0,0.0,1.0,1.0,0.0,0.9482924934192233,0.9482924934192233,0.0,0.6595771370798758,0.6595771370798758,0.0,0.6595771370798758,0.6595771370798758,0.0,0.8833051323890686,0.8833051323890686,0.0,63.0,63.0,0.0,10.968133926391602,10.968133926391602,0.0,0.08888888888888889,0.08888888888888889,0.0,0.0,0.0,0.0
564,mp3d/X7HyMhZNoso/X7HyMhZNoso.glb,0,0.0,0.0,0.0,0.0,0.0,0.0,0.0,0.0,0.0,0.24695027983579002,0.24695027983579002,0.0,0.0,0.0,0.0,6.4601263999938965,6.4601263999938965,0.0,37.0,37.0,0.0,7.55878210067749,7.55878210067749,0.0,0.1875,0.1875,0.0,0.0,0.0,0.0
565,mp3d/TbHJrupSAjP/TbHJrupSAjP.glb,0,1.0,0.0,-1.0,1.0,1.0,0.0,0.5555828971604788,0.0,-0.5555828971604788,0.4533134463162847,0.09196992940796245,-0.3613435169083222,0.4533134463162847,0.0,-0.4533134463162847,0.5995516180992126,3.341850996017456,2.7422993779182434,114.0,165.0,51.0,17.908926010131836,23.42464256286621,5.515716552734375,0.0641025641025641,0.04950495049504951,-0.01459761360751459,0.0,1.0,1.0
566,mp3d/TbHJrupSAjP/TbHJrupSAjP.glb,0,1.0,1.0,0.0,1.0,1.0,0.0,0.6211933282390952,0.4747207519367909,-0.1464725763023043,0.5762054670433776,0.42693568212522814,-0.14926978491814946,0.5762054670433776,0.42693568212522814,-0.14926978491814946,0.39403069019317627,1.3754304647445679,0.9813997745513916,116.0,163.0,47.0,16.017385482788086,20.95946502685547,4.942079544067383,0.07042253521126761,0.06593406593406594,-0.004488469277201673,0.0,0.0,0.0
567,mp3d/TbHJrupSAjP/TbHJrupSAjP.glb,0,1.0,1.0,0.0,1.0,1.0,0.0,0.583998856767729,0.6441781606392128,0.06017930387148385,0.16382188076178905,0.17641622647463873,0.012594345712849675,0.16382188076178905,0.17641622647463873,0.012594345712849675,0.26433315873146057,0.6670920848846436,0.402758926153183,102.0,90.0,-12.0,17.037521362304688,15.445871353149414,-1.5916500091552734,0.06666666666666667,0.07246376811594203,0.005797101449275366,0.0,0.0,0.0
568,mp3d/QUCTc6BB5sX/QUCTc6BB5sX.glb,0,1.0,1.0,0.0,1.0,1.0,0.0,0.979376218895999,0.979376218895999,0.0,0.8700197698304923,0.8700197698304923,0.0,0.8700197698304923,0.8700197698304923,0.0,0.7028203010559082,0.7028203010559082,0.0,64.0,64.0,0.0,10.587450981140137,10.587450981140137,0.0,0.10869565217391304,0.10869565217391304,0.0,0.0,0.0,0.0
569,mp3d/QUCTc6BB5sX/QUCTc6BB5sX.glb,0,1.0,1.0,0.0,1.0,1.0,0.0,0.9567838163882424,1.0,0.04321618361175761,0.8618367030991164,0.8629212808994828,0.0010845778003664153,0.8618367030991164,0.8629212808994828,0.0010845778003664153,0.4998137950897217,1.608864426612854,1.1090506315231323,63.0,54.0,-9.0,10.837450981140137,9.587450981140137,-1.25,0.10638297872340426,0.11904761904761904,0.012664640324214785,0.0,0.0,0.0
570,mp3d/QUCTc6BB5sX/QUCTc6BB5sX.glb,0,1.0,1.0,0.0,1.0,1.0,0.0,0.9567838163882424,0.9567838163882424,0.0,0.8618367030991164,0.8618367030991164,0.0,0.8618367030991164,0.8618367030991164,0.0,0.4998137950897217,0.4998137950897217,0.0,63.0,63.0,0.0,10.837450981140137,10.837450981140137,0.0,0.10638297872340426,0.10638297872340426,0.0,0.0,0.0,0.0
571,mp3d/zsNo4HB9uLZ/zsNo4HB9uLZ.glb,0,1.0,0.0,-1.0,1.0,0.0,-1.0,0.8875464045140156,0.0,-0.8875464045140156,0.868034912836694,0.7490370656448615,-0.11899784719183248,0.868034912836694,0.0,-0.868034912836694,2.8916854858398438,5.774657726287842,2.882972240447998,79.0,41.0,-38.0,11.75047779083252,7.5,-4.2504777908325195,0.0,0.0,0.0,0.0,0.0,0.0
572,mp3d/zsNo4HB9uLZ/zsNo4HB9uLZ.glb,0,0.0,0.0,0.0,0.0,0.0,0.0,0.0,0.0,0.0,0.5640116052380234,0.6896160951064157,0.12560448986839234,0.0,0.0,0.0,6.393346786499023,6.233468055725098,-0.15987873077392578,92.0,66.0,-26.0,12.5,10.25,-2.25,0.0,0.0,0.0,0.0,0.0,0.0
573,mp3d/zsNo4HB9uLZ/zsNo4HB9uLZ.glb,0,1.0,1.0,0.0,1.0,1.0,0.0,0.8022380830499269,1.0,0.19776191695007306,0.8879473159069543,0.9398070375518777,0.05185972164492336,0.8879473159069543,0.9398070375518777,0.05185972164492336,0.6128123998641968,1.3412638902664185,0.7284514904022217,83.0,50.0,-33.0,12.999999046325684,9.249999046325684,-3.75,0.0,0.0,0.0,0.0,0.0,0.0
574,mp3d/Z6MFQCViBuw/Z6MFQCViBuw.glb,0,0.0,0.0,0.0,0.0,0.0,0.0,0.0,0.0,0.0,0.04362691789527371,0.04362691789527371,0.0,0.0,0.0,0.0,20.71784782409668,20.71784782409668,0.0,45.0,45.0,0.0,11.063006401062012,11.063006401062012,0.0,0.0,0.0,0.0,0.0,0.0,0.0
575,mp3d/Z6MFQCViBuw/Z6MFQCViBuw.glb,0,0.0,0.0,0.0,0.0,0.0,0.0,0.0,0.0,0.0,0.028095968313582298,0.028095968313582298,0.0,0.0,0.0,0.0,21.944997787475586,21.944997787475586,0.0,51.0,51.0,0.0,12.313007354736328,12.313007354736328,0.0,0.0,0.0,0.0,0.0,0.0,0.0
576,mp3d/Z6MFQCViBuw/Z6MFQCViBuw.glb,0,1.0,1.0,0.0,1.0,1.0,0.0,0.844213580475307,0.844213580475307,0.0,0.8786867010087617,0.8786867010087617,0.0,0.8786867010087617,0.8786867010087617,0.0,1.5604486465454102,1.5604486465454102,0.0,66.0,66.0,0.0,12.15556526184082,12.15556526184082,0.0,0.04081632653061224,0.04081632653061224,0.0,0.0,0.0,0.0
577,mp3d/QUCTc6BB5sX/QUCTc6BB5sX.glb,0,0.0,0.0,0.0,0.0,0.0,0.0,0.0,0.0,0.0,0.03321988252600937,0.07193687570363035,0.03871699317762098,0.0,0.0,0.0,8.198033332824707,8.337841033935547,0.13980770111083984,224.0,206.0,-18.0,39.997764587402344,36.750003814697266,-3.247760772705078,0.012422360248447204,0.0,-0.012422360248447204,0.0,0.0,0.0
578,mp3d/QUCTc6BB5sX/QUCTc6BB5sX.glb,0,0.0,0.0,0.0,0.0,0.0,0.0,0.0,0.0,0.0,0.003298731386135393,0.0009661882901131141,-0.002332543096022279,0.0,0.0,0.0,8.426644325256348,28.94453239440918,20.517888069152832,194.0,146.0,-48.0,37.50221633911133,25.24774932861328,-12.254467010498047,0.013245033112582781,0.0196078431372549,0.00636281002467212,0.0,0.0,0.0
579,mp3d/QUCTc6BB5sX/QUCTc6BB5sX.glb,0,0.0,0.0,0.0,0.0,0.0,0.0,0.0,0.0,0.0,0.49182780750344485,0.49182780750344485,0.0,0.0,0.0,0.0,8.218578338623047,8.218578338623047,0.0,50.0,50.0,0.0,8.25000286102295,8.25000286102295,0.0,0.0,0.0,0.0,0.0,0.0,0.0
580,mp3d/TbHJrupSAjP/TbHJrupSAjP.glb,0,1.0,1.0,0.0,1.0,1.0,0.0,1.0,0.9097528900038241,-0.09024710999617591,0.8967206382890884,0.9055130378344389,0.008792399545350493,0.8967206382890884,0.9055130378344389,0.008792399545350493,1.0142945051193237,0.2443668395280838,-0.7699276655912399,43.0,46.0,3.0,7.759970664978027,8.549068450927734,0.789097785949707,0.0,0.0,0.0,0.0,0.0,0.0
581,mp3d/TbHJrupSAjP/TbHJrupSAjP.glb,0,1.0,1.0,0.0,1.0,1.0,0.0,0.9097528900038241,0.9097528900038241,0.0,0.9055130378344389,0.9055130378344389,0.0,0.9055130378344389,0.9055130378344389,0.0,0.2443668395280838,0.2443668395280838,0.0,46.0,46.0,0.0,8.549068450927734,8.549068450927734,0.0,0.0,0.0,0.0,0.0,0.0,0.0
582,mp3d/TbHJrupSAjP/TbHJrupSAjP.glb,0,1.0,1.0,0.0,1.0,1.0,0.0,0.9097528900038241,0.9097528900038241,0.0,0.9055130378344389,0.9055130378344389,0.0,0.9055130378344389,0.9055130378344389,0.0,0.2443668395280838,0.2443668395280838,0.0,46.0,46.0,0.0,8.549068450927734,8.549068450927734,0.0,0.0,0.0,0.0,0.0,0.0,0.0
583,mp3d/x8F5xyUWy9e/x8F5xyUWy9e.glb,0,1.0,1.0,0.0,1.0,1.0,0.0,1.0,1.0,0.0,0.9363559005922972,0.8896129988411401,-0.04674290175115714,0.9363559005922972,0.8896129988411401,-0.04674290175115714,1.4099353551864624,2.451939582824707,1.0420042276382446,47.0,40.0,-7.0,8.75027084350586,7.500269889831543,-1.2500009536743164,0.0,0.0,0.0,0.0,0.0,0.0
584,mp3d/x8F5xyUWy9e/x8F5xyUWy9e.glb,0,1.0,1.0,0.0,1.0,1.0,0.0,1.0,1.0,0.0,0.929070201662565,0.929070201662565,0.0,0.929070201662565,0.929070201662565,0.0,1.0180904865264893,1.0180904865264893,0.0,59.0,59.0,0.0,9.75027084350586,9.75027084350586,0.0,0.0,0.0,0.0,0.0,0.0,0.0
585,mp3d/x8F5xyUWy9e/x8F5xyUWy9e.glb,0,1.0,1.0,0.0,1.0,1.0,0.0,0.9604350727765221,0.9604350727765221,0.0,0.6409166030649261,0.6409166030649261,0.0,0.6409166030649261,0.6409166030649261,0.0,1.7985317707061768,1.7985317707061768,0.0,61.0,61.0,0.0,10.249999046325684,10.249999046325684,0.0,0.0,0.0,0.0,0.0,0.0,0.0
586,mp3d/Z6MFQCViBuw/Z6MFQCViBuw.glb,0,0.0,0.0,0.0,0.0,0.0,0.0,0.0,0.0,0.0,0.0500134050320674,0.0500134050320674,0.0,0.0,0.0,0.0,13.752117156982422,13.752117156982422,0.0,41.0,41.0,0.0,8.845749855041504,8.845749855041504,0.0,0.0,0.0,0.0,0.0,0.0,0.0
587,mp3d/Z6MFQCViBuw/Z6MFQCViBuw.glb,0,0.0,0.0,0.0,0.0,0.0,0.0,0.0,0.0,0.0,0.0500134050320674,0.0500134050320674,0.0,0.0,0.0,0.0,13.752117156982422,13.752117156982422,0.0,41.0,41.0,0.0,8.845749855041504,8.845749855041504,0.0,0.0,0.0,0.0,0.0,0.0,0.0
588,mp3d/Z6MFQCViBuw/Z6MFQCViBuw.glb,0,0.0,0.0,0.0,1.0,1.0,0.0,0.0,0.0,0.0,0.19580882844688766,0.19580882844688766,0.0,0.0,0.0,0.0,5.4515485763549805,5.4515485763549805,0.0,101.0,101.0,0.0,14.749637603759766,14.749637603759766,0.0,0.0,0.0,0.0,1.0,1.0,0.0
589,mp3d/TbHJrupSAjP/TbHJrupSAjP.glb,0,1.0,1.0,0.0,1.0,1.0,0.0,1.0,1.0,0.0,0.8399095428312001,0.8399095428312001,0.0,0.8399095428312001,0.8399095428312001,0.0,2.6302804946899414,2.6302804946899414,0.0,38.0,38.0,0.0,6.054327964782715,6.054327964782715,0.0,0.04,0.04,0.0,0.0,0.0,0.0
590,mp3d/TbHJrupSAjP/TbHJrupSAjP.glb,0,1.0,1.0,0.0,1.0,1.0,0.0,0.8665237995919793,0.8665237995919793,0.0,0.9075305805755385,0.9075305805755385,0.0,0.9075305805755385,0.9075305805755385,0.0,0.5468302369117737,0.5468302369117737,0.0,61.0,61.0,0.0,9.666215896606445,9.666215896606445,0.0,0.02564102564102564,0.02564102564102564,0.0,0.0,0.0,0.0
591,mp3d/TbHJrupSAjP/TbHJrupSAjP.glb,0,1.0,1.0,0.0,1.0,1.0,0.0,1.0,1.0,0.0,0.9265689240563633,0.9265689240563633,0.0,0.9265689240563633,0.9265689240563633,0.0,0.7246575951576233,0.7246575951576233,0.0,50.0,50.0,0.0,8.339072227478027,8.339072227478027,0.0,0.029411764705882353,0.029411764705882353,0.0,0.0,0.0,0.0
592,mp3d/Z6MFQCViBuw/Z6MFQCViBuw.glb,0,0.0,0.0,0.0,1.0,0.0,-1.0,0.0,0.0,0.0,0.010150022329853492,7.606147685019766e-05,-0.010073960853003295,0.0,0.0,0.0,3.879040479660034,17.30706024169922,13.428019762039185,335.0,253.0,-82.0,44.22126007080078,28.546669006347656,-15.674591064453125,0.011363636363636364,0.042735042735042736,0.03137140637140637,1.0,0.0,-1.0
593,mp3d/Z6MFQCViBuw/Z6MFQCViBuw.glb,0,1.0,1.0,0.0,1.0,1.0,0.0,0.3135759498387551,0.29613529844711856,-0.01744065139163653,0.18107349254191388,0.1576438753462856,-0.023429617195628277,0.18107349254191388,0.1576438753462856,-0.023429617195628277,0.6537958979606628,0.43271157145500183,-0.221084326505661,173.0,197.0,24.0,24.314289093017578,25.746259689331055,1.4319705963134766,0.0,0.028846153846153848,0.028846153846153848,0.0,0.0,0.0
594,mp3d/Z6MFQCViBuw/Z6MFQCViBuw.glb,0,0.0,0.0,0.0,0.0,0.0,0.0,0.0,0.0,0.0,0.030665759167325585,0.030665759167325585,0.0,0.0,0.0,0.0,17.28720474243164,17.28720474243164,0.0,72.0,72.0,0.0,12.420343399047852,12.420343399047852,0.0,0.0,0.0,0.0,0.0,0.0,0.0
595,mp3d/TbHJrupSAjP/TbHJrupSAjP.glb,0,1.0,1.0,0.0,1.0,1.0,0.0,1.0,1.0,0.0,0.8591173128259906,0.8591173128259906,0.0,0.8591173128259906,0.8591173128259906,0.0,2.21182918548584,2.21182918548584,0.0,41.0,41.0,0.0,7.750000953674316,7.750000953674316,0.0,0.0,0.0,0.0,0.0,0.0,0.0
596,mp3d/TbHJrupSAjP/TbHJrupSAjP.glb,0,1.0,1.0,0.0,1.0,1.0,0.0,1.0,1.0,0.0,0.818248196465185,0.818248196465185,0.0,0.818248196465185,0.818248196465185,0.0,2.7137274742126465,2.7137274742126465,0.0,39.0,39.0,0.0,7.500001430511475,7.500001430511475,0.0,0.0,0.0,0.0,0.0,0.0,0.0
597,mp3d/TbHJrupSAjP/TbHJrupSAjP.glb,0,1.0,1.0,0.0,1.0,1.0,0.0,1.0,1.0,0.0,0.8591173128259906,0.8591173128259906,0.0,0.8591173128259906,0.8591173128259906,0.0,2.21182918548584,2.21182918548584,0.0,41.0,41.0,0.0,7.750000953674316,7.750000953674316,0.0,0.0,0.0,0.0,0.0,0.0,0.0
598,mp3d/X7HyMhZNoso/X7HyMhZNoso.glb,0,1.0,1.0,0.0,1.0,1.0,0.0,1.0,1.0,0.0,0.916921061149129,0.916921061149129,0.0,0.916921061149129,0.916921061149129,0.0,1.211596131324768,1.211596131324768,0.0,40.0,40.0,0.0,6.499998569488525,6.499998569488525,0.0,0.0,0.0,0.0,0.0,0.0,0.0
599,mp3d/X7HyMhZNoso/X7HyMhZNoso.glb,0,1.0,1.0,0.0,1.0,1.0,0.0,1.0,1.0,0.0,0.937454546277018,0.937454546277018,0.0,0.937454546277018,0.937454546277018,0.0,0.9297240376472473,0.9297240376472473,0.0,37.0,37.0,0.0,6.249999523162842,6.249999523162842,0.0,0.0,0.0,0.0,0.0,0.0,0.0
600,mp3d/X7HyMhZNoso/X7HyMhZNoso.glb,0,1.0,1.0,0.0,1.0,1.0,0.0,1.0,1.0,0.0,0.937454546277018,0.937454546277018,0.0,0.937454546277018,0.937454546277018,0.0,0.9297240376472473,0.9297240376472473,0.0,37.0,37.0,0.0,6.249999523162842,6.249999523162842,0.0,0.0,0.0,0.0,0.0,0.0,0.0
601,mp3d/X7HyMhZNoso/X7HyMhZNoso.glb,0,1.0,1.0,0.0,1.0,1.0,0.0,0.9774610678730615,0.9774610678730615,0.0,0.9383660657370875,0.9383660657370875,0.0,0.9383660657370875,0.9383660657370875,0.0,0.7983556985855103,0.7983556985855103,0.0,60.0,60.0,0.0,9.999499320983887,9.999499320983887,0.0,0.11904761904761904,0.11904761904761904,0.0,0.0,0.0,0.0
602,mp3d/X7HyMhZNoso/X7HyMhZNoso.glb,0,1.0,1.0,0.0,1.0,1.0,0.0,0.9774610678730615,0.9774610678730615,0.0,0.9383660657370875,0.9383660657370875,0.0,0.9383660657370875,0.9383660657370875,0.0,0.7983556985855103,0.7983556985855103,0.0,60.0,60.0,0.0,9.999499320983887,9.999499320983887,0.0,0.11904761904761904,0.11904761904761904,0.0,0.0,0.0,0.0
603,mp3d/X7HyMhZNoso/X7HyMhZNoso.glb,0,1.0,1.0,0.0,1.0,1.0,0.0,0.9774610678730615,0.9774610678730615,0.0,0.9383660657370875,0.9383660657370875,0.0,0.9383660657370875,0.9383660657370875,0.0,0.7983556985855103,0.7983556985855103,0.0,60.0,60.0,0.0,9.999499320983887,9.999499320983887,0.0,0.11904761904761904,0.11904761904761904,0.0,0.0,0.0,0.0
604,mp3d/X7HyMhZNoso/X7HyMhZNoso.glb,0,1.0,1.0,0.0,1.0,1.0,0.0,1.0,1.0,0.0,0.9157012638342643,0.9451647164680155,0.029463452633751164,0.9157012638342643,0.9451647164680155,0.029463452633751164,1.5797975063323975,0.8935678005218506,-0.6862297058105469,35.0,41.0,6.0,6.785970687866211,7.788825035095215,1.002854347229004,0.0,0.0,0.0,0.0,0.0,0.0
605,mp3d/X7HyMhZNoso/X7HyMhZNoso.glb,0,1.0,1.0,0.0,1.0,1.0,0.0,0.9175194629835473,0.9175194629835473,0.0,0.9136136192408256,0.9136136192408256,0.0,0.9136136192408256,0.9136136192408256,0.0,1.7116755247116089,1.7116755247116089,0.0,44.0,44.0,0.0,8.789020538330078,8.789020538330078,0.0,0.0,0.0,0.0,0.0,0.0,0.0
606,mp3d/X7HyMhZNoso/X7HyMhZNoso.glb,0,1.0,1.0,0.0,1.0,1.0,0.0,0.8004394370260955,0.8004394370260955,0.0,0.9051305965544626,0.9051305965544626,0.0,0.9051305965544626,0.9051305965544626,0.0,1.2853883504867554,1.2853883504867554,0.0,57.0,57.0,0.0,10.07458782196045,10.07458782196045,0.0,0.0,0.0,0.0,0.0,0.0,0.0
607,mp3d/QUCTc6BB5sX/QUCTc6BB5sX.glb,0,0.0,0.0,0.0,0.0,0.0,0.0,0.0,0.0,0.0,0.0015898765585776501,3.494729123328359e-05,-0.0015549292673443665,0.0,0.0,0.0,13.4445219039917,15.041853904724121,1.5973320007324219,309.0,286.0,-23.0,37.165462493896484,44.968055725097656,7.802593231201172,0.02,0.0055248618784530384,-0.014475138121546962,0.0,0.0,0.0
608,mp3d/QUCTc6BB5sX/QUCTc6BB5sX.glb,0,1.0,1.0,0.0,1.0,1.0,0.0,0.8658866908148967,0.8658866908148967,0.0,0.9271933228719619,0.9271933228719619,0.0,0.9271933228719619,0.9271933228719619,0.0,0.9665718674659729,0.9665718674659729,0.0,58.0,58.0,0.0,10.51185417175293,10.51185417175293,0.0,0.0,0.0,0.0,0.0,0.0,0.0
609,mp3d/QUCTc6BB5sX/QUCTc6BB5sX.glb,0,1.0,1.0,0.0,1.0,1.0,0.0,0.8658866908148967,0.8105518990678611,-0.055334791747035594,0.9271933228719619,0.8602922244177498,-0.0669010984542121,0.9271933228719619,0.8602922244177498,-0.0669010984542121,0.9665718674659729,1.1396578550338745,0.1730859875679016,58.0,65.0,7.0,10.51185417175293,11.229477882385254,0.7176237106323242,0.0,0.08695652173913043,0.08695652173913043,0.0,0.0,0.0
610,mp3d/Z6MFQCViBuw/Z6MFQCViBuw.glb,0,0.0,1.0,1.0,1.0,1.0,0.0,0.0,1.0,1.0,0.41994364171916987,0.9214252927392318,0.5014816510200619,0.0,0.9214252927392318,0.9214252927392318,3.9423365592956543,0.5840959548950195,-3.3582406044006348,106.0,54.0,-52.0,17.22816276550293,9.342597007751465,-7.885565757751465,0.0,0.0,0.0,1.0,0.0,-1.0
611,mp3d/Z6MFQCViBuw/Z6MFQCViBuw.glb,0,1.0,1.0,0.0,1.0,1.0,0.0,1.0,1.0,0.0,0.8830496134095756,0.8830496134095756,0.0,0.8830496134095756,0.8830496134095756,0.0,2.0482699871063232,2.0482699871063232,0.0,48.0,48.0,0.0,7.83880090713501,7.83880090713501,0.0,0.0,0.0,0.0,0.0,0.0,0.0
612,mp3d/Z6MFQCViBuw/Z6MFQCViBuw.glb,0,1.0,1.0,0.0,1.0,1.0,0.0,1.0,1.0,0.0,0.9214252927392318,0.9214252927392318,0.0,0.9214252927392318,0.9214252927392318,0.0,0.5840959548950195,0.5840959548950195,0.0,54.0,54.0,0.0,9.342597007751465,9.342597007751465,0.0,0.0,0.0,0.0,0.0,0.0,0.0
613,mp3d/X7HyMhZNoso/X7HyMhZNoso.glb,0,1.0,1.0,0.0,1.0,1.0,0.0,1.0,1.0,0.0,0.9433672941463233,0.9433672941463233,0.0,0.9433672941463233,0.9433672941463233,0.0,0.9427432417869568,0.9427432417869568,0.0,51.0,51.0,0.0,6.7967119216918945,6.7967119216918945,0.0,0.0,0.0,0.0,0.0,0.0,0.0
614,mp3d/X7HyMhZNoso/X7HyMhZNoso.glb,0,1.0,1.0,0.0,1.0,1.0,0.0,1.0,1.0,0.0,0.9433672941463233,0.9433672941463233,0.0,0.9433672941463233,0.9433672941463233,0.0,0.9427432417869568,0.9427432417869568,0.0,51.0,51.0,0.0,6.7967119216918945,6.7967119216918945,0.0,0.0,0.0,0.0,0.0,0.0,0.0
615,mp3d/X7HyMhZNoso/X7HyMhZNoso.glb,0,1.0,1.0,0.0,1.0,1.0,0.0,1.0,1.0,0.0,0.9433672941463233,0.9433672941463233,0.0,0.9433672941463233,0.9433672941463233,0.0,0.9427432417869568,0.9427432417869568,0.0,51.0,51.0,0.0,6.7967119216918945,6.7967119216918945,0.0,0.0,0.0,0.0,0.0,0.0,0.0
616,mp3d/X7HyMhZNoso/X7HyMhZNoso.glb,0,1.0,1.0,0.0,1.0,1.0,0.0,0.9736514866170745,0.9736514866170745,0.0,0.9101270651096379,0.9101270651096379,0.0,0.9101270651096379,0.9101270651096379,0.0,2.3237221240997314,2.3237221240997314,0.0,54.0,54.0,0.0,9.531309127807617,9.531309127807617,0.0,0.0,0.0,0.0,0.0,0.0,0.0
617,mp3d/X7HyMhZNoso/X7HyMhZNoso.glb,0,1.0,1.0,0.0,1.0,1.0,0.0,0.8211473976813203,0.8211473976813203,0.0,0.77125599993133,0.77125599993133,0.0,0.77125599993133,0.77125599993133,0.0,2.4616386890411377,2.4616386890411377,0.0,79.0,79.0,0.0,11.301470756530762,11.301470756530762,0.0,0.0,0.0,0.0,0.0,0.0,0.0
618,mp3d/X7HyMhZNoso/X7HyMhZNoso.glb,0,1.0,1.0,0.0,1.0,1.0,0.0,0.467166813539943,0.9736514866170745,0.5064846730771315,0.6504666211381401,0.9101270651096379,0.2596604439714978,0.6504666211381401,0.9101270651096379,0.2596604439714978,0.4874080717563629,2.3237221240997314,1.8363140523433685,158.0,54.0,-104.0,19.864795684814453,9.531309127807617,-10.333486557006836,0.0,0.0,0.0,0.0,0.0,0.0
619,mp3d/EU6Fwq7SyZv/EU6Fwq7SyZv.glb,0,1.0,1.0,0.0,1.0,1.0,0.0,0.7139929749558588,0.7139929749558588,0.0,0.8770980350442258,0.8770980350442258,0.0,0.8770980350442258,0.8770980350442258,0.0,1.268246054649353,1.268246054649353,0.0,68.0,68.0,0.0,8.176976203918457,8.176976203918457,0.0,0.029411764705882353,0.029411764705882353,0.0,0.0,0.0,0.0
620,mp3d/EU6Fwq7SyZv/EU6Fwq7SyZv.glb,0,1.0,1.0,0.0,1.0,1.0,0.0,0.9327372782495836,0.9327372782495836,0.0,0.9460512180848797,0.9460512180848797,0.0,0.9460512180848797,0.9460512180848797,0.0,0.11336493492126465,0.11336493492126465,0.0,42.0,42.0,0.0,6.259322643280029,6.259322643280029,0.0,0.0,0.0,0.0,0.0,0.0,0.0
621,mp3d/EU6Fwq7SyZv/EU6Fwq7SyZv.glb,0,1.0,1.0,0.0,1.0,1.0,0.0,0.9474775572250425,0.9474775572250425,0.0,0.9422845269358474,0.9422845269358474,0.0,0.9422845269358474,0.9422845269358474,0.0,0.8188127279281616,0.8188127279281616,0.0,60.0,60.0,0.0,6.1619439125061035,6.1619439125061035,0.0,0.038461538461538464,0.038461538461538464,0.0,0.0,0.0,0.0
622,mp3d/2azQ1b91cZZ/2azQ1b91cZZ.glb,0,1.0,1.0,0.0,1.0,1.0,0.0,0.8124273285542256,0.8124273285542256,0.0,0.7623316593207706,0.7623316593207706,0.0,0.7623316593207706,0.7623316593207706,0.0,0.9897605776786804,0.9897605776786804,0.0,77.0,77.0,0.0,13.615211486816406,13.615211486816406,0.0,0.0,0.0,0.0,0.0,0.0,0.0
623,mp3d/2azQ1b91cZZ/2azQ1b91cZZ.glb,0,1.0,1.0,0.0,1.0,1.0,0.0,0.5942111036610007,0.5639177878151381,-0.03029331584586259,0.6649075391000767,0.5278123368429085,-0.1370952022571682,0.6649075391000767,0.5278123368429085,-0.1370952022571682,0.838261067867279,2.120114803314209,1.28185373544693,115.0,114.0,-1.0,18.615219116210938,19.615217208862305,0.9999980926513672,0.0,0.0,0.0,0.0,0.0,0.0
624,mp3d/2azQ1b91cZZ/2azQ1b91cZZ.glb,0,1.0,1.0,0.0,1.0,1.0,0.0,1.0,1.0,0.0,0.9471206646281277,0.9471206646281277,0.0,0.9471206646281277,0.9471206646281277,0.0,1.2892556190490723,1.2892556190490723,0.0,51.0,51.0,0.0,10.365215301513672,10.365215301513672,0.0,0.0,0.0,0.0,0.0,0.0,0.0
625,mp3d/Z6MFQCViBuw/Z6MFQCViBuw.glb,0,1.0,1.0,0.0,1.0,1.0,0.0,0.9697054898617756,0.9697054898617756,0.0,0.9328064196282542,0.9328064196282542,0.0,0.9328064196282542,0.9328064196282542,0.0,0.13319429755210876,0.13319429755210876,0.0,39.0,39.0,0.0,8.500005722045898,8.500005722045898,0.0,0.0,0.0,0.0,0.0,0.0,0.0
626,mp3d/Z6MFQCViBuw/Z6MFQCViBuw.glb,0,1.0,1.0,0.0,1.0,1.0,0.0,0.9697054898617756,0.9697054898617756,0.0,0.9328064196282542,0.9328064196282542,0.0,0.9328064196282542,0.9328064196282542,0.0,0.13319429755210876,0.13319429755210876,0.0,39.0,39.0,0.0,8.500005722045898,8.500005722045898,0.0,0.0,0.0,0.0,0.0,0.0,0.0
627,mp3d/Z6MFQCViBuw/Z6MFQCViBuw.glb,0,1.0,1.0,0.0,1.0,1.0,0.0,0.9697054898617756,0.9697054898617756,0.0,0.9328064196282542,0.9328064196282542,0.0,0.9328064196282542,0.9328064196282542,0.0,0.13319429755210876,0.13319429755210876,0.0,39.0,39.0,0.0,8.500005722045898,8.500005722045898,0.0,0.0,0.0,0.0,0.0,0.0,0.0
628,mp3d/zsNo4HB9uLZ/zsNo4HB9uLZ.glb,0,1.0,1.0,0.0,1.0,1.0,0.0,0.8759975107120673,0.8759975107120673,0.0,0.9235663931816078,0.9235663931816078,0.0,0.9235663931816078,0.9235663931816078,0.0,0.6339600086212158,0.6339600086212158,0.0,49.0,49.0,0.0,7.249998092651367,7.249998092651367,0.0,0.0,0.0,0.0,0.0,0.0,0.0
629,mp3d/zsNo4HB9uLZ/zsNo4HB9uLZ.glb,0,1.0,1.0,0.0,1.0,1.0,0.0,0.8759975107120673,0.8759975107120673,0.0,0.9235663931816078,0.9235663931816078,0.0,0.9235663931816078,0.9235663931816078,0.0,0.6339600086212158,0.6339600086212158,0.0,49.0,49.0,0.0,7.249998092651367,7.249998092651367,0.0,0.0,0.0,0.0,0.0,0.0,0.0
630,mp3d/zsNo4HB9uLZ/zsNo4HB9uLZ.glb,0,1.0,1.0,0.0,1.0,1.0,0.0,0.8759975107120673,0.8759975107120673,0.0,0.9235663931816078,0.9235663931816078,0.0,0.9235663931816078,0.9235663931816078,0.0,0.6339600086212158,0.6339600086212158,0.0,49.0,49.0,0.0,7.249998092651367,7.249998092651367,0.0,0.0,0.0,0.0,0.0,0.0,0.0
631,mp3d/x8F5xyUWy9e/x8F5xyUWy9e.glb,0,0.0,0.0,0.0,1.0,1.0,0.0,0.0,0.0,0.0,0.12804372262841787,0.12804372262841787,0.0,0.0,0.0,0.0,8.431022644042969,8.431022644042969,0.0,91.0,91.0,0.0,14.604634284973145,14.604634284973145,0.0,0.1,0.1,0.0,1.0,1.0,0.0
632,mp3d/x8F5xyUWy9e/x8F5xyUWy9e.glb,0,0.0,0.0,0.0,1.0,1.0,0.0,0.0,0.0,0.0,0.39437660594080404,0.39437660594080404,0.0,0.0,0.0,0.0,4.8183441162109375,4.8183441162109375,0.0,68.0,68.0,0.0,10.555140495300293,10.555140495300293,0.0,0.11363636363636363,0.11363636363636363,0.0,1.0,1.0,0.0
633,mp3d/x8F5xyUWy9e/x8F5xyUWy9e.glb,0,1.0,1.0,0.0,1.0,1.0,0.0,0.15960931164934408,0.9491258428242819,0.7895165311749378,0.04766860195648869,0.9160626872637195,0.8683940853072308,0.04766860195648869,0.9160626872637195,0.8683940853072308,0.15394710004329681,0.15694348514080048,0.002996385097503662,278.0,37.0,-241.0,31.547325134277344,5.305141448974609,-26.242183685302734,0.046875,0.21739130434782608,0.17051630434782608,0.0,0.0,0.0
634,mp3d/X7HyMhZNoso/X7HyMhZNoso.glb,0,0.0,0.0,0.0,0.0,0.0,0.0,0.0,0.0,0.0,0.2570610129448765,0.2570610129448765,0.0,0.0,0.0,0.0,4.653032302856445,4.653032302856445,0.0,52.0,52.0,0.0,7.427518844604492,7.427518844604492,0.0,0.0625,0.0625,0.0,0.0,0.0,0.0
635,mp3d/X7HyMhZNoso/X7HyMhZNoso.glb,0,1.0,1.0,0.0,1.0,1.0,0.0,0.8508147256422545,0.8508147256422545,0.0,0.838868605929744,0.838868605929744,0.0,0.838868605929744,0.838868605929744,0.0,1.9461406469345093,1.9461406469345093,0.0,83.0,83.0,0.0,13.231331825256348,13.231331825256348,0.0,0.01818181818181818,0.01818181818181818,0.0,0.0,0.0,0.0
636,mp3d/X7HyMhZNoso/X7HyMhZNoso.glb,0,1.0,0.0,-1.0,1.0,0.0,-1.0,0.8508147256422545,0.0,-0.8508147256422545,0.838868605929744,0.1539068846316276,-0.6849617212981164,0.838868605929744,0.0,-0.838868605929744,1.9461406469345093,8.548914909362793,6.602774262428284,83.0,183.0,100.0,13.231331825256348,20.870702743530273,7.639370918273926,0.01818181818181818,0.2111111111111111,0.19292929292929292,0.0,0.0,0.0
637,mp3d/EU6Fwq7SyZv/EU6Fwq7SyZv.glb,0,1.0,1.0,0.0,1.0,1.0,0.0,0.9562016867390702,0.9562016867390702,0.0,0.9054942885913806,0.9054942885913806,0.0,0.9054942885913806,0.9054942885913806,0.0,0.4754483103752136,0.4754483103752136,0.0,74.0,74.0,0.0,12.248044967651367,12.248044967651367,0.0,0.0,0.0,0.0,0.0,0.0,0.0
638,mp3d/EU6Fwq7SyZv/EU6Fwq7SyZv.glb,0,1.0,1.0,0.0,1.0,1.0,0.0,0.9573937506115023,0.9573937506115023,0.0,0.8011436091246418,0.8011436091246418,0.0,0.8011436091246418,0.8011436091246418,0.0,2.4158694744110107,2.4158694744110107,0.0,64.0,64.0,0.0,12.232794761657715,12.232794761657715,0.0,0.0,0.0,0.0,0.0,0.0,0.0
639,mp3d/EU6Fwq7SyZv/EU6Fwq7SyZv.glb,0,1.0,1.0,0.0,1.0,1.0,0.0,0.9573937506115023,1.0,0.04260624938849766,0.8011436091246418,0.8141162538591008,0.012972644734459027,0.8011436091246418,0.8141162538591008,0.012972644734459027,2.4158694744110107,2.9434890747070312,0.5276196002960205,64.0,54.0,-10.0,12.232794761657715,9.982673645019531,-2.2501211166381836,0.0,0.0,0.0,0.0,0.0,0.0
640,mp3d/x8F5xyUWy9e/x8F5xyUWy9e.glb,0,1.0,1.0,0.0,1.0,1.0,0.0,0.9783408740227632,0.9783408740227632,0.0,0.8871883577950371,0.8871883577950371,0.0,0.8871883577950371,0.8871883577950371,0.0,0.8157743215560913,0.8157743215560913,0.0,46.0,46.0,0.0,7.951723575592041,7.951723575592041,0.0,0.15151515151515152,0.15151515151515152,0.0,0.0,0.0,0.0
641,mp3d/x8F5xyUWy9e/x8F5xyUWy9e.glb,0,1.0,1.0,0.0,1.0,1.0,0.0,0.9783408740227632,0.9783408740227632,0.0,0.8871883577950371,0.8871883577950371,0.0,0.8871883577950371,0.8871883577950371,0.0,0.8157743215560913,0.8157743215560913,0.0,46.0,46.0,0.0,7.951723575592041,7.951723575592041,0.0,0.15151515151515152,0.15151515151515152,0.0,0.0,0.0,0.0
642,mp3d/x8F5xyUWy9e/x8F5xyUWy9e.glb,0,0.0,0.0,0.0,0.0,0.0,0.0,0.0,0.0,0.0,0.362096043146029,0.3434217201646384,-0.0186743229813906,0.0,0.0,0.0,9.811882972717285,9.814833641052246,0.0029506683349609375,79.0,84.0,5.0,11.848397254943848,12.396451950073242,0.5480546951293945,0.0625,0.06,-0.0025000000000000022,0.0,0.0,0.0
643,mp3d/2azQ1b91cZZ/2azQ1b91cZZ.glb,0,0.0,0.0,0.0,1.0,0.0,-1.0,0.0,0.0,0.0,0.037376703941549225,0.12626716812158514,0.08889046418003592,0.0,0.0,0.0,10.601547241210938,7.944520950317383,-2.6570262908935547,203.0,120.0,-83.0,33.33845520019531,18.088455200195312,-15.25,0.0,0.0,0.0,1.0,0.0,-1.0
644,mp3d/2azQ1b91cZZ/2azQ1b91cZZ.glb,0,1.0,1.0,0.0,1.0,1.0,0.0,0.5097531004626031,0.5097531004626031,0.0,0.5810184633754569,0.5810184633754569,0.0,0.5810184633754569,0.5810184633754569,0.0,1.3352315425872803,1.3352315425872803,0.0,150.0,150.0,0.0,20.088459014892578,20.088459014892578,0.0,0.0,0.0,0.0,0.0,0.0,0.0
645,mp3d/2azQ1b91cZZ/2azQ1b91cZZ.glb,0,0.0,0.0,0.0,0.0,0.0,0.0,0.0,0.0,0.0,0.2068848458872227,0.2781645973731962,0.07127975148597351,0.0,0.0,0.0,10.889945030212402,9.093402862548828,-1.7965421676635742,50.0,38.0,-12.0,9.338452339172363,7.838449478149414,-1.5000028610229492,0.0,0.0,0.0,0.0,0.0,0.0
646,mp3d/QUCTc6BB5sX/QUCTc6BB5sX.glb,0,1.0,0.0,-1.0,1.0,0.0,-1.0,1.0,0.0,-1.0,0.8686306999860354,0.8099897873838486,-0.058640912602186734,0.8686306999860354,0.0,-0.8686306999860354,2.551133155822754,3.618654727935791,1.067521572113037,59.0,52.0,-7.0,8.78969669342041,7.534838676452637,-1.2548580169677734,0.0,0.0,0.0,0.0,0.0,0.0
647,mp3d/QUCTc6BB5sX/QUCTc6BB5sX.glb,0,1.0,1.0,0.0,1.0,1.0,0.0,0.7466618021172687,0.7466618021172687,0.0,0.6145520658286181,0.6145520658286181,0.0,0.6145520658286181,0.6145520658286181,0.0,2.508237361907959,2.508237361907959,0.0,107.0,107.0,0.0,14.42896842956543,14.42896842956543,0.0,0.0,0.0,0.0,0.0,0.0,0.0
648,mp3d/QUCTc6BB5sX/QUCTc6BB5sX.glb,0,1.0,1.0,0.0,1.0,1.0,0.0,1.0,1.0,0.0,0.852757689134391,0.852757689134391,0.0,0.852757689134391,0.852757689134391,0.0,2.675067901611328,2.675067901611328,0.0,61.0,61.0,0.0,9.040395736694336,9.040395736694336,0.0,0.0,0.0,0.0,0.0,0.0,0.0
649,mp3d/pLe4wQe7qrG/pLe4wQe7qrG.glb,0,1.0,1.0,0.0,1.0,1.0,0.0,0.4460102565915224,0.2998983162767389,-0.14611194031478347,0.07589529314353613,0.04331310403520408,-0.03258218910833205,0.07589529314353613,0.04331310403520408,-0.03258218910833205,2.039231538772583,1.8224841356277466,-0.21674740314483643,101.0,200.0,99.0,11.439712524414062,17.01319694519043,5.573484420776367,0.2962962962962963,0.6025641025641025,0.30626780626780625,0.0,0.0,0.0
650,mp3d/pLe4wQe7qrG/pLe4wQe7qrG.glb,0,1.0,1.0,0.0,1.0,1.0,0.0,0.6376574723707487,0.6376574723707487,0.0,0.4881301734868984,0.4881301734868984,0.0,0.4881301734868984,0.4881301734868984,0.0,1.9490326642990112,1.9490326642990112,0.0,56.0,56.0,0.0,8.001520156860352,8.001520156860352,0.0,0.0,0.0,0.0,0.0,0.0,0.0
651,mp3d/pLe4wQe7qrG/pLe4wQe7qrG.glb,0,1.0,1.0,0.0,1.0,1.0,0.0,0.7847748479520047,0.7847748479520047,0.0,0.5599208882109279,0.5599208882109279,0.0,0.5599208882109279,0.5599208882109279,0.0,0.45157116651535034,0.45157116651535034,0.0,48.0,48.0,0.0,6.501519680023193,6.501519680023193,0.0,0.0,0.0,0.0,0.0,0.0,0.0
652,mp3d/X7HyMhZNoso/X7HyMhZNoso.glb,0,1.0,1.0,0.0,1.0,1.0,0.0,1.0,1.0,0.0,0.8598373629886837,0.8598373629886837,0.0,0.8598373629886837,0.8598373629886837,0.0,2.621457576751709,2.621457576751709,0.0,40.0,40.0,0.0,6.999999046325684,6.999999046325684,0.0,0.0,0.0,0.0,0.0,0.0,0.0
653,mp3d/X7HyMhZNoso/X7HyMhZNoso.glb,0,1.0,1.0,0.0,1.0,1.0,0.0,1.0,1.0,0.0,0.9513476454293371,0.9513476454293371,0.0,0.9513476454293371,0.9513476454293371,0.0,0.7464505434036255,0.7464505434036255,0.0,44.0,44.0,0.0,8.249999046325684,8.249999046325684,0.0,0.0,0.0,0.0,0.0,0.0,0.0
654,mp3d/X7HyMhZNoso/X7HyMhZNoso.glb,0,1.0,1.0,0.0,1.0,1.0,0.0,1.0,1.0,0.0,0.9513476454293371,0.9513476454293371,0.0,0.9513476454293371,0.9513476454293371,0.0,0.7464505434036255,0.7464505434036255,0.0,44.0,44.0,0.0,8.249999046325684,8.249999046325684,0.0,0.0,0.0,0.0,0.0,0.0,0.0
655,mp3d/zsNo4HB9uLZ/zsNo4HB9uLZ.glb,0,1.0,1.0,0.0,1.0,1.0,0.0,1.0,1.0,0.0,0.9074724840566373,0.9074724840566373,0.0,0.9074724840566373,0.9074724840566373,0.0,2.169196367263794,2.169196367263794,0.0,57.0,57.0,0.0,8.0,8.0,0.0,0.0,0.0,0.0,0.0,0.0,0.0
656,mp3d/zsNo4HB9uLZ/zsNo4HB9uLZ.glb,0,1.0,1.0,0.0,1.0,1.0,0.0,0.9769008488757858,0.9769008488757858,0.0,0.9047361431271793,0.9047361431271793,0.0,0.9047361431271793,0.9047361431271793,0.0,1.3708399534225464,1.3708399534225464,0.0,80.0,80.0,0.0,9.738900184631348,9.738900184631348,0.0,0.13953488372093023,0.13953488372093023,0.0,0.0,0.0,0.0
657,mp3d/zsNo4HB9uLZ/zsNo4HB9uLZ.glb,0,0.0,0.0,0.0,0.0,0.0,0.0,0.0,0.0,0.0,0.45683984785100956,0.45683984785100956,0.0,0.0,0.0,0.0,8.506157875061035,8.506157875061035,0.0,54.0,54.0,0.0,7.238900661468506,7.238900661468506,0.0,0.18181818181818182,0.18181818181818182,0.0,0.0,0.0,0.0
658,mp3d/TbHJrupSAjP/TbHJrupSAjP.glb,0,0.0,1.0,1.0,1.0,1.0,0.0,0.0,0.4857364525361048,0.4857364525361048,0.7625862139242009,0.6695589967690515,-0.09302721715514939,0.0,0.6695589967690515,0.6695589967690515,3.2976608276367188,2.652797222137451,-0.6448636054992676,70.0,75.0,5.0,8.500004768371582,9.500004768371582,1.0,0.0,0.0,0.0,1.0,0.0,-1.0
659,mp3d/TbHJrupSAjP/TbHJrupSAjP.glb,0,0.0,0.0,0.0,0.0,0.0,0.0,0.0,0.0,0.0,0.0865660904558895,0.0865660904558895,0.0,0.0,0.0,0.0,11.010355949401855,11.010355949401855,0.0,54.0,54.0,0.0,7.6171441078186035,7.6171441078186035,0.0,0.09090909090909091,0.09090909090909091,0.0,0.0,0.0,0.0
660,mp3d/TbHJrupSAjP/TbHJrupSAjP.glb,0,0.0,0.0,0.0,1.0,1.0,0.0,0.0,0.0,0.0,0.5390958142463795,0.5390958142463795,0.0,0.0,0.0,0.0,3.087697982788086,3.087697982788086,0.0,81.0,81.0,0.0,10.750003814697266,10.750003814697266,0.0,0.0,0.0,0.0,1.0,1.0,0.0
661,mp3d/oLBMNvg9in8/oLBMNvg9in8.glb,0,1.0,1.0,0.0,1.0,1.0,0.0,0.6521417879795275,0.8659705301243804,0.21382874214485292,0.8078911161953375,0.8488017137485936,0.0409105975532561,0.8078911161953375,0.8488017137485936,0.0409105975532561,1.934770107269287,1.9356656074523926,0.0008955001831054688,104.0,70.0,-34.0,12.398548126220703,9.337051391601562,-3.0614967346191406,0.12,0.0,-0.12,0.0,0.0,0.0
662,mp3d/oLBMNvg9in8/oLBMNvg9in8.glb,0,1.0,1.0,0.0,1.0,1.0,0.0,0.6941303976916404,0.7106428055108153,0.016512407819174846,0.8158949077672734,0.8459518748038182,0.030056967036544813,0.8158949077672734,0.8459518748038182,0.030056967036544813,2.455986738204956,1.4759787321090698,-0.9800080060958862,94.0,87.0,-7.0,11.648548126220703,11.377883911132812,-0.2706642150878906,0.1276595744680851,0.0,-0.1276595744680851,0.0,0.0,0.0
663,mp3d/oLBMNvg9in8/oLBMNvg9in8.glb,0,1.0,1.0,0.0,1.0,1.0,0.0,0.9360051825746966,0.9360051825746966,0.0,0.8619658716858324,0.8619658716858324,0.0,0.8619658716858324,0.8619658716858324,0.0,1.749098777770996,1.749098777770996,0.0,56.0,56.0,0.0,8.638425827026367,8.638425827026367,0.0,0.0,0.0,0.0,0.0,0.0,0.0
664,mp3d/QUCTc6BB5sX/QUCTc6BB5sX.glb,0,0.0,0.0,0.0,0.0,0.0,0.0,0.0,0.0,0.0,0.42689644691411494,0.42689644691411494,0.0,0.0,0.0,0.0,12.621724128723145,12.621724128723145,0.0,68.0,68.0,0.0,12.732013702392578,12.732013702392578,0.0,0.019230769230769232,0.019230769230769232,0.0,0.0,0.0,0.0
665,mp3d/QUCTc6BB5sX/QUCTc6BB5sX.glb,0,0.0,0.0,0.0,0.0,0.0,0.0,0.0,0.0,0.0,0.1445584456029863,0.37193455483959464,0.22737610923660834,0.0,0.0,0.0,13.01617431640625,13.503694534301758,0.4875202178955078,187.0,77.0,-110.0,24.62108039855957,13.98200511932373,-10.63907527923584,0.0784313725490196,0.017543859649122806,-0.0608875128998968,0.0,0.0,0.0
666,mp3d/QUCTc6BB5sX/QUCTc6BB5sX.glb,0,1.0,1.0,0.0,1.0,1.0,0.0,1.0,1.0,0.0,0.8781332612666138,0.8781332612666138,0.0,0.8781332612666138,0.8781332612666138,0.0,2.018286943435669,2.018286943435669,0.0,77.0,77.0,0.0,14.210918426513672,14.210918426513672,0.0,0.06896551724137931,0.06896551724137931,0.0,0.0,0.0,0.0
667,mp3d/Z6MFQCViBuw/Z6MFQCViBuw.glb,0,1.0,1.0,0.0,1.0,1.0,0.0,0.9629881136067431,0.9629881136067431,0.0,0.9543128807447034,0.9543128807447034,0.0,0.9543128807447034,0.9543128807447034,0.0,0.4127337634563446,0.4127337634563446,0.0,60.0,60.0,0.0,13.879570007324219,13.879570007324219,0.0,0.0,0.0,0.0,0.0,0.0,0.0
668,mp3d/Z6MFQCViBuw/Z6MFQCViBuw.glb,0,0.0,0.0,0.0,0.0,0.0,0.0,0.0,0.0,0.0,0.654295597423683,0.654295597423683,0.0,0.0,0.0,0.0,5.017025470733643,5.017025470733643,0.0,72.0,72.0,0.0,16.37957191467285,16.37957191467285,0.0,0.0,0.0,0.0,0.0,0.0,0.0
669,mp3d/Z6MFQCViBuw/Z6MFQCViBuw.glb,0,1.0,1.0,0.0,1.0,1.0,0.0,0.8690656474678504,0.8690656474678504,0.0,0.9306735085038763,0.9306735085038763,0.0,0.9306735085038763,0.9306735085038763,0.0,0.6771343946456909,0.6771343946456909,0.0,72.0,72.0,0.0,15.379575729370117,15.379575729370117,0.0,0.0,0.0,0.0,0.0,0.0,0.0
670,mp3d/zsNo4HB9uLZ/zsNo4HB9uLZ.glb,0,1.0,1.0,0.0,1.0,1.0,0.0,1.0,1.0,0.0,0.9066693884023675,0.9066693884023675,0.0,0.9066693884023675,0.9066693884023675,0.0,2.232853651046753,2.232853651046753,0.0,47.0,47.0,0.0,7.005808353424072,7.005808353424072,0.0,0.0,0.0,0.0,0.0,0.0,0.0
671,mp3d/zsNo4HB9uLZ/zsNo4HB9uLZ.glb,0,1.0,1.0,0.0,1.0,1.0,0.0,1.0,1.0,0.0,0.9066693884023675,0.9066693884023675,0.0,0.9066693884023675,0.9066693884023675,0.0,2.232853651046753,2.232853651046753,0.0,47.0,47.0,0.0,7.005808353424072,7.005808353424072,0.0,0.0,0.0,0.0,0.0,0.0,0.0
672,mp3d/zsNo4HB9uLZ/zsNo4HB9uLZ.glb,0,1.0,1.0,0.0,1.0,1.0,0.0,1.0,1.0,0.0,0.9066693884023675,0.9066693884023675,0.0,0.9066693884023675,0.9066693884023675,0.0,2.232853651046753,2.232853651046753,0.0,47.0,47.0,0.0,7.005808353424072,7.005808353424072,0.0,0.0,0.0,0.0,0.0,0.0,0.0
673,mp3d/zsNo4HB9uLZ/zsNo4HB9uLZ.glb,0,0.0,0.0,0.0,0.0,0.0,0.0,0.0,0.0,0.0,0.6030498303223437,0.6030498303223437,0.0,0.0,0.0,0.0,6.648789405822754,6.648789405822754,0.0,60.0,60.0,0.0,9.705679893493652,9.705679893493652,0.0,0.2,0.2,0.0,0.0,0.0,0.0
674,mp3d/zsNo4HB9uLZ/zsNo4HB9uLZ.glb,0,0.0,0.0,0.0,0.0,0.0,0.0,0.0,0.0,0.0,0.3088502870475529,0.3202780308975307,0.0114277438499778,0.0,0.0,0.0,7.517997741699219,7.805017471313477,0.2870197296142578,119.0,113.0,-6.0,18.07680892944336,17.826807022094727,-0.2500019073486328,0.18072289156626506,0.18292682926829268,0.0022039377020276196,0.0,0.0,0.0
675,mp3d/zsNo4HB9uLZ/zsNo4HB9uLZ.glb,0,0.0,0.0,0.0,0.0,0.0,0.0,0.0,0.0,0.0,0.4266554771636248,0.4266554771636248,0.0,0.0,0.0,0.0,8.661008834838867,8.661008834838867,0.0,34.0,34.0,0.0,3.9556784629821777,3.9556784629821777,0.0,0.4090909090909091,0.4090909090909091,0.0,0.0,0.0,0.0
676,mp3d/QUCTc6BB5sX/QUCTc6BB5sX.glb,0,0.0,0.0,0.0,0.0,0.0,0.0,0.0,0.0,0.0,0.004487082627370037,0.004487082627370037,0.0,0.0,0.0,0.0,19.268415451049805,19.268415451049805,0.0,65.0,65.0,0.0,13.750001907348633,13.750001907348633,0.0,0.0,0.0,0.0,0.0,0.0,0.0
677,mp3d/QUCTc6BB5sX/QUCTc6BB5sX.glb,0,0.0,0.0,0.0,1.0,1.0,0.0,0.0,0.0,0.0,0.3973372095108607,0.3973372095108607,0.0,0.0,0.0,0.0,8.223825454711914,8.223825454711914,0.0,72.0,72.0,0.0,11.16529655456543,11.16529655456543,0.0,0.022222222222222223,0.022222222222222223,0.0,1.0,1.0,0.0
678,mp3d/QUCTc6BB5sX/QUCTc6BB5sX.glb,0,1.0,1.0,0.0,1.0,1.0,0.0,0.7754412512529738,0.7754412512529738,0.0,0.8770464865249429,0.8770464865249429,0.0,0.8770464865249429,0.8770464865249429,0.0,0.13219429552555084,0.13219429552555084,0.0,46.0,46.0,0.0,7.41529655456543,7.41529655456543,0.0,0.03333333333333333,0.03333333333333333,0.0,0.0,0.0,0.0
679,mp3d/EU6Fwq7SyZv/EU6Fwq7SyZv.glb,0,1.0,1.0,0.0,1.0,1.0,0.0,0.7135531524353133,0.7587800965811357,0.0452269441458224,0.756958026403699,0.7887211717752646,0.03176314537156555,0.756958026403699,0.7887211717752646,0.03176314537156555,1.9895455837249756,2.319863796234131,0.3303182125091553,73.0,78.0,5.0,13.835897445678711,13.011211395263672,-0.8246860504150391,0.0,0.03773584905660377,0.03773584905660377,0.0,0.0,0.0
680,mp3d/EU6Fwq7SyZv/EU6Fwq7SyZv.glb,0,1.0,1.0,0.0,1.0,1.0,0.0,0.7875984809839597,0.7875984809839597,0.0,0.8096440216558902,0.8096440216558902,0.0,0.8096440216558902,0.8096440216558902,0.0,0.7479201555252075,0.7479201555252075,0.0,67.0,67.0,0.0,12.535128593444824,12.535128593444824,0.0,0.0,0.0,0.0,0.0,0.0,0.0
681,mp3d/EU6Fwq7SyZv/EU6Fwq7SyZv.glb,0,1.0,1.0,0.0,1.0,1.0,0.0,0.6719347593380183,0.6719347593380183,0.0,0.6987755050899361,0.6987755050899361,0.0,0.6987755050899361,0.6987755050899361,0.0,2.7344069480895996,2.7344069480895996,0.0,80.0,80.0,0.0,14.692867279052734,14.692867279052734,0.0,0.0,0.0,0.0,0.0,0.0,0.0
682,mp3d/oLBMNvg9in8/oLBMNvg9in8.glb,0,1.0,0.0,-1.0,1.0,0.0,-1.0,0.3623777919714971,0.0,-0.3623777919714971,0.5950631735679918,0.643507262549807,0.04844408898181518,0.5950631735679918,0.0,-0.5950631735679918,1.5940847396850586,5.526675224304199,3.9325904846191406,139.0,50.0,-89.0,18.150226593017578,6.824034214019775,-11.326192378997803,0.11688311688311688,0.28125,0.16436688311688313,0.0,0.0,0.0
683,mp3d/oLBMNvg9in8/oLBMNvg9in8.glb,0,1.0,1.0,0.0,1.0,1.0,0.0,0.7463606351440822,0.7463606351440822,0.0,0.8918198641685626,0.8918198641685626,0.0,0.8918198641685626,0.8918198641685626,0.0,0.6544327735900879,0.6544327735900879,0.0,66.0,66.0,0.0,8.812414169311523,8.812414169311523,0.0,0.225,0.225,0.0,0.0,0.0,0.0
684,mp3d/oLBMNvg9in8/oLBMNvg9in8.glb,0,1.0,1.0,0.0,1.0,1.0,0.0,0.9886622020576633,0.9886622020576633,0.0,0.8922120903637496,0.8922120903637496,0.0,0.8922120903637496,0.8922120903637496,0.0,1.4808872938156128,1.4808872938156128,0.0,50.0,50.0,0.0,6.652665615081787,6.652665615081787,0.0,0.3870967741935484,0.3870967741935484,0.0,0.0,0.0,0.0
685,mp3d/X7HyMhZNoso/X7HyMhZNoso.glb,0,1.0,1.0,0.0,1.0,1.0,0.0,0.7796701010872666,0.7796701010872666,0.0,0.8237851156994673,0.8237851156994673,0.0,0.8237851156994673,0.8237851156994673,0.0,0.5781864523887634,0.5781864523887634,0.0,43.0,43.0,0.0,6.245561122894287,6.245561122894287,0.0,0.08,0.08,0.0,0.0,0.0,0.0
686,mp3d/X7HyMhZNoso/X7HyMhZNoso.glb,0,1.0,1.0,0.0,1.0,1.0,0.0,0.20632902686567936,0.37232377681181655,0.1659947499461372,0.2410174573314481,0.6650157886472694,0.4239983313158213,0.2410174573314481,0.6650157886472694,0.4239983313158213,2.081324815750122,0.3619815707206726,-1.7193432450294495,227.0,119.0,-108.0,23.600543975830078,13.078609466552734,-10.521934509277344,0.023255813953488372,0.04,0.01674418604651163,0.0,0.0,0.0
687,mp3d/X7HyMhZNoso/X7HyMhZNoso.glb,0,1.0,1.0,0.0,1.0,1.0,0.0,0.6485205562931369,0.7796701010872666,0.13114954479412977,0.7697866175033623,0.8237851156994673,0.05399849819610503,0.7697866175033623,0.8237851156994673,0.05399849819610503,0.7639318704605103,0.5781864523887634,-0.18574541807174683,49.0,43.0,-6.0,7.508593559265137,6.245561122894287,-1.2630324363708496,0.06451612903225806,0.08,0.015483870967741939,0.0,0.0,0.0
688,mp3d/X7HyMhZNoso/X7HyMhZNoso.glb,0,0.0,0.0,0.0,0.0,0.0,0.0,0.0,0.0,0.0,0.6739335839365472,0.6739335839365472,0.0,0.0,0.0,0.0,6.195062160491943,6.195062160491943,0.0,93.0,93.0,0.0,17.92487335205078,17.92487335205078,0.0,0.0,0.0,0.0,0.0,0.0,0.0
689,mp3d/X7HyMhZNoso/X7HyMhZNoso.glb,0,0.0,0.0,0.0,0.0,0.0,0.0,0.0,0.0,0.0,0.5146383393420091,0.024254652254713942,-0.49038368708729513,0.0,0.0,0.0,11.06413459777832,24.573022842407227,13.508888244628906,173.0,311.0,138.0,21.377735137939453,56.95470428466797,35.576969146728516,0.1590909090909091,0.00881057268722467,-0.1502803364036844,0.0,0.0,0.0
690,mp3d/X7HyMhZNoso/X7HyMhZNoso.glb,0,0.0,0.0,0.0,0.0,0.0,0.0,0.0,0.0,0.0,0.4641765818717158,0.4641765818717158,0.0,0.0,0.0,0.0,11.498117446899414,11.498117446899414,0.0,133.0,133.0,0.0,18.487506866455078,18.487506866455078,0.0,0.1038961038961039,0.1038961038961039,0.0,0.0,0.0,0.0
691,mp3d/oLBMNvg9in8/oLBMNvg9in8.glb,0,0.0,0.0,0.0,1.0,1.0,0.0,0.0,0.0,0.0,0.7578904264985815,0.7578904264985815,0.0,0.0,0.0,0.0,3.035013198852539,3.035013198852539,0.0,91.0,91.0,0.0,11.744583129882812,11.744583129882812,0.0,0.2391304347826087,0.2391304347826087,0.0,1.0,1.0,0.0
692,mp3d/oLBMNvg9in8/oLBMNvg9in8.glb,0,1.0,1.0,0.0,1.0,1.0,0.0,0.7786169138839693,0.7227346071843027,-0.05588230669966654,0.8266357610931904,0.7545830544660879,-0.0720527066271025,0.8266357610931904,0.7545830544660879,-0.0720527066271025,2.2366182804107666,1.9984689950942993,-0.23814928531646729,79.0,96.0,17.0,11.37051010131836,12.249685287475586,0.8791751861572266,0.0,0.2916666666666667,0.2916666666666667,0.0,0.0,0.0
693,mp3d/oLBMNvg9in8/oLBMNvg9in8.glb,0,1.0,1.0,0.0,1.0,1.0,0.0,0.8446093753696116,0.8651758296140071,0.020566454244395516,0.8627508039535362,0.8652916691077397,0.0025408651542034866,0.8627508039535362,0.8652916691077397,0.0025408651542034866,2.61409854888916,2.3703863620758057,-0.2437121868133545,83.0,92.0,9.0,10.48208999633789,10.232915878295898,-0.2491741180419922,0.2682926829268293,0.5128205128205128,0.2445278298936835,0.0,0.0,0.0
694,mp3d/EU6Fwq7SyZv/EU6Fwq7SyZv.glb,0,1.0,1.0,0.0,1.0,1.0,0.0,0.5210229149773253,0.5210229149773253,0.0,0.3491381477463006,0.3491381477463006,0.0,0.3491381477463006,0.3491381477463006,0.0,2.76183819770813,2.76183819770813,0.0,101.0,101.0,0.0,16.00426483154297,16.00426483154297,0.0,0.0,0.0,0.0,0.0,0.0,0.0
695,mp3d/EU6Fwq7SyZv/EU6Fwq7SyZv.glb,0,0.0,0.0,0.0,0.0,0.0,0.0,0.0,0.0,0.0,0.3541082054135478,0.3541082054135478,0.0,0.0,0.0,0.0,10.56603717803955,10.56603717803955,0.0,44.0,44.0,0.0,9.530259132385254,9.530259132385254,0.0,0.0,0.0,0.0,0.0,0.0,0.0
696,mp3d/EU6Fwq7SyZv/EU6Fwq7SyZv.glb,0,0.0,0.0,0.0,0.0,0.0,0.0,0.0,0.0,0.0,0.11953429146018593,0.13703947025384663,0.017505178793660703,0.0,0.0,0.0,4.525723934173584,11.109171867370605,6.5834479331970215,94.0,106.0,12.0,16.23118782043457,14.55204963684082,-1.67913818359375,0.015384615384615385,0.0,-0.015384615384615385,0.0,0.0,0.0
697,mp3d/TbHJrupSAjP/TbHJrupSAjP.glb,0,1.0,1.0,0.0,1.0,1.0,0.0,1.0,1.0,0.0,0.9139707741285779,0.9139707741285779,0.0,0.9139707741285779,0.9139707741285779,0.0,1.354467511177063,1.354467511177063,0.0,39.0,39.0,0.0,5.00408935546875,5.00408935546875,0.0,0.0,0.0,0.0,0.0,0.0,0.0
698,mp3d/TbHJrupSAjP/TbHJrupSAjP.glb,0,1.0,1.0,0.0,1.0,1.0,0.0,1.0,1.0,0.0,0.9139707741285779,0.9548051205743285,0.04083434644575068,0.9139707741285779,0.9548051205743285,0.04083434644575068,1.354467511177063,0.870988130569458,-0.483479380607605,39.0,42.0,3.0,5.00408935546875,5.512561798095703,0.5084724426269531,0.0,0.0,0.0,0.0,0.0,0.0
699,mp3d/TbHJrupSAjP/TbHJrupSAjP.glb,0,1.0,1.0,0.0,1.0,1.0,0.0,1.0,1.0,0.0,0.9139707741285779,0.9548051205743285,0.04083434644575068,0.9139707741285779,0.9548051205743285,0.04083434644575068,1.354467511177063,0.870988130569458,-0.483479380607605,39.0,42.0,3.0,5.00408935546875,5.512561798095703,0.5084724426269531,0.0,0.0,0.0,0.0,0.0,0.0
700,mp3d/QUCTc6BB5sX/QUCTc6BB5sX.glb,0,0.0,0.0,0.0,1.0,1.0,0.0,0.0,0.0,0.0,0.39112281727652015,0.6461788951461597,0.2550560778696395,0.0,0.0,0.0,7.352844715118408,5.0594377517700195,-2.2934069633483887,87.0,74.0,-13.0,14.420784950256348,11.736927032470703,-2.6838579177856445,0.017241379310344827,0.020833333333333332,0.003591954022988505,1.0,1.0,0.0
701,mp3d/QUCTc6BB5sX/QUCTc6BB5sX.glb,0,1.0,1.0,0.0,1.0,1.0,0.0,0.8977171921744574,0.8977171921744574,0.0,0.9149639263169007,0.9149639263169007,0.0,0.9149639263169007,0.9149639263169007,0.0,0.10103482753038406,0.10103482753038406,0.0,60.0,60.0,0.0,9.236923217773438,9.236923217773438,0.0,0.02631578947368421,0.02631578947368421,0.0,0.0,0.0,0.0
702,mp3d/QUCTc6BB5sX/QUCTc6BB5sX.glb,0,1.0,1.0,0.0,1.0,1.0,0.0,0.8740603162801844,0.8740603162801844,0.0,0.8444963396994991,0.8444963396994991,0.0,0.8444963396994991,0.8444963396994991,0.0,2.8627686500549316,2.8627686500549316,0.0,62.0,62.0,0.0,9.48692512512207,9.48692512512207,0.0,0.02564102564102564,0.02564102564102564,0.0,0.0,0.0,0.0
703,mp3d/Z6MFQCViBuw/Z6MFQCViBuw.glb,0,0.0,0.0,0.0,0.0,0.0,0.0,0.0,0.0,0.0,0.03863962017155549,0.04011483314614165,0.0014752129745861584,0.0,0.0,0.0,19.757221221923828,19.757221221923828,0.0,68.0,54.0,-14.0,12.823907852172852,9.823907852172852,-3.0,0.0,0.0,0.0,0.0,0.0,0.0
704,mp3d/Z6MFQCViBuw/Z6MFQCViBuw.glb,0,1.0,1.0,0.0,1.0,1.0,0.0,1.0,1.0,0.0,0.9169435432143911,0.9169435432143911,0.0,0.9169435432143911,0.9169435432143911,0.0,1.779920220375061,1.779920220375061,0.0,39.0,39.0,0.0,8.500005722045898,8.500005722045898,0.0,0.0,0.0,0.0,0.0,0.0,0.0
705,mp3d/Z6MFQCViBuw/Z6MFQCViBuw.glb,0,0.0,0.0,0.0,0.0,0.0,0.0,0.0,0.0,0.0,0.0005242700407137807,0.018021717358196746,0.017497447317482966,0.0,0.0,0.0,21.474136352539062,19.43987274169922,-2.0342636108398438,256.0,257.0,1.0,45.40977478027344,35.36278533935547,-10.046989440917969,0.07692307692307693,0.1258741258741259,0.04895104895104896,0.0,0.0,0.0
706,mp3d/oLBMNvg9in8/oLBMNvg9in8.glb,0,1.0,1.0,0.0,1.0,1.0,0.0,0.853501903060609,0.853501903060609,0.0,0.8851580619749674,0.8851580619749674,0.0,0.8851580619749674,0.8851580619749674,0.0,1.2731815576553345,1.2731815576553345,0.0,76.0,76.0,0.0,9.20168685913086,9.20168685913086,0.0,0.05714285714285714,0.05714285714285714,0.0,0.0,0.0,0.0
707,mp3d/oLBMNvg9in8/oLBMNvg9in8.glb,0,1.0,1.0,0.0,1.0,1.0,0.0,0.7354830375024024,0.7354830375024024,0.0,0.8836090359244128,0.8836090359244128,0.0,0.8836090359244128,0.8836090359244128,0.0,0.18582816421985626,0.18582816421985626,0.0,81.0,81.0,0.0,10.678230285644531,10.678230285644531,0.0,0.05,0.05,0.0,0.0,0.0,0.0
708,mp3d/oLBMNvg9in8/oLBMNvg9in8.glb,0,1.0,1.0,0.0,1.0,1.0,0.0,0.853501903060609,0.853501903060609,0.0,0.8851580619749674,0.8851580619749674,0.0,0.8851580619749674,0.8851580619749674,0.0,1.2731815576553345,1.2731815576553345,0.0,76.0,76.0,0.0,9.20168685913086,9.20168685913086,0.0,0.05714285714285714,0.05714285714285714,0.0,0.0,0.0,0.0
709,mp3d/TbHJrupSAjP/TbHJrupSAjP.glb,0,1.0,1.0,0.0,1.0,1.0,0.0,1.0,1.0,0.0,0.942884496401383,0.942884496401383,0.0,0.942884496401383,0.942884496401383,0.0,0.8198097348213196,0.8198097348213196,0.0,40.0,40.0,0.0,7.53416633605957,7.53416633605957,0.0,0.0,0.0,0.0,0.0,0.0,0.0
710,mp3d/TbHJrupSAjP/TbHJrupSAjP.glb,0,1.0,1.0,0.0,1.0,1.0,0.0,0.8157545984679659,0.8157545984679659,0.0,0.8954967886220094,0.8954967886220094,0.0,0.8954967886220094,0.8954967886220094,0.0,1.183990716934204,1.183990716934204,0.0,49.0,49.0,0.0,9.534165382385254,9.534165382385254,0.0,0.0,0.0,0.0,0.0,0.0,0.0
711,mp3d/TbHJrupSAjP/TbHJrupSAjP.glb,0,1.0,1.0,0.0,1.0,1.0,0.0,1.0,1.0,0.0,0.942884496401383,0.942884496401383,0.0,0.942884496401383,0.942884496401383,0.0,0.8198097348213196,0.8198097348213196,0.0,40.0,40.0,0.0,7.53416633605957,7.53416633605957,0.0,0.0,0.0,0.0,0.0,0.0,0.0
712,mp3d/zsNo4HB9uLZ/zsNo4HB9uLZ.glb,0,1.0,1.0,0.0,1.0,1.0,0.0,1.0,1.0,0.0,0.9176801274197327,0.9176801274197327,0.0,0.9176801274197327,0.9176801274197327,0.0,1.6110657453536987,1.6110657453536987,0.0,70.0,70.0,0.0,12.957651138305664,12.957651138305664,0.0,0.09433962264150944,0.09433962264150944,0.0,0.0,0.0,0.0
713,mp3d/zsNo4HB9uLZ/zsNo4HB9uLZ.glb,0,1.0,1.0,0.0,1.0,1.0,0.0,1.0,1.0,0.0,0.8723998832438845,0.8723998832438845,0.0,0.8723998832438845,0.8723998832438845,0.0,2.8602895736694336,2.8602895736694336,0.0,64.0,64.0,0.0,11.707650184631348,11.707650184631348,0.0,0.10416666666666667,0.10416666666666667,0.0,0.0,0.0,0.0
714,mp3d/zsNo4HB9uLZ/zsNo4HB9uLZ.glb,0,1.0,1.0,0.0,1.0,1.0,0.0,1.0,1.0,0.0,0.9176801274197327,0.8723998832438845,-0.045280244175848194,0.9176801274197327,0.8723998832438845,-0.045280244175848194,1.6110657453536987,2.8602895736694336,1.2492238283157349,70.0,64.0,-6.0,12.957651138305664,11.707650184631348,-1.2500009536743164,0.09433962264150944,0.10416666666666667,0.00982704402515723,0.0,0.0,0.0
715,mp3d/zsNo4HB9uLZ/zsNo4HB9uLZ.glb,0,0.0,0.0,0.0,0.0,0.0,0.0,0.0,0.0,0.0,0.7151450542644598,0.7151450542644598,0.0,0.0,0.0,0.0,6.551466464996338,6.551466464996338,0.0,61.0,61.0,0.0,10.493934631347656,10.493934631347656,0.0,0.023255813953488372,0.023255813953488372,0.0,0.0,0.0,0.0
716,mp3d/zsNo4HB9uLZ/zsNo4HB9uLZ.glb,0,1.0,0.0,-1.0,1.0,0.0,-1.0,1.0,0.0,-1.0,0.9030907718374145,0.7748097128487302,-0.12828105898868425,0.9030907718374145,0.0,-0.9030907718374145,2.051272392272949,4.282299995422363,2.231027603149414,68.0,44.0,-24.0,12.24393367767334,8.493934631347656,-3.7499990463256836,0.02,0.02857142857142857,0.00857142857142857,0.0,0.0,0.0
717,mp3d/zsNo4HB9uLZ/zsNo4HB9uLZ.glb,0,1.0,1.0,0.0,1.0,1.0,0.0,0.8120793193889495,0.8686065802956505,0.056527260906701016,0.8384526957025062,0.8185356379132124,-0.01991705778929387,0.8384526957025062,0.8185356379132124,-0.01991705778929387,0.8195900917053223,1.7392590045928955,0.9196689128875732,92.0,86.0,-6.0,15.366153717041016,14.366153717041016,-1.0,0.0625,0.06666666666666667,0.004166666666666666,0.0,0.0,0.0
718,mp3d/2azQ1b91cZZ/2azQ1b91cZZ.glb,0,1.0,1.0,0.0,1.0,1.0,0.0,1.0,1.0,0.0,0.9114260346349685,0.9114260346349685,0.0,0.9114260346349685,0.9114260346349685,0.0,1.0957801342010498,1.0957801342010498,0.0,32.0,32.0,0.0,4.388885498046875,4.388885498046875,0.0,0.2631578947368421,0.2631578947368421,0.0,0.0,0.0,0.0
719,mp3d/2azQ1b91cZZ/2azQ1b91cZZ.glb,0,1.0,1.0,0.0,1.0,1.0,0.0,1.0,1.0,0.0,0.9114260346349685,0.9114260346349685,0.0,0.9114260346349685,0.9114260346349685,0.0,1.0957801342010498,1.0957801342010498,0.0,32.0,32.0,0.0,4.388885498046875,4.388885498046875,0.0,0.2631578947368421,0.2631578947368421,0.0,0.0,0.0,0.0
720,mp3d/2azQ1b91cZZ/2azQ1b91cZZ.glb,0,1.0,1.0,0.0,1.0,1.0,0.0,1.0,1.0,0.0,0.9114260346349685,0.9114260346349685,0.0,0.9114260346349685,0.9114260346349685,0.0,1.0957801342010498,1.0957801342010498,0.0,32.0,32.0,0.0,4.388885498046875,4.388885498046875,0.0,0.2631578947368421,0.2631578947368421,0.0,0.0,0.0,0.0
721,mp3d/2azQ1b91cZZ/2azQ1b91cZZ.glb,0,1.0,1.0,0.0,1.0,1.0,0.0,0.9508869264818332,0.9508869264818332,0.0,0.9646083945307299,0.9646083945307299,0.0,0.9646083945307299,0.9646083945307299,0.0,0.6141814589500427,0.6141814589500427,0.0,43.0,43.0,0.0,5.000000953674316,5.000000953674316,0.0,0.0,0.0,0.0,0.0,0.0,0.0
722,mp3d/2azQ1b91cZZ/2azQ1b91cZZ.glb,0,0.0,1.0,1.0,1.0,1.0,0.0,0.0,0.8268583546514097,0.8268583546514097,0.06823897414972117,0.9145601010126254,0.8463211268629043,0.0,0.9145601010126254,0.9145601010126254,3.639425754547119,0.4496499001979828,-3.1897758543491364,150.0,48.0,-102.0,19.5,5.75,-13.75,0.0,0.0,0.0,1.0,0.0,-1.0
723,mp3d/2azQ1b91cZZ/2azQ1b91cZZ.glb,0,1.0,1.0,0.0,1.0,1.0,0.0,0.8268583546514097,0.8268583546514097,0.0,0.9145601010126254,0.9145601010126254,0.0,0.9145601010126254,0.9145601010126254,0.0,0.4496499001979828,0.4496499001979828,0.0,48.0,48.0,0.0,5.75,5.75,0.0,0.0,0.0,0.0,0.0,0.0,0.0
724,mp3d/oLBMNvg9in8/oLBMNvg9in8.glb,0,0.0,0.0,0.0,0.0,0.0,0.0,0.0,0.0,0.0,0.5064642648606128,0.589688385060878,0.08322412020026515,0.0,0.0,0.0,6.159051895141602,6.872314453125,0.7132625579833984,90.0,88.0,-2.0,11.101821899414062,9.90217399597168,-1.1996479034423828,0.18,0.2727272727272727,0.09272727272727271,0.0,0.0,0.0
725,mp3d/oLBMNvg9in8/oLBMNvg9in8.glb,0,1.0,1.0,0.0,1.0,1.0,0.0,0.8877038707370936,0.8232024176809911,-0.06450145305610244,0.919286825133264,0.9048126426369146,-0.014474182496349353,0.919286825133264,0.9048126426369146,-0.014474182496349353,0.32627394795417786,0.38780608773231506,0.06153213977813721,59.0,65.0,6.0,9.109797477722168,9.823589324951172,0.7137918472290039,0.225,0.2558139534883721,0.030813953488372098,0.0,0.0,0.0
726,mp3d/oLBMNvg9in8/oLBMNvg9in8.glb,0,1.0,1.0,0.0,1.0,1.0,0.0,0.8232024176809911,0.8342307611332894,0.011028343452298306,0.9048126426369146,0.9033174414859888,-0.001495201150925829,0.9048126426369146,0.9033174414859888,-0.001495201150925829,0.38780608773231506,0.45946890115737915,0.07166281342506409,65.0,65.0,0.0,9.823589324951172,9.693723678588867,-0.1298656463623047,0.2558139534883721,0.47619047619047616,0.22037652270210406,0.0,0.0,0.0
727,mp3d/oLBMNvg9in8/oLBMNvg9in8.glb,0,1.0,1.0,0.0,1.0,1.0,0.0,1.0,1.0,0.0,0.933064135082815,0.933064135082815,0.0,0.933064135082815,0.933064135082815,0.0,0.728286623954773,0.728286623954773,0.0,42.0,42.0,0.0,5.300955772399902,5.300955772399902,0.0,0.0,0.0,0.0,0.0,0.0,0.0
728,mp3d/oLBMNvg9in8/oLBMNvg9in8.glb,0,1.0,1.0,0.0,1.0,1.0,0.0,0.8843472887149466,0.8843472887149466,0.0,0.9022915715612295,0.9022915715612295,0.0,0.9022915715612295,0.9022915715612295,0.0,0.7282865643501282,0.7282865643501282,0.0,45.0,45.0,0.0,6.050956726074219,6.050956726074219,0.0,0.0,0.0,0.0,0.0,0.0,0.0
729,mp3d/oLBMNvg9in8/oLBMNvg9in8.glb,0,1.0,1.0,0.0,1.0,1.0,0.0,0.8843472887149466,0.8843472887149466,0.0,0.9022915715612295,0.9022915715612295,0.0,0.9022915715612295,0.9022915715612295,0.0,0.7282865643501282,0.7282865643501282,0.0,45.0,45.0,0.0,6.050956726074219,6.050956726074219,0.0,0.0,0.0,0.0,0.0,0.0,0.0
730,mp3d/8194nk5LbLH/8194nk5LbLH.glb,0,1.0,1.0,0.0,1.0,1.0,0.0,0.2826325525565762,0.5242966778953573,0.24166412533878107,0.007843051170825982,0.07805056674458893,0.07020751557376295,0.007843051170825982,0.07805056674458893,0.07020751557376295,1.0492242574691772,1.3946037292480469,0.34537947177886963,251.0,122.0,-129.0,38.49222946166992,20.750001907348633,-17.74222755432129,0.0064516129032258064,0.0,-0.0064516129032258064,0.0,0.0,0.0
731,mp3d/8194nk5LbLH/8194nk5LbLH.glb,0,1.0,0.0,-1.0,1.0,0.0,-1.0,0.5955430834948926,0.0,-0.5955430834948926,0.12857158456715434,0.24873167656828665,0.12016009200113231,0.12857158456715434,0.0,-0.12857158456715434,1.6252692937850952,4.681491374969482,3.056222081184387,100.0,76.0,-24.0,18.267623901367188,13.702866554260254,-4.564757347106934,0.0,0.03571428571428571,0.03571428571428571,0.0,0.0,0.0
732,mp3d/8194nk5LbLH/8194nk5LbLH.glb,0,1.0,1.0,0.0,1.0,1.0,0.0,0.44404722719776385,0.5242966778953573,0.08024945069759343,0.03334369770643765,0.07805056674458893,0.044706869038151284,0.03334369770643765,0.07805056674458893,0.044706869038151284,1.9104509353637695,1.3946037292480469,-0.5158472061157227,149.0,122.0,-27.0,24.5,20.750001907348633,-3.749998092651367,0.0,0.0,0.0,0.0,0.0,0.0
733,mp3d/oLBMNvg9in8/oLBMNvg9in8.glb,0,1.0,1.0,0.0,1.0,1.0,0.0,0.4442122660541916,0.4442122660541916,0.0,0.5510458084184393,0.5510458084184393,0.0,0.5510458084184393,0.5510458084184393,0.0,0.6134082078933716,0.6134082078933716,0.0,180.0,180.0,0.0,18.43585968017578,18.43585968017578,0.0,0.13636363636363635,0.13636363636363635,0.0,0.0,0.0,0.0
734,mp3d/oLBMNvg9in8/oLBMNvg9in8.glb,0,1.0,1.0,0.0,1.0,1.0,0.0,0.8326558763542756,0.8326558763542756,0.0,0.7860584099995632,0.7860584099995632,0.0,0.7860584099995632,0.7860584099995632,0.0,1.9067248106002808,1.9067248106002808,0.0,108.0,108.0,0.0,9.835317611694336,9.835317611694336,0.0,0.10256410256410256,0.10256410256410256,0.0,0.0,0.0,0.0
735,mp3d/oLBMNvg9in8/oLBMNvg9in8.glb,0,1.0,0.0,-1.0,1.0,0.0,-1.0,0.7026633840095168,0.0,-0.7026633840095168,0.7385048851268997,0.3706056127701048,-0.3678992723567949,0.7385048851268997,0.0,-0.7385048851268997,2.737638473510742,8.198984146118164,5.461345672607422,119.0,156.0,37.0,11.654848098754883,9.591486930847168,-2.063361167907715,0.08695652173913043,0.5423728813559322,0.45541635961680177,0.0,0.0,0.0
736,mp3d/oLBMNvg9in8/oLBMNvg9in8.glb,0,0.0,0.0,0.0,0.0,0.0,0.0,0.0,0.0,0.0,0.7094270502581339,0.7094270502581339,0.0,0.0,0.0,0.0,5.305635452270508,5.305635452270508,0.0,56.0,56.0,0.0,7.600558280944824,7.600558280944824,0.0,0.0,0.0,0.0,0.0,0.0,0.0
737,mp3d/oLBMNvg9in8/oLBMNvg9in8.glb,0,0.0,0.0,0.0,0.0,0.0,0.0,0.0,0.0,0.0,0.689172430081213,0.689172430081213,0.0,0.0,0.0,0.0,8.8808012008667,8.8808012008667,0.0,59.0,59.0,0.0,7.254892349243164,7.254892349243164,0.0,0.06896551724137931,0.06896551724137931,0.0,0.0,0.0,0.0
738,mp3d/oLBMNvg9in8/oLBMNvg9in8.glb,0,0.0,0.0,0.0,0.0,0.0,0.0,0.0,0.0,0.0,0.689172430081213,0.6586082785515895,-0.03056415152962344,0.0,0.0,0.0,8.8808012008667,8.05770492553711,-0.8230962753295898,59.0,54.0,-5.0,7.254892349243164,6.350558280944824,-0.9043340682983398,0.06896551724137931,0.0,-0.06896551724137931,0.0,0.0,0.0
739,mp3d/QUCTc6BB5sX/QUCTc6BB5sX.glb,0,0.0,1.0,1.0,1.0,1.0,0.0,0.0,0.3919305720307276,0.3919305720307276,0.2506405420211243,0.5658059842384993,0.31516544221737497,0.0,0.5658059842384993,0.5658059842384993,9.73537540435791,1.2517638206481934,-8.483611583709717,361.0,253.0,-108.0,48.30046081542969,35.22657012939453,-13.073890686035156,0.02040816326530612,0.02112676056338028,0.0007185972980741605,1.0,0.0,-1.0
740,mp3d/QUCTc6BB5sX/QUCTc6BB5sX.glb,0,0.0,1.0,1.0,0.0,1.0,1.0,0.0,0.7192397783889258,0.7192397783889258,0.2680394958243329,0.854292726187521,0.586253230363188,0.0,0.854292726187521,0.854292726187521,9.262788772583008,2.021289587020874,-7.241499185562134,276.0,123.0,-153.0,26.88265037536621,19.195781707763672,-7.686868667602539,0.16666666666666666,0.01282051282051282,-0.15384615384615383,0.0,0.0,0.0
741,mp3d/QUCTc6BB5sX/QUCTc6BB5sX.glb,0,0.0,1.0,1.0,1.0,1.0,0.0,0.0,0.7890453229547486,0.7890453229547486,0.1903154513435334,0.831432171322652,0.6411167199791186,0.0,0.831432171322652,0.831432171322652,6.41754150390625,2.9220480918884277,-3.4954934120178223,199.0,93.0,-106.0,32.997562408447266,17.497562408447266,-15.5,0.007518796992481203,0.014084507042253521,0.006565710049772319,1.0,0.0,-1.0
742,mp3d/zsNo4HB9uLZ/zsNo4HB9uLZ.glb,0,1.0,1.0,0.0,1.0,1.0,0.0,0.9782175296996942,0.9782175296996942,0.0,0.9680303614111413,0.9680303614111413,0.0,0.9680303614111413,0.9680303614111413,0.0,0.3724574148654938,0.3724574148654938,0.0,55.0,55.0,0.0,10.499998092651367,10.499998092651367,0.0,0.0,0.0,0.0,0.0,0.0,0.0
743,mp3d/zsNo4HB9uLZ/zsNo4HB9uLZ.glb,0,1.0,1.0,0.0,1.0,1.0,0.0,0.9782175296996942,0.9782175296996942,0.0,0.9680303614111413,0.9680303614111413,0.0,0.9680303614111413,0.9680303614111413,0.0,0.3724574148654938,0.3724574148654938,0.0,55.0,55.0,0.0,10.499998092651367,10.499998092651367,0.0,0.0,0.0,0.0,0.0,0.0,0.0
744,mp3d/zsNo4HB9uLZ/zsNo4HB9uLZ.glb,0,1.0,1.0,0.0,1.0,1.0,0.0,0.9782175296996942,0.9782175296996942,0.0,0.9680303614111413,0.9680303614111413,0.0,0.9680303614111413,0.9680303614111413,0.0,0.3724574148654938,0.3724574148654938,0.0,55.0,55.0,0.0,10.499998092651367,10.499998092651367,0.0,0.0,0.0,0.0,0.0,0.0,0.0
745,mp3d/zsNo4HB9uLZ/zsNo4HB9uLZ.glb,0,1.0,1.0,0.0,1.0,1.0,0.0,1.0,1.0,0.0,0.9469664050766317,0.9469664050766317,0.0,0.9469664050766317,0.9469664050766317,0.0,1.3866215944290161,1.3866215944290161,0.0,35.0,35.0,0.0,5.5,5.5,0.0,0.0,0.0,0.0,0.0,0.0,0.0
746,mp3d/zsNo4HB9uLZ/zsNo4HB9uLZ.glb,0,0.0,1.0,1.0,1.0,1.0,0.0,0.0,1.0,1.0,0.8067690165028257,0.9469664050766317,0.14019738857380593,0.0,0.9469664050766317,0.9469664050766317,3.9325904846191406,1.3866215944290161,-2.5459688901901245,37.0,35.0,-2.0,5.25,5.5,0.25,0.0,0.0,0.0,1.0,0.0,-1.0
747,mp3d/zsNo4HB9uLZ/zsNo4HB9uLZ.glb,0,0.0,0.0,0.0,0.0,0.0,0.0,0.0,0.0,0.0,0.6866810287484005,0.6866810287484005,0.0,0.0,0.0,0.0,5.740604400634766,5.740604400634766,0.0,34.0,34.0,0.0,6.499999046325684,6.499999046325684,0.0,0.0,0.0,0.0,0.0,0.0,0.0
748,mp3d/X7HyMhZNoso/X7HyMhZNoso.glb,0,0.0,0.0,0.0,0.0,0.0,0.0,0.0,0.0,0.0,0.0003570548176236203,0.007375582195976009,0.007018527378352389,0.0,0.0,0.0,17.055898666381836,18.92316436767578,1.8672657012939453,621.0,431.0,-190.0,98.44204711914062,65.80675506591797,-32.635292053222656,0.002564102564102564,0.003816793893129771,0.0012526913290272067,0.0,0.0,0.0
749,mp3d/X7HyMhZNoso/X7HyMhZNoso.glb,0,0.0,0.0,0.0,0.0,0.0,0.0,0.0,0.0,0.0,0.5821421220289126,0.6218538640775263,0.03971174204861372,0.0,0.0,0.0,6.68986177444458,6.852888107299805,0.1630263328552246,180.0,117.0,-63.0,26.81311798095703,19.239166259765625,-7.573951721191406,0.01834862385321101,0.038461538461538464,0.020112914608327453,0.0,0.0,0.0
750,mp3d/X7HyMhZNoso/X7HyMhZNoso.glb,0,0.0,0.0,0.0,0.0,0.0,0.0,0.0,0.0,0.0,0.5683902974671777,0.5683902974671777,0.0,0.0,0.0,0.0,5.852011680603027,5.852011680603027,0.0,130.0,130.0,0.0,20.691160202026367,20.691160202026367,0.0,0.08433734939759036,0.08433734939759036,0.0,0.0,0.0,0.0
751,mp3d/QUCTc6BB5sX/QUCTc6BB5sX.glb,0,1.0,1.0,0.0,1.0,1.0,0.0,0.9663401943832556,0.8666854316476715,-0.09965476273558405,0.8975730151745953,0.8685389291104006,-0.029034086064194664,0.8975730151745953,0.8685389291104006,-0.029034086064194664,1.1495507955551147,0.6406952738761902,-0.5088555216789246,75.0,74.0,-1.0,8.696846008300781,9.696842193603516,0.9999961853027344,0.28205128205128205,0.2558139534883721,-0.026237328562909945,0.0,0.0,0.0
752,mp3d/QUCTc6BB5sX/QUCTc6BB5sX.glb,0,1.0,1.0,0.0,1.0,1.0,0.0,0.7855039803556929,0.7855039803556929,0.0,0.8785227651284975,0.8785227651284975,0.0,0.8785227651284975,0.8785227651284975,0.0,0.9848567247390747,0.9848567247390747,0.0,84.0,84.0,0.0,10.699006080627441,10.699006080627441,0.0,0.23404255319148937,0.23404255319148937,0.0,0.0,0.0,0.0
753,mp3d/QUCTc6BB5sX/QUCTc6BB5sX.glb,0,1.0,1.0,0.0,1.0,1.0,0.0,0.9663401943832556,0.9663401943832556,0.0,0.8975730151745953,0.8975730151745953,0.0,0.8975730151745953,0.8975730151745953,0.0,1.1495507955551147,1.1495507955551147,0.0,75.0,75.0,0.0,8.696846008300781,8.696846008300781,0.0,0.28205128205128205,0.28205128205128205,0.0,0.0,0.0,0.0
754,mp3d/EU6Fwq7SyZv/EU6Fwq7SyZv.glb,0,1.0,1.0,0.0,1.0,1.0,0.0,0.6609983455192272,0.6609983455192272,0.0,0.20671368732344533,0.20671368732344533,0.0,0.20671368732344533,0.20671368732344533,0.0,2.000816583633423,2.000816583633423,0.0,91.0,91.0,0.0,16.507490158081055,16.507490158081055,0.0,0.07352941176470588,0.07352941176470588,0.0,0.0,0.0,0.0
755,mp3d/EU6Fwq7SyZv/EU6Fwq7SyZv.glb,0,1.0,1.0,0.0,1.0,1.0,0.0,0.6169867722802006,0.40496847912996664,-0.21201829315023396,0.1815857707200265,0.08826840384299726,-0.09331736687702923,0.1815857707200265,0.08826840384299726,-0.09331736687702923,1.530873417854309,1.4651106595993042,-0.06576275825500488,107.0,207.0,100.0,17.685020446777344,26.943883895874023,9.25886344909668,0.0684931506849315,0.045454545454545456,-0.023038605230386047,0.0,0.0,0.0
756,mp3d/EU6Fwq7SyZv/EU6Fwq7SyZv.glb,0,1.0,1.0,0.0,1.0,1.0,0.0,0.8376694289154485,0.9262701116288604,0.08860068271341193,0.8717483184654593,0.912845026004675,0.04109670753921568,0.8717483184654593,0.912845026004675,0.04109670753921568,1.0545157194137573,0.7552537322044373,-0.29926198720932007,70.0,64.0,-6.0,13.025930404663086,11.779958724975586,-1.2459716796875,0.0,0.0,0.0,0.0,0.0,0.0
757,mp3d/2azQ1b91cZZ/2azQ1b91cZZ.glb,0,0.0,0.0,0.0,0.0,0.0,0.0,0.0,0.0,0.0,0.0364363123339109,0.019926141294848716,-0.01651017103906218,0.0,0.0,0.0,11.086852073669434,11.148505210876465,0.06165313720703125,100.0,122.0,22.0,12.25000286102295,12.750000953674316,0.4999980926513672,0.0,0.0,0.0,0.0,0.0,0.0
758,mp3d/2azQ1b91cZZ/2azQ1b91cZZ.glb,0,1.0,1.0,0.0,1.0,1.0,0.0,1.0,1.0,0.0,0.9365286605261177,0.9365286605261177,0.0,0.9365286605261177,0.9365286605261177,0.0,1.1884844303131104,1.1884844303131104,0.0,37.0,37.0,0.0,4.500000476837158,4.500000476837158,0.0,0.0,0.0,0.0,0.0,0.0,0.0
759,mp3d/2azQ1b91cZZ/2azQ1b91cZZ.glb,0,1.0,1.0,0.0,1.0,1.0,0.0,0.17573404150076555,0.31911169294630426,0.1433776514455387,0.03190560197252541,0.13485611891951532,0.10295051694698991,0.03190560197252541,0.13485611891951532,0.10295051694698991,0.2862222492694855,1.5367332696914673,1.2505110204219818,225.0,153.0,-72.0,31.5230655670166,17.359676361083984,-14.163389205932617,0.0916030534351145,0.2597402597402597,0.16813720630514523,0.0,0.0,0.0
760,mp3d/TbHJrupSAjP/TbHJrupSAjP.glb,0,1.0,1.0,0.0,1.0,1.0,0.0,0.3494521789638995,0.3494521789638995,0.0,0.2740436605029705,0.2740436605029705,0.0,0.2740436605029705,0.2740436605029705,0.0,0.7893893718719482,0.7893893718719482,0.0,173.0,173.0,0.0,25.846227645874023,25.846227645874023,0.0,0.0,0.0,0.0,0.0,0.0,0.0
761,mp3d/TbHJrupSAjP/TbHJrupSAjP.glb,0,1.0,1.0,0.0,1.0,1.0,0.0,0.3494521273875498,0.36485142415856103,0.015399296771011206,0.33149932972952506,0.4129589099546782,0.08145958022515315,0.33149932972952506,0.4129589099546782,0.08145958022515315,0.285287082195282,0.2379475235939026,-0.047339558601379395,184.0,173.0,-11.0,25.84623146057129,24.755338668823242,-1.0908927917480469,0.0,0.010101010101010102,0.010101010101010102,0.0,0.0,0.0
762,mp3d/TbHJrupSAjP/TbHJrupSAjP.glb,0,1.0,1.0,0.0,1.0,1.0,0.0,0.7965791730691381,0.7965791730691381,0.0,0.867649513424974,0.867649513424974,0.0,0.867649513424974,0.867649513424974,0.0,0.3427782952785492,0.3427782952785492,0.0,71.0,71.0,0.0,11.338509559631348,11.338509559631348,0.0,0.022222222222222223,0.022222222222222223,0.0,0.0,0.0,0.0
763,mp3d/EU6Fwq7SyZv/EU6Fwq7SyZv.glb,0,1.0,1.0,0.0,1.0,1.0,0.0,0.47333785943103546,0.47333785943103546,0.0,0.5170943775272011,0.5170943775272011,0.0,0.5170943775272011,0.5170943775272011,0.0,1.9720031023025513,1.9720031023025513,0.0,95.0,95.0,0.0,13.327834129333496,13.327834129333496,0.0,0.05454545454545454,0.05454545454545454,0.0,0.0,0.0,0.0
764,mp3d/EU6Fwq7SyZv/EU6Fwq7SyZv.glb,0,1.0,1.0,0.0,1.0,1.0,0.0,0.47333785943103546,0.787176990345886,0.3138391309148505,0.5170943775272011,0.6781941254292294,0.1610997479020283,0.5170943775272011,0.6781941254292294,0.1610997479020283,1.9720031023025513,2.0369656085968018,0.06496250629425049,95.0,48.0,-47.0,13.327834129333496,8.014167785644531,-5.313666343688965,0.05454545454545454,0.0,-0.05454545454545454,0.0,0.0,0.0
765,mp3d/EU6Fwq7SyZv/EU6Fwq7SyZv.glb,0,1.0,1.0,0.0,1.0,1.0,0.0,0.787176990345886,0.5987767870599305,-0.18840020328595541,0.6781941254292294,0.6208147793856263,-0.05737934604360306,0.6781941254292294,0.6208147793856263,-0.05737934604360306,2.0369656085968018,1.732688307762146,-0.30427730083465576,48.0,73.0,25.0,8.014167785644531,10.535759925842285,2.521592140197754,0.0,0.06818181818181818,0.06818181818181818,0.0,0.0,0.0
766,mp3d/TbHJrupSAjP/TbHJrupSAjP.glb,0,0.0,0.0,0.0,0.0,0.0,0.0,0.0,0.0,0.0,0.640070792722469,0.6262514604525489,-0.01381933226992016,0.0,0.0,0.0,4.910518646240234,3.321479082107544,-1.5890395641326904,44.0,160.0,116.0,5.815784454345703,15.406302452087402,9.5905179977417,0.3333333333333333,0.3582089552238806,0.02487562189054726,0.0,0.0,0.0
767,mp3d/TbHJrupSAjP/TbHJrupSAjP.glb,0,1.0,1.0,0.0,1.0,1.0,0.0,1.0,1.0,0.0,0.845822732505623,0.845822732505623,0.0,0.845822732505623,0.845822732505623,0.0,2.807115077972412,2.807115077972412,0.0,33.0,33.0,0.0,6.779106140136719,6.779106140136719,0.0,0.0,0.0,0.0,0.0,0.0,0.0
768,mp3d/TbHJrupSAjP/TbHJrupSAjP.glb,0,1.0,1.0,0.0,1.0,1.0,0.0,0.811420091013543,0.811420091013543,0.0,0.6859388325359397,0.6859388325359397,0.0,0.6859388325359397,0.6859388325359397,0.0,2.242548704147339,2.242548704147339,0.0,68.0,68.0,0.0,11.284165382385254,11.284165382385254,0.0,0.0,0.0,0.0,0.0,0.0,0.0
769,mp3d/oLBMNvg9in8/oLBMNvg9in8.glb,0,0.0,0.0,0.0,1.0,1.0,0.0,0.0,0.0,0.0,0.7686359549310758,0.7686359549310758,0.0,0.0,0.0,0.0,3.576909065246582,3.576909065246582,0.0,80.0,80.0,0.0,11.42298698425293,11.42298698425293,0.0,0.24,0.24,0.0,1.0,1.0,0.0
770,mp3d/oLBMNvg9in8/oLBMNvg9in8.glb,0,0.0,0.0,0.0,1.0,1.0,0.0,0.0,0.0,0.0,0.7686359549310758,0.7686359549310758,0.0,0.0,0.0,0.0,3.576909065246582,3.576909065246582,0.0,80.0,80.0,0.0,11.42298698425293,11.42298698425293,0.0,0.24,0.24,0.0,1.0,1.0,0.0
771,mp3d/oLBMNvg9in8/oLBMNvg9in8.glb,0,0.0,0.0,0.0,1.0,1.0,0.0,0.0,0.0,0.0,0.8409122621818802,0.7686359549310758,-0.07227630725080436,0.0,0.0,0.0,3.211430549621582,3.576909065246582,0.365478515625,62.0,80.0,18.0,9.82163143157959,11.42298698425293,1.6013555526733398,0.07894736842105263,0.24,0.16105263157894736,1.0,1.0,0.0
772,mp3d/EU6Fwq7SyZv/EU6Fwq7SyZv.glb,0,1.0,1.0,0.0,1.0,1.0,0.0,0.7090929819649291,0.6894469007602528,-0.019646081204676258,0.7572312387248421,0.7274462659050803,-0.02978497281976178,0.7572312387248421,0.7274462659050803,-0.02978497281976178,2.529029369354248,2.7571945190429688,0.2281651496887207,37.0,37.0,0.0,8.532271385192871,8.775402069091797,0.24313068389892578,0.0,0.0,0.0,0.0,0.0,0.0
773,mp3d/EU6Fwq7SyZv/EU6Fwq7SyZv.glb,0,1.0,1.0,0.0,1.0,1.0,0.0,0.1503765441995705,0.40989179138976595,0.2595152471901955,0.00469790762820348,0.4672916890590146,0.4625937814308111,0.00469790762820348,0.4672916890590146,0.4625937814308111,2.4399051666259766,2.648799180984497,0.2088940143585205,307.0,104.0,-203.0,40.23349380493164,14.760416984558105,-25.473076820373535,0.018518518518518517,0.0,-0.018518518518518517,0.0,0.0,0.0
774,mp3d/EU6Fwq7SyZv/EU6Fwq7SyZv.glb,0,1.0,1.0,0.0,1.0,1.0,0.0,0.6906263056607462,0.7552883316090305,0.0646620259482843,0.7311592032107126,0.8205709244455555,0.08941172123484287,0.7311592032107126,0.8205709244455555,0.08941172123484287,2.736949920654297,1.9976774454116821,-0.7392724752426147,38.0,34.0,-4.0,8.760416030883789,8.010416030883789,-0.75,0.0,0.0,0.0,0.0,0.0,0.0
775,mp3d/EU6Fwq7SyZv/EU6Fwq7SyZv.glb,0,1.0,0.0,-1.0,1.0,0.0,-1.0,1.0,0.0,-1.0,0.8568344103997793,0.8030010928137782,-0.05383331758600107,0.8568344103997793,0.0,-0.8568344103997793,2.7268905639648438,3.3235082626342773,0.5966176986694336,45.0,43.0,-2.0,8.0093994140625,7.759400844573975,-0.2499985694885254,0.0,0.0,0.0,0.0,0.0,0.0
776,mp3d/EU6Fwq7SyZv/EU6Fwq7SyZv.glb,0,1.0,1.0,0.0,1.0,1.0,0.0,0.40341961247271346,0.43784567166180866,0.03442605918909519,0.6312285027009469,0.7211446807486095,0.08991617804766261,0.6312285027009469,0.7211446807486095,0.08991617804766261,0.8502932190895081,0.8502932190895081,0.0,213.0,197.0,-16.0,25.436874389648438,23.436874389648438,-2.0,0.02,0.021739130434782608,0.0017391304347826077,0.0,0.0,0.0
777,mp3d/EU6Fwq7SyZv/EU6Fwq7SyZv.glb,0,1.0,1.0,0.0,1.0,1.0,0.0,0.3694722897705539,0.36977483209935397,0.0003025423288000595,0.5314931395031693,0.5538294099928112,0.02233627048964182,0.5314931395031693,0.5538294099928112,0.02233627048964182,0.10960134118795395,0.41919827461242676,0.3095969334244728,211.0,228.0,17.0,27.774028778076172,27.751304626464844,-0.022724151611328125,0.0,0.03669724770642202,0.03669724770642202,0.0,0.0,0.0
778,mp3d/2azQ1b91cZZ/2azQ1b91cZZ.glb,0,0.0,0.0,0.0,0.0,0.0,0.0,0.0,0.0,0.0,0.34180385583401324,0.34180385583401324,0.0,0.0,0.0,0.0,11.877010345458984,11.877010345458984,0.0,70.0,70.0,0.0,2.138279676437378,2.138279676437378,0.0,4.8,4.8,0.0,0.0,0.0,0.0
779,mp3d/2azQ1b91cZZ/2azQ1b91cZZ.glb,0,0.0,0.0,0.0,0.0,0.0,0.0,0.0,0.0,0.0,0.021024822279289992,0.34180385583401324,0.32077903355472326,0.0,0.0,0.0,15.089997291564941,11.877010345458984,-3.212986946105957,247.0,70.0,-177.0,36.74928665161133,2.138279676437378,-34.61100697517395,0.006756756756756757,4.8,4.793243243243243,0.0,0.0,0.0
780,mp3d/2azQ1b91cZZ/2azQ1b91cZZ.glb,0,0.0,0.0,0.0,0.0,0.0,0.0,0.0,0.0,0.0,0.001731634289751981,0.3239966979462277,0.3222650636564757,0.0,0.0,0.0,17.279722213745117,11.736227035522461,-5.543495178222656,154.0,190.0,36.0,26.422256469726562,20.14935302734375,-6.2729034423828125,0.028037383177570093,0.4819277108433735,0.4538903276658034,0.0,0.0,0.0
781,mp3d/EU6Fwq7SyZv/EU6Fwq7SyZv.glb,0,1.0,1.0,0.0,1.0,1.0,0.0,0.8980480038525397,0.8980480038525397,0.0,0.9177119529069359,0.9177119529069359,0.0,0.9177119529069359,0.9177119529069359,0.0,0.4942786991596222,0.4942786991596222,0.0,40.0,40.0,0.0,6.249999046325684,6.249999046325684,0.0,0.0,0.0,0.0,0.0,0.0,0.0
782,mp3d/EU6Fwq7SyZv/EU6Fwq7SyZv.glb,0,1.0,1.0,0.0,1.0,1.0,0.0,0.8980480038525397,0.8980480038525397,0.0,0.9177119529069359,0.9177119529069359,0.0,0.9177119529069359,0.9177119529069359,0.0,0.4942786991596222,0.4942786991596222,0.0,40.0,40.0,0.0,6.249999046325684,6.249999046325684,0.0,0.0,0.0,0.0,0.0,0.0,0.0
783,mp3d/EU6Fwq7SyZv/EU6Fwq7SyZv.glb,0,1.0,0.0,-1.0,1.0,0.0,-1.0,0.3741730274964205,0.0,-0.3741730274964205,0.395546067002024,0.03203524899151506,-0.36351081801050894,0.395546067002024,0.0,-0.395546067002024,0.6567189693450928,6.703202247619629,6.046483278274536,106.0,366.0,260.0,15.000544548034668,41.504417419433594,26.503872871398926,0.0,0.0,0.0,0.0,0.0,0.0
784,mp3d/QUCTc6BB5sX/QUCTc6BB5sX.glb,0,1.0,1.0,0.0,1.0,1.0,0.0,1.0,1.0,0.0,0.9383148258484643,0.9383148258484643,0.0,0.9383148258484643,0.9383148258484643,0.0,1.2173219919204712,1.2173219919204712,0.0,45.0,45.0,0.0,6.790969371795654,6.790969371795654,0.0,0.0,0.0,0.0,0.0,0.0,0.0
785,mp3d/QUCTc6BB5sX/QUCTc6BB5sX.glb,0,1.0,1.0,0.0,1.0,1.0,0.0,1.0,1.0,0.0,0.9383148258484643,0.9383148258484643,0.0,0.9383148258484643,0.9383148258484643,0.0,1.2173219919204712,1.2173219919204712,0.0,45.0,45.0,0.0,6.790969371795654,6.790969371795654,0.0,0.0,0.0,0.0,0.0,0.0,0.0
786,mp3d/QUCTc6BB5sX/QUCTc6BB5sX.glb,0,1.0,1.0,0.0,1.0,1.0,0.0,1.0,1.0,0.0,0.9383148258484643,0.9383148258484643,0.0,0.9383148258484643,0.9383148258484643,0.0,1.2173219919204712,1.2173219919204712,0.0,45.0,45.0,0.0,6.790969371795654,6.790969371795654,0.0,0.0,0.0,0.0,0.0,0.0,0.0
787,mp3d/oLBMNvg9in8/oLBMNvg9in8.glb,0,1.0,1.0,0.0,1.0,1.0,0.0,0.932440435344953,0.932440435344953,0.0,0.9305053657224557,0.9305053657224557,0.0,0.9305053657224557,0.9305053657224557,0.0,0.9532744288444519,0.9532744288444519,0.0,59.0,59.0,0.0,9.172554016113281,9.172554016113281,0.0,0.0,0.0,0.0,0.0,0.0,0.0
788,mp3d/oLBMNvg9in8/oLBMNvg9in8.glb,0,0.0,1.0,1.0,1.0,1.0,0.0,0.0,0.932440435344953,0.932440435344953,0.8474325158036327,0.9305053657224557,0.08307284991882302,0.0,0.9305053657224557,0.9305053657224557,3.113652467727661,0.9532744288444519,-2.1603780388832092,75.0,59.0,-16.0,11.422554969787598,9.172554016113281,-2.2500009536743164,0.0,0.0,0.0,1.0,0.0,-1.0
789,mp3d/oLBMNvg9in8/oLBMNvg9in8.glb,0,1.0,1.0,0.0,1.0,1.0,0.0,0.8063917001482168,0.9937866201793449,0.18739492003112812,0.9034385606671861,0.9477742020082172,0.04433564134103107,0.9034385606671861,0.9477742020082172,0.04433564134103107,1.2826244831085205,0.7504397630691528,-0.5321847200393677,65.0,55.0,-10.0,10.606334686279297,8.606334686279297,-2.0,0.0,0.0,0.0,0.0,0.0,0.0
790,mp3d/TbHJrupSAjP/TbHJrupSAjP.glb,0,1.0,1.0,0.0,1.0,1.0,0.0,0.9256741183187788,0.9256741183187788,0.0,0.9396331334816571,0.9396331334816571,0.0,0.9396331334816571,0.9396331334816571,0.0,0.22483229637145996,0.22483229637145996,0.0,44.0,44.0,0.0,6.980158805847168,6.980158805847168,0.0,0.0,0.0,0.0,0.0,0.0,0.0
791,mp3d/TbHJrupSAjP/TbHJrupSAjP.glb,0,1.0,1.0,0.0,1.0,1.0,0.0,0.9256741183187788,0.9256741183187788,0.0,0.9396331334816571,0.9396331334816571,0.0,0.9396331334816571,0.9396331334816571,0.0,0.22483229637145996,0.22483229637145996,0.0,44.0,44.0,0.0,6.980158805847168,6.980158805847168,0.0,0.0,0.0,0.0,0.0,0.0,0.0
792,mp3d/TbHJrupSAjP/TbHJrupSAjP.glb,0,1.0,1.0,0.0,1.0,1.0,0.0,0.9256741183187788,0.9256741183187788,0.0,0.9396331334816571,0.9396331334816571,0.0,0.9396331334816571,0.9396331334816571,0.0,0.22483229637145996,0.22483229637145996,0.0,44.0,44.0,0.0,6.980158805847168,6.980158805847168,0.0,0.0,0.0,0.0,0.0,0.0,0.0
793,mp3d/QUCTc6BB5sX/QUCTc6BB5sX.glb,0,0.0,0.0,0.0,0.0,0.0,0.0,0.0,0.0,0.0,0.12333063585501193,0.12333063585501193,0.0,0.0,0.0,0.0,11.185136795043945,11.185136795043945,0.0,102.0,102.0,0.0,17.930665969848633,17.930665969848633,0.0,0.0,0.0,0.0,0.0,0.0,0.0
794,mp3d/QUCTc6BB5sX/QUCTc6BB5sX.glb,0,0.0,0.0,0.0,0.0,0.0,0.0,0.0,0.0,0.0,0.1539462836879854,0.8276047204387786,0.6736584367507932,0.0,0.0,0.0,9.08317756652832,3.38248872756958,-5.70068883895874,158.0,53.0,-105.0,22.28233528137207,7.75000524520874,-14.53233003616333,0.05434782608695652,0.0,-0.05434782608695652,0.0,0.0,0.0
795,mp3d/QUCTc6BB5sX/QUCTc6BB5sX.glb,0,1.0,0.0,-1.0,1.0,0.0,-1.0,0.6501909988183419,0.0,-0.6501909988183419,0.5214813060319216,0.8276047204387786,0.3061234144068571,0.5214813060319216,0.0,-0.5214813060319216,1.2042498588562012,3.38248872756958,2.178238868713379,99.0,53.0,-46.0,15.70950984954834,7.75000524520874,-7.9595046043396,0.08823529411764706,0.0,-0.08823529411764706,0.0,0.0,0.0
796,mp3d/QUCTc6BB5sX/QUCTc6BB5sX.glb,0,1.0,1.0,0.0,1.0,1.0,0.0,0.740180244161809,0.740180244161809,0.0,0.8066027847190379,0.8066027847190379,0.0,0.8066027847190379,0.8066027847190379,0.0,2.476733684539795,2.476733684539795,0.0,74.0,74.0,0.0,12.703194618225098,12.703194618225098,0.0,0.05660377358490566,0.05660377358490566,0.0,0.0,0.0,0.0
797,mp3d/QUCTc6BB5sX/QUCTc6BB5sX.glb,0,1.0,1.0,0.0,1.0,1.0,0.0,1.0,1.0,0.0,0.9344541553421005,0.9344541553421005,0.0,0.9344541553421005,0.9344541553421005,0.0,1.259926676750183,1.259926676750183,0.0,54.0,54.0,0.0,8.953195571899414,8.953195571899414,0.0,0.07894736842105263,0.07894736842105263,0.0,0.0,0.0,0.0
798,mp3d/QUCTc6BB5sX/QUCTc6BB5sX.glb,0,1.0,1.0,0.0,1.0,1.0,0.0,0.8995004091791147,0.710467147027558,-0.1890332621515567,0.9354271241906903,0.8837823178111692,-0.05164480637952107,0.9354271241906903,0.8837823178111692,-0.05164480637952107,0.3452594578266144,0.34323835372924805,-0.002021104097366333,64.0,93.0,29.0,10.453195571899414,13.234466552734375,2.781270980834961,0.06818181818181818,0.09090909090909091,0.022727272727272735,0.0,0.0,0.0
799,mp3d/2azQ1b91cZZ/2azQ1b91cZZ.glb,0,0.0,0.0,0.0,0.0,0.0,0.0,0.0,0.0,0.0,0.00037944623714812186,0.018199482437398294,0.01782003620025017,0.0,0.0,0.0,10.765934944152832,8.005982398986816,-2.7599525451660156,348.0,279.0,-69.0,52.25002670288086,34.25143051147461,-17.99859619140625,0.0,0.007246376811594203,0.007246376811594203,0.0,0.0,0.0
800,mp3d/2azQ1b91cZZ/2azQ1b91cZZ.glb,0,0.0,0.0,0.0,0.0,0.0,0.0,0.0,0.0,0.0,0.0015110118343719438,0.004750661678037217,0.0032396498436652738,0.0,0.0,0.0,17.874107360839844,12.45433235168457,-5.419775009155273,236.0,296.0,60.0,30.736345291137695,33.500003814697266,2.7636585235595703,0.008064516129032258,0.0,-0.008064516129032258,0.0,0.0,0.0
801,mp3d/2azQ1b91cZZ/2azQ1b91cZZ.glb,0,0.0,0.0,0.0,0.0,0.0,0.0,0.0,0.0,0.0,0.002015749812992437,0.005507104849033907,0.00349135503604147,0.0,0.0,0.0,11.889787673950195,12.850976943969727,0.9611892700195312,339.0,246.0,-93.0,48.107635498046875,35.25001907348633,-12.857616424560547,0.02,0.0,-0.02,0.0,0.0,0.0
802,mp3d/2azQ1b91cZZ/2azQ1b91cZZ.glb,0,1.0,0.0,-1.0,1.0,0.0,-1.0,1.0,0.0,-1.0,0.899070653692946,0.5120460613393074,-0.3870245923536386,0.899070653692946,0.0,-0.899070653692946,1.5016218423843384,5.706146717071533,4.204524874687195,62.0,49.0,-13.0,11.75000286102295,9.000001907348633,-2.7500009536743164,0.0,0.0,0.0,0.0,0.0,0.0
803,mp3d/2azQ1b91cZZ/2azQ1b91cZZ.glb,0,0.0,1.0,1.0,0.0,1.0,1.0,0.0,0.8405768371139684,0.8405768371139684,0.03942043339840648,0.5904634429839775,0.551043009585571,0.0,0.5904634429839775,0.5904634429839775,6.533440589904785,0.9735320806503296,-5.559908509254456,218.0,84.0,-134.0,29.589359283447266,15.250003814697266,-14.33935546875,0.03333333333333333,0.0,-0.03333333333333333,0.0,0.0,0.0
804,mp3d/2azQ1b91cZZ/2azQ1b91cZZ.glb,1,0.0,0.0,0.0,0.0,0.0,0.0,0.0,0.0,0.0,0.0,0.0,0.0,0.0,0.0,0.0,0.0,0.0,0.0,0.0,0.0,0.0,0.0,0.0,0.0,0.0,0.0,0.0,0.0,0.0,0.0
805,mp3d/2azQ1b91cZZ/2azQ1b91cZZ.glb,0,1.0,1.0,0.0,1.0,1.0,0.0,0.8917312383793842,1.0,0.10826876162061583,0.9329278481821106,0.9486505626172408,0.01572271443513018,0.9329278481821106,0.9486505626172408,0.01572271443513018,0.4145679473876953,0.835736870765686,0.4211689233779907,43.0,35.0,-8.0,6.499998569488525,5.249998569488525,-1.25,0.0,0.0,0.0,0.0,0.0,0.0
806,mp3d/2azQ1b91cZZ/2azQ1b91cZZ.glb,0,1.0,1.0,0.0,1.0,1.0,0.0,0.8917312383793842,0.8917312383793842,0.0,0.9329278481821106,0.9329278481821106,0.0,0.9329278481821106,0.9329278481821106,0.0,0.4145679473876953,0.4145679473876953,0.0,43.0,43.0,0.0,6.499998569488525,6.499998569488525,0.0,0.0,0.0,0.0,0.0,0.0,0.0
807,mp3d/2azQ1b91cZZ/2azQ1b91cZZ.glb,0,1.0,1.0,0.0,1.0,1.0,0.0,0.8917312383793842,0.7493103830250633,-0.14242085535432092,0.9329278481821106,0.8378011607839053,-0.09512668739820529,0.9329278481821106,0.8378011607839053,-0.09512668739820529,0.4145679473876953,0.2667413651943207,-0.14782658219337463,43.0,58.0,15.0,6.499998569488525,7.735448360443115,1.2354497909545898,0.0,0.03125,0.03125,0.0,0.0,0.0
808,mp3d/2azQ1b91cZZ/2azQ1b91cZZ.glb,0,1.0,1.0,0.0,1.0,1.0,0.0,1.0,1.0,0.0,0.9510722223538121,0.9510722223538121,0.0,0.9510722223538121,0.9510722223538121,0.0,0.5691187381744385,0.5691187381744385,0.0,40.0,40.0,0.0,6.750000476837158,6.750000476837158,0.0,0.0,0.0,0.0,0.0,0.0,0.0
809,mp3d/2azQ1b91cZZ/2azQ1b91cZZ.glb,0,1.0,1.0,0.0,1.0,1.0,0.0,1.0,1.0,0.0,0.9510722223538121,0.9510722223538121,0.0,0.9510722223538121,0.9510722223538121,0.0,0.5691187381744385,0.5691187381744385,0.0,40.0,40.0,0.0,6.750000476837158,6.750000476837158,0.0,0.0,0.0,0.0,0.0,0.0,0.0
810,mp3d/2azQ1b91cZZ/2azQ1b91cZZ.glb,0,1.0,1.0,0.0,1.0,1.0,0.0,1.0,1.0,0.0,0.9510722223538121,0.9510722223538121,0.0,0.9510722223538121,0.9510722223538121,0.0,0.5691187381744385,0.5691187381744385,0.0,40.0,40.0,0.0,6.750000476837158,6.750000476837158,0.0,0.0,0.0,0.0,0.0,0.0,0.0
811,mp3d/oLBMNvg9in8/oLBMNvg9in8.glb,0,1.0,1.0,0.0,1.0,1.0,0.0,0.5098033552849267,0.4021153285466668,-0.10768802673825989,0.8043209895150313,0.6442047406501084,-0.16011624886492293,0.8043209895150313,0.6442047406501084,-0.16011624886492293,0.5021775364875793,0.4234679043292999,-0.07870963215827942,107.0,157.0,50.0,11.739117622375488,14.882898330688477,3.1437807083129883,0.17647058823529413,0.19047619047619047,0.014005602240896337,0.0,0.0,0.0
812,mp3d/oLBMNvg9in8/oLBMNvg9in8.glb,0,1.0,1.0,0.0,1.0,1.0,0.0,0.9721987642380411,0.9721987642380411,0.0,0.8917655638693066,0.8917655638693066,0.0,0.8917655638693066,0.8917655638693066,0.0,1.0294392108917236,1.0294392108917236,0.0,43.0,43.0,0.0,6.155779838562012,6.155779838562012,0.0,0.41379310344827586,0.41379310344827586,0.0,0.0,0.0,0.0
813,mp3d/oLBMNvg9in8/oLBMNvg9in8.glb,0,1.0,1.0,0.0,1.0,1.0,0.0,0.3803181099460797,0.3803181099460797,0.0,0.6281113021817886,0.6281113021817886,0.0,0.6281113021817886,0.6281113021817886,0.0,0.284616619348526,0.284616619348526,0.0,161.0,161.0,0.0,15.735883712768555,15.735883712768555,0.0,0.18181818181818182,0.18181818181818182,0.0,0.0,0.0,0.0
814,mp3d/TbHJrupSAjP/TbHJrupSAjP.glb,0,1.0,1.0,0.0,1.0,1.0,0.0,0.8000271764714749,0.8000271764714749,0.0,0.9403933232359272,0.9403933232359272,0.0,0.9403933232359272,0.9403933232359272,0.0,0.27834901213645935,0.27834901213645935,0.0,58.0,58.0,0.0,8.478205680847168,8.478205680847168,0.0,0.0,0.0,0.0,0.0,0.0,0.0
815,mp3d/TbHJrupSAjP/TbHJrupSAjP.glb,0,1.0,1.0,0.0,1.0,1.0,0.0,0.41625874463528734,0.6200117232762826,0.20375297864099529,0.7757201632094078,0.9001603778600399,0.12444021465063204,0.7757201632094078,0.9001603778600399,0.12444021465063204,0.27844730019569397,0.2552409768104553,-0.023206323385238647,144.0,102.0,-42.0,16.294660568237305,10.93978500366211,-5.354875564575195,0.0,0.022727272727272728,0.022727272727272728,0.0,0.0,0.0
816,mp3d/TbHJrupSAjP/TbHJrupSAjP.glb,0,1.0,1.0,0.0,1.0,1.0,0.0,0.8000271764714749,0.8000271764714749,0.0,0.9403933232359272,0.9403933232359272,0.0,0.9403933232359272,0.9403933232359272,0.0,0.27834901213645935,0.27834901213645935,0.0,58.0,58.0,0.0,8.478205680847168,8.478205680847168,0.0,0.0,0.0,0.0,0.0,0.0,0.0
817,mp3d/x8F5xyUWy9e/x8F5xyUWy9e.glb,0,1.0,1.0,0.0,1.0,1.0,0.0,1.0,1.0,0.0,0.9524625536728112,0.9524625536728112,0.0,0.9524625536728112,0.9524625536728112,0.0,0.8247349262237549,0.8247349262237549,0.0,35.0,35.0,0.0,7.109961986541748,7.109961986541748,0.0,0.0,0.0,0.0,0.0,0.0,0.0
818,mp3d/x8F5xyUWy9e/x8F5xyUWy9e.glb,0,1.0,1.0,0.0,1.0,1.0,0.0,1.0,1.0,0.0,0.9524625536728112,0.9524625536728112,0.0,0.9524625536728112,0.9524625536728112,0.0,0.8247349262237549,0.8247349262237549,0.0,35.0,35.0,0.0,7.109961986541748,7.109961986541748,0.0,0.0,0.0,0.0,0.0,0.0,0.0
819,mp3d/x8F5xyUWy9e/x8F5xyUWy9e.glb,0,1.0,1.0,0.0,1.0,1.0,0.0,1.0,1.0,0.0,0.9524625536728112,0.9524625536728112,0.0,0.9524625536728112,0.9524625536728112,0.0,0.8247349262237549,0.8247349262237549,0.0,35.0,35.0,0.0,7.109961986541748,7.109961986541748,0.0,0.0,0.0,0.0,0.0,0.0,0.0
820,mp3d/zsNo4HB9uLZ/zsNo4HB9uLZ.glb,0,0.0,0.0,0.0,1.0,1.0,0.0,0.0,0.0,0.0,0.778840457971768,0.7234391755465284,-0.05540128242523967,0.0,0.0,0.0,3.733001232147217,3.7330007553100586,-4.76837158203125e-07,65.0,91.0,26.0,8.250000953674316,10.75,2.4999990463256836,0.0,0.0,0.0,1.0,1.0,0.0
821,mp3d/zsNo4HB9uLZ/zsNo4HB9uLZ.glb,0,1.0,1.0,0.0,1.0,1.0,0.0,1.0,1.0,0.0,0.9347258338452928,0.9347258338452928,0.0,0.9347258338452928,0.9347258338452928,0.0,1.329459547996521,1.329459547996521,0.0,44.0,44.0,0.0,5.249999523162842,5.249999523162842,0.0,0.0,0.0,0.0,0.0,0.0,0.0
822,mp3d/zsNo4HB9uLZ/zsNo4HB9uLZ.glb,0,1.0,1.0,0.0,1.0,1.0,0.0,1.0,1.0,0.0,0.8771856065869557,0.8771856065869557,0.0,0.8771856065869557,0.8771856065869557,0.0,2.003849506378174,2.003849506378174,0.0,45.0,45.0,0.0,4.988900661468506,4.988900661468506,0.0,0.25,0.25,0.0,0.0,0.0,0.0
823,mp3d/Z6MFQCViBuw/Z6MFQCViBuw.glb,0,1.0,1.0,0.0,1.0,1.0,0.0,0.9945752632701659,0.9945752632701659,0.0,0.9800282167500972,0.9800282167500972,0.0,0.9800282167500972,0.9800282167500972,0.0,0.30439645051956177,0.30439645051956177,0.0,36.0,36.0,0.0,6.571969985961914,6.571969985961914,0.0,0.0,0.0,0.0,0.0,0.0,0.0
824,mp3d/Z6MFQCViBuw/Z6MFQCViBuw.glb,0,1.0,1.0,0.0,1.0,1.0,0.0,0.9945752632701659,0.9945752632701659,0.0,0.9800282167500972,0.9800282167500972,0.0,0.9800282167500972,0.9800282167500972,0.0,0.30439645051956177,0.30439645051956177,0.0,36.0,36.0,0.0,6.571969985961914,6.571969985961914,0.0,0.0,0.0,0.0,0.0,0.0,0.0
825,mp3d/Z6MFQCViBuw/Z6MFQCViBuw.glb,0,1.0,1.0,0.0,1.0,1.0,0.0,0.7354658661826105,0.7354658661826105,0.0,0.8113190520387102,0.8113190520387102,0.0,0.8113190520387102,0.8113190520387102,0.0,2.419398069381714,2.419398069381714,0.0,47.0,47.0,0.0,8.887317657470703,8.887317657470703,0.0,0.0,0.0,0.0,0.0,0.0,0.0
826,mp3d/zsNo4HB9uLZ/zsNo4HB9uLZ.glb,0,1.0,1.0,0.0,1.0,1.0,0.0,1.0,1.0,0.0,0.974967269006325,0.974967269006325,0.0,0.974967269006325,0.974967269006325,0.0,0.8280259370803833,0.8280259370803833,0.0,36.0,36.0,0.0,6.750030517578125,6.750030517578125,0.0,0.0,0.0,0.0,0.0,0.0,0.0
827,mp3d/zsNo4HB9uLZ/zsNo4HB9uLZ.glb,0,1.0,1.0,0.0,1.0,1.0,0.0,1.0,1.0,0.0,0.974967269006325,0.974967269006325,0.0,0.974967269006325,0.974967269006325,0.0,0.8280259370803833,0.8280259370803833,0.0,36.0,36.0,0.0,6.750030517578125,6.750030517578125,0.0,0.0,0.0,0.0,0.0,0.0,0.0
828,mp3d/zsNo4HB9uLZ/zsNo4HB9uLZ.glb,0,0.0,0.0,0.0,0.0,0.0,0.0,0.0,0.0,0.0,0.48095693263964107,0.48095693263964107,0.0,0.0,0.0,0.0,7.20775032043457,7.20775032043457,0.0,26.0,26.0,0.0,4.750030517578125,4.750030517578125,0.0,0.0,0.0,0.0,0.0,0.0,0.0
829,mp3d/TbHJrupSAjP/TbHJrupSAjP.glb,0,1.0,1.0,0.0,1.0,1.0,0.0,0.8138951998863311,0.6488082965699987,-0.16508690331633236,0.8929919720729784,0.8160369475849898,-0.07695502448798863,0.8929919720729784,0.8160369475849898,-0.07695502448798863,0.2339397668838501,0.43261924386024475,0.19867947697639465,81.0,116.0,35.0,12.772833824157715,16.02283477783203,3.2500009536743164,0.019230769230769232,0.015384615384615385,-0.0038461538461538464,0.0,0.0,0.0
830,mp3d/TbHJrupSAjP/TbHJrupSAjP.glb,0,1.0,0.0,-1.0,1.0,0.0,-1.0,0.7204578102791851,0.0,-0.7204578102791851,0.7986386924983586,0.7396698234888959,-0.05896886900946274,0.7986386924983586,0.0,-0.7986386924983586,0.7565147280693054,5.883543491363525,5.12702876329422,109.0,66.0,-43.0,14.429364204406738,10.022833824157715,-4.406530380249023,0.06779661016949153,0.024390243902439025,-0.0434063662670525,0.0,0.0,0.0
831,mp3d/TbHJrupSAjP/TbHJrupSAjP.glb,0,1.0,1.0,0.0,1.0,1.0,0.0,0.5939948429452319,0.5471041064181542,-0.04689073652707765,0.7552331795981071,0.7139894326744501,-0.041243746923656954,0.7552331795981071,0.7139894326744501,-0.041243746923656954,0.11701440811157227,0.3199206590652466,0.20290625095367432,125.0,131.0,6.0,17.50141143798828,19.001407623291016,1.4999961853027344,0.014084507042253521,0.012987012987012988,-0.0010974940552405336,0.0,0.0,0.0
832,mp3d/2azQ1b91cZZ/2azQ1b91cZZ.glb,0,0.0,0.0,0.0,0.0,0.0,0.0,0.0,0.0,0.0,0.35494683746096084,0.35494683746096084,0.0,0.0,0.0,0.0,9.422847747802734,9.422847747802734,0.0,44.0,44.0,0.0,6.745272636413574,6.745272636413574,0.0,0.03571428571428571,0.03571428571428571,0.0,0.0,0.0,0.0
833,mp3d/2azQ1b91cZZ/2azQ1b91cZZ.glb,0,0.0,0.0,0.0,0.0,0.0,0.0,0.0,0.0,0.0,0.35494683746096084,0.35494683746096084,0.0,0.0,0.0,0.0,9.422847747802734,9.422847747802734,0.0,44.0,44.0,0.0,6.745272636413574,6.745272636413574,0.0,0.03571428571428571,0.03571428571428571,0.0,0.0,0.0,0.0
834,mp3d/2azQ1b91cZZ/2azQ1b91cZZ.glb,0,1.0,1.0,0.0,1.0,1.0,0.0,0.7351475165409684,0.9676704418448699,0.2325229253039015,0.6387786694120265,0.5988215759177928,-0.03995709349423371,0.6387786694120265,0.5988215759177928,-0.03995709349423371,0.48919859528541565,2.8481338024139404,2.358935207128525,92.0,69.0,-23.0,13.478076934814453,10.239410400390625,-3.238666534423828,0.15789473684210525,0.13953488372093023,-0.018359853121175024,0.0,0.0,0.0
835,mp3d/TbHJrupSAjP/TbHJrupSAjP.glb,0,1.0,1.0,0.0,1.0,1.0,0.0,0.9546880042568247,0.9546880042568247,0.0,0.8990370779442366,0.8990370779442366,0.0,0.8990370779442366,0.8990370779442366,0.0,0.8382739424705505,0.8382739424705505,0.0,40.0,40.0,0.0,6.445015907287598,6.445015907287598,0.0,0.0,0.0,0.0,0.0,0.0,0.0
836,mp3d/TbHJrupSAjP/TbHJrupSAjP.glb,0,1.0,1.0,0.0,1.0,1.0,0.0,0.9546880042568247,0.9546880042568247,0.0,0.8990370779442366,0.8990370779442366,0.0,0.8990370779442366,0.8990370779442366,0.0,0.8382739424705505,0.8382739424705505,0.0,40.0,40.0,0.0,6.445015907287598,6.445015907287598,0.0,0.0,0.0,0.0,0.0,0.0,0.0
837,mp3d/TbHJrupSAjP/TbHJrupSAjP.glb,0,1.0,1.0,0.0,1.0,1.0,0.0,0.9546880042568247,0.9546880042568247,0.0,0.8990370779442366,0.8990370779442366,0.0,0.8990370779442366,0.8990370779442366,0.0,0.8382739424705505,0.8382739424705505,0.0,40.0,40.0,0.0,6.445015907287598,6.445015907287598,0.0,0.0,0.0,0.0,0.0,0.0,0.0
838,mp3d/oLBMNvg9in8/oLBMNvg9in8.glb,0,1.0,1.0,0.0,1.0,1.0,0.0,0.7142825857076275,0.7142825857076275,0.0,0.8047210220816148,0.8047210220816148,0.0,0.8047210220816148,0.8047210220816148,0.0,1.7005021572113037,1.7005021572113037,0.0,47.0,47.0,0.0,6.640868663787842,6.640868663787842,0.0,0.0,0.0,0.0,0.0,0.0,0.0
839,mp3d/oLBMNvg9in8/oLBMNvg9in8.glb,0,1.0,1.0,0.0,1.0,1.0,0.0,0.7142825857076275,0.7142825857076275,0.0,0.8047210220816148,0.8047210220816148,0.0,0.8047210220816148,0.8047210220816148,0.0,1.7005021572113037,1.7005021572113037,0.0,47.0,47.0,0.0,6.640868663787842,6.640868663787842,0.0,0.0,0.0,0.0,0.0,0.0,0.0
840,mp3d/oLBMNvg9in8/oLBMNvg9in8.glb,0,1.0,1.0,0.0,1.0,1.0,0.0,0.8450656246307311,0.8450656246307311,0.0,0.8840225760488647,0.8840225760488647,0.0,0.8840225760488647,0.8840225760488647,0.0,0.5767848491668701,0.5767848491668701,0.0,40.0,40.0,0.0,5.613122463226318,5.613122463226318,0.0,0.0,0.0,0.0,0.0,0.0,0.0
841,mp3d/QUCTc6BB5sX/QUCTc6BB5sX.glb,0,0.0,0.0,0.0,0.0,0.0,0.0,0.0,0.0,0.0,0.005020057638075911,0.0013205762443032306,-0.0036994813937726804,0.0,0.0,0.0,18.21612548828125,16.652812957763672,-1.5633125305175781,171.0,208.0,37.0,31.30895233154297,35.558616638183594,4.249664306640625,0.0,0.0,0.0,0.0,0.0,0.0
842,mp3d/QUCTc6BB5sX/QUCTc6BB5sX.glb,0,0.0,0.0,0.0,0.0,0.0,0.0,0.0,0.0,0.0,0.0028488586937411727,0.0028488586937411727,0.0,0.0,0.0,0.0,16.64246940612793,16.64246940612793,0.0,178.0,178.0,0.0,32.297325134277344,32.297325134277344,0.0,0.0,0.0,0.0,0.0,0.0,0.0
843,mp3d/QUCTc6BB5sX/QUCTc6BB5sX.glb,0,0.0,0.0,0.0,0.0,0.0,0.0,0.0,0.0,0.0,0.0003783720398863044,0.0007519555262650557,0.0003735834863787513,0.0,0.0,0.0,32.777381896972656,33.005775451660156,0.2283935546875,142.0,125.0,-17.0,24.27930450439453,23.029308319091797,-1.2499961853027344,0.0,0.0,0.0,0.0,0.0,0.0
844,mp3d/oLBMNvg9in8/oLBMNvg9in8.glb,0,1.0,1.0,0.0,1.0,1.0,0.0,0.6771822280159048,0.8319405706946122,0.15475834267870747,0.7910953153284725,0.8389743789623547,0.04787906363388217,0.7910953153284725,0.8389743789623547,0.04787906363388217,0.5637600421905518,2.0033702850341797,1.439610242843628,82.0,62.0,-20.0,11.580939292907715,9.426642417907715,-2.154296875,0.22916666666666666,0.16666666666666666,-0.0625,0.0,0.0,0.0
845,mp3d/oLBMNvg9in8/oLBMNvg9in8.glb,0,1.0,1.0,0.0,1.0,1.0,0.0,0.6608637545355551,0.6608637545355551,0.0,0.5989191102148911,0.5989191102148911,0.0,0.5989191102148911,0.5989191102148911,0.0,2.9580583572387695,2.9580583572387695,0.0,84.0,84.0,0.0,11.866903305053711,11.866903305053711,0.0,0.0,0.0,0.0,0.0,0.0,0.0
846,mp3d/oLBMNvg9in8/oLBMNvg9in8.glb,0,1.0,1.0,0.0,1.0,1.0,0.0,0.35650388955078655,0.45649371289658625,0.0999898233457997,0.33303079124429646,0.3825707700233623,0.04953997877906585,0.33303079124429646,0.3825707700233623,0.04953997877906585,0.9548870325088501,1.7536944150924683,0.7988073825836182,159.0,120.0,-39.0,21.99809455871582,17.179658889770508,-4.8184356689453125,0.125,0.0,-0.125,0.0,0.0,0.0
847,mp3d/Z6MFQCViBuw/Z6MFQCViBuw.glb,0,0.0,0.0,0.0,0.0,0.0,0.0,0.0,0.0,0.0,0.11550537637234096,0.11550537637234096,0.0,0.0,0.0,0.0,12.087591171264648,12.087591171264648,0.0,72.0,72.0,0.0,13.448467254638672,13.448467254638672,0.0,0.0,0.0,0.0,0.0,0.0,0.0
848,mp3d/Z6MFQCViBuw/Z6MFQCViBuw.glb,0,0.0,0.0,0.0,1.0,1.0,0.0,0.0,0.0,0.0,0.6328998142933614,0.6328998142933614,0.0,0.0,0.0,0.0,3.561253070831299,3.561253070831299,0.0,64.0,64.0,0.0,12.440980911254883,12.440980911254883,0.0,0.0,0.0,0.0,1.0,1.0,0.0
849,mp3d/Z6MFQCViBuw/Z6MFQCViBuw.glb,0,1.0,1.0,0.0,1.0,1.0,0.0,1.0,1.0,0.0,0.8204322843809796,0.8204322843809796,0.0,0.8204322843809796,0.8204322843809796,0.0,2.2086966037750244,2.2086966037750244,0.0,40.0,40.0,0.0,6.506155967712402,6.506155967712402,0.0,0.0,0.0,0.0,0.0,0.0,0.0
850,mp3d/oLBMNvg9in8/oLBMNvg9in8.glb,0,0.0,0.0,0.0,0.0,0.0,0.0,0.0,0.0,0.0,0.3367697449650584,0.3367697437154137,-1.2496447210352812e-09,0.0,0.0,0.0,14.041558265686035,14.041558265686035,0.0,144.0,137.0,-7.0,3.549306869506836,3.549306869506836,0.0,3.6666666666666665,3.8333333333333335,0.16666666666666696,0.0,0.0,0.0
851,mp3d/oLBMNvg9in8/oLBMNvg9in8.glb,0,0.0,0.0,0.0,0.0,0.0,0.0,0.0,0.0,0.0,0.33282078660342823,0.3367697449650584,0.003948958361630173,0.0,0.0,0.0,14.041558265686035,14.041558265686035,0.0,190.0,144.0,-46.0,7.310518264770508,3.549306869506836,-3.761211395263672,1.8235294117647058,3.6666666666666665,1.8431372549019607,0.0,0.0,0.0
852,mp3d/oLBMNvg9in8/oLBMNvg9in8.glb,0,0.0,0.0,0.0,0.0,0.0,0.0,0.0,0.0,0.0,0.3288950010632658,0.3367697437154137,0.007874742652147881,0.0,0.0,0.0,14.024219512939453,14.041558265686035,0.01733875274658203,255.0,144.0,-111.0,15.054391860961914,3.549306869506836,-11.505084991455078,0.8923076923076924,3.6666666666666665,2.7743589743589743,0.0,0.0,0.0
853,mp3d/X7HyMhZNoso/X7HyMhZNoso.glb,0,1.0,1.0,0.0,1.0,1.0,0.0,0.7125839928928782,0.7125839928928782,0.0,0.8390973600538915,0.8390973600538915,0.0,0.8390973600538915,0.8390973600538915,0.0,0.7034522891044617,0.7034522891044617,0.0,81.0,81.0,0.0,12.46424388885498,12.46424388885498,0.0,0.11764705882352941,0.11764705882352941,0.0,0.0,0.0,0.0
854,mp3d/X7HyMhZNoso/X7HyMhZNoso.glb,0,1.0,1.0,0.0,1.0,1.0,0.0,0.7125839928928782,0.7125839928928782,0.0,0.8390973600538915,0.8390973600538915,0.0,0.8390973600538915,0.8390973600538915,0.0,0.7034522891044617,0.7034522891044617,0.0,81.0,81.0,0.0,12.46424388885498,12.46424388885498,0.0,0.11764705882352941,0.11764705882352941,0.0,0.0,0.0,0.0
855,mp3d/X7HyMhZNoso/X7HyMhZNoso.glb,0,1.0,1.0,0.0,1.0,1.0,0.0,0.7125839928928782,0.7125839928928782,0.0,0.8390973600538915,0.8390973600538915,0.0,0.8390973600538915,0.8390973600538915,0.0,0.7034522891044617,0.7034522891044617,0.0,81.0,81.0,0.0,12.46424388885498,12.46424388885498,0.0,0.11764705882352941,0.11764705882352941,0.0,0.0,0.0,0.0
856,mp3d/X7HyMhZNoso/X7HyMhZNoso.glb,0,0.0,0.0,0.0,0.0,0.0,0.0,0.0,0.0,0.0,0.045227187913698785,0.23188739748654869,0.1866602095728499,0.0,0.0,0.0,11.213935852050781,9.057393074035645,-2.1565427780151367,128.0,59.0,-69.0,19.72464942932129,9.388092041015625,-10.336557388305664,0.01282051282051282,0.0,-0.01282051282051282,0.0,0.0,0.0
857,mp3d/X7HyMhZNoso/X7HyMhZNoso.glb,0,0.0,0.0,0.0,0.0,0.0,0.0,0.0,0.0,0.0,0.23188739748654869,0.23188739748654869,0.0,0.0,0.0,0.0,9.057393074035645,9.057393074035645,0.0,59.0,59.0,0.0,9.388092041015625,9.388092041015625,0.0,0.0,0.0,0.0,0.0,0.0,0.0
858,mp3d/X7HyMhZNoso/X7HyMhZNoso.glb,0,0.0,0.0,0.0,0.0,0.0,0.0,0.0,0.0,0.0,0.04439847486561736,0.28644559890905763,0.24204712404344025,0.0,0.0,0.0,8.909627914428711,8.866073608398438,-0.04355430603027344,184.0,61.0,-123.0,26.51211929321289,9.692632675170898,-16.819486618041992,0.06422018348623854,0.0,-0.06422018348623854,0.0,0.0,0.0
859,mp3d/2azQ1b91cZZ/2azQ1b91cZZ.glb,0,0.0,0.0,0.0,0.0,0.0,0.0,0.0,0.0,0.0,7.486285650599805e-05,0.00022314842394506997,0.00014828556743907192,0.0,0.0,0.0,21.786542892456055,22.364641189575195,0.5780982971191406,139.0,118.0,-21.0,25.135597229003906,22.63559341430664,-2.5000038146972656,0.0196078431372549,0.021739130434782608,0.0021312872975277064,0.0,0.0,0.0
860,mp3d/2azQ1b91cZZ/2azQ1b91cZZ.glb,0,0.0,0.0,0.0,0.0,0.0,0.0,0.0,0.0,0.0,4.925835535405304e-08,5.68517072801588e-06,5.635912372661827e-06,0.0,0.0,0.0,18.502037048339844,18.10317039489746,-0.3988666534423828,448.0,343.0,-105.0,79.78313446044922,52.249610900878906,-27.533523559570312,0.021806853582554516,0.004761904761904762,-0.017044948820649754,0.0,0.0,0.0
861,mp3d/2azQ1b91cZZ/2azQ1b91cZZ.glb,0,0.0,0.0,0.0,0.0,0.0,0.0,0.0,0.0,0.0,3.129408898809309e-09,0.00015651718433706046,0.00015651405492816164,0.0,0.0,0.0,21.542625427246094,22.43143653869629,0.8888111114501953,335.0,146.0,-189.0,55.616127014160156,24.14320182800293,-31.472925186157227,0.013392857142857142,0.02040816326530612,0.007015306122448979,0.0,0.0,0.0
862,mp3d/zsNo4HB9uLZ/zsNo4HB9uLZ.glb,0,0.0,0.0,0.0,0.0,0.0,0.0,0.0,0.0,0.0,0.793544998483986,0.793544998483986,0.0,0.0,0.0,0.0,3.915149688720703,3.915149688720703,0.0,46.0,46.0,0.0,8.000000953674316,8.000000953674316,0.0,0.0,0.0,0.0,0.0,0.0,0.0
863,mp3d/zsNo4HB9uLZ/zsNo4HB9uLZ.glb,0,1.0,1.0,0.0,1.0,1.0,0.0,1.0,0.8739983793667084,-0.12600162063329157,0.9243667607438041,0.8942934874794654,-0.03007327326433873,0.9243667607438041,0.8942934874794654,-0.03007327326433873,0.9668811559677124,1.1840866804122925,0.21720552444458008,60.0,87.0,27.0,11.000000953674316,12.750703811645508,1.7507028579711914,0.0,0.0,0.0,0.0,0.0,0.0
864,mp3d/zsNo4HB9uLZ/zsNo4HB9uLZ.glb,0,1.0,1.0,0.0,1.0,1.0,0.0,1.0,1.0,0.0,0.9243667607438041,0.9243667607438041,0.0,0.9243667607438041,0.9243667607438041,0.0,0.9668811559677124,0.9668811559677124,0.0,60.0,60.0,0.0,11.000000953674316,11.000000953674316,0.0,0.0,0.0,0.0,0.0,0.0,0.0
865,mp3d/zsNo4HB9uLZ/zsNo4HB9uLZ.glb,0,1.0,1.0,0.0,1.0,1.0,0.0,0.951655079208041,0.951655079208041,0.0,0.8753509626730505,0.903098660343939,0.027747697670888583,0.8753509626730505,0.903098660343939,0.027747697670888583,2.546323299407959,1.2508031129837036,-1.2955201864242554,101.0,100.0,-1.0,15.00000286102295,15.00000286102295,0.0,0.0,0.0,0.0,0.0,0.0,0.0
866,mp3d/zsNo4HB9uLZ/zsNo4HB9uLZ.glb,0,0.0,0.0,0.0,0.0,0.0,0.0,0.0,0.0,0.0,0.28160793845294446,0.28973188603969147,0.008123947586747005,0.0,0.0,0.0,11.901738166809082,12.397563934326172,0.49582576751708984,47.0,46.0,-1.0,7.000000953674316,6.500515937805176,-0.4994850158691406,0.0,0.0,0.0,0.0,0.0,0.0
867,mp3d/zsNo4HB9uLZ/zsNo4HB9uLZ.glb,0,0.0,0.0,0.0,0.0,0.0,0.0,0.0,0.0,0.0,0.10780785081421772,0.23870862220298547,0.13090077138876777,0.0,0.0,0.0,11.636286735534668,11.63099479675293,-0.005291938781738281,288.0,242.0,-46.0,37.752357482910156,31.504228591918945,-6.248128890991211,0.013157894736842105,0.007874015748031496,-0.005283878988810609,0.0,0.0,0.0
868,mp3d/zsNo4HB9uLZ/zsNo4HB9uLZ.glb,0,0.0,0.0,0.0,0.0,0.0,0.0,0.0,0.0,0.0,0.7623186281012765,0.7623186281012765,0.0,0.0,0.0,0.0,3.828238010406494,3.828238010406494,0.0,55.0,55.0,0.0,7.205679893493652,7.205679893493652,0.0,0.2571428571428571,0.2571428571428571,0.0,0.0,0.0,0.0
869,mp3d/zsNo4HB9uLZ/zsNo4HB9uLZ.glb,0,1.0,1.0,0.0,1.0,1.0,0.0,0.990987386045941,0.990987386045941,0.0,0.9120236741127331,0.9120236741127331,0.0,0.9120236741127331,0.9120236741127331,0.0,0.7895545363426208,0.7895545363426208,0.0,61.0,61.0,0.0,8.956436157226562,8.956436157226562,0.0,0.21428571428571427,0.21428571428571427,0.0,0.0,0.0,0.0
870,mp3d/zsNo4HB9uLZ/zsNo4HB9uLZ.glb,0,1.0,0.0,-1.0,1.0,0.0,-1.0,0.7423379805587039,0.0,-0.7423379805587039,0.8723743486419278,0.7623186281012765,-0.11005572054065127,0.8723743486419278,0.0,-0.8723743486419278,0.7895545363426208,3.828238010406494,3.0386834740638733,97.0,55.0,-42.0,11.95643424987793,7.205679893493652,-4.750754356384277,0.16666666666666666,0.2571428571428571,0.09047619047619046,0.0,0.0,0.0
871,mp3d/Z6MFQCViBuw/Z6MFQCViBuw.glb,0,0.0,0.0,0.0,0.0,0.0,0.0,0.0,0.0,0.0,0.020168745442957246,0.019021732485348292,-0.0011470129576089533,0.0,0.0,0.0,25.06850242614746,25.212987899780273,0.1444854736328125,51.0,52.0,1.0,11.828256607055664,12.078259468078613,0.2500028610229492,0.0,0.0,0.0,0.0,0.0,0.0
872,mp3d/Z6MFQCViBuw/Z6MFQCViBuw.glb,0,0.0,0.0,0.0,0.0,0.0,0.0,0.0,0.0,0.0,0.13039844798460412,0.234913680765865,0.10451523278126088,0.0,0.0,0.0,9.871147155761719,9.1710205078125,-0.7001266479492188,130.0,100.0,-30.0,19.458770751953125,16.08623695373535,-3.3725337982177734,0.0,0.0,0.0,0.0,0.0,0.0
873,mp3d/Z6MFQCViBuw/Z6MFQCViBuw.glb,0,1.0,1.0,0.0,1.0,1.0,0.0,0.9055879918386487,1.0,0.09441200816135131,0.8708557040934704,0.884813349428847,0.01395764533537669,0.8708557040934704,0.884813349428847,0.01395764533537669,0.9005482196807861,1.1523844003677368,0.2518361806869507,73.0,64.0,-9.0,14.814092636108398,12.672096252441406,-2.141996383666992,0.0,0.0,0.0,0.0,0.0,0.0
874,mp3d/QUCTc6BB5sX/QUCTc6BB5sX.glb,0,0.0,0.0,0.0,0.0,0.0,0.0,0.0,0.0,0.0,0.15525796667864222,0.0368551966315781,-0.11840277004706412,0.0,0.0,0.0,10.607156753540039,11.963544845581055,1.3563880920410156,58.0,219.0,161.0,9.500000953674316,32.50621795654297,23.006217002868652,0.0,0.007633587786259542,0.007633587786259542,0.0,0.0,0.0
875,mp3d/QUCTc6BB5sX/QUCTc6BB5sX.glb,0,0.0,0.0,0.0,0.0,0.0,0.0,0.0,0.0,0.0,0.046767202261771966,0.01420638362263544,-0.03256081863913653,0.0,0.0,0.0,10.132059097290039,10.193224906921387,0.061165809631347656,122.0,199.0,77.0,18.975757598876953,30.475759506225586,11.500001907348633,0.012987012987012988,0.008130081300813009,-0.004856931686199979,0.0,0.0,0.0
876,mp3d/QUCTc6BB5sX/QUCTc6BB5sX.glb,0,1.0,1.0,0.0,1.0,1.0,0.0,0.5974985728957883,0.6644738635263738,0.0669752906305855,0.20981014897573083,0.40053955180190276,0.19072940282617193,0.20981014897573083,0.40053955180190276,0.19072940282617193,1.5762462615966797,0.2814928889274597,-1.29475337266922,122.0,108.0,-14.0,19.76708221435547,17.774669647216797,-1.9924125671386719,0.0,0.0,0.0,0.0,0.0,0.0
877,mp3d/QUCTc6BB5sX/QUCTc6BB5sX.glb,0,1.0,1.0,0.0,1.0,1.0,0.0,0.9852262269734684,0.9852262269734684,0.0,0.9494730810830593,0.9494730810830593,0.0,0.9494730810830593,0.9494730810830593,0.0,0.4440602660179138,0.4440602660179138,0.0,54.0,54.0,0.0,10.756855010986328,10.756855010986328,0.0,0.0,0.0,0.0,0.0,0.0,0.0
878,mp3d/QUCTc6BB5sX/QUCTc6BB5sX.glb,0,1.0,1.0,0.0,1.0,1.0,0.0,0.8826570877117735,0.8826570877117735,0.0,0.9146798688937924,0.9146798688937924,0.0,0.9146798688937924,0.9146798688937924,0.0,0.9290708899497986,0.9290708899497986,0.0,64.0,64.0,0.0,12.006855010986328,12.006855010986328,0.0,0.0,0.0,0.0,0.0,0.0,0.0
879,mp3d/QUCTc6BB5sX/QUCTc6BB5sX.glb,0,1.0,1.0,0.0,1.0,1.0,0.0,0.8646537522941519,0.9852262269734684,0.12057247467931653,0.8830228485065682,0.9494730810830593,0.06645023257649108,0.8830228485065682,0.9494730810830593,0.06645023257649108,1.7110430002212524,0.4440602660179138,-1.2669827342033386,60.0,54.0,-6.0,12.256855010986328,10.756855010986328,-1.5,0.0,0.0,0.0,0.0,0.0,0.0
880,mp3d/2azQ1b91cZZ/2azQ1b91cZZ.glb,0,1.0,1.0,0.0,1.0,1.0,0.0,0.749299235525435,0.9035668092615464,0.15426757373611144,0.7941710596756314,0.9522056737953521,0.15803461411972075,0.7941710596756314,0.9522056737953521,0.15803461411972075,2.7357702255249023,0.44538238644599915,-2.290387839078903,54.0,47.0,-7.0,10.250000953674316,8.5,-1.7500009536743164,0.0,0.0,0.0,0.0,0.0,0.0
881,mp3d/2azQ1b91cZZ/2azQ1b91cZZ.glb,0,1.0,1.0,0.0,1.0,1.0,0.0,0.9035668092615464,0.9035668092615464,0.0,0.9522056737953521,0.9522056737953521,0.0,0.9522056737953521,0.9522056737953521,0.0,0.44538238644599915,0.44538238644599915,0.0,47.0,47.0,0.0,8.5,8.5,0.0,0.0,0.0,0.0,0.0,0.0,0.0
882,mp3d/2azQ1b91cZZ/2azQ1b91cZZ.glb,0,0.0,0.0,0.0,0.0,0.0,0.0,0.0,0.0,0.0,0.010210867216329533,0.010210867216329533,0.0,0.0,0.0,0.0,18.441650390625,18.441650390625,0.0,65.0,65.0,0.0,12.820591926574707,12.820591926574707,0.0,0.05555555555555555,0.05555555555555555,0.0,0.0,0.0,0.0
883,mp3d/EU6Fwq7SyZv/EU6Fwq7SyZv.glb,0,1.0,1.0,0.0,1.0,1.0,0.0,0.938259313812043,0.938259313812043,0.0,0.8882008894255954,0.8882008894255954,0.0,0.8882008894255954,0.8882008894255954,0.0,2.0952470302581787,2.0952470302581787,0.0,111.0,108.0,-3.0,7.486043930053711,7.486043930053711,0.0,1.3666666666666667,1.3666666666666667,0.0,0.0,0.0,0.0
884,mp3d/EU6Fwq7SyZv/EU6Fwq7SyZv.glb,0,1.0,1.0,0.0,1.0,1.0,0.0,0.9073659657606465,0.9073659657606465,0.0,0.9354745018661085,0.9354745018661085,0.0,0.9354745018661085,0.9354745018661085,0.0,0.3089785873889923,0.3089785873889923,0.0,55.0,55.0,0.0,7.7409234046936035,7.7409234046936035,0.0,0.0,0.0,0.0,0.0,0.0,0.0
885,mp3d/EU6Fwq7SyZv/EU6Fwq7SyZv.glb,0,1.0,1.0,0.0,1.0,1.0,0.0,0.9509624390004247,0.9509624390004247,0.0,0.8967293696577989,0.8967293696577989,0.0,0.8967293696577989,0.8967293696577989,0.0,2.0952470302581787,2.0952470302581787,0.0,56.0,56.0,0.0,7.386044025421143,7.386044025421143,0.0,0.20689655172413793,0.20689655172413793,0.0,0.0,0.0,0.0
886,mp3d/EU6Fwq7SyZv/EU6Fwq7SyZv.glb,0,0.0,1.0,1.0,1.0,1.0,0.0,0.0,0.9426941566977306,0.9426941566977306,0.19435779049087862,0.9389239362622327,0.744566145771354,0.0,0.9389239362622327,0.9389239362622327,4.57948112487793,1.5584518909454346,-3.021029233932495,120.0,33.0,-87.0,20.306018829345703,7.53976583480835,-12.766252994537354,0.0,0.0,0.0,1.0,0.0,-1.0
887,mp3d/EU6Fwq7SyZv/EU6Fwq7SyZv.glb,0,1.0,1.0,0.0,1.0,1.0,0.0,0.7264458335120298,0.60481512090449,-0.12163071260753988,0.8155844533732951,0.6457987492244763,-0.16978570414881877,0.8155844533732951,0.6457987492244763,-0.16978570414881877,0.07731311023235321,2.8021650314331055,2.7248519212007523,50.0,70.0,20.0,9.784202575683594,11.75184440612793,1.967641830444336,0.0,0.0625,0.0625,0.0,0.0,0.0
888,mp3d/EU6Fwq7SyZv/EU6Fwq7SyZv.glb,0,1.0,0.0,-1.0,1.0,1.0,0.0,0.566580215736578,0.0,-0.566580215736578,0.6495819162874207,0.625617610896652,-0.02396430539076866,0.6495819162874207,0.0,-0.6495819162874207,0.1931745558977127,3.683739423751831,3.4905648678541183,70.0,62.0,-8.0,12.544901847839355,12.035496711730957,-0.5094051361083984,0.0,0.0,0.0,0.0,1.0,1.0
889,mp3d/QUCTc6BB5sX/QUCTc6BB5sX.glb,0,0.0,1.0,1.0,0.0,1.0,1.0,0.0,0.8671824990134183,0.8671824990134183,0.4595343933593215,0.8990445863101156,0.43951019295079413,0.0,0.8990445863101156,0.8990445863101156,8.600973129272461,1.2622840404510498,-7.338689088821411,183.0,90.0,-93.0,14.319145202636719,16.76645851135254,2.4473133087158203,0.6271186440677966,0.0,-0.6271186440677966,0.0,0.0,0.0
890,mp3d/QUCTc6BB5sX/QUCTc6BB5sX.glb,0,0.0,0.0,0.0,0.0,0.0,0.0,0.0,0.0,0.0,0.6686901690904987,0.43048349147036963,-0.2382066776201291,0.0,0.0,0.0,8.127613067626953,7.860109329223633,-0.2675037384033203,75.0,216.0,141.0,15.00000286102295,30.75,15.74999713897705,0.0,0.0,0.0,0.0,0.0,0.0
891,mp3d/QUCTc6BB5sX/QUCTc6BB5sX.glb,0,0.0,0.0,0.0,0.0,0.0,0.0,0.0,0.0,0.0,0.003964313451667722,0.003964313451667722,0.0,0.0,0.0,0.0,32.649478912353516,32.649478912353516,0.0,103.0,103.0,0.0,19.44029998779297,19.44029998779297,0.0,0.012658227848101266,0.012658227848101266,0.0,0.0,0.0,0.0
892,mp3d/zsNo4HB9uLZ/zsNo4HB9uLZ.glb,0,1.0,1.0,0.0,1.0,1.0,0.0,1.0,1.0,0.0,0.9421940937616672,0.9287959641707376,-0.013398129590929564,0.9421940937616672,0.9287959641707376,-0.013398129590929564,1.1786706447601318,1.8769264221191406,0.6982557773590088,48.0,44.0,-4.0,10.00000286102295,9.250000953674316,-0.7500019073486328,0.0,0.0,0.0,0.0,0.0,0.0
893,mp3d/zsNo4HB9uLZ/zsNo4HB9uLZ.glb,0,1.0,1.0,0.0,1.0,1.0,0.0,1.0,1.0,0.0,0.9421940937616672,0.9421940937616672,0.0,0.9421940937616672,0.9421940937616672,0.0,1.1786706447601318,1.1786706447601318,0.0,48.0,48.0,0.0,10.00000286102295,10.00000286102295,0.0,0.0,0.0,0.0,0.0,0.0,0.0
894,mp3d/zsNo4HB9uLZ/zsNo4HB9uLZ.glb,0,1.0,1.0,0.0,1.0,1.0,0.0,1.0,1.0,0.0,0.9287959641707376,0.9287959641707376,0.0,0.9287959641707376,0.9287959641707376,0.0,1.8769264221191406,1.8769264221191406,0.0,44.0,44.0,0.0,9.250000953674316,9.250000953674316,0.0,0.0,0.0,0.0,0.0,0.0,0.0
895,mp3d/TbHJrupSAjP/TbHJrupSAjP.glb,0,1.0,1.0,0.0,1.0,1.0,0.0,0.8158750142136665,0.7462263786617805,-0.06964863555188594,0.327885166810001,0.287422089609503,-0.04046307720049802,0.327885166810001,0.287422089609503,-0.04046307720049802,0.2291146218776703,0.9105512499809265,0.6814366281032562,118.0,129.0,11.0,18.25,19.953353881835938,1.7033538818359375,0.0,0.024691358024691357,0.024691358024691357,0.0,0.0,0.0
896,mp3d/TbHJrupSAjP/TbHJrupSAjP.glb,0,1.0,1.0,0.0,1.0,1.0,0.0,0.902407004059993,0.8158750142136665,-0.08653198984632648,0.346211594032454,0.327885166810001,-0.01832642722245298,0.346211594032454,0.327885166810001,-0.01832642722245298,1.2695988416671753,0.2291146218776703,-1.040484219789505,103.0,118.0,15.0,16.500003814697266,18.25,1.7499961853027344,0.0,0.0,0.0,0.0,0.0,0.0
897,mp3d/TbHJrupSAjP/TbHJrupSAjP.glb,0,0.0,0.0,0.0,0.0,0.0,0.0,0.0,0.0,0.0,0.26438136831110637,0.26438136831110637,0.0,0.0,0.0,0.0,5.437756538391113,5.437756538391113,0.0,93.0,93.0,0.0,14.75,14.75,0.0,0.0,0.0,0.0,0.0,0.0,0.0
898,mp3d/zsNo4HB9uLZ/zsNo4HB9uLZ.glb,0,1.0,1.0,0.0,1.0,1.0,0.0,1.0,1.0,0.0,0.9241500579686939,0.9241500579686939,0.0,0.9241500579686939,0.9241500579686939,0.0,1.1743825674057007,1.1743825674057007,0.0,42.0,42.0,0.0,5.581829071044922,5.581829071044922,0.0,0.125,0.125,0.0,0.0,0.0,0.0
899,mp3d/zsNo4HB9uLZ/zsNo4HB9uLZ.glb,0,1.0,1.0,0.0,1.0,1.0,0.0,0.9133578048860839,1.0,0.08664219511391613,0.9288966535810391,0.9241500579686939,-0.00474659561234525,0.9288966535810391,0.9241500579686939,-0.00474659561234525,0.17208439111709595,1.1743825674057007,1.0022981762886047,47.0,42.0,-5.0,6.831829071044922,5.581829071044922,-1.25,0.10344827586206896,0.125,0.021551724137931036,0.0,0.0,0.0
900,mp3d/zsNo4HB9uLZ/zsNo4HB9uLZ.glb,0,1.0,0.0,-1.0,1.0,1.0,0.0,1.0,0.0,-1.0,0.9241500579686939,0.8525244296537037,-0.0716256283149902,0.9241500579686939,0.0,-0.9241500579686939,1.1743825674057007,3.201528549194336,2.0271459817886353,42.0,48.0,6.0,5.581829071044922,6.331829071044922,0.75,0.125,0.1111111111111111,-0.013888888888888895,0.0,1.0,1.0
901,mp3d/X7HyMhZNoso/X7HyMhZNoso.glb,0,0.0,1.0,1.0,1.0,1.0,0.0,0.0,0.9677120766206371,0.9677120766206371,0.12745694158268958,0.7167511694761761,0.5892942278934865,0.0,0.7167511694761761,0.7167511694761761,8.954244613647461,2.435330390930176,-6.518914222717285,109.0,61.0,-48.0,16.65393829345703,8.50000286102295,-8.153935432434082,0.0,0.0,0.0,1.0,0.0,-1.0
902,mp3d/X7HyMhZNoso/X7HyMhZNoso.glb,0,1.0,1.0,0.0,1.0,1.0,0.0,1.0,1.0,0.0,0.8699030968064669,0.8699030968064669,0.0,0.8699030968064669,0.8699030968064669,0.0,2.0786633491516113,2.0786633491516113,0.0,43.0,43.0,0.0,7.0,7.0,0.0,0.0,0.0,0.0,0.0,0.0,0.0
903,mp3d/X7HyMhZNoso/X7HyMhZNoso.glb,0,0.0,0.0,0.0,1.0,1.0,0.0,0.0,0.0,0.0,0.027785282591541942,0.12745694158268958,0.09967165899114763,0.0,0.0,0.0,11.562692642211914,8.954244613647461,-2.608448028564453,129.0,109.0,-20.0,20.437557220458984,16.65393829345703,-3.783618927001953,0.0,0.0,0.0,1.0,1.0,0.0
904,mp3d/Z6MFQCViBuw/Z6MFQCViBuw.glb,0,1.0,1.0,0.0,1.0,1.0,0.0,1.0,1.0,0.0,0.9401030740614872,0.9401030740614872,0.0,0.9401030740614872,0.9401030740614872,0.0,1.7903826236724854,1.7903826236724854,0.0,70.0,70.0,0.0,15.049365997314453,15.049365997314453,0.0,0.0,0.0,0.0,0.0,0.0,0.0
905,mp3d/Z6MFQCViBuw/Z6MFQCViBuw.glb,0,1.0,1.0,0.0,1.0,1.0,0.0,0.85105338342924,0.7254908105555868,-0.12556257287365313,0.2539009209948088,0.18804997318092406,-0.06585094781388476,0.2539009209948088,0.18804997318092406,-0.06585094781388476,0.48929259181022644,0.7524094581604004,0.26311686635017395,92.0,125.0,33.0,18.67806053161621,21.910720825195312,3.2326602935791016,0.0,0.0,0.0,0.0,0.0,0.0
906,mp3d/Z6MFQCViBuw/Z6MFQCViBuw.glb,0,0.0,0.0,0.0,0.0,0.0,0.0,0.0,0.0,0.0,0.22266060585953087,0.21503219236053794,-0.007628413498992931,0.0,0.0,0.0,5.429600238800049,6.114365100860596,0.6847648620605469,73.0,64.0,-9.0,14.513915061950684,12.750885963439941,-1.7630290985107422,0.0,0.0,0.0,0.0,0.0,0.0
907,mp3d/oLBMNvg9in8/oLBMNvg9in8.glb,0,1.0,1.0,0.0,1.0,1.0,0.0,0.7281586158970932,0.7281586158970932,0.0,0.8607423571104319,0.8607423571104319,0.0,0.8607423571104319,0.8607423571104319,0.0,1.5563228130340576,1.5563228130340576,0.0,67.0,67.0,0.0,10.51356029510498,10.51356029510498,0.0,0.0,0.0,0.0,0.0,0.0,0.0
908,mp3d/oLBMNvg9in8/oLBMNvg9in8.glb,0,1.0,1.0,0.0,1.0,1.0,0.0,0.9003692590547094,0.7248558151479358,-0.1755134439067736,0.9244090983483482,0.8503247198425026,-0.0740843785058456,0.9244090983483482,0.8503247198425026,-0.0740843785058456,0.46611106395721436,1.7250581979751587,1.2589471340179443,56.0,65.0,9.0,8.502666473388672,10.5614652633667,2.0587987899780273,0.0,0.0,0.0,0.0,0.0,0.0
909,mp3d/oLBMNvg9in8/oLBMNvg9in8.glb,0,1.0,1.0,0.0,1.0,1.0,0.0,0.9003692590547094,0.9003692590547094,0.0,0.9244090983483482,0.9244090983483482,0.0,0.9244090983483482,0.9244090983483482,0.0,0.46611106395721436,0.46611106395721436,0.0,56.0,56.0,0.0,8.502666473388672,8.502666473388672,0.0,0.0,0.0,0.0,0.0,0.0,0.0
910,mp3d/zsNo4HB9uLZ/zsNo4HB9uLZ.glb,0,0.0,1.0,1.0,0.0,1.0,1.0,0.0,0.7934560812595013,0.7934560812595013,0.7985839354379201,0.9171107580207786,0.11852682258285852,0.0,0.9171107580207786,0.9171107580207786,3.4522852897644043,0.4707013666629791,-2.981583923101425,76.0,77.0,1.0,9.75,11.249999046325684,1.4999990463256836,0.0,0.0,0.0,0.0,0.0,0.0
911,mp3d/zsNo4HB9uLZ/zsNo4HB9uLZ.glb,0,0.0,0.0,0.0,1.0,1.0,0.0,0.0,0.0,0.0,0.35323521569867,0.4146622627849937,0.06142704708632368,0.0,0.0,0.0,5.625583171844482,5.188098430633545,-0.4374847412109375,202.0,179.0,-23.0,22.75,22.498458862304688,-0.2515411376953125,0.0,0.01098901098901099,0.01098901098901099,1.0,1.0,0.0
912,mp3d/zsNo4HB9uLZ/zsNo4HB9uLZ.glb,0,0.0,0.0,0.0,1.0,0.0,-1.0,0.0,0.0,0.0,0.369916695201957,0.5442261745160917,0.17430947931413465,0.0,0.0,0.0,6.730748653411865,6.954920291900635,0.22417163848876953,253.0,45.0,-208.0,29.0,5.750000953674316,-23.249999046325684,0.0,0.0,0.0,1.0,0.0,-1.0
913,mp3d/zsNo4HB9uLZ/zsNo4HB9uLZ.glb,0,1.0,1.0,0.0,1.0,1.0,0.0,0.9252801390167595,0.9252801390167595,0.0,0.8648998909471226,0.9122960816172963,0.047396190670173644,0.8648998909471226,0.9122960816172963,0.047396190670173644,2.3709592819213867,0.6794275641441345,-1.6915317177772522,58.0,65.0,7.0,12.736808776855469,12.736808776855469,0.0,0.038461538461538464,0.038461538461538464,0.0,0.0,0.0,0.0
914,mp3d/zsNo4HB9uLZ/zsNo4HB9uLZ.glb,0,1.0,1.0,0.0,1.0,1.0,0.0,0.7148208602267719,0.9252801390167595,0.2104592787899876,0.8374446717068207,0.9122960816172963,0.07485140991047556,0.8374446717068207,0.9122960816172963,0.07485140991047556,0.5807271599769592,0.6794275641441345,0.09870040416717529,100.0,65.0,-35.0,16.4868106842041,12.736808776855469,-3.750001907348633,0.029850746268656716,0.038461538461538464,0.008610792192881748,0.0,0.0,0.0
915,mp3d/zsNo4HB9uLZ/zsNo4HB9uLZ.glb,0,1.0,1.0,0.0,1.0,1.0,0.0,1.0,1.0,0.0,0.8639220279658757,0.8344321016683439,-0.029489926297531777,0.8639220279658757,0.8344321016683439,-0.029489926297531777,2.6990578174591064,2.714664936065674,0.015607118606567383,53.0,44.0,-9.0,10.986807823181152,9.236808776855469,-1.7499990463256836,0.044444444444444446,0.05263157894736842,0.008187134502923972,0.0,0.0,0.0
916,mp3d/Z6MFQCViBuw/Z6MFQCViBuw.glb,0,1.0,1.0,0.0,1.0,1.0,0.0,0.694847455755105,0.694847455755105,0.0,0.7352540654543432,0.7352540654543432,0.0,0.7352540654543432,0.7352540654543432,0.0,1.8625593185424805,1.8625593185424805,0.0,60.0,60.0,0.0,9.774295806884766,9.774295806884766,0.0,0.025,0.025,0.0,0.0,0.0,0.0
917,mp3d/Z6MFQCViBuw/Z6MFQCViBuw.glb,0,0.0,0.0,0.0,0.0,1.0,1.0,0.0,0.0,0.0,3.862089327177467e-06,0.4239511709769238,0.42394730888759663,0.0,0.0,0.0,19.755817413330078,5.404794692993164,-14.351022720336914,197.0,92.0,-105.0,27.72490692138672,13.899223327636719,-13.82568359375,0.0,0.15517241379310345,0.15517241379310345,0.0,1.0,1.0
918,mp3d/Z6MFQCViBuw/Z6MFQCViBuw.glb,0,0.0,0.0,0.0,1.0,1.0,0.0,0.0,0.0,0.0,0.5955595831443898,0.5955595831443898,0.0,0.0,0.0,0.0,4.270414352416992,4.270414352416992,0.0,61.0,61.0,0.0,10.425748825073242,10.425748825073242,0.0,0.0,0.0,0.0,1.0,1.0,0.0
919,mp3d/8194nk5LbLH/8194nk5LbLH.glb,0,0.0,0.0,0.0,0.0,0.0,0.0,0.0,0.0,0.0,0.006005683416508056,0.000751996851125578,-0.005253686565382477,0.0,0.0,0.0,4.451584815979004,4.743512153625488,0.2919273376464844,300.0,415.0,115.0,40.601226806640625,68.17909240722656,27.577865600585938,0.0783132530120482,0.010948905109489052,-0.06736434790255914,0.0,0.0,0.0
920,mp3d/8194nk5LbLH/8194nk5LbLH.glb,0,0.0,0.0,0.0,0.0,0.0,0.0,0.0,0.0,0.0,0.00021686335148614046,0.19359918829704123,0.1933823249455551,0.0,0.0,0.0,5.825860023498535,4.976452827453613,-0.8494071960449219,337.0,82.0,-255.0,40.28447723388672,12.314826011657715,-27.969651222229004,0.17777777777777778,0.0784313725490196,-0.09934640522875818,0.0,0.0,0.0
921,mp3d/8194nk5LbLH/8194nk5LbLH.glb,0,0.0,0.0,0.0,0.0,0.0,0.0,0.0,0.0,0.0,0.0009429443144544479,0.25657093993521657,0.2556279956207621,0.0,0.0,0.0,6.874839782714844,5.4824934005737305,-1.3923463821411133,299.0,67.0,-232.0,33.668174743652344,10.346048355102539,-23.322126388549805,0.17880794701986755,0.06976744186046512,-0.10904050515940243,0.0,0.0,0.0
922,mp3d/zsNo4HB9uLZ/zsNo4HB9uLZ.glb,0,1.0,1.0,0.0,1.0,1.0,0.0,1.0,1.0,0.0,0.923523377657645,0.923523377657645,0.0,0.923523377657645,0.923523377657645,0.0,1.5823043584823608,1.5823043584823608,0.0,56.0,56.0,0.0,8.992767333984375,8.992767333984375,0.0,0.02702702702702703,0.02702702702702703,0.0,0.0,0.0,0.0
923,mp3d/zsNo4HB9uLZ/zsNo4HB9uLZ.glb,0,1.0,1.0,0.0,1.0,1.0,0.0,0.6239002346992493,1.0,0.37609976530075073,0.7958678142126633,0.9446119720411581,0.14874415782849482,0.7958678142126633,0.9446119720411581,0.14874415782849482,1.8459089994430542,1.811097502708435,-0.03481149673461914,122.0,52.0,-70.0,16.0,8.500000953674316,-7.499999046325684,0.0,0.0,0.0,0.0,0.0,0.0
924,mp3d/zsNo4HB9uLZ/zsNo4HB9uLZ.glb,0,0.0,0.0,0.0,0.0,0.0,0.0,0.0,0.0,0.0,0.1973196777065524,0.1973196777065524,0.0,0.0,0.0,0.0,6.375816345214844,6.375816345214844,0.0,33.0,33.0,0.0,5.500001907348633,5.500001907348633,0.0,0.0,0.0,0.0,0.0,0.0,0.0
925,mp3d/X7HyMhZNoso/X7HyMhZNoso.glb,0,1.0,1.0,0.0,1.0,1.0,0.0,0.7952730387293327,0.7952730387293327,0.0,0.9344905283503159,0.9344905283503159,0.0,0.9344905283503159,0.9344905283503159,0.0,0.3715343177318573,0.3715343177318573,0.0,50.0,50.0,0.0,6.9668426513671875,6.9668426513671875,0.0,0.034482758620689655,0.034482758620689655,0.0,0.0,0.0,0.0
926,mp3d/X7HyMhZNoso/X7HyMhZNoso.glb,0,1.0,1.0,0.0,1.0,1.0,0.0,0.9691612072577998,0.9691612072577998,0.0,0.9408190055162138,0.9408190055162138,0.0,0.9408190055162138,0.9408190055162138,0.0,0.933014988899231,0.933014988899231,0.0,43.0,43.0,0.0,5.7168426513671875,5.7168426513671875,0.0,0.041666666666666664,0.041666666666666664,0.0,0.0,0.0,0.0
927,mp3d/X7HyMhZNoso/X7HyMhZNoso.glb,0,1.0,1.0,0.0,1.0,1.0,0.0,0.7952730387293327,0.7952730387293327,0.0,0.9344905283503159,0.9344905283503159,0.0,0.9344905283503159,0.9344905283503159,0.0,0.3715343177318573,0.3715343177318573,0.0,50.0,50.0,0.0,6.9668426513671875,6.9668426513671875,0.0,0.034482758620689655,0.034482758620689655,0.0,0.0,0.0,0.0
928,mp3d/TbHJrupSAjP/TbHJrupSAjP.glb,0,1.0,1.0,0.0,1.0,1.0,0.0,1.0,1.0,0.0,0.9267911727049382,0.9267911727049382,0.0,0.9267911727049382,0.9267911727049382,0.0,1.4508496522903442,1.4508496522903442,0.0,43.0,43.0,0.0,6.820073127746582,6.820073127746582,0.0,0.0,0.0,0.0,0.0,0.0,0.0
929,mp3d/TbHJrupSAjP/TbHJrupSAjP.glb,0,0.0,1.0,1.0,0.0,1.0,1.0,0.0,0.6743044192610125,0.6743044192610125,0.153552577385879,0.8512934149241381,0.6977408375382591,0.0,0.8512934149241381,0.8512934149241381,12.413586616516113,1.1132053136825562,-11.300381302833557,73.0,87.0,14.0,9.989218711853027,11.321014404296875,1.3317956924438477,0.0,0.0,0.0,0.0,0.0,0.0
930,mp3d/TbHJrupSAjP/TbHJrupSAjP.glb,0,0.0,0.0,0.0,0.0,0.0,0.0,0.0,0.0,0.0,0.3240518814777907,0.3240518814777907,0.0,0.0,0.0,0.0,11.877622604370117,11.877622604370117,0.0,36.0,36.0,0.0,4.567575454711914,4.567575454711914,0.0,0.0,0.0,0.0,0.0,0.0,0.0
931,mp3d/2azQ1b91cZZ/2azQ1b91cZZ.glb,0,0.0,0.0,0.0,0.0,0.0,0.0,0.0,0.0,0.0,0.019552318149814254,0.015289839019120871,-0.004262479130693383,0.0,0.0,0.0,7.513985633850098,6.313043594360352,-1.200942039489746,148.0,166.0,18.0,17.253503799438477,18.75350570678711,1.5000019073486328,0.16901408450704225,0.23376623376623376,0.06475214925919151,0.0,0.0,0.0
932,mp3d/2azQ1b91cZZ/2azQ1b91cZZ.glb,0,1.0,1.0,0.0,1.0,1.0,0.0,0.8512703247162359,1.0,0.14872967528376413,0.9004968720385651,0.935922809777129,0.03542593773856395,0.9004968720385651,0.935922809777129,0.03542593773856395,0.9945743680000305,0.5368512272834778,-0.45772314071655273,52.0,43.0,-9.0,9.751192092895508,8.251192092895508,-1.5,0.075,0.08823529411764706,0.013235294117647067,0.0,0.0,0.0
933,mp3d/2azQ1b91cZZ/2azQ1b91cZZ.glb,0,0.0,0.0,0.0,0.0,0.0,0.0,0.0,0.0,0.0,0.012124182415272486,0.045195327265836055,0.03307114485056357,0.0,0.0,0.0,6.338050842285156,6.557103157043457,0.21905231475830078,179.0,145.0,-34.0,19.75350570678711,15.253503799438477,-4.500001907348633,0.14814814814814814,0.23809523809523808,0.08994708994708994,0.0,0.0,0.0
934,mp3d/zsNo4HB9uLZ/zsNo4HB9uLZ.glb,0,0.0,0.0,0.0,0.0,0.0,0.0,0.0,0.0,0.0,0.3048885051228722,0.3048885051228722,0.0,0.0,0.0,0.0,8.803223609924316,8.803223609924316,0.0,76.0,76.0,0.0,1.2728703022003174,1.2728703022003174,0.0,8.875,8.875,0.0,0.0,0.0,0.0
935,mp3d/zsNo4HB9uLZ/zsNo4HB9uLZ.glb,0,0.0,0.0,0.0,0.0,0.0,0.0,0.0,0.0,0.0,0.3048885051228722,0.3048885051228722,0.0,0.0,0.0,0.0,8.803223609924316,8.803223609924316,0.0,76.0,76.0,0.0,1.2728703022003174,1.2728703022003174,0.0,8.875,8.875,0.0,0.0,0.0,0.0
936,mp3d/zsNo4HB9uLZ/zsNo4HB9uLZ.glb,0,0.0,0.0,0.0,0.0,0.0,0.0,0.0,0.0,0.0,0.3048885051228722,0.3048885051228722,0.0,0.0,0.0,0.0,8.803223609924316,8.803223609924316,0.0,76.0,76.0,0.0,1.2728703022003174,1.2728703022003174,0.0,8.875,8.875,0.0,0.0,0.0,0.0
937,mp3d/oLBMNvg9in8/oLBMNvg9in8.glb,0,1.0,1.0,0.0,1.0,1.0,0.0,1.0,1.0,0.0,0.8477808839671062,0.8477808839671062,0.0,0.8477808839671062,0.8477808839671062,0.0,1.969228982925415,1.969228982925415,0.0,38.0,38.0,0.0,4.812413215637207,4.812413215637207,0.0,0.375,0.375,0.0,0.0,0.0,0.0
938,mp3d/oLBMNvg9in8/oLBMNvg9in8.glb,0,1.0,1.0,0.0,1.0,1.0,0.0,0.9957338742135249,0.6298964900100461,-0.3658373842034788,0.8476612914641415,0.8588194990210687,0.011158207556927202,0.8476612914641415,0.8588194990210687,0.011158207556927202,1.5320000648498535,0.19524475932121277,-1.3367553055286407,48.0,86.0,38.0,5.812413215637207,9.188202857971191,3.3757896423339844,0.32142857142857145,0.2926829268292683,-0.028745644599303177,0.0,0.0,0.0
939,mp3d/oLBMNvg9in8/oLBMNvg9in8.glb,0,1.0,1.0,0.0,1.0,1.0,0.0,0.9957338742135249,1.0,0.004266125786475117,0.8476612914641415,0.8488625652957559,0.0012012738316143912,0.8476612914641415,0.8488625652957559,0.0012012738316143912,1.5320000648498535,1.9618070125579834,0.4298069477081299,48.0,50.0,2.0,5.812413215637207,5.6521735191345215,-0.16023969650268555,0.32142857142857145,0.4444444444444444,0.12301587301587297,0.0,0.0,0.0
940,mp3d/oLBMNvg9in8/oLBMNvg9in8.glb,0,1.0,1.0,0.0,1.0,1.0,0.0,0.8238068994468323,0.8238068994468323,0.0,0.8904309450199532,0.8904309450199532,0.0,0.8904309450199532,0.8904309450199532,0.0,0.9896665215492249,0.9896665215492249,0.0,64.0,64.0,0.0,8.460128784179688,8.460128784179688,0.0,0.03333333333333333,0.03333333333333333,0.0,0.0,0.0,0.0
941,mp3d/oLBMNvg9in8/oLBMNvg9in8.glb,0,1.0,1.0,0.0,1.0,1.0,0.0,0.770374478014686,0.6842036006697423,-0.08617087734494366,0.8652116188811857,0.8649078632001997,-0.00030375568098595096,0.8652116188811857,0.8649078632001997,-0.00030375568098595096,1.0558711290359497,0.15138456225395203,-0.9044865667819977,79.0,84.0,5.0,9.046915054321289,10.18631362915039,1.1393985748291016,0.030303030303030304,0.02702702702702703,-0.0032760032760032753,0.0,0.0,0.0
942,mp3d/oLBMNvg9in8/oLBMNvg9in8.glb,0,0.0,1.0,1.0,0.0,1.0,1.0,0.0,0.6842036006697423,0.6842036006697423,0.7512635732287313,0.8649078632001997,0.11364428997146847,0.0,0.8649078632001997,0.8649078632001997,4.833398818969727,0.15138456225395203,-4.6820142567157745,40.0,84.0,44.0,4.845377445220947,10.18631362915039,5.340936183929443,0.05555555555555555,0.02702702702702703,-0.028528528528528524,0.0,0.0,0.0
943,mp3d/QUCTc6BB5sX/QUCTc6BB5sX.glb,0,0.0,0.0,0.0,0.0,0.0,0.0,0.0,0.0,0.0,0.5211855071829586,0.5211855071829586,0.0,0.0,0.0,0.0,7.447432518005371,7.447432518005371,0.0,79.0,79.0,0.0,6.170273303985596,6.170273303985596,0.0,1.4814814814814814,1.4814814814814814,0.0,0.0,0.0,0.0
944,mp3d/QUCTc6BB5sX/QUCTc6BB5sX.glb,0,0.0,0.0,0.0,0.0,0.0,0.0,0.0,0.0,0.0,0.5211855071829586,0.5211855071829586,0.0,0.0,0.0,0.0,7.447432518005371,7.447432518005371,0.0,79.0,79.0,0.0,6.170273303985596,6.170273303985596,0.0,1.4814814814814814,1.4814814814814814,0.0,0.0,0.0,0.0
945,mp3d/QUCTc6BB5sX/QUCTc6BB5sX.glb,0,0.0,0.0,0.0,0.0,0.0,0.0,0.0,0.0,0.0,0.45976892161074356,0.5211855071829586,0.06141658557221508,0.0,0.0,0.0,7.38272762298584,7.447432518005371,0.06470489501953125,113.0,79.0,-34.0,9.605571746826172,6.170273303985596,-3.435298442840576,1.2,1.4814814814814814,0.28148148148148144,0.0,0.0,0.0
946,mp3d/oLBMNvg9in8/oLBMNvg9in8.glb,0,1.0,1.0,0.0,1.0,1.0,0.0,0.8255450890606557,0.8255450890606557,0.0,0.9288536331489512,0.9288536331489512,0.0,0.9288536331489512,0.9288536331489512,0.0,0.7262848615646362,0.7262848615646362,0.0,72.0,72.0,0.0,10.724152565002441,10.724152565002441,0.0,0.07317073170731707,0.07317073170731707,0.0,0.0,0.0,0.0
947,mp3d/oLBMNvg9in8/oLBMNvg9in8.glb,0,0.0,0.0,0.0,0.0,0.0,0.0,0.0,0.0,0.0,0.8117877636793824,0.8117877636793824,0.0,0.0,0.0,0.0,3.977069854736328,3.977069854736328,0.0,81.0,81.0,0.0,6.763827323913574,6.763827323913574,0.0,1.0,1.0,0.0,0.0,0.0,0.0
948,mp3d/oLBMNvg9in8/oLBMNvg9in8.glb,0,0.0,1.0,1.0,0.0,1.0,1.0,0.0,0.8255450890606557,0.8255450890606557,0.8117877636793824,0.9288536331489512,0.11706586946956876,0.0,0.9288536331489512,0.9288536331489512,3.977069854736328,0.7262848615646362,-3.250784993171692,88.0,72.0,-16.0,6.763827323913574,10.724152565002441,3.960325241088867,1.0,0.07317073170731707,-0.926829268292683,0.0,0.0,0.0
949,mp3d/x8F5xyUWy9e/x8F5xyUWy9e.glb,0,0.0,0.0,0.0,0.0,0.0,0.0,0.0,0.0,0.0,0.23107668008240045,0.4746006935176052,0.24352401343520474,0.0,0.0,0.0,6.139673233032227,6.139673233032227,0.0,240.0,113.0,-127.0,17.50064468383789,4.012438774108887,-13.488205909729004,0.5394736842105263,2.736842105263158,2.197368421052632,0.0,0.0,0.0
950,mp3d/x8F5xyUWy9e/x8F5xyUWy9e.glb,0,0.0,0.0,0.0,0.0,0.0,0.0,0.0,0.0,0.0,0.4521211951401318,0.4746006935176052,0.022479498377473373,0.0,0.0,0.0,6.139673233032227,6.139673233032227,0.0,149.0,113.0,-36.0,6.512439250946045,4.012438774108887,-2.500000476837158,1.6,2.736842105263158,1.1368421052631579,0.0,0.0,0.0
951,mp3d/x8F5xyUWy9e/x8F5xyUWy9e.glb,0,1.0,1.0,0.0,1.0,1.0,0.0,0.7452690202933961,0.7452690202933961,0.0,0.8369284017891769,0.8369284017891769,0.0,0.8369284017891769,0.8369284017891769,0.0,1.0968067646026611,1.0968067646026611,0.0,76.0,76.0,0.0,8.955425262451172,8.955425262451172,0.0,0.027777777777777776,0.027777777777777776,0.0,0.0,0.0,0.0
952,mp3d/QUCTc6BB5sX/QUCTc6BB5sX.glb,0,0.0,0.0,0.0,0.0,0.0,0.0,0.0,0.0,0.0,0.4587609816880806,0.4587609816880806,0.0,0.0,0.0,0.0,3.6375675201416016,3.6375675201416016,0.0,52.0,52.0,0.0,9.315617561340332,9.315617561340332,0.0,0.0,0.0,0.0,0.0,0.0,0.0
953,mp3d/QUCTc6BB5sX/QUCTc6BB5sX.glb,0,0.0,0.0,0.0,0.0,0.0,0.0,0.0,0.0,0.0,0.40821213036278636,0.4613797827431276,0.05316765238034121,0.0,0.0,0.0,3.9688429832458496,4.233300685882568,0.26445770263671875,54.0,49.0,-5.0,10.075639724731445,9.06651782989502,-1.0091218948364258,0.0,0.0,0.0,0.0,0.0,0.0
954,mp3d/QUCTc6BB5sX/QUCTc6BB5sX.glb,0,0.0,0.0,0.0,1.0,0.0,-1.0,0.0,0.0,0.0,0.2959641155090251,0.14630807991838085,-0.14965603559064428,0.0,0.0,0.0,6.151768684387207,7.027634143829346,0.8758654594421387,121.0,78.0,-43.0,18.600187301635742,13.346122741699219,-5.254064559936523,0.0,0.0,0.0,1.0,0.0,-1.0
955,mp3d/zsNo4HB9uLZ/zsNo4HB9uLZ.glb,0,1.0,1.0,0.0,1.0,1.0,0.0,0.9750491248236762,0.9750491248236762,0.0,0.9537808588070811,0.9537808588070811,0.0,0.9537808588070811,0.9537808588070811,0.0,1.2171146869659424,1.2171146869659424,0.0,56.0,56.0,0.0,9.0,9.0,0.0,0.0,0.0,0.0,0.0,0.0,0.0
956,mp3d/zsNo4HB9uLZ/zsNo4HB9uLZ.glb,0,1.0,1.0,0.0,1.0,1.0,0.0,0.9750491248236762,0.9750491248236762,0.0,0.9537808588070811,0.9537808588070811,0.0,0.9537808588070811,0.9537808588070811,0.0,1.2171146869659424,1.2171146869659424,0.0,56.0,56.0,0.0,9.0,9.0,0.0,0.0,0.0,0.0,0.0,0.0,0.0
957,mp3d/zsNo4HB9uLZ/zsNo4HB9uLZ.glb,0,1.0,1.0,0.0,1.0,1.0,0.0,0.7977675349294086,0.7977675349294086,0.0,0.9369288642601719,0.9369288642601719,0.0,0.9369288642601719,0.9369288642601719,0.0,0.7784814834594727,0.7784814834594727,0.0,68.0,68.0,0.0,10.999999046325684,10.999999046325684,0.0,0.0,0.0,0.0,0.0,0.0,0.0
958,mp3d/2azQ1b91cZZ/2azQ1b91cZZ.glb,0,1.0,1.0,0.0,1.0,1.0,0.0,0.8239097744818585,0.9502740330969356,0.12636425861507705,0.8753574300214552,0.9255953690488071,0.05023793902735196,0.8753574300214552,0.9255953690488071,0.05023793902735196,1.0596251487731934,0.21202193200588226,-0.8476032167673111,55.0,49.0,-6.0,9.400146484375,8.150146484375,-1.25,0.11627906976744186,0.13157894736842105,0.015299877600979186,0.0,0.0,0.0
959,mp3d/2azQ1b91cZZ/2azQ1b91cZZ.glb,0,1.0,1.0,0.0,1.0,1.0,0.0,0.9502740330969356,1.0,0.04972596690306441,0.9255953690488071,0.9135833939655907,-0.012011975083216386,0.9255953690488071,0.9135833939655907,-0.012011975083216386,0.21202193200588226,1.2099206447601318,0.9978987127542496,49.0,44.0,-5.0,8.150146484375,7.150145053863525,-1.0000014305114746,0.13157894736842105,0.14705882352941177,0.015479876160990724,0.0,0.0,0.0
960,mp3d/2azQ1b91cZZ/2azQ1b91cZZ.glb,0,1.0,1.0,0.0,1.0,1.0,0.0,1.0,1.0,0.0,0.9135833939655907,0.9135833939655907,0.0,0.9135833939655907,0.9135833939655907,0.0,1.2099206447601318,1.2099206447601318,0.0,44.0,44.0,0.0,7.150145053863525,7.150145053863525,0.0,0.14705882352941177,0.14705882352941177,0.0,0.0,0.0,0.0
961,mp3d/zsNo4HB9uLZ/zsNo4HB9uLZ.glb,0,1.0,1.0,0.0,1.0,1.0,0.0,0.9723836957188579,0.9723836957188579,0.0,0.9493699975273052,0.9493699975273052,0.0,0.9493699975273052,0.9493699975273052,0.0,0.8960476517677307,0.8960476517677307,0.0,49.0,49.0,0.0,8.192215919494629,8.192215919494629,0.0,0.20588235294117646,0.20588235294117646,0.0,0.0,0.0,0.0
962,mp3d/zsNo4HB9uLZ/zsNo4HB9uLZ.glb,0,1.0,1.0,0.0,1.0,1.0,0.0,0.8448266114138383,0.9723836957188579,0.12755708430501955,0.9307279811348097,0.9493699975273052,0.01864201639249552,0.9307279811348097,0.9493699975273052,0.01864201639249552,0.33979880809783936,0.8960476517677307,0.5562488436698914,61.0,49.0,-12.0,9.429126739501953,8.192215919494629,-1.2369108200073242,0.20512820512820512,0.20588235294117646,0.0007541478129713397,0.0,0.0,0.0
963,mp3d/zsNo4HB9uLZ/zsNo4HB9uLZ.glb,0,1.0,1.0,0.0,1.0,1.0,0.0,0.5926089299289083,0.9723836957188579,0.3797747657899495,0.6127669820476115,0.9493699975273052,0.33660301547969373,0.6127669820476115,0.9493699975273052,0.33660301547969373,0.8563563227653503,0.8960476517677307,0.03969132900238037,94.0,49.0,-45.0,13.442215919494629,8.192215919494629,-5.25,0.12727272727272726,0.20588235294117646,0.0786096256684492,0.0,0.0,0.0
964,mp3d/Z6MFQCViBuw/Z6MFQCViBuw.glb,0,0.0,0.0,0.0,0.0,0.0,0.0,0.0,0.0,0.0,0.06424355479070486,0.06424355479070486,0.0,0.0,0.0,0.0,12.444997787475586,12.444997787475586,0.0,40.0,40.0,0.0,8.393911361694336,8.393911361694336,0.0,0.0,0.0,0.0,0.0,0.0,0.0
965,mp3d/Z6MFQCViBuw/Z6MFQCViBuw.glb,0,0.0,0.0,0.0,1.0,1.0,0.0,0.0,0.0,0.0,0.021358142366095994,0.10866789457284357,0.08730975220674757,0.0,0.0,0.0,5.45212984085083,5.6928253173828125,0.24069547653198242,177.0,94.0,-83.0,25.71652603149414,15.249574661254883,-10.466951370239258,0.019417475728155338,0.016129032258064516,-0.0032884434700908224,1.0,1.0,0.0
966,mp3d/Z6MFQCViBuw/Z6MFQCViBuw.glb,0,0.0,0.0,0.0,1.0,1.0,0.0,0.0,0.0,0.0,0.3484379757633846,0.3484379757633846,0.0,0.0,0.0,0.0,5.130350112915039,5.130350112915039,0.0,61.0,61.0,0.0,10.709342956542969,10.709342956542969,0.0,0.0,0.0,0.0,1.0,1.0,0.0
967,mp3d/zsNo4HB9uLZ/zsNo4HB9uLZ.glb,0,1.0,1.0,0.0,1.0,1.0,0.0,0.5091797787210216,0.5091797787210216,0.0,0.6009130322568079,0.6009130322568079,0.0,0.6009130322568079,0.6009130322568079,0.0,0.6695073246955872,0.6695073246955872,0.0,87.0,87.0,0.0,11.5,11.5,0.0,0.0,0.0,0.0,0.0,0.0,0.0
968,mp3d/zsNo4HB9uLZ/zsNo4HB9uLZ.glb,0,1.0,1.0,0.0,1.0,1.0,0.0,0.5091797787210216,0.5091797787210216,0.0,0.6009130322568079,0.6009130322568079,0.0,0.6009130322568079,0.6009130322568079,0.0,0.6695073246955872,0.6695073246955872,0.0,87.0,87.0,0.0,11.5,11.5,0.0,0.0,0.0,0.0,0.0,0.0,0.0
969,mp3d/zsNo4HB9uLZ/zsNo4HB9uLZ.glb,0,1.0,1.0,0.0,1.0,1.0,0.0,1.0,1.0,0.0,0.9612190788289495,0.9612190788289495,0.0,0.9612190788289495,0.9612190788289495,0.0,0.6695073246955872,0.6695073246955872,0.0,39.0,39.0,0.0,5.5,5.5,0.0,0.0,0.0,0.0,0.0,0.0,0.0
970,mp3d/EU6Fwq7SyZv/EU6Fwq7SyZv.glb,0,0.0,0.0,0.0,1.0,1.0,0.0,0.0,0.0,0.0,0.2218482370490794,0.2218482370490794,0.0,0.0,0.0,0.0,4.7925496101379395,4.7925496101379395,0.0,139.0,139.0,0.0,19.087512969970703,19.087512969970703,0.0,0.012987012987012988,0.012987012987012988,0.0,1.0,1.0,0.0
971,mp3d/EU6Fwq7SyZv/EU6Fwq7SyZv.glb,0,1.0,1.0,0.0,1.0,1.0,0.0,0.896073331788176,0.896073331788176,0.0,0.9406725881019702,0.9406725881019702,0.0,0.9406725881019702,0.9406725881019702,0.0,0.6347001194953918,0.6347001194953918,0.0,49.0,49.0,0.0,7.476374626159668,7.476374626159668,0.0,0.03225806451612903,0.03225806451612903,0.0,0.0,0.0,0.0
972,mp3d/EU6Fwq7SyZv/EU6Fwq7SyZv.glb,0,1.0,1.0,0.0,1.0,1.0,0.0,0.688784894521859,0.896073331788176,0.20728843726631707,0.847799079332122,0.9406725881019702,0.09287350876984823,0.847799079332122,0.9406725881019702,0.09287350876984823,1.8832677602767944,0.6347001194953918,-1.2485676407814026,68.0,49.0,-19.0,9.726374626159668,7.476374626159668,-2.25,0.025,0.03225806451612903,0.00725806451612903,0.0,0.0,0.0
973,mp3d/x8F5xyUWy9e/x8F5xyUWy9e.glb,0,1.0,1.0,0.0,1.0,1.0,0.0,1.0,1.0,0.0,0.8650989061963946,0.8650989061963946,0.0,0.8650989061963946,0.8650989061963946,0.0,1.2601872682571411,1.2601872682571411,0.0,39.0,39.0,0.0,5.81632137298584,5.81632137298584,0.0,0.08333333333333333,0.08333333333333333,0.0,0.0,0.0,0.0
974,mp3d/x8F5xyUWy9e/x8F5xyUWy9e.glb,0,1.0,1.0,0.0,1.0,1.0,0.0,1.0,1.0,0.0,0.8650989061963946,0.8650989061963946,0.0,0.8650989061963946,0.8650989061963946,0.0,1.2601872682571411,1.2601872682571411,0.0,39.0,39.0,0.0,5.81632137298584,5.81632137298584,0.0,0.08333333333333333,0.08333333333333333,0.0,0.0,0.0,0.0
975,mp3d/x8F5xyUWy9e/x8F5xyUWy9e.glb,0,1.0,1.0,0.0,1.0,1.0,0.0,0.4732916145793285,0.2348384952726854,-0.2384531193066431,0.7041015583180077,0.2707007153843112,-0.4334008429336965,0.7041015583180077,0.2707007153843112,-0.4334008429336965,0.14780721068382263,1.3633168935775757,1.215509682893753,124.0,247.0,123.0,14.436756134033203,29.095722198486328,14.658966064453125,0.03508771929824561,0.017543859649122806,-0.017543859649122806,0.0,0.0,0.0
976,mp3d/QUCTc6BB5sX/QUCTc6BB5sX.glb,0,1.0,1.0,0.0,1.0,1.0,0.0,0.7103801247493671,0.8070026866424372,0.09662256189307017,0.7987604641341847,0.8197876864996262,0.021027222365441522,0.7987604641341847,0.8197876864996262,0.021027222365441522,0.8485044240951538,1.683821678161621,0.8353172540664673,75.0,65.0,-10.0,12.52817153930664,11.02817153930664,-1.5,0.14814814814814814,0.16666666666666666,0.018518518518518517,0.0,0.0,0.0
977,mp3d/QUCTc6BB5sX/QUCTc6BB5sX.glb,0,1.0,1.0,0.0,1.0,1.0,0.0,0.7349761575815866,0.7349761575815866,0.0,0.8780128985840042,0.8780128985840042,0.0,0.8780128985840042,0.8780128985840042,0.0,0.538279116153717,0.538279116153717,0.0,90.0,90.0,0.0,12.108915328979492,12.108915328979492,0.0,0.0784313725490196,0.0784313725490196,0.0,0.0,0.0,0.0
978,mp3d/QUCTc6BB5sX/QUCTc6BB5sX.glb,0,1.0,1.0,0.0,1.0,1.0,0.0,0.9550781387923931,1.0,0.044921861207606884,0.9409450261555474,0.9247136184902497,-0.016231407665297737,0.9409450261555474,0.9247136184902497,-0.016231407665297737,0.8162909150123596,1.5620064735412598,0.7457155585289001,62.0,55.0,-7.0,9.31836223602295,8.56836223602295,-0.75,0.125,0.13513513513513514,0.010135135135135143,0.0,0.0,0.0
979,mp3d/2azQ1b91cZZ/2azQ1b91cZZ.glb,0,1.0,1.0,0.0,1.0,1.0,0.0,1.0,1.0,0.0,0.9492740804451304,0.9492740804451304,0.0,0.9492740804451304,0.9492740804451304,0.0,0.5667721629142761,0.5667721629142761,0.0,35.0,35.0,0.0,5.75,5.75,0.0,0.0,0.0,0.0,0.0,0.0,0.0
980,mp3d/2azQ1b91cZZ/2azQ1b91cZZ.glb,0,1.0,1.0,0.0,1.0,1.0,0.0,1.0,1.0,0.0,0.9492740804451304,0.9492740804451304,0.0,0.9492740804451304,0.9492740804451304,0.0,0.5667721629142761,0.5667721629142761,0.0,35.0,35.0,0.0,5.75,5.75,0.0,0.0,0.0,0.0,0.0,0.0,0.0
981,mp3d/2azQ1b91cZZ/2azQ1b91cZZ.glb,0,0.0,0.0,0.0,0.0,0.0,0.0,0.0,0.0,0.0,0.0039076976685397296,0.00025209753929750716,-0.0036556001292422226,0.0,0.0,0.0,14.760882377624512,12.464552879333496,-2.2963294982910156,146.0,203.0,57.0,15.488724708557129,21.49053955078125,6.001814842224121,0.06349206349206349,0.04597701149425287,-0.017515051997810616,0.0,0.0,0.0
982,mp3d/x8F5xyUWy9e/x8F5xyUWy9e.glb,0,0.0,1.0,1.0,0.0,1.0,1.0,0.0,0.9002091011198753,0.9002091011198753,0.21918051715197187,0.9125728789507049,0.6933923617987331,0.0,0.9125728789507049,0.9125728789507049,7.599653720855713,0.7269598245620728,-6.87269389629364,199.0,57.0,-142.0,21.97707748413086,9.361100196838379,-12.61597728729248,0.02247191011235955,0.02631578947368421,0.003843879361324659,0.0,0.0,0.0
983,mp3d/x8F5xyUWy9e/x8F5xyUWy9e.glb,0,0.0,0.0,0.0,0.0,0.0,0.0,0.0,0.0,0.0,0.6475876782976966,0.6475876782976966,0.0,0.0,0.0,0.0,4.572356700897217,4.572356700897217,0.0,29.0,29.0,0.0,4.727254867553711,4.727254867553711,0.0,0.05,0.05,0.0,0.0,0.0,0.0
984,mp3d/x8F5xyUWy9e/x8F5xyUWy9e.glb,0,1.0,1.0,0.0,1.0,1.0,0.0,1.0,1.0,0.0,0.9367174044073594,0.9367174044073594,0.0,0.9367174044073594,0.9367174044073594,0.0,1.2449439764022827,1.2449439764022827,0.0,49.0,49.0,0.0,7.808286190032959,7.808286190032959,0.0,0.03125,0.03125,0.0,0.0,0.0,0.0
985,mp3d/X7HyMhZNoso/X7HyMhZNoso.glb,0,1.0,1.0,0.0,1.0,1.0,0.0,1.0,1.0,0.0,0.6582385277598216,0.714762760532098,0.05652423277227636,0.6582385277598216,0.714762760532098,0.05652423277227636,2.8517842292785645,1.6033642292022705,-1.248420000076294,36.0,41.0,5.0,5.250000953674316,6.500001430511475,1.2500004768371582,0.0,0.0,0.0,0.0,0.0,0.0
986,mp3d/X7HyMhZNoso/X7HyMhZNoso.glb,0,1.0,1.0,0.0,1.0,1.0,0.0,1.0,0.8817690069025214,-0.11823099309747864,0.9222621101908856,0.917357583836576,-0.004904526354309602,0.9222621101908856,0.917357583836576,-0.004904526354309602,1.122253179550171,0.45142853260040283,-0.6708246469497681,44.0,52.0,8.0,7.249999046325684,8.25,1.0000009536743164,0.0,0.0,0.0,0.0,0.0,0.0
987,mp3d/X7HyMhZNoso/X7HyMhZNoso.glb,0,1.0,1.0,0.0,1.0,1.0,0.0,0.9386575609410344,0.9386575609410344,0.0,0.9156641495401031,0.9156641495401031,0.0,0.9156641495401031,0.9156641495401031,0.0,0.7173529863357544,0.7173529863357544,0.0,47.0,47.0,0.0,7.749998092651367,7.749998092651367,0.0,0.0,0.0,0.0,0.0,0.0,0.0
988,mp3d/QUCTc6BB5sX/QUCTc6BB5sX.glb,0,1.0,1.0,0.0,1.0,1.0,0.0,0.45114866469929055,0.9335773914901871,0.4824287267908966,0.6167570114935143,0.9472246221458281,0.3304676106523139,0.6167570114935143,0.9472246221458281,0.3304676106523139,1.2224210500717163,0.3121408224105835,-0.9102802276611328,230.0,86.0,-144.0,32.61488723754883,15.761053085327148,-16.85383415222168,0.007575757575757576,0.0,-0.007575757575757576,0.0,0.0,0.0
989,mp3d/QUCTc6BB5sX/QUCTc6BB5sX.glb,0,1.0,0.0,-1.0,1.0,0.0,-1.0,0.37176438691729374,0.0,-0.37176438691729374,0.5364475440342118,0.2691065420990661,-0.2673410019351457,0.5364475440342118,0.0,-0.5364475440342118,1.0638043880462646,8.598663330078125,7.53485894203186,296.0,417.0,121.0,39.57926940917969,48.751243591308594,9.171974182128906,0.043209876543209874,0.02512562814070352,-0.018084248402506355,0.0,0.0,0.0
990,mp3d/QUCTc6BB5sX/QUCTc6BB5sX.glb,0,0.0,0.0,0.0,0.0,0.0,0.0,0.0,0.0,0.0,0.07879548272739978,0.0768777734260803,-0.001917709301319473,0.0,0.0,0.0,10.18851375579834,11.875777244567871,1.6872634887695312,482.0,423.0,-59.0,53.71754455566406,49.73828125,-3.9792633056640625,0.018518518518518517,0.005,-0.013518518518518517,0.0,0.0,0.0
991,mp3d/TbHJrupSAjP/TbHJrupSAjP.glb,0,0.0,0.0,0.0,0.0,0.0,0.0,0.0,0.0,0.0,0.182562632916127,0.17356465453953743,-0.008997978376589583,0.0,0.0,0.0,11.63731575012207,12.003820419311523,0.3665046691894531,47.0,49.0,2.0,7.189072608947754,7.4322404861450195,0.24316787719726562,0.03333333333333333,0.03225806451612903,-0.0010752688172043015,0.0,0.0,0.0
992,mp3d/TbHJrupSAjP/TbHJrupSAjP.glb,0,0.0,0.0,0.0,0.0,0.0,0.0,0.0,0.0,0.0,0.054598253592945845,0.05408860613161685,-0.0005096474613289978,0.0,0.0,0.0,5.439550399780273,4.972338676452637,-0.4672117233276367,116.0,115.0,-1.0,17.75,18.0,0.25,0.0,0.0,0.0,0.0,0.0,0.0
993,mp3d/TbHJrupSAjP/TbHJrupSAjP.glb,0,0.0,0.0,0.0,0.0,0.0,0.0,0.0,0.0,0.0,0.16919388572766417,0.30908517543763175,0.1398912897099676,0.0,0.0,0.0,5.808440208435059,4.62125825881958,-1.1871819496154785,54.0,33.0,-21.0,9.250001907348633,5.249999046325684,-4.000002861022949,0.0,0.0,0.0,0.0,0.0,0.0
994,mp3d/QUCTc6BB5sX/QUCTc6BB5sX.glb,0,0.0,0.0,0.0,0.0,0.0,0.0,0.0,0.0,0.0,0.7105471839065735,0.7105471839065735,0.0,0.0,0.0,0.0,5.232631683349609,5.232631683349609,0.0,91.0,91.0,0.0,9.35596752166748,9.35596752166748,0.0,0.8461538461538461,0.8461538461538461,0.0,0.0,0.0,0.0
995,mp3d/QUCTc6BB5sX/QUCTc6BB5sX.glb,0,0.0,0.0,0.0,0.0,0.0,0.0,0.0,0.0,0.0,0.3410061083520811,0.3410061083520811,0.0,0.0,0.0,0.0,10.329720497131348,10.329720497131348,0.0,50.0,50.0,0.0,7.250002861022949,7.250002861022949,0.0,0.0,0.0,0.0,0.0,0.0,0.0
996,mp3d/QUCTc6BB5sX/QUCTc6BB5sX.glb,0,1.0,1.0,0.0,1.0,1.0,0.0,0.5183924637006565,0.603774682318829,0.08538221861817252,0.489377067088975,0.6770322056306919,0.1876551385417169,0.489377067088975,0.6770322056306919,0.1876551385417169,1.9621822834014893,0.5368185043334961,-1.4253637790679932,158.0,134.0,-24.0,24.750003814697266,21.2500057220459,-3.499998092651367,0.0,0.0,0.0,0.0,0.0,0.0
997,mp3d/oLBMNvg9in8/oLBMNvg9in8.glb,0,1.0,1.0,0.0,1.0,1.0,0.0,0.6821482410821019,0.6821482410821019,0.0,0.6938231795785866,0.6938231795785866,0.0,0.6938231795785866,0.6938231795785866,0.0,0.35672077536582947,0.35672077536582947,0.0,60.0,60.0,0.0,9.57088565826416,9.57088565826416,0.0,0.05263157894736842,0.05263157894736842,0.0,0.0,0.0,0.0
998,mp3d/oLBMNvg9in8/oLBMNvg9in8.glb,0,0.0,0.0,0.0,0.0,0.0,0.0,0.0,0.0,0.0,0.508932391183859,0.508932391183859,0.0,0.0,0.0,0.0,4.615623950958252,4.615623950958252,0.0,29.0,29.0,0.0,4.277132987976074,4.277132987976074,0.0,0.0,0.0,0.0,0.0,0.0,0.0
999,mp3d/oLBMNvg9in8/oLBMNvg9in8.glb,0,1.0,1.0,0.0,1.0,1.0,0.0,0.7401482198407264,0.7401482198407264,0.0,0.7058290187000197,0.7058290187000197,0.0,0.7058290187000197,0.7058290187000197,0.0,0.41156241297721863,0.41156241297721863,0.0,55.0,55.0,0.0,8.82088565826416,8.82088565826416,0.0,0.0,0.0,0.0,0.0,0.0,0.0
1000,mp3d/Z6MFQCViBuw/Z6MFQCViBuw.glb,0,1.0,1.0,0.0,1.0,1.0,0.0,0.947548099470925,1.0,0.052451900529075,0.9353587995297068,0.9363558788353232,0.0009970793056164329,0.9353587995297068,0.9363558788353232,0.0009970793056164329,0.4501155614852905,0.9977402687072754,0.5476247072219849,54.0,50.0,-4.0,8.682794570922852,7.9327802658081055,-0.7500143051147461,0.0,0.0,0.0,0.0,0.0,0.0
1001,mp3d/Z6MFQCViBuw/Z6MFQCViBuw.glb,0,1.0,0.0,-1.0,1.0,0.0,-1.0,0.2516964309888163,0.0,-0.2516964309888163,0.039679220465946796,0.0016599247779246252,-0.03801929568802217,0.039679220465946796,0.0,-0.039679220465946796,1.7931026220321655,13.258686065673828,11.465583443641663,259.0,279.0,20.0,32.687652587890625,32.00086212158203,-0.6867904663085938,0.015503875968992248,0.015873015873015872,0.0003691399040236243,0.0,0.0,0.0
1002,mp3d/Z6MFQCViBuw/Z6MFQCViBuw.glb,0,0.0,0.0,0.0,1.0,0.0,-1.0,0.0,0.0,0.0,0.0975840521551707,0.03409882612514201,-0.0634852260300287,0.0,0.0,0.0,8.684211730957031,7.5016279220581055,-1.1825838088989258,117.0,235.0,118.0,19.32075309753418,30.280136108398438,10.959383010864258,0.02564102564102564,0.1774193548387097,0.15177832919768405,1.0,0.0,-1.0
1003,mp3d/QUCTc6BB5sX/QUCTc6BB5sX.glb,0,0.0,1.0,1.0,1.0,1.0,0.0,0.0,0.9105526310943576,0.9105526310943576,0.19687333987632427,0.921413718739835,0.7245403788635107,0.0,0.921413718739835,0.921413718739835,4.921462059020996,0.24552111327648163,-4.6759409457445145,126.0,42.0,-84.0,17.1212158203125,7.846118450164795,-9.275097370147705,0.0,0.0,0.0,1.0,0.0,-1.0
1004,mp3d/QUCTc6BB5sX/QUCTc6BB5sX.glb,0,1.0,1.0,0.0,1.0,1.0,0.0,1.0,1.0,0.0,0.959661856804319,0.9266133292034232,-0.03304852760089583,0.959661856804319,0.9266133292034232,-0.03304852760089583,0.7047364711761475,0.8392309546470642,0.13449448347091675,34.0,37.0,3.0,6.502696514129639,6.838846206665039,0.3361496925354004,0.0,0.0,0.0,0.0,0.0,0.0
1005,mp3d/QUCTc6BB5sX/QUCTc6BB5sX.glb,0,0.0,0.0,0.0,1.0,0.0,-1.0,0.0,0.0,0.0,0.1535068343406136,0.46770751911594016,0.3142006847753266,0.0,0.0,0.0,7.575723171234131,4.989193916320801,-2.58652925491333,114.0,57.0,-57.0,20.3472900390625,9.265861511230469,-11.081428527832031,0.0,0.0,0.0,1.0,0.0,-1.0
1006,mp3d/2azQ1b91cZZ/2azQ1b91cZZ.glb,0,0.0,0.0,0.0,0.0,0.0,0.0,0.0,0.0,0.0,0.1794863897578798,0.6856539779255159,0.5061675881676361,0.0,0.0,0.0,11.518255233764648,4.069404602050781,-7.448850631713867,118.0,90.0,-28.0,23.20189666748047,16.2018985748291,-6.999998092651367,0.02127659574468085,0.030303030303030304,0.009026434558349453,0.0,0.0,0.0
1007,mp3d/2azQ1b91cZZ/2azQ1b91cZZ.glb,0,1.0,0.0,-1.0,1.0,0.0,-1.0,1.0,0.0,-1.0,0.9373006120270564,0.8429085475268098,-0.09439206450024662,0.9373006120270564,0.0,-0.9373006120270564,1.3553391695022583,3.5436034202575684,2.18826425075531,68.0,58.0,-10.0,12.701896667480469,10.451894760131836,-2.250001907348633,0.038461538461538464,0.046511627906976744,0.00805008944543828,0.0,0.0,0.0
1008,mp3d/2azQ1b91cZZ/2azQ1b91cZZ.glb,0,1.0,1.0,0.0,1.0,1.0,0.0,1.0,0.9203267058301711,-0.07967329416982893,0.9373006120270564,0.7922381909694952,-0.14506242105756117,0.9373006120270564,0.7922381909694952,-0.14506242105756117,1.3553391695022583,2.557342290878296,1.2020031213760376,68.0,87.0,19.0,12.701896667480469,14.951898574829102,2.250001907348633,0.038461538461538464,0.03278688524590164,-0.005674653215636823,0.0,0.0,0.0
1009,mp3d/TbHJrupSAjP/TbHJrupSAjP.glb,0,1.0,1.0,0.0,1.0,1.0,0.0,0.7399360624927654,0.5049185409568473,-0.23501752153591815,0.8806335126913928,0.6029099086866992,-0.27772360400469354,0.8806335126913928,0.6029099086866992,-0.27772360400469354,0.2007957100868225,0.26095324754714966,0.06015753746032715,80.0,102.0,22.0,9.92790699005127,14.548913955688477,4.621006965637207,0.075,0.017241379310344827,-0.05775862068965517,0.0,0.0,0.0
1010,mp3d/TbHJrupSAjP/TbHJrupSAjP.glb,0,1.0,1.0,0.0,1.0,1.0,0.0,0.6682300777323165,0.6682300777323165,0.0,0.8796723695134596,0.8796723695134596,0.0,0.8796723695134596,0.8796723695134596,0.0,0.09012246131896973,0.09012246131896973,0.0,88.0,88.0,0.0,10.993244171142578,10.993244171142578,0.0,0.06818181818181818,0.06818181818181818,0.0,0.0,0.0,0.0
1011,mp3d/TbHJrupSAjP/TbHJrupSAjP.glb,0,1.0,1.0,0.0,1.0,1.0,0.0,0.9901179808672171,0.9901179808672171,0.0,0.9623433843732886,0.9623433843732886,0.0,0.9623433843732886,0.9623433843732886,0.0,0.4043339192867279,0.4043339192867279,0.0,46.0,46.0,0.0,7.419334411621094,7.419334411621094,0.0,0.0,0.0,0.0,0.0,0.0,0.0
1012,mp3d/TbHJrupSAjP/TbHJrupSAjP.glb,0,1.0,1.0,0.0,1.0,1.0,0.0,0.8441673033865569,0.8441673033865569,0.0,0.8925791365332927,0.8925791365332927,0.0,0.8925791365332927,0.8925791365332927,0.0,2.2238054275512695,2.2238054275512695,0.0,91.0,91.0,0.0,8.819501876831055,8.819501876831055,0.0,0.4186046511627907,0.4186046511627907,0.0,0.0,0.0,0.0
1013,mp3d/TbHJrupSAjP/TbHJrupSAjP.glb,0,1.0,1.0,0.0,1.0,1.0,0.0,1.0,1.0,0.0,0.8846879366415851,0.8846879366415851,0.0,0.8846879366415851,0.8846879366415851,0.0,2.5391387939453125,2.5391387939453125,0.0,58.0,58.0,0.0,7.3520121574401855,7.3520121574401855,0.0,0.0,0.0,0.0,0.0,0.0,0.0
1014,mp3d/TbHJrupSAjP/TbHJrupSAjP.glb,0,1.0,1.0,0.0,1.0,1.0,0.0,1.0,1.0,0.0,0.912493886950534,0.9209651051727632,0.008471218222229182,0.912493886950534,0.9209651051727632,0.008471218222229182,2.075951099395752,2.2553436756134033,0.17939257621765137,45.0,54.0,9.0,6.337013244628906,6.770698070526123,0.4336848258972168,0.0,0.06896551724137931,0.06896551724137931,0.0,0.0,0.0
1015,mp3d/zsNo4HB9uLZ/zsNo4HB9uLZ.glb,0,1.0,1.0,0.0,1.0,1.0,0.0,0.8480221597771895,0.8480221597771895,0.0,0.9330351653771713,0.9330351653771713,0.0,0.9330351653771713,0.9330351653771713,0.0,1.1308214664459229,1.1308214664459229,0.0,51.0,51.0,0.0,9.5,9.5,0.0,0.0,0.0,0.0,0.0,0.0,0.0
1016,mp3d/zsNo4HB9uLZ/zsNo4HB9uLZ.glb,0,1.0,1.0,0.0,1.0,1.0,0.0,1.0,1.0,0.0,0.9071747863008008,0.9071747863008008,0.0,0.9071747863008008,0.9071747863008008,0.0,1.9639272689819336,1.9639272689819336,0.0,46.0,46.0,0.0,6.976897716522217,6.976897716522217,0.0,0.10344827586206896,0.10344827586206896,0.0,0.0,0.0,0.0
1017,mp3d/zsNo4HB9uLZ/zsNo4HB9uLZ.glb,0,0.0,0.0,0.0,0.0,0.0,0.0,0.0,0.0,0.0,0.11662725973237409,0.11186762028424076,-0.004759639448133332,0.0,0.0,0.0,13.258788108825684,13.2587890625,9.5367431640625e-07,68.0,90.0,22.0,7.750530242919922,11.250530242919922,3.5,0.0,0.0,0.0,0.0,0.0,0.0
1018,mp3d/TbHJrupSAjP/TbHJrupSAjP.glb,0,0.0,0.0,0.0,0.0,0.0,0.0,0.0,0.0,0.0,0.21759938590538408,0.21759938590538408,0.0,0.0,0.0,0.0,11.15184497833252,11.15184497833252,0.0,63.0,63.0,0.0,11.031482696533203,11.031482696533203,0.0,0.0,0.0,0.0,0.0,0.0,0.0
1019,mp3d/TbHJrupSAjP/TbHJrupSAjP.glb,0,1.0,1.0,0.0,1.0,1.0,0.0,0.8098621233553925,0.8098621233553925,0.0,0.9189041789438723,0.9189041789438723,0.0,0.9189041789438723,0.9189041789438723,0.0,0.2488994151353836,0.2488994151353836,0.0,62.0,62.0,0.0,9.733206748962402,9.733206748962402,0.0,0.05,0.05,0.0,0.0,0.0,0.0
1020,mp3d/TbHJrupSAjP/TbHJrupSAjP.glb,0,1.0,0.0,-1.0,1.0,0.0,-1.0,0.9554613813297829,0.0,-0.9554613813297829,0.9564673342737863,0.5900898628695802,-0.36637747140420607,0.9564673342737863,0.0,-0.9564673342737863,0.5242093801498413,6.42180061340332,5.897591233253479,53.0,50.0,-3.0,8.249999046325684,7.500000476837158,-0.7499985694885254,0.0,0.0,0.0,0.0,0.0,0.0
1021,mp3d/QUCTc6BB5sX/QUCTc6BB5sX.glb,0,1.0,1.0,0.0,1.0,1.0,0.0,1.0,1.0,0.0,0.9245331691392935,0.9245331691392935,0.0,0.9245331691392935,0.9245331691392935,0.0,1.4781198501586914,1.4781198501586914,0.0,51.0,51.0,0.0,9.817977905273438,9.817977905273438,0.0,0.075,0.075,0.0,0.0,0.0,0.0
1022,mp3d/QUCTc6BB5sX/QUCTc6BB5sX.glb,0,1.0,1.0,0.0,1.0,1.0,0.0,1.0,1.0,0.0,0.9354338622636639,0.9245331691392935,-0.010900693124370364,0.9354338622636639,0.9245331691392935,-0.010900693124370364,0.742851734161377,1.4781198501586914,0.7352681159973145,58.0,51.0,-7.0,10.584467887878418,9.817977905273438,-0.7664899826049805,0.06976744186046512,0.075,0.005232558139534882,0.0,0.0,0.0
1023,mp3d/QUCTc6BB5sX/QUCTc6BB5sX.glb,0,1.0,1.0,0.0,1.0,1.0,0.0,1.0,1.0,0.0,0.9245331691392935,0.9245331691392935,0.0,0.9245331691392935,0.9245331691392935,0.0,1.4781198501586914,1.4781198501586914,0.0,51.0,51.0,0.0,9.817977905273438,9.817977905273438,0.0,0.075,0.075,0.0,0.0,0.0,0.0
1024,mp3d/zsNo4HB9uLZ/zsNo4HB9uLZ.glb,0,1.0,1.0,0.0,1.0,1.0,0.0,0.7907403832913683,0.7982215183026556,0.007481135011287332,0.8707228571401199,0.7732058972184432,-0.09751695992167664,0.8707228571401199,0.7732058972184432,-0.09751695992167664,0.5265936851501465,2.785637140274048,2.2590434551239014,136.0,129.0,-7.0,18.61669921875,18.442218780517578,-0.17448043823242188,0.13157894736842105,0.09333333333333334,-0.03824561403508771,0.0,0.0,0.0
1025,mp3d/zsNo4HB9uLZ/zsNo4HB9uLZ.glb,0,0.0,0.0,0.0,0.0,0.0,0.0,0.0,0.0,0.0,0.47194498282194036,0.32483431119402995,-0.14711067162791042,0.0,0.0,0.0,5.367702484130859,7.723567485809326,2.355865001678467,151.0,186.0,35.0,20.94207763671875,21.442218780517578,0.5001411437988281,0.09411764705882353,0.08045977011494253,-0.013657876943881,0.0,0.0,0.0
1026,mp3d/zsNo4HB9uLZ/zsNo4HB9uLZ.glb,0,0.0,0.0,0.0,0.0,0.0,0.0,0.0,0.0,0.0,0.43962431179187805,0.43962431179187805,0.0,0.0,0.0,0.0,8.625877380371094,8.625877380371094,0.0,53.0,53.0,0.0,7.942215919494629,7.942215919494629,0.0,0.21212121212121213,0.21212121212121213,0.0,0.0,0.0,0.0
1027,mp3d/Z6MFQCViBuw/Z6MFQCViBuw.glb,0,1.0,1.0,0.0,1.0,1.0,0.0,1.0,1.0,0.0,0.9849626915252324,0.9849626915252324,0.0,0.9849626915252324,0.9849626915252324,0.0,1.0697619915008545,1.0697619915008545,0.0,30.0,30.0,0.0,7.25,7.25,0.0,0.0,0.0,0.0,0.0,0.0,0.0
1028,mp3d/Z6MFQCViBuw/Z6MFQCViBuw.glb,0,1.0,1.0,0.0,1.0,1.0,0.0,1.0,1.0,0.0,0.9849626915252324,0.9849626915252324,0.0,0.9849626915252324,0.9849626915252324,0.0,1.0697619915008545,1.0697619915008545,0.0,30.0,30.0,0.0,7.25,7.25,0.0,0.0,0.0,0.0,0.0,0.0,0.0
1029,mp3d/Z6MFQCViBuw/Z6MFQCViBuw.glb,0,0.0,0.0,0.0,0.0,0.0,0.0,0.0,0.0,0.0,0.00713005440573349,0.021636890638642676,0.014506836232909187,0.0,0.0,0.0,21.501808166503906,19.319704055786133,-2.1821041107177734,67.0,57.0,-10.0,13.318029403686523,11.05593490600586,-2.262094497680664,0.0,0.0,0.0,0.0,0.0,0.0
1030,mp3d/2azQ1b91cZZ/2azQ1b91cZZ.glb,0,1.0,1.0,0.0,1.0,1.0,0.0,1.0,1.0,0.0,0.9278266883470268,0.9278266883470268,0.0,0.9278266883470268,0.9278266883470268,0.0,1.028808832168579,1.028808832168579,0.0,32.0,32.0,0.0,5.6152143478393555,5.6152143478393555,0.0,0.0,0.0,0.0,0.0,0.0,0.0
1031,mp3d/2azQ1b91cZZ/2azQ1b91cZZ.glb,0,1.0,1.0,0.0,1.0,1.0,0.0,0.8344982892047577,0.8344982892047577,0.0,0.9368431214395259,0.9368431214395259,0.0,0.9368431214395259,0.9368431214395259,0.0,0.22188128530979156,0.22188128530979156,0.0,37.0,37.0,0.0,6.8652143478393555,6.8652143478393555,0.0,0.0,0.0,0.0,0.0,0.0,0.0
1032,mp3d/2azQ1b91cZZ/2azQ1b91cZZ.glb,0,1.0,1.0,0.0,1.0,1.0,0.0,0.8344982892047577,0.8344982892047577,0.0,0.9368431214395259,0.9368431214395259,0.0,0.9368431214395259,0.9368431214395259,0.0,0.22188128530979156,0.22188128530979156,0.0,37.0,37.0,0.0,6.8652143478393555,6.8652143478393555,0.0,0.0,0.0,0.0,0.0,0.0,0.0
1033,mp3d/zsNo4HB9uLZ/zsNo4HB9uLZ.glb,0,1.0,1.0,0.0,1.0,1.0,0.0,0.9092484725137153,0.9092484725137153,0.0,0.8910429993865147,0.8910429993865147,0.0,0.8910429993865147,0.8910429993865147,0.0,0.8940783739089966,0.8940783739089966,0.0,84.0,84.0,0.0,12.162500381469727,12.162500381469727,0.0,0.17647058823529413,0.17647058823529413,0.0,0.0,0.0,0.0
1034,mp3d/zsNo4HB9uLZ/zsNo4HB9uLZ.glb,0,1.0,1.0,0.0,1.0,1.0,0.0,0.8564363653122387,0.9092484725137153,0.052812107201476666,0.8945408297957372,0.8910429993865147,-0.00349783040922258,0.8945408297957372,0.8910429993865147,-0.00349783040922258,0.17768526077270508,0.8940783739089966,0.7163931131362915,88.0,84.0,-4.0,12.912500381469727,12.162500381469727,-0.75,0.16666666666666666,0.17647058823529413,0.009803921568627472,0.0,0.0,0.0
1035,mp3d/zsNo4HB9uLZ/zsNo4HB9uLZ.glb,0,1.0,1.0,0.0,1.0,1.0,0.0,0.982998823886248,0.982998823886248,0.0,0.9585225321980265,0.9585225321980265,0.0,0.9585225321980265,0.9585225321980265,0.0,0.8277944326400757,0.8277944326400757,0.0,69.0,69.0,0.0,11.249998092651367,11.249998092651367,0.0,0.0,0.0,0.0,0.0,0.0,0.0
1036,mp3d/TbHJrupSAjP/TbHJrupSAjP.glb,0,1.0,1.0,0.0,1.0,1.0,0.0,0.676943100055464,0.676943100055464,0.0,0.7724765370402317,0.7724765370402317,0.0,0.7724765370402317,0.7724765370402317,0.0,0.7791204452514648,0.7791204452514648,0.0,97.0,97.0,0.0,12.55197525024414,12.55197525024414,0.0,0.19298245614035087,0.19298245614035087,0.0,0.0,0.0,0.0
1037,mp3d/TbHJrupSAjP/TbHJrupSAjP.glb,0,1.0,1.0,0.0,1.0,1.0,0.0,0.6183334581374146,0.6183334581374146,0.0,0.7650373379902806,0.7650373379902806,0.0,0.7650373379902806,0.7650373379902806,0.0,0.47678342461586,0.47678342461586,0.0,102.0,102.0,0.0,13.741732597351074,13.741732597351074,0.0,0.18032786885245902,0.18032786885245902,0.0,0.0,0.0,0.0
1038,mp3d/TbHJrupSAjP/TbHJrupSAjP.glb,0,0.0,0.0,0.0,0.0,0.0,0.0,0.0,0.0,0.0,0.02356557440478896,0.03415251396896321,0.010586939564174249,0.0,0.0,0.0,9.212518692016602,8.733901977539062,-0.47861671447753906,234.0,139.0,-95.0,26.255125045776367,21.561222076416016,-4.693902969360352,0.15178571428571427,0.13978494623655913,-0.012000768049155147,0.0,0.0,0.0
1039,mp3d/zsNo4HB9uLZ/zsNo4HB9uLZ.glb,0,1.0,1.0,0.0,1.0,1.0,0.0,0.8697643922359626,0.8697643922359626,0.0,0.9122398273842989,0.9122398273842989,0.0,0.9122398273842989,0.9122398273842989,0.0,0.7089937329292297,0.7089937329292297,0.0,61.0,61.0,0.0,11.778582572937012,11.778582572937012,0.0,0.0,0.0,0.0,0.0,0.0,0.0
1040,mp3d/zsNo4HB9uLZ/zsNo4HB9uLZ.glb,0,1.0,1.0,0.0,1.0,1.0,0.0,1.0,1.0,0.0,0.8373057522010406,0.8697334184036238,0.032427666202583194,0.8373057522010406,0.8697334184036238,0.032427666202583194,2.347296953201294,2.5420114994049072,0.19471454620361328,46.0,42.0,-4.0,9.028581619262695,8.528582572937012,-0.4999990463256836,0.0,0.0,0.0,0.0,0.0,0.0
1041,mp3d/zsNo4HB9uLZ/zsNo4HB9uLZ.glb,0,1.0,1.0,0.0,1.0,1.0,0.0,0.9083227003876903,0.9083227003876903,0.0,0.8903619662430632,0.8903619662430632,0.0,0.8903619662430632,0.8903619662430632,0.0,0.15555046498775482,0.15555046498775482,0.0,61.0,61.0,0.0,11.278581619262695,11.278581619262695,0.0,0.0,0.0,0.0,0.0,0.0,0.0
1042,mp3d/QUCTc6BB5sX/QUCTc6BB5sX.glb,0,1.0,0.0,-1.0,1.0,0.0,-1.0,1.0,0.0,-1.0,0.9392539869509945,0.3387673296027376,-0.6004866573482569,0.9392539869509945,0.0,-0.9392539869509945,1.2785450220108032,4.920511722564697,3.641966700553894,71.0,167.0,96.0,11.250006675720215,20.750009536743164,9.50000286102295,0.0,0.0,0.0,0.0,0.0,0.0
1043,mp3d/QUCTc6BB5sX/QUCTc6BB5sX.glb,0,1.0,1.0,0.0,1.0,1.0,0.0,0.9094434830393249,0.9094434830393249,0.0,0.9415780932130594,0.9415780932130594,0.0,0.9415780932130594,0.9415780932130594,0.0,0.2438889592885971,0.2438889592885971,0.0,80.0,80.0,0.0,12.682744979858398,12.682744979858398,0.0,0.019230769230769232,0.019230769230769232,0.0,0.0,0.0,0.0
1044,mp3d/QUCTc6BB5sX/QUCTc6BB5sX.glb,0,0.0,0.0,0.0,0.0,0.0,0.0,0.0,0.0,0.0,0.8248994384144126,0.8248994384144126,0.0,0.0,0.0,0.0,3.667942762374878,3.667942762374878,0.0,52.0,52.0,0.0,8.500005722045898,8.500005722045898,0.0,0.0,0.0,0.0,0.0,0.0,0.0
1045,mp3d/oLBMNvg9in8/oLBMNvg9in8.glb,0,1.0,1.0,0.0,1.0,1.0,0.0,0.7760093228899504,0.7760093228899504,0.0,0.9136121500642048,0.9136121500642048,0.0,0.9136121500642048,0.9136121500642048,0.0,0.14199167490005493,0.14199167490005493,0.0,70.0,70.0,0.0,11.796526908874512,11.796526908874512,0.0,0.0,0.0,0.0,0.0,0.0,0.0
1046,mp3d/oLBMNvg9in8/oLBMNvg9in8.glb,0,1.0,1.0,0.0,1.0,1.0,0.0,0.6262324668883699,0.7760093228899504,0.14977685600158053,0.8778690249555251,0.9136121500642048,0.03574312510867972,0.8778690249555251,0.9136121500642048,0.03574312510867972,0.25306493043899536,0.14199167490005493,-0.11107325553894043,105.0,70.0,-35.0,14.617918014526367,11.796526908874512,-2.8213911056518555,0.017241379310344827,0.0,-0.017241379310344827,0.0,0.0,0.0
1047,mp3d/oLBMNvg9in8/oLBMNvg9in8.glb,0,0.0,0.0,0.0,0.0,0.0,0.0,0.0,0.0,0.0,0.7695957722159554,0.7695957722159554,0.0,0.0,0.0,0.0,3.5483503341674805,3.5483503341674805,0.0,50.0,50.0,0.0,8.002264022827148,8.002264022827148,0.0,0.0,0.0,0.0,0.0,0.0,0.0
1048,mp3d/2azQ1b91cZZ/2azQ1b91cZZ.glb,0,1.0,1.0,0.0,1.0,1.0,0.0,0.23358781693885028,0.19728238742889195,-0.036305429509958326,0.23554522292994673,0.19147599301242338,-0.04406922991752335,0.23554522292994673,0.19147599301242338,-0.04406922991752335,1.5596843957901,0.9566227197647095,-0.6030616760253906,316.0,335.0,19.0,33.980224609375,40.23352813720703,6.253303527832031,0.029197080291970802,0.012345679012345678,-0.016851401279625124,0.0,0.0,0.0
1049,mp3d/2azQ1b91cZZ/2azQ1b91cZZ.glb,0,1.0,1.0,0.0,1.0,1.0,0.0,0.9088410658435234,0.9640327034811328,0.05519163763760937,0.9083548953202504,0.8899938229416066,-0.018361072378643817,0.9083548953202504,0.8899938229416066,-0.018361072378643817,1.085567831993103,1.5731996297836304,0.48763179779052734,75.0,73.0,-2.0,8.733503341674805,8.233503341674805,-0.5,0.05555555555555555,0.058823529411764705,0.0032679738562091526,0.0,0.0,0.0
1050,mp3d/2azQ1b91cZZ/2azQ1b91cZZ.glb,0,1.0,1.0,0.0,1.0,1.0,0.0,1.0,1.0,0.0,0.9143350422375202,0.9143350422375202,0.0,0.9143350422375202,0.9143350422375202,0.0,1.085567831993103,1.085567831993103,0.0,47.0,47.0,0.0,7.733502388000488,7.733502388000488,0.0,0.0625,0.0625,0.0,0.0,0.0,0.0
1051,mp3d/x8F5xyUWy9e/x8F5xyUWy9e.glb,0,0.0,0.0,0.0,0.0,0.0,0.0,0.0,0.0,0.0,0.8167199249951862,0.8167199249951862,0.0,0.0,0.0,0.0,3.202430248260498,3.202430248260498,0.0,52.0,52.0,0.0,8.129672050476074,8.129672050476074,0.0,0.0,0.0,0.0,0.0,0.0,0.0
1052,mp3d/x8F5xyUWy9e/x8F5xyUWy9e.glb,0,0.0,0.0,0.0,0.0,0.0,0.0,0.0,0.0,0.0,0.7675511493779172,0.7675511493779172,0.0,0.0,0.0,0.0,3.887664318084717,3.887664318084717,0.0,46.0,46.0,0.0,7.081906318664551,7.081906318664551,0.0,0.0,0.0,0.0,0.0,0.0,0.0
1053,mp3d/x8F5xyUWy9e/x8F5xyUWy9e.glb,0,0.0,0.0,0.0,0.0,0.0,0.0,0.0,0.0,0.0,0.8167199249951862,0.8167199249951862,0.0,0.0,0.0,0.0,3.202430248260498,3.202430248260498,0.0,52.0,52.0,0.0,8.129672050476074,8.129672050476074,0.0,0.0,0.0,0.0,0.0,0.0,0.0
1054,mp3d/x8F5xyUWy9e/x8F5xyUWy9e.glb,0,1.0,0.0,-1.0,1.0,0.0,-1.0,0.6883706312913161,0.0,-0.6883706312913161,0.7743150839236164,1.367701156138474e-05,-0.774301406912055,0.7743150839236164,0.0,-0.7743150839236164,0.8477175831794739,14.408935546875,13.561217963695526,60.0,277.0,217.0,9.75,32.9892463684082,23.239246368408203,0.0,0.21014492753623187,0.21014492753623187,0.0,0.0,0.0
1055,mp3d/x8F5xyUWy9e/x8F5xyUWy9e.glb,0,1.0,1.0,0.0,1.0,1.0,0.0,0.5712011621353474,0.39004018319422035,-0.1811609789411271,0.7153943155001122,0.4605834731382383,-0.25481084236187396,0.7153943155001122,0.4605834731382383,-0.25481084236187396,0.8477175831794739,1.9586951732635498,1.110977590084076,86.0,163.0,77.0,11.75,17.20749282836914,5.457492828369141,0.0,0.09333333333333334,0.09333333333333334,0.0,0.0,0.0
1056,mp3d/x8F5xyUWy9e/x8F5xyUWy9e.glb,0,0.0,0.0,0.0,0.0,0.0,0.0,0.0,0.0,0.0,0.00015320614298754395,0.058689482754193896,0.058536276611206355,0.0,0.0,0.0,12.71597671508789,10.82322883605957,-1.8927478790283203,241.0,55.0,-186.0,29.46954917907715,9.49236011505127,-19.97718906402588,0.10655737704918032,0.05,-0.05655737704918032,0.0,0.0,0.0
1057,mp3d/Z6MFQCViBuw/Z6MFQCViBuw.glb,0,1.0,1.0,0.0,1.0,1.0,0.0,1.0,1.0,0.0,0.9168978945513375,0.9168978945513375,0.0,0.9168978945513375,0.9168978945513375,0.0,1.67743980884552,1.67743980884552,0.0,54.0,54.0,0.0,9.823907852172852,9.823907852172852,0.0,0.0,0.0,0.0,0.0,0.0,0.0
1058,mp3d/Z6MFQCViBuw/Z6MFQCViBuw.glb,0,0.0,0.0,0.0,0.0,0.0,0.0,0.0,0.0,0.0,0.03344169061692747,0.05423953833481726,0.02079784771788979,0.0,0.0,0.0,21.339902877807617,19.64254379272461,-1.6973590850830078,47.0,39.0,-8.0,10.250008583068848,8.500005722045898,-1.7500028610229492,0.0,0.0,0.0,0.0,0.0,0.0
1059,mp3d/Z6MFQCViBuw/Z6MFQCViBuw.glb,0,0.0,0.0,0.0,0.0,0.0,0.0,0.0,0.0,0.0,0.03344169061692747,0.011346832312976137,-0.02209485830395133,0.0,0.0,0.0,21.339902877807617,23.785465240478516,2.4455623626708984,47.0,65.0,18.0,10.250008583068848,13.626017570495605,3.376008987426758,0.0,0.0,0.0,0.0,0.0,0.0
1060,mp3d/QUCTc6BB5sX/QUCTc6BB5sX.glb,0,0.0,0.0,0.0,0.0,0.0,0.0,0.0,0.0,0.0,0.018181558169884694,0.018181558169884694,0.0,0.0,0.0,0.0,22.244930267333984,22.244930267333984,0.0,75.0,75.0,0.0,14.279304504394531,14.279304504394531,0.0,0.0,0.0,0.0,0.0,0.0,0.0
1061,mp3d/QUCTc6BB5sX/QUCTc6BB5sX.glb,0,1.0,1.0,0.0,1.0,1.0,0.0,0.9158287325184327,1.0,0.08417126748156734,0.9241161075159113,0.9395631564803644,0.015447048964453036,0.9241161075159113,0.9395631564803644,0.015447048964453036,0.5756059885025024,0.42419174313545227,-0.15141424536705017,52.0,46.0,-6.0,9.458013534545898,8.474832534790039,-0.9831809997558594,0.05128205128205128,0.02857142857142857,-0.02271062271062271,0.0,0.0,0.0
1062,mp3d/QUCTc6BB5sX/QUCTc6BB5sX.glb,0,1.0,1.0,0.0,1.0,1.0,0.0,1.0,1.0,0.0,0.9395631564803644,0.9395631564803644,0.0,0.9395631564803644,0.9395631564803644,0.0,0.42419174313545227,0.42419174313545227,0.0,46.0,46.0,0.0,8.474832534790039,8.474832534790039,0.0,0.02857142857142857,0.02857142857142857,0.0,0.0,0.0,0.0
1063,mp3d/TbHJrupSAjP/TbHJrupSAjP.glb,0,1.0,1.0,0.0,1.0,1.0,0.0,1.0,1.0,0.0,0.8862255174667464,0.8862255174667464,0.0,0.8862255174667464,0.8862255174667464,0.0,2.667905807495117,2.667905807495117,0.0,53.0,53.0,0.0,8.25,8.25,0.0,0.0,0.0,0.0,0.0,0.0,0.0
1064,mp3d/TbHJrupSAjP/TbHJrupSAjP.glb,0,1.0,0.0,-1.0,1.0,0.0,-1.0,0.7558404166079022,0.0,-0.7558404166079022,0.9302625366334247,0.18608212074118527,-0.7441804158922395,0.9302625366334247,0.0,-0.9302625366334247,0.31960025429725647,8.41146469116211,8.091864436864853,113.0,215.0,102.0,13.75389289855957,23.750001907348633,9.996109008789062,0.0,0.0,0.0,0.0,0.0,0.0
1065,mp3d/TbHJrupSAjP/TbHJrupSAjP.glb,0,1.0,1.0,0.0,1.0,1.0,0.0,0.967392970258746,0.967392970258746,0.0,0.9566316888343851,0.9566316888343851,0.0,0.9566316888343851,0.9566316888343851,0.0,0.34303030371665955,0.34303030371665955,0.0,71.0,71.0,0.0,10.746148109436035,10.746148109436035,0.0,0.022727272727272728,0.022727272727272728,0.0,0.0,0.0,0.0
1066,mp3d/oLBMNvg9in8/oLBMNvg9in8.glb,0,1.0,1.0,0.0,1.0,1.0,0.0,0.5054672392445422,0.8913793447690033,0.3859121055244611,0.8122977298706711,0.9096896061924891,0.097391876321818,0.8122977298706711,0.9096896061924891,0.097391876321818,0.050484172999858856,1.3460931777954102,1.2956090047955513,133.0,56.0,-77.0,14.993330001831055,8.502145767211914,-6.491184234619141,0.0,0.0,0.0,0.0,0.0,0.0
1067,mp3d/oLBMNvg9in8/oLBMNvg9in8.glb,0,1.0,1.0,0.0,1.0,1.0,0.0,0.8913793447690033,0.8913793447690033,0.0,0.9096896061924891,0.9096896061924891,0.0,0.9096896061924891,0.9096896061924891,0.0,1.3460931777954102,1.3460931777954102,0.0,56.0,56.0,0.0,8.502145767211914,8.502145767211914,0.0,0.0,0.0,0.0,0.0,0.0,0.0
1068,mp3d/oLBMNvg9in8/oLBMNvg9in8.glb,0,1.0,1.0,0.0,1.0,1.0,0.0,0.8913793447690033,0.8913793447690033,0.0,0.9096896061924891,0.9096896061924891,0.0,0.9096896061924891,0.9096896061924891,0.0,1.3460931777954102,1.3460931777954102,0.0,56.0,56.0,0.0,8.502145767211914,8.502145767211914,0.0,0.0,0.0,0.0,0.0,0.0,0.0
1069,mp3d/zsNo4HB9uLZ/zsNo4HB9uLZ.glb,0,0.0,0.0,0.0,0.0,0.0,0.0,0.0,0.0,0.0,0.8693932792783062,0.8655303406197038,-0.003862938658602433,0.0,0.0,0.0,3.0203864574432373,3.2724695205688477,0.25208306312561035,62.0,52.0,-10.0,11.500001907348633,10.250001907348633,-1.25,0.0,0.0,0.0,0.0,0.0,0.0
1070,mp3d/zsNo4HB9uLZ/zsNo4HB9uLZ.glb,0,0.0,0.0,0.0,0.0,0.0,0.0,0.0,0.0,0.0,0.8655303406197038,0.8655303406197038,0.0,0.0,0.0,0.0,3.2724695205688477,3.2724695205688477,0.0,52.0,52.0,0.0,10.250001907348633,10.250001907348633,0.0,0.0,0.0,0.0,0.0,0.0,0.0
1071,mp3d/zsNo4HB9uLZ/zsNo4HB9uLZ.glb,0,1.0,0.0,-1.0,1.0,0.0,-1.0,1.0,0.0,-1.0,0.9438894755361802,0.8655303406197038,-0.07835913491647639,0.9438894755361802,0.0,-0.9438894755361802,1.3314504623413086,3.2724695205688477,1.941019058227539,67.0,52.0,-15.0,12.500001907348633,10.250001907348633,-2.25,0.0,0.0,0.0,0.0,0.0,0.0
1072,mp3d/oLBMNvg9in8/oLBMNvg9in8.glb,0,1.0,1.0,0.0,1.0,1.0,0.0,0.4859011657910294,0.5971078741550622,0.11120670836403279,0.6413520267873392,0.7020941756639033,0.06074214887656415,0.6413520267873392,0.7020941756639033,0.06074214887656415,0.8290005922317505,1.0698978900909424,0.2408972978591919,123.0,99.0,-24.0,18.387617111206055,14.963066101074219,-3.424551010131836,0.0,0.0,0.0,0.0,0.0,0.0
1073,mp3d/oLBMNvg9in8/oLBMNvg9in8.glb,0,1.0,0.0,-1.0,1.0,0.0,-1.0,0.4071155894577731,0.0,-0.4071155894577731,0.5230090591429022,0.5887734156848978,0.06576435654199564,0.5230090591429022,0.0,-0.5230090591429022,1.7757340669631958,3.170912742614746,1.3951786756515503,171.0,87.0,-84.0,21.946014404296875,12.340291976928711,-9.605722427368164,0.0,0.0,0.0,0.0,0.0,0.0
1074,mp3d/oLBMNvg9in8/oLBMNvg9in8.glb,0,1.0,1.0,0.0,1.0,1.0,0.0,0.5533622448696317,0.686578931399929,0.13321668653029728,0.7740536630243605,0.7899306730473333,0.015877010022972815,0.7740536630243605,0.7899306730473333,0.015877010022972815,1.192208170890808,1.4371267557144165,0.2449185848236084,109.0,86.0,-23.0,16.145959854125977,13.013164520263672,-3.1327953338623047,0.0,0.0,0.0,0.0,0.0,0.0
1075,mp3d/TbHJrupSAjP/TbHJrupSAjP.glb,0,1.0,1.0,0.0,1.0,1.0,0.0,0.9093573014320616,0.9093573014320616,0.0,0.9029177960445437,0.9029177960445437,0.0,0.9029177960445437,0.9029177960445437,0.0,1.2716455459594727,1.2716455459594727,0.0,68.0,68.0,0.0,10.771127700805664,10.771127700805664,0.0,0.0,0.0,0.0,0.0,0.0,0.0
1076,mp3d/TbHJrupSAjP/TbHJrupSAjP.glb,0,1.0,1.0,0.0,1.0,1.0,0.0,1.0,1.0,0.0,0.9419676048759297,0.9419676048759297,0.0,0.9419676048759297,0.9419676048759297,0.0,1.2908496856689453,1.2908496856689453,0.0,51.0,51.0,0.0,9.25,9.25,0.0,0.0,0.0,0.0,0.0,0.0,0.0
1077,mp3d/TbHJrupSAjP/TbHJrupSAjP.glb,0,1.0,1.0,0.0,1.0,1.0,0.0,0.8706492844178335,0.95559068592264,0.08494140150480645,0.9329375644561441,0.9397453530108458,0.006807788554701766,0.9329375644561441,0.9397453530108458,0.006807788554701766,0.4540104866027832,1.3025729656219482,0.848562479019165,63.0,58.0,-5.0,11.249999046325684,10.249999046325684,-1.0,0.0,0.0,0.0,0.0,0.0,0.0
1078,mp3d/8194nk5LbLH/8194nk5LbLH.glb,0,0.0,0.0,0.0,1.0,1.0,0.0,0.0,0.0,0.0,0.23041893988600287,0.2270184255027821,-0.003400514383220782,0.0,0.0,0.0,6.055761814117432,6.592520713806152,0.5367588996887207,214.0,238.0,24.0,22.584980010986328,25.94529914855957,3.360319137573242,0.31666666666666665,0.24,-0.07666666666666666,1.0,1.0,0.0
1079,mp3d/8194nk5LbLH/8194nk5LbLH.glb,0,1.0,1.0,0.0,1.0,1.0,0.0,0.6617073530836359,0.6617073530836359,0.0,0.8715542069536663,0.8715542069536663,0.0,0.8715542069536663,0.8715542069536663,0.0,1.3749480247497559,1.3749480247497559,0.0,99.0,99.0,0.0,13.073684692382812,13.073684692382812,0.0,0.05555555555555555,0.05555555555555555,0.0,0.0,0.0,0.0
1080,mp3d/8194nk5LbLH/8194nk5LbLH.glb,0,0.0,0.0,0.0,0.0,0.0,0.0,0.0,0.0,0.0,0.5171598998112819,0.6491736443000432,0.13201374448876135,0.0,0.0,0.0,6.492974281311035,6.101560592651367,-0.39141368865966797,104.0,61.0,-43.0,13.978673934936523,10.320047378540039,-3.6586265563964844,0.08620689655172414,0.09302325581395349,0.006816359262229343,0.0,0.0,0.0
1081,mp3d/TbHJrupSAjP/TbHJrupSAjP.glb,0,1.0,1.0,0.0,1.0,1.0,0.0,0.7893859033737345,0.6270343291890889,-0.16235157418464563,0.9266510130271632,0.884726805432682,-0.04192420759448123,0.9266510130271632,0.884726805432682,-0.04192420759448123,0.31771647930145264,0.06968086212873459,-0.24803561717271805,87.0,120.0,33.0,10.716168403625488,13.490796089172363,2.774627685546875,0.0,0.018518518518518517,0.018518518518518517,0.0,0.0,0.0
1082,mp3d/TbHJrupSAjP/TbHJrupSAjP.glb,0,1.0,1.0,0.0,1.0,1.0,0.0,0.7893859033737345,0.7893859033737345,0.0,0.9266510130271632,0.9266510130271632,0.0,0.9266510130271632,0.9266510130271632,0.0,0.31771647930145264,0.31771647930145264,0.0,87.0,87.0,0.0,10.716168403625488,10.716168403625488,0.0,0.0,0.0,0.0,0.0,0.0,0.0
1083,mp3d/TbHJrupSAjP/TbHJrupSAjP.glb,0,1.0,1.0,0.0,1.0,1.0,0.0,0.7893859033737345,0.7893859033737345,0.0,0.9266510130271632,0.9266510130271632,0.0,0.9266510130271632,0.9266510130271632,0.0,0.31771647930145264,0.31771647930145264,0.0,87.0,87.0,0.0,10.716168403625488,10.716168403625488,0.0,0.0,0.0,0.0,0.0,0.0,0.0
1084,mp3d/zsNo4HB9uLZ/zsNo4HB9uLZ.glb,0,1.0,1.0,0.0,1.0,1.0,0.0,1.0,1.0,0.0,0.9378300945603574,0.9378300945603574,0.0,0.9378300945603574,0.9378300945603574,0.0,1.0614404678344727,1.0614404678344727,0.0,29.0,29.0,0.0,3.7499983310699463,3.7499983310699463,0.0,0.0,0.0,0.0,0.0,0.0,0.0
1085,mp3d/zsNo4HB9uLZ/zsNo4HB9uLZ.glb,0,1.0,1.0,0.0,1.0,1.0,0.0,0.7699328937402522,0.7699328937402522,0.0,0.9469393918436905,0.9469393918436905,0.0,0.9469393918436905,0.9469393918436905,0.0,0.20183658599853516,0.20183658599853516,0.0,39.0,39.0,0.0,4.999999046325684,4.999999046325684,0.0,0.0,0.0,0.0,0.0,0.0,0.0
1086,mp3d/zsNo4HB9uLZ/zsNo4HB9uLZ.glb,0,1.0,1.0,0.0,1.0,1.0,0.0,0.15554196906812262,0.1791866391047613,0.02364467003663867,0.056588840511833396,0.036228671081514174,-0.020360169430319222,0.056588840511833396,0.036228671081514174,-0.020360169430319222,0.01543455570936203,2.6626720428466797,2.6472374871373177,205.0,149.0,-56.0,24.75,21.484100341796875,-3.265899658203125,0.0,0.011494252873563218,0.011494252873563218,0.0,0.0,0.0
1087,mp3d/2azQ1b91cZZ/2azQ1b91cZZ.glb,0,1.0,1.0,0.0,1.0,1.0,0.0,0.8962469482421875,0.8962469482421875,0.0,0.9454426994057726,0.9454426994057726,0.0,0.9454426994057726,0.9454426994057726,0.0,0.6818115711212158,0.6818115711212158,0.0,32.0,32.0,0.0,6.25,6.25,0.0,0.0,0.0,0.0,0.0,0.0,0.0
1088,mp3d/2azQ1b91cZZ/2azQ1b91cZZ.glb,0,1.0,1.0,0.0,1.0,1.0,0.0,0.8962469482421875,0.8962469482421875,0.0,0.9454426994057726,0.9454426994057726,0.0,0.9454426994057726,0.9454426994057726,0.0,0.6818115711212158,0.6818115711212158,0.0,32.0,32.0,0.0,6.25,6.25,0.0,0.0,0.0,0.0,0.0,0.0,0.0
1089,mp3d/2azQ1b91cZZ/2azQ1b91cZZ.glb,0,1.0,1.0,0.0,1.0,1.0,0.0,0.8962469482421875,0.8962469482421875,0.0,0.9454426994057726,0.9454426994057726,0.0,0.9454426994057726,0.9454426994057726,0.0,0.6818115711212158,0.6818115711212158,0.0,32.0,32.0,0.0,6.25,6.25,0.0,0.0,0.0,0.0,0.0,0.0,0.0
1090,mp3d/X7HyMhZNoso/X7HyMhZNoso.glb,0,1.0,1.0,0.0,1.0,1.0,0.0,1.0,1.0,0.0,0.9339428445933362,0.9339428445933362,0.0,0.9339428445933362,0.9339428445933362,0.0,0.9794216156005859,0.9794216156005859,0.0,34.0,34.0,0.0,4.488646030426025,4.488646030426025,0.0,0.0,0.0,0.0,0.0,0.0,0.0
1091,mp3d/X7HyMhZNoso/X7HyMhZNoso.glb,0,1.0,1.0,0.0,1.0,1.0,0.0,1.0,1.0,0.0,0.8294502676700075,0.8294502676700075,0.0,0.8294502676700075,0.8294502676700075,0.0,2.5849595069885254,2.5849595069885254,0.0,31.0,31.0,0.0,4.738646030426025,4.738646030426025,0.0,0.0,0.0,0.0,0.0,0.0,0.0
1092,mp3d/X7HyMhZNoso/X7HyMhZNoso.glb,0,1.0,0.0,-1.0,1.0,0.0,-1.0,0.13855492497417765,0.0,-0.13855492497417765,0.005303777844593633,0.018540743162127775,0.013236965317534141,0.005303777844593633,0.0,-0.005303777844593633,0.2699938714504242,11.812793731689453,11.542799860239029,269.0,87.0,-182.0,35.909114837646484,12.808197021484375,-23.10091781616211,0.0,0.0,0.0,0.0,0.0,0.0
1093,mp3d/QUCTc6BB5sX/QUCTc6BB5sX.glb,0,0.0,0.0,0.0,0.0,0.0,0.0,0.0,0.0,0.0,0.6400906628485915,0.6400906628485915,0.0,0.0,0.0,0.0,5.82936954498291,5.82936954498291,0.0,62.0,62.0,0.0,10.435029029846191,10.435029029846191,0.0,0.17391304347826086,0.17391304347826086,0.0,0.0,0.0,0.0
1094,mp3d/QUCTc6BB5sX/QUCTc6BB5sX.glb,0,1.0,1.0,0.0,1.0,1.0,0.0,0.9049944105488364,0.9195652343692461,0.01457082382040964,0.9308262907799844,0.9286346001018693,-0.002191690678115088,0.9308262907799844,0.9286346001018693,-0.002191690678115088,0.4696245789527893,0.1064203679561615,-0.3632042109966278,69.0,62.0,-7.0,9.802141189575195,9.646822929382324,-0.1553182601928711,0.11627906976744186,0.075,-0.04127906976744186,0.0,0.0,0.0
1095,mp3d/QUCTc6BB5sX/QUCTc6BB5sX.glb,0,0.0,0.0,0.0,0.0,0.0,0.0,0.0,0.0,0.0,0.021979876971831003,0.041983839653346455,0.020003962681515452,0.0,0.0,0.0,18.027490615844727,18.56700897216797,0.5395183563232422,113.0,93.0,-20.0,15.76079273223877,13.260791778564453,-2.5000009536743164,0.0,0.0,0.0,0.0,0.0,0.0
1096,mp3d/QUCTc6BB5sX/QUCTc6BB5sX.glb,0,1.0,1.0,0.0,1.0,1.0,0.0,0.8861449196230781,1.0,0.11385508037692194,0.89257133957939,0.9336066227616847,0.04103528318229466,0.89257133957939,0.9336066227616847,0.04103528318229466,1.2557544708251953,1.0134695768356323,-0.242284893989563,66.0,52.0,-14.0,12.519857406616211,10.247600555419922,-2.272256851196289,0.09433962264150944,0.023809523809523808,-0.07053009883198563,0.0,0.0,0.0
1097,mp3d/QUCTc6BB5sX/QUCTc6BB5sX.glb,0,1.0,0.0,-1.0,1.0,0.0,-1.0,1.0,0.0,-1.0,0.9357805779517996,0.36104716600921827,-0.5747334119425813,0.9357805779517996,0.0,-0.9357805779517996,0.29066070914268494,10.945276260375977,10.654615551233292,60.0,49.0,-11.0,10.98812198638916,6.750002861022949,-4.238119125366211,0.10638297872340426,0.0,-0.10638297872340426,0.0,0.0,0.0
1098,mp3d/QUCTc6BB5sX/QUCTc6BB5sX.glb,0,0.0,0.0,0.0,0.0,0.0,0.0,0.0,0.0,0.0,0.05396965940981607,0.029123929529376986,-0.024845729880439087,0.0,0.0,0.0,22.12960433959961,19.89105224609375,-2.2385520935058594,59.0,80.0,21.0,12.009541511535645,14.259541511535645,2.25,0.0,0.0,0.0,0.0,0.0,0.0
1099,mp3d/zsNo4HB9uLZ/zsNo4HB9uLZ.glb,0,1.0,1.0,0.0,1.0,1.0,0.0,1.0,1.0,0.0,0.9366688974055558,0.9366688974055558,0.0,0.9366688974055558,0.9366688974055558,0.0,1.3585691452026367,1.3585691452026367,0.0,45.0,45.0,0.0,7.999999523162842,7.999999523162842,0.0,0.0,0.0,0.0,0.0,0.0,0.0
1100,mp3d/zsNo4HB9uLZ/zsNo4HB9uLZ.glb,0,1.0,1.0,0.0,1.0,1.0,0.0,1.0,1.0,0.0,0.8765071871590946,0.8765071871590946,0.0,0.8765071871590946,0.8765071871590946,0.0,2.6066999435424805,2.6066999435424805,0.0,39.0,39.0,0.0,6.750000476837158,6.750000476837158,0.0,0.0,0.0,0.0,0.0,0.0,0.0
1101,mp3d/zsNo4HB9uLZ/zsNo4HB9uLZ.glb,0,0.0,0.0,0.0,0.0,0.0,0.0,0.0,0.0,0.0,0.8325165214252371,0.8325165214252371,0.0,0.0,0.0,0.0,3.811643600463867,3.811643600463867,0.0,36.0,36.0,0.0,6.75,6.75,0.0,0.0,0.0,0.0,0.0,0.0,0.0
1102,mp3d/Z6MFQCViBuw/Z6MFQCViBuw.glb,0,1.0,1.0,0.0,1.0,1.0,0.0,1.0,1.0,0.0,0.8822239253803362,0.8822239253803362,0.0,0.8822239253803362,0.8822239253803362,0.0,1.127880334854126,1.127880334854126,0.0,68.0,68.0,0.0,12.763484001159668,12.763484001159668,0.0,0.0,0.0,0.0,0.0,0.0,0.0
1103,mp3d/Z6MFQCViBuw/Z6MFQCViBuw.glb,0,1.0,1.0,0.0,1.0,1.0,0.0,1.0,1.0,0.0,0.8338840596110767,0.8338840596110767,0.0,0.8338840596110767,0.8338840596110767,0.0,2.5952939987182617,2.5952939987182617,0.0,62.0,62.0,0.0,11.143632888793945,11.143632888793945,0.0,0.0,0.0,0.0,0.0,0.0,0.0
1104,mp3d/Z6MFQCViBuw/Z6MFQCViBuw.glb,0,1.0,1.0,0.0,1.0,1.0,0.0,0.967080859138009,0.967080859138009,0.0,0.847177848330388,0.847177848330388,0.0,0.847177848330388,0.847177848330388,0.0,2.2772724628448486,2.2772724628448486,0.0,81.0,81.0,0.0,13.872122764587402,13.872122764587402,0.0,0.0,0.0,0.0,0.0,0.0,0.0
1105,mp3d/QUCTc6BB5sX/QUCTc6BB5sX.glb,0,1.0,1.0,0.0,1.0,1.0,0.0,0.931839962751112,1.0,0.06816003724888797,0.8789521763482262,0.8784762174209491,-0.0004759589272771425,0.8789521763482262,0.8784762174209491,-0.0004759589272771425,0.0893019288778305,1.1613775491714478,1.0720756202936172,50.0,44.0,-6.0,8.749999046325684,7.5,-1.2499990463256836,0.0,0.0,0.0,0.0,0.0,0.0
1106,mp3d/QUCTc6BB5sX/QUCTc6BB5sX.glb,0,1.0,1.0,0.0,1.0,1.0,0.0,0.45712630371603047,0.5202640999632272,0.06313779624719673,0.46632690943790345,0.5578524838753979,0.09152557443749443,0.46632690943790345,0.5578524838753979,0.09152557443749443,0.26790863275527954,0.5326362252235413,0.2647275924682617,151.0,126.0,-25.0,17.83664321899414,15.672038078308105,-2.164605140686035,0.0958904109589041,0.015625,-0.0802654109589041,0.0,0.0,0.0
1107,mp3d/QUCTc6BB5sX/QUCTc6BB5sX.glb,0,1.0,1.0,0.0,1.0,1.0,0.0,0.931839962751112,1.0,0.06816003724888797,0.8789521763482262,0.8784762174209491,-0.0004759589272771425,0.8789521763482262,0.8784762174209491,-0.0004759589272771425,0.0893019288778305,1.1613775491714478,1.0720756202936172,50.0,44.0,-6.0,8.749999046325684,7.5,-1.2499990463256836,0.0,0.0,0.0,0.0,0.0,0.0
1108,mp3d/zsNo4HB9uLZ/zsNo4HB9uLZ.glb,0,1.0,1.0,0.0,1.0,1.0,0.0,1.0,1.0,0.0,0.8644332613189809,0.8644332613189809,0.0,0.8644332613189809,0.8644332613189809,0.0,2.5592451095581055,2.5592451095581055,0.0,44.0,44.0,0.0,8.465767860412598,8.465767860412598,0.0,0.05714285714285714,0.05714285714285714,0.0,0.0,0.0,0.0
1109,mp3d/zsNo4HB9uLZ/zsNo4HB9uLZ.glb,0,0.0,0.0,0.0,0.0,0.0,0.0,0.0,0.0,0.0,0.17076064510565836,0.17359940856653935,0.002838763460880994,0.0,0.0,0.0,12.850160598754883,12.254631042480469,-0.5955295562744141,37.0,20.0,-17.0,6.252179145812988,4.25,-2.0021791458129883,0.0,0.0,0.0,0.0,0.0,0.0
1110,mp3d/zsNo4HB9uLZ/zsNo4HB9uLZ.glb,0,0.0,0.0,0.0,0.0,0.0,0.0,0.0,0.0,0.0,0.7796708366497092,0.7796708366497092,0.0,0.0,0.0,0.0,3.785585880279541,3.785585880279541,0.0,38.0,38.0,0.0,7.215768814086914,7.215768814086914,0.0,0.06666666666666667,0.06666666666666667,0.0,0.0,0.0,0.0
1111,mp3d/TbHJrupSAjP/TbHJrupSAjP.glb,0,1.0,1.0,0.0,1.0,1.0,0.0,0.5563384493158909,0.5283090964034518,-0.02802935291243913,0.7726876689408986,0.7609305712258745,-0.01175709771502409,0.7726876689408986,0.7609305712258745,-0.01175709771502409,2.7275314331054688,2.8183414936065674,0.09081006050109863,67.0,61.0,-6.0,9.631969451904297,10.14299201965332,0.5110225677490234,0.02702702702702703,0.02564102564102564,-0.0013860013860013884,0.0,0.0,0.0
1112,mp3d/TbHJrupSAjP/TbHJrupSAjP.glb,0,1.0,1.0,0.0,1.0,1.0,0.0,0.9755439340060189,0.9755439340060189,0.0,0.9047445907631211,0.9047445907631211,0.0,0.9047445907631211,0.9047445907631211,0.0,1.319549322128296,1.319549322128296,0.0,39.0,39.0,0.0,5.492971420288086,5.492971420288086,0.0,0.043478260869565216,0.043478260869565216,0.0,0.0,0.0,0.0
1113,mp3d/TbHJrupSAjP/TbHJrupSAjP.glb,0,0.0,0.0,0.0,1.0,1.0,0.0,0.0,0.0,0.0,0.6312475669014022,0.6312475669014022,0.0,0.0,0.0,0.0,4.071079730987549,4.071079730987549,0.0,66.0,66.0,0.0,11.029918670654297,11.029918670654297,0.0,0.023809523809523808,0.023809523809523808,0.0,1.0,1.0,0.0
1114,mp3d/QUCTc6BB5sX/QUCTc6BB5sX.glb,0,1.0,1.0,0.0,1.0,1.0,0.0,0.5869646447839988,0.7803672863563414,0.19340264157234266,0.7221281089917658,0.8665660989740149,0.1444379899822491,0.7221281089917658,0.8665660989740149,0.1444379899822491,2.0959649085998535,1.1928138732910156,-0.9031510353088379,194.0,115.0,-79.0,19.637020111083984,14.770271301269531,-4.866748809814453,0.08641975308641975,0.06557377049180328,-0.020845982594616466,0.0,0.0,0.0
1115,mp3d/QUCTc6BB5sX/QUCTc6BB5sX.glb,0,1.0,1.0,0.0,1.0,1.0,0.0,0.977608122323407,0.977608122323407,0.0,0.9337875630502529,0.9337875630502529,0.0,0.9337875630502529,0.9337875630502529,0.0,0.8592560291290283,0.8592560291290283,0.0,68.0,68.0,0.0,11.790242195129395,11.790242195129395,0.0,0.041666666666666664,0.041666666666666664,0.0,0.0,0.0,0.0
1116,mp3d/QUCTc6BB5sX/QUCTc6BB5sX.glb,0,1.0,1.0,0.0,1.0,1.0,0.0,0.977608122323407,0.977608122323407,0.0,0.9337875630502529,0.9337875630502529,0.0,0.9337875630502529,0.9337875630502529,0.0,0.8592560291290283,0.8592560291290283,0.0,68.0,68.0,0.0,11.790242195129395,11.790242195129395,0.0,0.041666666666666664,0.041666666666666664,0.0,0.0,0.0,0.0
1117,mp3d/x8F5xyUWy9e/x8F5xyUWy9e.glb,0,0.0,0.0,0.0,0.0,0.0,0.0,0.0,0.0,0.0,0.7641443474664503,0.7641443474664503,0.0,0.0,0.0,0.0,3.0064473152160645,3.0064473152160645,0.0,27.0,27.0,0.0,5.991025447845459,5.991025447845459,0.0,0.04,0.04,0.0,0.0,0.0,0.0
1118,mp3d/x8F5xyUWy9e/x8F5xyUWy9e.glb,0,1.0,1.0,0.0,1.0,1.0,0.0,0.9522946625068095,1.0,0.0477053374931905,0.9546486570530067,0.9649339814275597,0.010285324374552984,0.9546486570530067,0.9649339814275597,0.010285324374552984,0.26487547159194946,0.24309562146663666,-0.021779850125312805,45.0,41.0,-4.0,8.999999046325684,8.499999046325684,-0.5,0.0,0.0,0.0,0.0,0.0,0.0
1119,mp3d/x8F5xyUWy9e/x8F5xyUWy9e.glb,0,0.0,0.0,0.0,1.0,1.0,0.0,0.0,0.0,0.0,0.6815960581079765,0.7724673516502689,0.0908712935422924,0.0,0.0,0.0,4.281421184539795,3.43050479888916,-0.8509163856506348,91.0,36.0,-55.0,15.25,7.991024971008301,-7.258975028991699,0.0,0.030303030303030304,0.030303030303030304,1.0,1.0,0.0
1120,mp3d/TbHJrupSAjP/TbHJrupSAjP.glb,0,0.0,0.0,0.0,0.0,0.0,0.0,0.0,0.0,0.0,0.4580471752062234,0.4580471752062234,0.0,0.0,0.0,0.0,14.398096084594727,14.398096084594727,0.0,51.0,51.0,0.0,8.523197174072266,8.523197174072266,0.0,0.0,0.0,0.0,0.0,0.0,0.0
1121,mp3d/TbHJrupSAjP/TbHJrupSAjP.glb,0,0.0,0.0,0.0,0.0,0.0,0.0,0.0,0.0,0.0,0.03236748289485274,0.04432543022318845,0.011957947328335716,0.0,0.0,0.0,12.177079200744629,13.598583221435547,1.421504020690918,303.0,249.0,-54.0,31.83878517150879,27.63811492919922,-4.20067024230957,0.0,0.00909090909090909,0.00909090909090909,0.0,0.0,0.0
1122,mp3d/TbHJrupSAjP/TbHJrupSAjP.glb,0,0.0,0.0,0.0,0.0,0.0,0.0,0.0,0.0,0.0,0.4580471752062234,0.4580471752062234,0.0,0.0,0.0,0.0,14.398096084594727,14.398096084594727,0.0,51.0,51.0,0.0,8.523197174072266,8.523197174072266,0.0,0.0,0.0,0.0,0.0,0.0,0.0
1123,mp3d/TbHJrupSAjP/TbHJrupSAjP.glb,0,1.0,1.0,0.0,1.0,1.0,0.0,0.7489141648307348,0.9916687877691013,0.24275462293836647,0.8781455042384505,0.8781352654096646,-1.0238828785924525e-05,0.8781455042384505,0.8781352654096646,-1.0238828785924525e-05,0.06386345624923706,1.5647475719451904,1.5008841156959534,84.0,60.0,-24.0,8.6276273727417,6.5156354904174805,-2.1119918823242188,0.15789473684210525,0.2,0.04210526315789476,0.0,0.0,0.0
1124,mp3d/TbHJrupSAjP/TbHJrupSAjP.glb,0,1.0,1.0,0.0,1.0,1.0,0.0,0.9916687877691013,0.9916687877691013,0.0,0.8781352654096646,0.8781352654096646,0.0,0.8781352654096646,0.8781352654096646,0.0,1.5647475719451904,1.5647475719451904,0.0,60.0,60.0,0.0,6.5156354904174805,6.5156354904174805,0.0,0.2,0.2,0.0,0.0,0.0,0.0
1125,mp3d/TbHJrupSAjP/TbHJrupSAjP.glb,0,1.0,1.0,0.0,1.0,1.0,0.0,0.9916687877691013,0.9916687877691013,0.0,0.8781352654096646,0.8781352654096646,0.0,0.8781352654096646,0.8781352654096646,0.0,1.5647475719451904,1.5647475719451904,0.0,60.0,60.0,0.0,6.5156354904174805,6.5156354904174805,0.0,0.2,0.2,0.0,0.0,0.0,0.0
1126,mp3d/TbHJrupSAjP/TbHJrupSAjP.glb,0,0.0,0.0,0.0,0.0,0.0,0.0,0.0,0.0,0.0,0.4419721090605907,0.4419721090605907,0.0,0.0,0.0,0.0,13.690347671508789,13.690347671508789,0.0,35.0,35.0,0.0,6.000234603881836,6.000234603881836,0.0,0.0,0.0,0.0,0.0,0.0,0.0
1127,mp3d/TbHJrupSAjP/TbHJrupSAjP.glb,0,0.0,0.0,0.0,0.0,0.0,0.0,0.0,0.0,0.0,0.4278795135329951,0.4278795135329951,0.0,0.0,0.0,0.0,15.63937759399414,15.63937759399414,0.0,44.0,44.0,0.0,8.000234603881836,8.000234603881836,0.0,0.0,0.0,0.0,0.0,0.0,0.0
1128,mp3d/TbHJrupSAjP/TbHJrupSAjP.glb,0,0.0,0.0,0.0,0.0,0.0,0.0,0.0,0.0,0.0,0.426837011945818,0.426837011945818,0.0,0.0,0.0,0.0,14.515981674194336,14.515981674194336,0.0,38.0,38.0,0.0,6.750234603881836,6.750234603881836,0.0,0.0,0.0,0.0,0.0,0.0,0.0
1129,mp3d/QUCTc6BB5sX/QUCTc6BB5sX.glb,0,1.0,1.0,0.0,1.0,1.0,0.0,0.5708527918803202,0.2776763254830626,-0.29317646639725764,0.23967938574935718,0.042696776407520835,-0.19698260934183634,0.23967938574935718,0.042696776407520835,-0.19698260934183634,0.2603641748428345,2.0569677352905273,1.7966035604476929,89.0,206.0,117.0,13.52466869354248,27.804296493530273,14.279627799987793,0.0,0.008928571428571428,0.008928571428571428,0.0,0.0,0.0
1130,mp3d/QUCTc6BB5sX/QUCTc6BB5sX.glb,0,0.0,0.0,0.0,0.0,0.0,0.0,0.0,0.0,0.0,0.31786895396378995,0.31786895396378995,0.0,0.0,0.0,0.0,6.012711048126221,6.012711048126221,0.0,43.0,43.0,0.0,6.750002861022949,6.750002861022949,0.0,0.0,0.0,0.0,0.0,0.0,0.0
1131,mp3d/QUCTc6BB5sX/QUCTc6BB5sX.glb,0,1.0,1.0,0.0,1.0,1.0,0.0,0.5225562104373619,0.5708527918803202,0.04829658144295834,0.22763022630339944,0.23967938574935718,0.012049159445957747,0.22763022630339944,0.23967938574935718,0.012049159445957747,1.0078306198120117,0.2603641748428345,-0.7474664449691772,94.0,89.0,-5.0,14.77466869354248,13.52466869354248,-1.25,0.0,0.0,0.0,0.0,0.0,0.0
1132,mp3d/Z6MFQCViBuw/Z6MFQCViBuw.glb,0,0.0,0.0,0.0,0.0,0.0,0.0,0.0,0.0,0.0,0.6044501203356406,0.6483856369534863,0.04393551661784567,0.0,0.0,0.0,4.127558708190918,6.229146957397461,2.101588249206543,119.0,100.0,-19.0,17.226238250732422,15.01908016204834,-2.207158088684082,0.02857142857142857,0.0,-0.02857142857142857,0.0,0.0,0.0
1133,mp3d/Z6MFQCViBuw/Z6MFQCViBuw.glb,0,0.0,0.0,0.0,0.0,0.0,0.0,0.0,0.0,0.0,0.820845298237968,0.820845298237968,0.0,0.0,0.0,0.0,3.2285704612731934,3.2285704612731934,0.0,64.0,64.0,0.0,10.50001335144043,10.50001335144043,0.0,0.0,0.0,0.0,0.0,0.0,0.0
1134,mp3d/Z6MFQCViBuw/Z6MFQCViBuw.glb,0,1.0,1.0,0.0,1.0,1.0,0.0,0.8683099263638991,0.8683099263638991,0.0,0.8584962960267273,0.8584962960267273,0.0,0.8584962960267273,0.8584962960267273,0.0,0.9425359964370728,0.9425359964370728,0.0,77.0,77.0,0.0,13.750007629394531,13.750007629394531,0.0,0.0,0.0,0.0,0.0,0.0,0.0
1135,mp3d/zsNo4HB9uLZ/zsNo4HB9uLZ.glb,0,0.0,0.0,0.0,0.0,0.0,0.0,0.0,0.0,0.0,0.7672190511986168,0.8160854042757225,0.04886635307710574,0.0,0.0,0.0,4.2487077713012695,3.403369426727295,-0.8453383445739746,51.0,45.0,-6.0,8.98558521270752,7.4855804443359375,-1.500004768371582,0.02702702702702703,0.03225806451612903,0.005231037489102003,0.0,0.0,0.0
1136,mp3d/zsNo4HB9uLZ/zsNo4HB9uLZ.glb,0,1.0,1.0,0.0,1.0,1.0,0.0,1.0,1.0,0.0,0.8836192925490065,0.8836192925490065,0.0,0.8836192925490065,0.8836192925490065,0.0,2.491558313369751,2.491558313369751,0.0,53.0,53.0,0.0,8.48558521270752,8.48558521270752,0.0,0.02857142857142857,0.02857142857142857,0.0,0.0,0.0,0.0
1137,mp3d/zsNo4HB9uLZ/zsNo4HB9uLZ.glb,0,1.0,1.0,0.0,1.0,1.0,0.0,0.999365272922138,0.999365272922138,0.0,0.9308742790456473,0.9308742790456473,0.0,0.9308742790456473,0.9308742790456473,0.0,1.010461449623108,1.010461449623108,0.0,67.0,67.0,0.0,9.98558235168457,9.98558235168457,0.0,0.024390243902439025,0.024390243902439025,0.0,0.0,0.0,0.0
1138,mp3d/QUCTc6BB5sX/QUCTc6BB5sX.glb,0,0.0,0.0,0.0,0.0,0.0,0.0,0.0,0.0,0.0,0.023809965845312923,0.08940080794726124,0.06559084210194832,0.0,0.0,0.0,8.571629524230957,8.893726348876953,0.3220968246459961,179.0,125.0,-54.0,20.502788543701172,15.749998092651367,-4.752790451049805,0.0,0.0,0.0,0.0,0.0,0.0
1139,mp3d/QUCTc6BB5sX/QUCTc6BB5sX.glb,0,0.0,0.0,0.0,0.0,0.0,0.0,0.0,0.0,0.0,0.10338735853870609,0.000883532150505572,-0.10250382638820052,0.0,0.0,0.0,15.107170104980469,14.680721282958984,-0.4264488220214844,114.0,208.0,94.0,16.749998092651367,27.80158042907715,11.051582336425781,0.0,0.0,0.0,0.0,0.0,0.0
1140,mp3d/QUCTc6BB5sX/QUCTc6BB5sX.glb,0,0.0,0.0,0.0,0.0,0.0,0.0,0.0,0.0,0.0,0.25517212251389937,0.25517212251389937,0.0,0.0,0.0,0.0,10.607881546020508,10.607881546020508,0.0,25.0,25.0,0.0,4.041726112365723,4.041726112365723,0.0,0.0,0.0,0.0,0.0,0.0,0.0
1141,mp3d/QUCTc6BB5sX/QUCTc6BB5sX.glb,0,1.0,1.0,0.0,1.0,1.0,0.0,1.0,0.8151177661823181,-0.18488223381768187,0.8593108913925919,0.7195614192137443,-0.1397494721788476,0.8593108913925919,0.7195614192137443,-0.1397494721788476,2.1184988021850586,2.4743118286132812,0.35581302642822266,35.0,56.0,21.0,5.2657880783081055,8.064627647399902,2.798839569091797,0.0,0.0,0.0,0.0,0.0,0.0
1142,mp3d/QUCTc6BB5sX/QUCTc6BB5sX.glb,0,1.0,1.0,0.0,1.0,1.0,0.0,1.0,1.0,0.0,0.9549043637560227,0.9549043637560227,0.0,0.9549043637560227,0.9549043637560227,0.0,0.44266414642333984,0.44266414642333984,0.0,39.0,39.0,0.0,6.255753993988037,6.255753993988037,0.0,0.0,0.0,0.0,0.0,0.0,0.0
1143,mp3d/QUCTc6BB5sX/QUCTc6BB5sX.glb,0,0.0,0.0,0.0,1.0,1.0,0.0,0.0,0.0,0.0,0.03748878930702149,0.014219288340376635,-0.02326950096664486,0.0,0.0,0.0,3.313225746154785,3.312394618988037,-0.0008311271667480469,192.0,182.0,-10.0,24.50857925415039,24.265789031982422,-0.24279022216796875,0.010101010101010102,0.0,-0.010101010101010102,1.0,1.0,0.0
1144,mp3d/x8F5xyUWy9e/x8F5xyUWy9e.glb,0,1.0,1.0,0.0,1.0,1.0,0.0,0.8670989260643687,0.9778809923135361,0.11078206624916742,0.831359121946836,0.8455684694289187,0.01420934748208269,0.831359121946836,0.8455684694289187,0.01420934748208269,0.8362765908241272,1.5980942249298096,0.7618176341056824,73.0,63.0,-10.0,8.827077865600586,7.8270769119262695,-1.0000009536743164,0.34146341463414637,0.3783783783783784,0.03691496374423203,0.0,0.0,0.0
1145,mp3d/x8F5xyUWy9e/x8F5xyUWy9e.glb,0,1.0,0.0,-1.0,1.0,1.0,0.0,0.8670989260643687,0.0,-0.8670989260643687,0.831359121946836,0.7882383697299787,-0.043120752216857294,0.831359121946836,0.0,-0.831359121946836,0.8362765908241272,3.7020087242126465,2.8657321333885193,73.0,67.0,-6.0,8.827077865600586,7.577077388763428,-1.2500004768371582,0.34146341463414637,0.3888888888888889,0.04742547425474253,0.0,1.0,1.0
1146,mp3d/x8F5xyUWy9e/x8F5xyUWy9e.glb,0,1.0,0.0,-1.0,1.0,1.0,0.0,0.5076546554646002,0.0,-0.5076546554646002,0.6874370380522623,0.7882383697299787,0.10080133167771643,0.6874370380522623,0.0,-0.6874370380522623,0.25210127234458923,3.7020087242126465,3.4499074518680573,134.0,67.0,-67.0,15.077079772949219,7.577077388763428,-7.500002384185791,0.21212121212121213,0.3888888888888889,0.17676767676767677,0.0,1.0,1.0
1147,mp3d/8194nk5LbLH/8194nk5LbLH.glb,0,0.0,0.0,0.0,0.0,1.0,1.0,0.0,0.0,0.0,0.004102031715030439,0.009662607798370339,0.0055605760833398995,0.0,0.0,0.0,7.161436557769775,6.148734092712402,-1.012702465057373,191.0,178.0,-13.0,27.25,26.5,-0.75,0.0,0.0,0.0,0.0,1.0,1.0
1148,mp3d/8194nk5LbLH/8194nk5LbLH.glb,0,1.0,1.0,0.0,1.0,1.0,0.0,0.45807043711344403,0.45807043711344403,0.0,0.03842453504907421,0.03842453504907421,0.0,0.03842453504907421,0.03842453504907421,0.0,1.9265170097351074,1.9265170097351074,0.0,105.0,105.0,0.0,18.0,18.0,0.0,0.0,0.0,0.0,0.0,0.0,0.0
1149,mp3d/8194nk5LbLH/8194nk5LbLH.glb,0,0.0,0.0,0.0,0.0,0.0,0.0,0.0,0.0,0.0,0.06411870622179924,0.06411870622179924,0.0,0.0,0.0,0.0,5.697522163391113,5.697522163391113,0.0,75.0,75.0,0.0,14.0,14.0,0.0,0.0,0.0,0.0,0.0,0.0,0.0
1150,mp3d/TbHJrupSAjP/TbHJrupSAjP.glb,0,1.0,1.0,0.0,1.0,1.0,0.0,1.0,1.0,0.0,0.8960668125765698,0.8960668125765698,0.0,0.8960668125765698,0.8960668125765698,0.0,2.6424355506896973,2.6424355506896973,0.0,58.0,58.0,0.0,10.250000953674316,10.250000953674316,0.0,0.0,0.0,0.0,0.0,0.0,0.0
1151,mp3d/TbHJrupSAjP/TbHJrupSAjP.glb,0,1.0,0.0,-1.0,1.0,0.0,-1.0,0.31431118683744574,0.0,-0.31431118683744574,0.2522474234112108,0.5410654587174705,0.28881803530625966,0.2522474234112108,0.0,-0.2522474234112108,1.534373164176941,8.441536903381348,6.907163739204407,276.0,52.0,-224.0,39.35725402832031,8.75,-30.607254028320312,0.031446540880503145,0.0,-0.031446540880503145,0.0,0.0,0.0
1152,mp3d/TbHJrupSAjP/TbHJrupSAjP.glb,0,1.0,1.0,0.0,1.0,1.0,0.0,1.0,0.6343807186830258,-0.3656192813169742,0.9007417249189243,0.7201310301082473,-0.18061069481067704,0.9007417249189243,0.7201310301082473,-0.18061069481067704,1.9171074628829956,1.895053744316101,-0.02205371856689453,57.0,129.0,72.0,11.000001907348633,19.500001907348633,8.5,0.0,0.0,0.0,0.0,0.0,0.0
1153,mp3d/X7HyMhZNoso/X7HyMhZNoso.glb,0,1.0,1.0,0.0,1.0,1.0,0.0,0.9935563581961769,0.9935563581961769,0.0,0.9308752012389209,0.9308752012389209,0.0,0.9308752012389209,0.9308752012389209,0.0,1.0779973268508911,1.0779973268508911,0.0,41.0,41.0,0.0,6.4919023513793945,6.4919023513793945,0.0,0.07407407407407407,0.07407407407407407,0.0,0.0,0.0,0.0
1154,mp3d/X7HyMhZNoso/X7HyMhZNoso.glb,0,1.0,1.0,0.0,1.0,1.0,0.0,0.7378337801936149,0.7378337801936149,0.0,0.8631049444565085,0.8631049444565085,0.0,0.8631049444565085,0.8631049444565085,0.0,1.2449599504470825,1.2449599504470825,0.0,57.0,57.0,0.0,8.741902351379395,8.741902351379395,0.0,0.05555555555555555,0.05555555555555555,0.0,0.0,0.0,0.0
1155,mp3d/X7HyMhZNoso/X7HyMhZNoso.glb,0,1.0,1.0,0.0,1.0,1.0,0.0,0.9935563581961769,0.9935563581961769,0.0,0.9308752012389209,0.9308752012389209,0.0,0.9308752012389209,0.9308752012389209,0.0,1.0779973268508911,1.0779973268508911,0.0,41.0,41.0,0.0,6.4919023513793945,6.4919023513793945,0.0,0.07407407407407407,0.07407407407407407,0.0,0.0,0.0,0.0
1156,mp3d/QUCTc6BB5sX/QUCTc6BB5sX.glb,0,1.0,1.0,0.0,1.0,1.0,0.0,0.7098579656182372,0.9085181912108348,0.19866022559259755,0.48641434984744675,0.517556786869848,0.031142437022401215,0.48641434984744675,0.517556786869848,0.031142437022401215,2.656709909439087,2.990360736846924,0.3336508274078369,139.0,109.0,-30.0,21.72279930114746,16.97280502319336,-4.749994277954102,0.0,0.0,0.0,0.0,0.0,0.0
1157,mp3d/QUCTc6BB5sX/QUCTc6BB5sX.glb,0,1.0,1.0,0.0,1.0,1.0,0.0,0.7265815213898973,0.8021772842592627,0.07559576286936542,0.4036662638208189,0.4161887875460961,0.012522523725277235,0.4036662638208189,0.4161887875460961,0.012522523725277235,2.8000330924987793,1.5950520038604736,-1.2049810886383057,127.0,107.0,-20.0,21.222810745239258,19.222810745239258,-2.0,0.0,0.0,0.0,0.0,0.0,0.0
1158,mp3d/QUCTc6BB5sX/QUCTc6BB5sX.glb,0,0.0,0.0,0.0,0.0,0.0,0.0,0.0,0.0,0.0,0.25948069217316483,0.25948069217316483,0.0,0.0,0.0,0.0,9.62643051147461,9.62643051147461,0.0,93.0,93.0,0.0,13.222808837890625,13.222808837890625,0.0,0.0,0.0,0.0,0.0,0.0,0.0
1159,mp3d/2azQ1b91cZZ/2azQ1b91cZZ.glb,0,1.0,0.0,-1.0,1.0,0.0,-1.0,0.8769705775010024,0.0,-0.8769705775010024,0.7242159685393534,0.6818090083369529,-0.042406960202400534,0.7242159685393534,0.0,-0.7242159685393534,0.8493394255638123,5.227629661560059,4.378290235996246,92.0,71.0,-21.0,15.696593284606934,12.946593284606934,-2.75,0.078125,0.09433962264150944,0.01621462264150944,0.0,0.0,0.0
1160,mp3d/2azQ1b91cZZ/2azQ1b91cZZ.glb,0,0.0,0.0,0.0,0.0,0.0,0.0,0.0,0.0,0.0,0.00991088022280362,0.02233389248838874,0.01242301226558512,0.0,0.0,0.0,24.247987747192383,25.463136672973633,1.21514892578125,88.0,60.0,-28.0,15.250885963439941,12.000883102416992,-3.250002861022949,0.0,0.0,0.0,0.0,0.0,0.0
1161,mp3d/2azQ1b91cZZ/2azQ1b91cZZ.glb,0,0.0,0.0,0.0,0.0,0.0,0.0,0.0,0.0,0.0,0.007019774532903901,0.007019774532903901,0.0,0.0,0.0,0.0,21.144662857055664,21.144662857055664,0.0,103.0,103.0,0.0,18.249998092651367,18.249998092651367,0.0,0.0,0.0,0.0,0.0,0.0,0.0
1162,mp3d/Z6MFQCViBuw/Z6MFQCViBuw.glb,0,1.0,0.0,-1.0,1.0,0.0,-1.0,0.9271304182800532,0.0,-0.9271304182800532,0.8777380010828437,0.7681434268782498,-0.10959457420459395,0.8777380010828437,0.0,-0.8777380010828437,0.8436149954795837,4.272745132446289,3.4291301369667053,60.0,42.0,-18.0,11.537797927856445,7.992685317993164,-3.5451126098632812,0.043478260869565216,0.03125,-0.012228260869565216,0.0,0.0,0.0
1163,mp3d/Z6MFQCViBuw/Z6MFQCViBuw.glb,0,1.0,1.0,0.0,1.0,1.0,0.0,0.9696703721918848,0.9696703721918848,0.0,0.8684911082200905,0.8684911082200905,0.0,0.8684911082200905,0.8684911082200905,0.0,1.0536987781524658,1.0536987781524658,0.0,64.0,64.0,0.0,11.031628608703613,11.031628608703613,0.0,0.06818181818181818,0.06818181818181818,0.0,0.0,0.0,0.0
1164,mp3d/Z6MFQCViBuw/Z6MFQCViBuw.glb,0,1.0,1.0,0.0,1.0,1.0,0.0,0.8521738264992769,1.0,0.14782617350072313,0.8820216444069792,0.8819633975089097,-5.824689806943617e-05,0.8820216444069792,0.8819633975089097,-5.824689806943617e-05,0.4606260657310486,1.5420843362808228,1.0814582705497742,65.0,56.0,-9.0,12.552654266357422,10.552654266357422,-2.0,0.058823529411764705,0.06976744186046512,0.01094391244870041,0.0,0.0,0.0
1165,mp3d/zsNo4HB9uLZ/zsNo4HB9uLZ.glb,0,1.0,1.0,0.0,1.0,1.0,0.0,1.0,1.0,0.0,0.8500216475101278,0.8850254632457188,0.03500381573559108,0.8500216475101278,0.8850254632457188,0.03500381573559108,2.6529693603515625,1.8059254884719849,-0.8470438718795776,64.0,82.0,18.0,11.225484848022461,12.75000286102295,1.5245180130004883,0.06521739130434782,0.0,-0.06521739130434782,0.0,0.0,0.0
1166,mp3d/zsNo4HB9uLZ/zsNo4HB9uLZ.glb,0,1.0,1.0,0.0,1.0,1.0,0.0,1.0,1.0,0.0,0.8916142329020441,0.8916142329020441,0.0,0.8916142329020441,0.8916142329020441,0.0,1.4058870077133179,1.4058870077133179,0.0,70.0,70.0,0.0,12.475485801696777,12.475485801696777,0.0,0.058823529411764705,0.058823529411764705,0.0,0.0,0.0,0.0
1167,mp3d/zsNo4HB9uLZ/zsNo4HB9uLZ.glb,0,0.0,0.0,0.0,0.0,0.0,0.0,0.0,0.0,0.0,0.287346276261511,0.33167657050644467,0.04433029424493368,0.0,0.0,0.0,10.514335632324219,10.484293937683105,-0.03004169464111328,37.0,40.0,3.0,5.500000953674316,5.500514984130859,0.0005140304565429688,0.0,0.0,0.0,0.0,0.0,0.0
1168,mp3d/X7HyMhZNoso/X7HyMhZNoso.glb,0,1.0,1.0,0.0,1.0,1.0,0.0,1.0,1.0,0.0,0.8768003351942627,0.8768003351942627,0.0,0.8768003351942627,0.8768003351942627,0.0,2.1562583446502686,2.1562583446502686,0.0,48.0,48.0,0.0,7.249999046325684,7.249999046325684,0.0,0.0,0.0,0.0,0.0,0.0,0.0
1169,mp3d/X7HyMhZNoso/X7HyMhZNoso.glb,0,1.0,1.0,0.0,1.0,1.0,0.0,1.0,1.0,0.0,0.8768003351942627,0.8023647838067988,-0.07443555138746394,0.8768003351942627,0.8023647838067988,-0.07443555138746394,2.1562583446502686,2.4571750164031982,0.3009166717529297,48.0,53.0,5.0,7.249999046325684,8.000000953674316,0.7500019073486328,0.0,0.0,0.0,0.0,0.0,0.0
1170,mp3d/X7HyMhZNoso/X7HyMhZNoso.glb,0,1.0,1.0,0.0,1.0,1.0,0.0,1.0,1.0,0.0,0.8768003351942627,0.8768003351942627,0.0,0.8768003351942627,0.8768003351942627,0.0,2.1562583446502686,2.1562583446502686,0.0,48.0,48.0,0.0,7.249999046325684,7.249999046325684,0.0,0.0,0.0,0.0,0.0,0.0,0.0
1171,mp3d/TbHJrupSAjP/TbHJrupSAjP.glb,0,0.0,0.0,0.0,1.0,1.0,0.0,0.0,0.0,0.0,0.04261517024881165,0.6284508868058385,0.5858357165570268,0.0,0.0,0.0,4.446530342102051,4.951593399047852,0.5050630569458008,241.0,53.0,-188.0,32.001014709472656,8.0,-24.001014709472656,0.0,0.0,0.0,1.0,1.0,0.0
1172,mp3d/TbHJrupSAjP/TbHJrupSAjP.glb,0,0.0,0.0,0.0,1.0,1.0,0.0,0.0,0.0,0.0,0.2705860274416515,0.2705860274416515,0.0,0.0,0.0,0.0,4.6368937492370605,4.6368937492370605,0.0,105.0,105.0,0.0,13.292607307434082,13.292607307434082,0.0,0.10344827586206896,0.10344827586206896,0.0,1.0,1.0,0.0
1173,mp3d/TbHJrupSAjP/TbHJrupSAjP.glb,0,0.0,1.0,1.0,1.0,1.0,0.0,0.0,0.6573541913713727,0.6573541913713727,0.651682591402544,0.7228855112275046,0.07120291982496052,0.0,0.7228855112275046,0.7228855112275046,3.0620951652526855,1.3191367387771606,-1.742958426475525,85.0,66.0,-19.0,10.5,8.75,-1.75,0.0,0.0,0.0,1.0,0.0,-1.0
1174,mp3d/TbHJrupSAjP/TbHJrupSAjP.glb,0,1.0,1.0,0.0,1.0,1.0,0.0,0.9677974045756803,0.9677974045756803,0.0,0.9436808476843799,0.9436808476843799,0.0,0.9436808476843799,0.9436808476843799,0.0,0.5347896814346313,0.5347896814346313,0.0,62.0,62.0,0.0,10.41778564453125,10.41778564453125,0.0,0.0,0.0,0.0,0.0,0.0,0.0
1175,mp3d/TbHJrupSAjP/TbHJrupSAjP.glb,0,1.0,1.0,0.0,1.0,1.0,0.0,0.9677974045756803,0.9677974045756803,0.0,0.9436808476843799,0.9436808476843799,0.0,0.9436808476843799,0.9436808476843799,0.0,0.5347896814346313,0.5347896814346313,0.0,62.0,62.0,0.0,10.41778564453125,10.41778564453125,0.0,0.0,0.0,0.0,0.0,0.0,0.0
1176,mp3d/TbHJrupSAjP/TbHJrupSAjP.glb,0,1.0,1.0,0.0,1.0,1.0,0.0,0.9670289222403506,0.9670289222403506,0.0,0.9249093852649368,0.9249093852649368,0.0,0.9249093852649368,0.9249093852649368,0.0,0.9537544846534729,0.9537544846534729,0.0,63.0,63.0,0.0,10.426064491271973,10.426064491271973,0.0,0.0,0.0,0.0,0.0,0.0,0.0
1177,mp3d/X7HyMhZNoso/X7HyMhZNoso.glb,0,1.0,1.0,0.0,1.0,1.0,0.0,1.0,1.0,0.0,0.9315640118266117,0.9315640118266117,0.0,0.9315640118266117,0.9315640118266117,0.0,0.5411891937255859,0.5411891937255859,0.0,32.0,32.0,0.0,5.25,5.25,0.0,0.0,0.0,0.0,0.0,0.0,0.0
1178,mp3d/X7HyMhZNoso/X7HyMhZNoso.glb,0,1.0,1.0,0.0,1.0,1.0,0.0,1.0,1.0,0.0,0.9315640118266117,0.9315640118266117,0.0,0.9315640118266117,0.9315640118266117,0.0,0.5411891937255859,0.5411891937255859,0.0,32.0,32.0,0.0,5.25,5.25,0.0,0.0,0.0,0.0,0.0,0.0,0.0
1179,mp3d/X7HyMhZNoso/X7HyMhZNoso.glb,0,1.0,1.0,0.0,1.0,1.0,0.0,1.0,1.0,0.0,0.9315640118266117,0.9315640118266117,0.0,0.9315640118266117,0.9315640118266117,0.0,0.5411891937255859,0.5411891937255859,0.0,32.0,32.0,0.0,5.25,5.25,0.0,0.0,0.0,0.0,0.0,0.0,0.0
1180,mp3d/QUCTc6BB5sX/QUCTc6BB5sX.glb,0,1.0,1.0,0.0,1.0,1.0,0.0,0.9784586017395704,1.0,0.021541398260429556,0.8946113148150159,0.8522416696695674,-0.0423696451454485,0.8946113148150159,0.8522416696695674,-0.0423696451454485,1.800516128540039,2.996643304824829,1.19612717628479,102.0,95.0,-7.0,15.682497024536133,13.932497024536133,-1.75,0.07352941176470588,0.08196721311475409,0.008437801350048207,0.0,0.0,0.0
1181,mp3d/QUCTc6BB5sX/QUCTc6BB5sX.glb,0,0.0,0.0,0.0,0.0,0.0,0.0,0.0,0.0,0.0,0.627640300603845,0.5835247983626428,-0.0441155022412022,0.0,0.0,0.0,4.022451877593994,4.054608345031738,0.03215646743774414,145.0,152.0,7.0,20.28817367553711,22.14937400817871,1.8612003326416016,0.05952380952380952,0.06593406593406594,0.006410256410256415,0.0,0.0,0.0
1182,mp3d/QUCTc6BB5sX/QUCTc6BB5sX.glb,0,0.0,0.0,0.0,0.0,0.0,0.0,0.0,0.0,0.0,0.05402701961785787,0.05646225690229271,0.0024352372844348366,0.0,0.0,0.0,15.754090309143066,17.019865036010742,1.2657747268676758,317.0,305.0,-12.0,33.40121841430664,33.70455551147461,0.30333709716796875,0.08088235294117647,0.12408759124087591,0.04320523829969944,0.0,0.0,0.0
1183,mp3d/QUCTc6BB5sX/QUCTc6BB5sX.glb,0,1.0,1.0,0.0,1.0,1.0,0.0,0.9630894865986077,0.9630894865986077,0.0,0.930245701036224,0.930245701036224,0.0,0.930245701036224,0.930245701036224,0.0,0.45594990253448486,0.45594990253448486,0.0,53.0,53.0,0.0,8.77171802520752,8.77171802520752,0.0,0.0,0.0,0.0,0.0,0.0,0.0
1184,mp3d/QUCTc6BB5sX/QUCTc6BB5sX.glb,0,1.0,1.0,0.0,1.0,1.0,0.0,0.9630894865986077,0.9630894865986077,0.0,0.930245701036224,0.930245701036224,0.0,0.930245701036224,0.930245701036224,0.0,0.45594990253448486,0.45594990253448486,0.0,53.0,53.0,0.0,8.77171802520752,8.77171802520752,0.0,0.0,0.0,0.0,0.0,0.0,0.0
1185,mp3d/QUCTc6BB5sX/QUCTc6BB5sX.glb,0,1.0,1.0,0.0,1.0,1.0,0.0,0.9654782488521051,0.9654782488521051,0.0,0.9141277556214426,0.9141277556214426,0.0,0.9141277556214426,0.9141277556214426,0.0,0.7686304450035095,0.7686304450035095,0.0,55.0,55.0,0.0,8.750015258789062,8.750015258789062,0.0,0.08333333333333333,0.08333333333333333,0.0,0.0,0.0,0.0
1186,mp3d/X7HyMhZNoso/X7HyMhZNoso.glb,0,0.0,0.0,0.0,0.0,0.0,0.0,0.0,0.0,0.0,0.026730201619042316,0.0659453050263056,0.039215103407263294,0.0,0.0,0.0,14.97006607055664,14.050420761108398,-0.9196453094482422,256.0,203.0,-53.0,22.572994232177734,21.162200927734375,-1.4107933044433594,0.1810344827586207,0.2967032967032967,0.11566881394467601,0.0,0.0,0.0
1187,mp3d/X7HyMhZNoso/X7HyMhZNoso.glb,0,1.0,1.0,0.0,1.0,1.0,0.0,1.0,1.0,0.0,0.9294270926712455,0.9491960362775473,0.01976894360630188,0.9294270926712455,0.9491960362775473,0.01976894360630188,1.5450329780578613,1.652775526046753,0.1077425479888916,40.0,36.0,-4.0,8.418557167053223,8.149020195007324,-0.26953697204589844,0.0,0.0,0.0,0.0,0.0,0.0
1188,mp3d/X7HyMhZNoso/X7HyMhZNoso.glb,0,1.0,1.0,0.0,1.0,1.0,0.0,0.8237774899014577,0.8237774899014577,0.0,0.8406451550562128,0.8406451550562128,0.0,0.8406451550562128,0.8406451550562128,0.0,1.6528788805007935,1.6528788805007935,0.0,52.0,52.0,0.0,11.524834632873535,11.524834632873535,0.0,0.0,0.0,0.0,0.0,0.0,0.0
1189,mp3d/2azQ1b91cZZ/2azQ1b91cZZ.glb,0,0.0,0.0,0.0,0.0,0.0,0.0,0.0,0.0,0.0,0.44740376304771273,0.44740376304771273,0.0,0.0,0.0,0.0,10.09771728515625,10.09771728515625,0.0,54.0,54.0,0.0,8.750000953674316,8.750000953674316,0.0,0.0,0.0,0.0,0.0,0.0,0.0
1190,mp3d/2azQ1b91cZZ/2azQ1b91cZZ.glb,0,0.0,0.0,0.0,0.0,0.0,0.0,0.0,0.0,0.0,0.0003592861947338551,4.77109360170411e-06,-0.00035451510113215096,0.0,0.0,0.0,17.22943115234375,17.56930923461914,0.3398780822753906,287.0,395.0,108.0,34.748878479003906,58.25000762939453,23.501129150390625,0.007142857142857143,0.0,-0.007142857142857143,0.0,0.0,0.0
1191,mp3d/2azQ1b91cZZ/2azQ1b91cZZ.glb,0,0.0,0.0,0.0,0.0,0.0,0.0,0.0,0.0,0.0,0.3994363320864181,0.3994363320864181,0.0,0.0,0.0,0.0,10.348651885986328,10.348651885986328,0.0,65.0,65.0,0.0,10.5,10.5,0.0,0.0,0.0,0.0,0.0,0.0,0.0
1192,mp3d/Z6MFQCViBuw/Z6MFQCViBuw.glb,0,1.0,1.0,0.0,1.0,1.0,0.0,0.8507861915142633,1.0,0.14921380848573673,0.9006917510351843,0.9455655114065652,0.04487376037138091,0.9006917510351843,0.9455655114065652,0.04487376037138091,0.7192940711975098,1.0400854349136353,0.3207913637161255,42.0,33.0,-9.0,7.745927810668945,6.182560920715332,-1.5633668899536133,0.0,0.0,0.0,0.0,0.0,0.0
1193,mp3d/Z6MFQCViBuw/Z6MFQCViBuw.glb,0,0.0,1.0,1.0,1.0,1.0,0.0,0.0,0.7027264288574774,0.7027264288574774,0.407418749952019,0.7332407994723282,0.32582204952030924,0.0,0.7332407994723282,0.7332407994723282,4.565814971923828,1.6804217100143433,-2.885393261909485,77.0,52.0,-25.0,12.894968032836914,9.37794303894043,-3.5170249938964844,0.0,0.0,0.0,1.0,0.0,-1.0
1194,mp3d/Z6MFQCViBuw/Z6MFQCViBuw.glb,0,0.0,0.0,0.0,1.0,1.0,0.0,0.0,0.0,0.0,0.4710908978199321,0.6610109570473068,0.18992005922737476,0.0,0.0,0.0,4.843905448913574,3.4744982719421387,-1.3694071769714355,57.0,49.0,-8.0,11.022275924682617,9.522273063659668,-1.5000028610229492,0.0,0.0,0.0,1.0,1.0,0.0
1195,mp3d/zsNo4HB9uLZ/zsNo4HB9uLZ.glb,0,1.0,1.0,0.0,1.0,1.0,0.0,1.0,1.0,0.0,0.8989508831976493,0.8989508831976493,0.0,0.8989508831976493,0.8989508831976493,0.0,2.020709991455078,2.020709991455078,0.0,54.0,54.0,0.0,8.249998092651367,8.249998092651367,0.0,0.0,0.0,0.0,0.0,0.0,0.0
1196,mp3d/zsNo4HB9uLZ/zsNo4HB9uLZ.glb,0,1.0,1.0,0.0,1.0,1.0,0.0,1.0,1.0,0.0,0.9442922653740833,0.9442922653740833,0.0,0.9442922653740833,0.9442922653740833,0.0,0.7711284756660461,0.7711284756660461,0.0,59.0,59.0,0.0,9.499998092651367,9.499998092651367,0.0,0.0,0.0,0.0,0.0,0.0,0.0
1197,mp3d/zsNo4HB9uLZ/zsNo4HB9uLZ.glb,0,1.0,1.0,0.0,1.0,1.0,0.0,1.0,1.0,0.0,0.9442922653740833,0.9442922653740833,0.0,0.9442922653740833,0.9442922653740833,0.0,0.7711284756660461,0.7711284756660461,0.0,59.0,59.0,0.0,9.499998092651367,9.499998092651367,0.0,0.0,0.0,0.0,0.0,0.0,0.0
1198,mp3d/zsNo4HB9uLZ/zsNo4HB9uLZ.glb,0,1.0,1.0,0.0,1.0,1.0,0.0,0.8597425733293805,0.8597425733293805,0.0,0.9121581028121446,0.9121581028121446,0.0,0.9121581028121446,0.9121581028121446,0.0,0.8094254732131958,0.8094254732131958,0.0,37.0,37.0,0.0,7.0,7.0,0.0,0.0,0.0,0.0,0.0,0.0,0.0
1199,mp3d/zsNo4HB9uLZ/zsNo4HB9uLZ.glb,0,0.0,0.0,0.0,0.0,0.0,0.0,0.0,0.0,0.0,0.05100980052668866,0.05630132419254718,0.0052915236658585205,0.0,0.0,0.0,11.846458435058594,11.935097694396973,0.0886392593383789,55.0,54.0,-1.0,10.21576976776123,9.965767860412598,-0.2500019073486328,0.047619047619047616,0.04878048780487805,0.001161440185830434,0.0,0.0,0.0
1200,mp3d/zsNo4HB9uLZ/zsNo4HB9uLZ.glb,0,1.0,1.0,0.0,1.0,1.0,0.0,0.8597425733293805,1.0,0.14025742667061947,0.9121581028121446,0.9528066936133202,0.040648590801175555,0.9121581028121446,0.9528066936133202,0.040648590801175555,0.8094254732131958,0.32425281405448914,-0.48517265915870667,37.0,33.0,-4.0,7.0,6.0,-1.0,0.0,0.0,0.0,0.0,0.0,0.0
1201,mp3d/QUCTc6BB5sX/QUCTc6BB5sX.glb,0,0.0,0.0,0.0,0.0,0.0,0.0,0.0,0.0,0.0,0.11185979399271032,0.11185979399271032,0.0,0.0,0.0,0.0,14.460308074951172,14.460308074951172,0.0,44.0,44.0,0.0,8.307724952697754,8.307724952697754,0.0,0.0,0.0,0.0,0.0,0.0,0.0
1202,mp3d/QUCTc6BB5sX/QUCTc6BB5sX.glb,0,1.0,1.0,0.0,1.0,1.0,0.0,0.6153658740925338,0.6153658740925338,0.0,0.8252422866744664,0.8252422866744664,0.0,0.8252422866744664,0.8252422866744664,0.0,0.8045459985733032,0.8045459985733032,0.0,96.0,96.0,0.0,13.25,13.25,0.0,0.0,0.0,0.0,0.0,0.0,0.0
1203,mp3d/QUCTc6BB5sX/QUCTc6BB5sX.glb,0,1.0,1.0,0.0,1.0,1.0,0.0,0.8362660352921925,1.0,0.16373396470780754,0.7881983643815322,0.8677251326449189,0.07952676826338667,0.7881983643815322,0.8677251326449189,0.07952676826338667,2.0016589164733887,1.6609750986099243,-0.34068381786346436,50.0,40.0,-10.0,9.750004768371582,7.500006198883057,-2.2499985694885254,0.0,0.0,0.0,0.0,0.0,0.0
1204,mp3d/EU6Fwq7SyZv/EU6Fwq7SyZv.glb,0,1.0,0.0,-1.0,1.0,0.0,-1.0,0.2366753758517402,0.0,-0.2366753758517402,0.0013485851027277048,0.0006573395421455155,-0.0006912455605821893,0.0013485851027277048,0.0,-0.0013485851027277048,2.209885597229004,4.265741348266602,2.0558557510375977,200.0,181.0,-19.0,32.45497131347656,29.0916805267334,-3.363290786743164,0.03076923076923077,0.017094017094017096,-0.013675213675213675,0.0,0.0,0.0
1205,mp3d/EU6Fwq7SyZv/EU6Fwq7SyZv.glb,0,0.0,1.0,1.0,1.0,1.0,0.0,0.0,0.21887434005509454,0.21887434005509454,0.0010576459988287379,0.012988112389435844,0.011930466390607106,0.0,0.012988112389435844,0.012988112389435844,9.364097595214844,1.7849968671798706,-7.579100728034973,193.0,246.0,53.0,34.3624153137207,35.09453201293945,0.73211669921875,0.007246376811594203,0.0,-0.007246376811594203,1.0,0.0,-1.0
1206,mp3d/EU6Fwq7SyZv/EU6Fwq7SyZv.glb,0,0.0,0.0,0.0,0.0,0.0,0.0,0.0,0.0,0.0,0.21952327225451854,0.21952327225451854,0.0,0.0,0.0,0.0,8.306495666503906,8.306495666503906,0.0,38.0,38.0,0.0,8.010601997375488,8.010601997375488,0.0,0.0,0.0,0.0,0.0,0.0,0.0
1207,mp3d/QUCTc6BB5sX/QUCTc6BB5sX.glb,0,1.0,1.0,0.0,1.0,1.0,0.0,0.9039536351742952,0.9670201678608739,0.06306653268657869,0.9091128142294806,0.9198121285485732,0.010699314319092545,0.9091128142294806,0.9198121285485732,0.010699314319092545,0.7769136428833008,0.7375730276107788,-0.03934061527252197,64.0,61.0,-3.0,11.5,10.75,-0.75,0.0,0.0,0.0,0.0,0.0,0.0
1208,mp3d/QUCTc6BB5sX/QUCTc6BB5sX.glb,0,1.0,1.0,0.0,1.0,1.0,0.0,1.0,0.8044758503817565,-0.1955241496182435,0.9113170623839381,0.8761643598827117,-0.035152702501226374,0.9113170623839381,0.8761643598827117,-0.035152702501226374,1.2686349153518677,1.0772056579589844,-0.1914292573928833,55.0,107.0,52.0,10.0,12.922037124633789,2.922037124633789,0.0,0.22641509433962265,0.22641509433962265,0.0,0.0,0.0
1209,mp3d/QUCTc6BB5sX/QUCTc6BB5sX.glb,0,1.0,1.0,0.0,1.0,1.0,0.0,1.0,0.8044758503817565,-0.1955241496182435,0.9113170623839381,0.8761643598827117,-0.035152702501226374,0.9113170623839381,0.8761643598827117,-0.035152702501226374,1.2686349153518677,1.0772056579589844,-0.1914292573928833,55.0,107.0,52.0,10.0,12.922037124633789,2.922037124633789,0.0,0.22641509433962265,0.22641509433962265,0.0,0.0,0.0
1210,mp3d/8194nk5LbLH/8194nk5LbLH.glb,0,1.0,1.0,0.0,1.0,1.0,0.0,1.0,1.0,0.0,0.9465445753516984,0.9465445753516984,0.0,0.9465445753516984,0.9465445753516984,0.0,1.3109687566757202,1.3109687566757202,0.0,31.0,31.0,0.0,6.087917804718018,6.087917804718018,0.0,0.13043478260869565,0.13043478260869565,0.0,0.0,0.0,0.0
1211,mp3d/8194nk5LbLH/8194nk5LbLH.glb,0,1.0,1.0,0.0,1.0,1.0,0.0,1.0,1.0,0.0,0.9465445753516984,0.9465445753516984,0.0,0.9465445753516984,0.9465445753516984,0.0,1.3109687566757202,1.3109687566757202,0.0,31.0,31.0,0.0,6.087917804718018,6.087917804718018,0.0,0.13043478260869565,0.13043478260869565,0.0,0.0,0.0,0.0
1212,mp3d/8194nk5LbLH/8194nk5LbLH.glb,0,1.0,1.0,0.0,1.0,1.0,0.0,1.0,1.0,0.0,0.9465445753516984,0.9465445753516984,0.0,0.9465445753516984,0.9465445753516984,0.0,1.3109687566757202,1.3109687566757202,0.0,31.0,31.0,0.0,6.087917804718018,6.087917804718018,0.0,0.13043478260869565,0.13043478260869565,0.0,0.0,0.0,0.0
1213,mp3d/2azQ1b91cZZ/2azQ1b91cZZ.glb,0,1.0,1.0,0.0,1.0,1.0,0.0,0.9502563581983019,0.9502563581983019,0.0,0.9046478069900705,0.9046478069900705,0.0,0.9046478069900705,0.9046478069900705,0.0,0.3677769899368286,0.3677769899368286,0.0,49.0,49.0,0.0,9.000001907348633,9.000001907348633,0.0,0.0,0.0,0.0,0.0,0.0,0.0
1214,mp3d/2azQ1b91cZZ/2azQ1b91cZZ.glb,0,0.0,0.0,0.0,0.0,0.0,0.0,0.0,0.0,0.0,0.11405845419141793,0.4200056822667392,0.30594722807532126,0.0,0.0,0.0,12.486870765686035,8.456446647644043,-4.030424118041992,97.0,64.0,-33.0,14.843124389648438,10.000003814697266,-4.843120574951172,0.08064516129032258,0.0,-0.08064516129032258,0.0,0.0,0.0
1215,mp3d/2azQ1b91cZZ/2azQ1b91cZZ.glb,0,0.0,0.0,0.0,0.0,0.0,0.0,0.0,0.0,0.0,0.10885473704937952,0.18934329455675847,0.08048855750737895,0.0,0.0,0.0,8.163881301879883,8.4843168258667,0.3204355239868164,92.0,79.0,-13.0,16.750003814697266,15.00000286102295,-1.7500009536743164,0.0,0.0,0.0,0.0,0.0,0.0
1216,mp3d/Z6MFQCViBuw/Z6MFQCViBuw.glb,0,0.0,0.0,0.0,0.0,0.0,0.0,0.0,0.0,0.0,0.04294149640235402,0.04294149640235402,0.0,0.0,0.0,0.0,19.872051239013672,19.872051239013672,0.0,65.0,65.0,0.0,11.881243705749512,11.881243705749512,0.0,0.0,0.0,0.0,0.0,0.0,0.0
1217,mp3d/Z6MFQCViBuw/Z6MFQCViBuw.glb,0,1.0,1.0,0.0,1.0,1.0,0.0,0.8784403880514512,0.8784403880514512,0.0,0.8429226260393314,0.8429226260393314,0.0,0.8429226260393314,0.8429226260393314,0.0,1.1441214084625244,1.1441214084625244,0.0,68.0,68.0,0.0,12.763484001159668,12.763484001159668,0.0,0.0,0.0,0.0,0.0,0.0,0.0
1218,mp3d/Z6MFQCViBuw/Z6MFQCViBuw.glb,0,0.0,0.0,0.0,0.0,0.0,0.0,0.0,0.0,0.0,0.04294149640235402,0.04294149640235402,0.0,0.0,0.0,0.0,19.872051239013672,19.872051239013672,0.0,65.0,65.0,0.0,11.881243705749512,11.881243705749512,0.0,0.0,0.0,0.0,0.0,0.0,0.0
1219,mp3d/TbHJrupSAjP/TbHJrupSAjP.glb,0,0.0,0.0,0.0,0.0,0.0,0.0,0.0,0.0,0.0,0.07967140996213437,0.12259516182949946,0.04292375186736509,0.0,0.0,0.0,11.10694408416748,10.896256446838379,-0.21068763732910156,311.0,313.0,2.0,36.29339599609375,34.26595687866211,-2.0274391174316406,0.00684931506849315,0.0,-0.00684931506849315,0.0,0.0,0.0
1220,mp3d/TbHJrupSAjP/TbHJrupSAjP.glb,0,0.0,0.0,0.0,0.0,0.0,0.0,0.0,0.0,0.0,0.13905638369002424,0.13963731297292,0.0005809292828957702,0.0,0.0,0.0,10.272933959960938,10.526846885681152,0.25391292572021484,397.0,461.0,64.0,41.68108367919922,39.04228210449219,-2.6388015747070312,0.0,0.02564102564102564,0.02564102564102564,0.0,0.0,0.0
1221,mp3d/TbHJrupSAjP/TbHJrupSAjP.glb,0,0.0,0.0,0.0,0.0,0.0,0.0,0.0,0.0,0.0,0.1049304115380658,0.19607243408755795,0.09114202254949215,0.0,0.0,0.0,11.004073143005371,9.904731750488281,-1.0993413925170898,472.0,299.0,-173.0,47.67150115966797,31.184019088745117,-16.48748207092285,0.0,0.0390625,0.0390625,0.0,0.0,0.0
1222,mp3d/X7HyMhZNoso/X7HyMhZNoso.glb,0,0.0,0.0,0.0,0.0,0.0,0.0,0.0,0.0,0.0,0.7060744519175951,0.7060744519175951,0.0,0.0,0.0,0.0,4.6213178634643555,4.6213178634643555,0.0,88.0,88.0,0.0,14.898924827575684,14.898924827575684,0.0,0.016666666666666666,0.016666666666666666,0.0,0.0,0.0,0.0
1223,mp3d/X7HyMhZNoso/X7HyMhZNoso.glb,0,0.0,0.0,0.0,0.0,0.0,0.0,0.0,0.0,0.0,0.7145951467223087,0.7145951467223087,0.0,0.0,0.0,0.0,4.344911575317383,4.344911575317383,0.0,85.0,85.0,0.0,14.648926734924316,14.648926734924316,0.0,0.01694915254237288,0.01694915254237288,0.0,0.0,0.0,0.0
1224,mp3d/X7HyMhZNoso/X7HyMhZNoso.glb,0,0.0,1.0,1.0,0.0,1.0,1.0,0.0,0.4099796703450987,0.4099796703450987,0.6785910502643282,0.17444418257378672,-0.5041468676905415,0.0,0.17444418257378672,0.17444418257378672,3.3778817653656006,2.3514769077301025,-1.026404857635498,125.0,198.0,73.0,15.656410217285156,33.96320343017578,18.306793212890625,0.390625,0.0,-0.390625,0.0,0.0,0.0
1225,mp3d/Z6MFQCViBuw/Z6MFQCViBuw.glb,0,1.0,1.0,0.0,1.0,1.0,0.0,0.853819526702036,1.0,0.14618047329796402,0.8102296731612092,0.8566893912815191,0.04645971812030991,0.8102296731612092,0.8566893912815191,0.04645971812030991,1.4942890405654907,0.581050455570221,-0.9132385849952698,59.0,49.0,-10.0,12.294210433959961,10.294207572937012,-2.000002861022949,0.0,0.0,0.0,0.0,0.0,0.0
1226,mp3d/Z6MFQCViBuw/Z6MFQCViBuw.glb,0,1.0,1.0,0.0,1.0,1.0,0.0,0.9746955908491648,1.0,0.025304409150835205,0.8862290433347634,0.8566893912815191,-0.02953965205324427,0.8862290433347634,0.8566893912815191,-0.02953965205324427,0.2673186957836151,0.581050455570221,0.31373175978660583,48.0,49.0,1.0,10.769554138183594,10.294207572937012,-0.47534656524658203,0.0,0.0,0.0,0.0,0.0,0.0
1227,mp3d/Z6MFQCViBuw/Z6MFQCViBuw.glb,0,1.0,1.0,0.0,1.0,1.0,0.0,0.8690852321595948,0.8690852321595948,0.0,0.928003128538891,0.928003128538891,0.0,0.928003128538891,0.928003128538891,0.0,1.4435534477233887,1.4435534477233887,0.0,52.0,52.0,0.0,12.078259468078613,12.078259468078613,0.0,0.0,0.0,0.0,0.0,0.0,0.0
1228,mp3d/QUCTc6BB5sX/QUCTc6BB5sX.glb,0,1.0,1.0,0.0,1.0,1.0,0.0,0.8323051054186252,0.8323051054186252,0.0,0.8889715321749105,0.8889715321749105,0.0,0.8889715321749105,0.8889715321749105,0.0,1.2845948934555054,1.2845948934555054,0.0,57.0,57.0,0.0,9.50000286102295,9.50000286102295,0.0,0.0,0.0,0.0,0.0,0.0,0.0
1229,mp3d/QUCTc6BB5sX/QUCTc6BB5sX.glb,0,0.0,0.0,0.0,0.0,0.0,0.0,0.0,0.0,0.0,0.1201459535310049,0.35923054536366683,0.23908459183266192,0.0,0.0,0.0,11.345444679260254,8.244536399841309,-3.1009082794189453,82.0,68.0,-14.0,15.001934051513672,11.751934051513672,-3.25,0.0,0.0,0.0,0.0,0.0,0.0
1230,mp3d/QUCTc6BB5sX/QUCTc6BB5sX.glb,0,0.0,0.0,0.0,0.0,0.0,0.0,0.0,0.0,0.0,0.35923054536366683,0.35923054536366683,0.0,0.0,0.0,0.0,8.244536399841309,8.244536399841309,0.0,68.0,68.0,0.0,11.751934051513672,11.751934051513672,0.0,0.0,0.0,0.0,0.0,0.0,0.0
1231,mp3d/EU6Fwq7SyZv/EU6Fwq7SyZv.glb,0,1.0,1.0,0.0,1.0,1.0,0.0,0.7447338202557876,0.8458623155738987,0.10112849531811108,0.8544493262671945,0.8838798446740316,0.02943051840683708,0.8544493262671945,0.8838798446740316,0.02943051840683708,0.6216458082199097,0.6216458082199097,0.0,82.0,58.0,-24.0,12.816394805908203,11.284109115600586,-1.5322856903076172,0.0,0.0,0.0,0.0,0.0,0.0
1232,mp3d/EU6Fwq7SyZv/EU6Fwq7SyZv.glb,0,0.0,1.0,1.0,1.0,1.0,0.0,0.0,0.9056692266414741,0.9056692266414741,0.6669529504623809,0.8640486981422711,0.19709574767989024,0.0,0.8640486981422711,0.8640486981422711,3.4999661445617676,1.2417397499084473,-2.2582263946533203,114.0,65.0,-49.0,17.107585906982422,10.538949966430664,-6.568635940551758,0.0,0.0,0.0,1.0,0.0,-1.0
1233,mp3d/EU6Fwq7SyZv/EU6Fwq7SyZv.glb,0,1.0,1.0,0.0,1.0,1.0,0.0,0.8458623155738987,0.8458623155738987,0.0,0.8838798446740316,0.8838798446740316,0.0,0.8838798446740316,0.8838798446740316,0.0,0.6216458082199097,0.6216458082199097,0.0,58.0,58.0,0.0,11.284109115600586,11.284109115600586,0.0,0.0,0.0,0.0,0.0,0.0,0.0
1234,mp3d/8194nk5LbLH/8194nk5LbLH.glb,0,1.0,0.0,-1.0,1.0,0.0,-1.0,0.41304961116713856,0.0,-0.41304961116713856,0.1971085506212775,0.0015009502156724636,-0.19560760040560504,0.1971085506212775,0.0,-0.1971085506212775,0.30794477462768555,19.412872314453125,19.10492753982544,167.0,378.0,211.0,28.25389289855957,48.21460723876953,19.96071434020996,0.02702702702702703,0.01020408163265306,-0.01682294539437397,0.0,0.0,0.0
1235,mp3d/8194nk5LbLH/8194nk5LbLH.glb,0,0.0,0.0,0.0,0.0,0.0,0.0,0.0,0.0,0.0,0.0005662592489327215,0.014112813283193783,0.013546554034261062,0.0,0.0,0.0,16.47884178161621,14.66883659362793,-1.8100051879882812,480.0,272.0,-208.0,56.906280517578125,32.41875457763672,-24.487525939941406,0.04680851063829787,0.06818181818181818,0.021373307543520306,0.0,0.0,0.0
1236,mp3d/8194nk5LbLH/8194nk5LbLH.glb,0,0.0,0.0,0.0,0.0,0.0,0.0,0.0,0.0,0.0,0.0024364047205237866,0.014236349024056481,0.011799944303532695,0.0,0.0,0.0,13.075782775878906,15.256891250610352,2.1811084747314453,417.0,316.0,-101.0,48.00950622558594,34.900848388671875,-13.108657836914062,0.025906735751295335,0.04964539007092199,0.023738654319626653,0.0,0.0,0.0
1237,mp3d/Z6MFQCViBuw/Z6MFQCViBuw.glb,0,0.0,0.0,0.0,0.0,0.0,0.0,0.0,0.0,0.0,0.17201092738330467,0.22306591537262963,0.05105498798932495,0.0,0.0,0.0,4.224484920501709,5.1514387130737305,0.9269537925720215,57.0,47.0,-10.0,12.00890827178955,10.004626274108887,-2.004281997680664,0.0,0.0,0.0,0.0,0.0,0.0
1238,mp3d/Z6MFQCViBuw/Z6MFQCViBuw.glb,0,0.0,0.0,0.0,0.0,0.0,0.0,0.0,0.0,0.0,0.010122700053358927,0.0011281504329466127,-0.008994549620412315,0.0,0.0,0.0,8.386221885681152,6.548584461212158,-1.8376374244689941,278.0,273.0,-5.0,25.573246002197266,37.26897430419922,11.695728302001953,0.8058252427184466,0.05442176870748299,-0.7514034740109636,0.0,0.0,0.0
1239,mp3d/Z6MFQCViBuw/Z6MFQCViBuw.glb,0,0.0,0.0,0.0,0.0,0.0,0.0,0.0,0.0,0.0,0.25134738245865523,0.18838250597411288,-0.06296487648454235,0.0,0.0,0.0,6.071050643920898,6.197934150695801,0.12688350677490234,39.0,49.0,10.0,9.0,10.530603408813477,1.5306034088134766,0.0,0.0,0.0,0.0,0.0,0.0
1240,mp3d/zsNo4HB9uLZ/zsNo4HB9uLZ.glb,0,1.0,1.0,0.0,1.0,1.0,0.0,1.0,1.0,0.0,0.9280285649963144,0.9280285649963144,0.0,0.9280285649963144,0.9280285649963144,0.0,1.4714515209197998,1.4714515209197998,0.0,46.0,46.0,0.0,6.000000953674316,6.000000953674316,0.0,0.0,0.0,0.0,0.0,0.0,0.0
1241,mp3d/zsNo4HB9uLZ/zsNo4HB9uLZ.glb,0,1.0,1.0,0.0,1.0,1.0,0.0,1.0,1.0,0.0,0.8658849687982085,0.8658849687982085,0.0,0.8658849687982085,0.8658849687982085,0.0,2.3621764183044434,2.3621764183044434,0.0,38.0,38.0,0.0,5.000000953674316,5.000000953674316,0.0,0.0,0.0,0.0,0.0,0.0,0.0
1242,mp3d/zsNo4HB9uLZ/zsNo4HB9uLZ.glb,0,1.0,1.0,0.0,1.0,1.0,0.0,1.0,1.0,0.0,0.9280285649963144,0.9280285649963144,0.0,0.9280285649963144,0.9280285649963144,0.0,1.4714515209197998,1.4714515209197998,0.0,46.0,46.0,0.0,6.000000953674316,6.000000953674316,0.0,0.0,0.0,0.0,0.0,0.0,0.0
1243,mp3d/EU6Fwq7SyZv/EU6Fwq7SyZv.glb,0,1.0,1.0,0.0,1.0,1.0,0.0,0.9940993837941601,0.853052792052915,-0.14104659174124512,0.9324591985105692,0.9257847059759269,-0.006674492534642362,0.9324591985105692,0.9257847059759269,-0.006674492534642362,0.962079644203186,0.401055246591568,-0.561024397611618,45.0,52.0,7.0,8.320505142211914,9.696245193481445,1.3757400512695312,0.0,0.0,0.0,0.0,0.0,0.0
1244,mp3d/EU6Fwq7SyZv/EU6Fwq7SyZv.glb,0,1.0,1.0,0.0,1.0,1.0,0.0,0.9940993837941601,0.9940993837941601,0.0,0.9324591985105692,0.9324591985105692,0.0,0.9324591985105692,0.9324591985105692,0.0,0.962079644203186,0.962079644203186,0.0,45.0,45.0,0.0,8.320505142211914,8.320505142211914,0.0,0.0,0.0,0.0,0.0,0.0,0.0
1245,mp3d/EU6Fwq7SyZv/EU6Fwq7SyZv.glb,0,1.0,1.0,0.0,1.0,1.0,0.0,0.9940993837941601,0.9940993837941601,0.0,0.9324591985105692,0.9324591985105692,0.0,0.9324591985105692,0.9324591985105692,0.0,0.962079644203186,0.962079644203186,0.0,45.0,45.0,0.0,8.320505142211914,8.320505142211914,0.0,0.0,0.0,0.0,0.0,0.0,0.0
1246,mp3d/TbHJrupSAjP/TbHJrupSAjP.glb,0,1.0,1.0,0.0,1.0,1.0,0.0,1.0,1.0,0.0,0.9333050465846868,0.9214509653617574,-0.011854081222929413,0.9333050465846868,0.9214509653617574,-0.011854081222929413,0.34725886583328247,1.0785059928894043,0.7312471270561218,46.0,41.0,-5.0,7.318043231964111,6.5615973472595215,-0.7564458847045898,0.03333333333333333,0.037037037037037035,0.003703703703703702,0.0,0.0,0.0
1247,mp3d/TbHJrupSAjP/TbHJrupSAjP.glb,0,1.0,1.0,0.0,1.0,1.0,0.0,1.0,1.0,0.0,0.9333050465846868,0.9333050465846868,0.0,0.9333050465846868,0.9333050465846868,0.0,0.34725886583328247,0.34725886583328247,0.0,46.0,46.0,0.0,7.318043231964111,7.318043231964111,0.0,0.03333333333333333,0.03333333333333333,0.0,0.0,0.0,0.0
1248,mp3d/TbHJrupSAjP/TbHJrupSAjP.glb,0,1.0,1.0,0.0,1.0,1.0,0.0,1.0,1.0,0.0,0.9214509653617574,0.9214509653617574,0.0,0.9214509653617574,0.9214509653617574,0.0,1.0785059928894043,1.0785059928894043,0.0,41.0,41.0,0.0,6.5615973472595215,6.5615973472595215,0.0,0.037037037037037035,0.037037037037037035,0.0,0.0,0.0,0.0
1249,mp3d/Z6MFQCViBuw/Z6MFQCViBuw.glb,0,1.0,1.0,0.0,1.0,1.0,0.0,0.7104198456747038,0.5612681459223791,-0.14915169975232478,0.30754832620935424,0.28193604056945115,-0.025612285639903087,0.30754832620935424,0.28193604056945115,-0.025612285639903087,1.319356083869934,1.0027720928192139,-0.3165839910507202,78.0,115.0,37.0,15.057056427001953,19.058326721191406,4.001270294189453,0.0,0.0,0.0,0.0,0.0,0.0
1250,mp3d/Z6MFQCViBuw/Z6MFQCViBuw.glb,0,1.0,1.0,0.0,1.0,1.0,0.0,1.0,1.0,0.0,0.9189244695226071,0.9189244695226071,0.0,0.9189244695226071,0.9189244695226071,0.0,1.128267526626587,1.128267526626587,0.0,44.0,44.0,0.0,9.871646881103516,9.871646881103516,0.0,0.0,0.0,0.0,0.0,0.0,0.0
1251,mp3d/Z6MFQCViBuw/Z6MFQCViBuw.glb,0,1.0,1.0,0.0,1.0,1.0,0.0,1.0,1.0,0.0,0.9189244695226071,0.9189244695226071,0.0,0.9189244695226071,0.9189244695226071,0.0,1.128267526626587,1.128267526626587,0.0,44.0,44.0,0.0,9.871646881103516,9.871646881103516,0.0,0.0,0.0,0.0,0.0,0.0,0.0
1252,mp3d/X7HyMhZNoso/X7HyMhZNoso.glb,0,0.0,0.0,0.0,0.0,0.0,0.0,0.0,0.0,0.0,0.517249637529669,0.517249637529669,0.0,0.0,0.0,0.0,10.201645851135254,10.201645851135254,0.0,122.0,122.0,0.0,11.590574264526367,11.590574264526367,0.0,0.72,0.72,0.0,0.0,0.0,0.0
1253,mp3d/X7HyMhZNoso/X7HyMhZNoso.glb,0,0.0,0.0,0.0,0.0,1.0,1.0,0.0,0.0,0.0,0.4726122184589616,0.713754334348768,0.24114211588980639,0.0,0.0,0.0,9.90035629272461,4.335521697998047,-5.5648345947265625,177.0,106.0,-71.0,13.389845848083496,17.89402198791504,4.504176139831543,0.55,0.0,-0.55,0.0,1.0,1.0
1254,mp3d/X7HyMhZNoso/X7HyMhZNoso.glb,0,0.0,0.0,0.0,0.0,0.0,0.0,0.0,0.0,0.0,0.4532456267421704,0.32122211843705323,-0.13202350830511717,0.0,0.0,0.0,10.201645851135254,10.740880966186523,0.5392351150512695,80.0,143.0,63.0,8.674674034118652,13.19321346282959,4.5185394287109375,0.38461538461538464,0.3142857142857143,-0.07032967032967036,0.0,0.0,0.0
1255,mp3d/2azQ1b91cZZ/2azQ1b91cZZ.glb,0,1.0,1.0,0.0,1.0,1.0,0.0,0.9905909995845074,0.9905909995845074,0.0,0.910455031356173,0.910455031356173,0.0,0.910455031356173,0.910455031356173,0.0,0.23357722163200378,0.23357722163200378,0.0,47.0,47.0,0.0,9.250001907348633,9.250001907348633,0.0,0.0,0.0,0.0,0.0,0.0,0.0
1256,mp3d/2azQ1b91cZZ/2azQ1b91cZZ.glb,0,1.0,1.0,0.0,1.0,1.0,0.0,0.9905909995845074,0.9905909995845074,0.0,0.910455031356173,0.910455031356173,0.0,0.910455031356173,0.910455031356173,0.0,0.23357722163200378,0.23357722163200378,0.0,47.0,47.0,0.0,9.250001907348633,9.250001907348633,0.0,0.0,0.0,0.0,0.0,0.0,0.0
1257,mp3d/2azQ1b91cZZ/2azQ1b91cZZ.glb,0,1.0,1.0,0.0,1.0,1.0,0.0,1.0,1.0,0.0,0.8817987582052136,0.8817987582052136,0.0,0.8817987582052136,0.8817987582052136,0.0,1.8177845478057861,1.8177845478057861,0.0,39.0,39.0,0.0,7.500001907348633,7.500001907348633,0.0,0.0,0.0,0.0,0.0,0.0,0.0
1258,mp3d/oLBMNvg9in8/oLBMNvg9in8.glb,0,1.0,1.0,0.0,1.0,1.0,0.0,0.8807738300022394,0.8807738300022394,0.0,0.9492872738829446,0.9492872738829446,0.0,0.9492872738829446,0.9492872738829446,0.0,0.3956984877586365,0.3956984877586365,0.0,63.0,63.0,0.0,9.100495338439941,9.100495338439941,0.0,0.02857142857142857,0.02857142857142857,0.0,0.0,0.0,0.0
1259,mp3d/oLBMNvg9in8/oLBMNvg9in8.glb,0,1.0,1.0,0.0,1.0,1.0,0.0,0.9752407080859746,0.8807738300022394,-0.09446687808373522,0.9353467813774223,0.9492872738829446,0.013940492505522317,0.9353467813774223,0.9492872738829446,0.013940492505522317,1.1353154182434082,0.3956984877586365,-0.7396169304847717,59.0,63.0,4.0,8.218974113464355,9.100495338439941,0.8815212249755859,0.03125,0.02857142857142857,-0.0026785714285714295,0.0,0.0,0.0
1260,mp3d/oLBMNvg9in8/oLBMNvg9in8.glb,0,0.0,0.0,0.0,0.0,1.0,1.0,0.0,0.0,0.0,0.7605828377587069,0.8048176839059413,0.044234846147234386,0.0,0.0,0.0,3.576491355895996,3.4567782878875732,-0.11971306800842285,129.0,120.0,-9.0,9.206718444824219,9.481667518615723,0.2749490737915039,0.7105263157894737,0.6923076923076923,-0.018218623481781382,0.0,1.0,1.0
1261,mp3d/zsNo4HB9uLZ/zsNo4HB9uLZ.glb,0,1.0,1.0,0.0,1.0,1.0,0.0,0.5065551903896924,0.4757225876106455,-0.030832602779046925,0.345143436622412,0.28187588869385855,-0.06326754792855344,0.345143436622412,0.28187588869385855,-0.06326754792855344,0.6507202386856079,0.9959962368011475,0.34527599811553955,118.0,117.0,-1.0,19.721790313720703,21.000001907348633,1.2782115936279297,0.08536585365853659,0.0,-0.08536585365853659,0.0,0.0,0.0
1262,mp3d/zsNo4HB9uLZ/zsNo4HB9uLZ.glb,0,1.0,1.0,0.0,1.0,1.0,0.0,1.0,1.0,0.0,0.9241529527581359,0.9241529527581359,0.0,0.9241529527581359,0.9241529527581359,0.0,0.7203685641288757,0.7203685641288757,0.0,54.0,54.0,0.0,9.965767860412598,9.965767860412598,0.0,0.04878048780487805,0.04878048780487805,0.0,0.0,0.0,0.0
1263,mp3d/zsNo4HB9uLZ/zsNo4HB9uLZ.glb,0,1.0,1.0,0.0,1.0,1.0,0.0,1.0,1.0,0.0,0.9241529527581359,0.9241529527581359,0.0,0.9241529527581359,0.9241529527581359,0.0,0.7203685641288757,0.7203685641288757,0.0,54.0,54.0,0.0,9.965767860412598,9.965767860412598,0.0,0.04878048780487805,0.04878048780487805,0.0,0.0,0.0,0.0
1264,mp3d/2azQ1b91cZZ/2azQ1b91cZZ.glb,0,1.0,0.0,-1.0,1.0,0.0,-1.0,0.20069470844825352,0.0,-0.20069470844825352,0.03357409020677069,2.128851089628212e-05,-0.03355280169587441,0.03357409020677069,0.0,-0.03357409020677069,0.7056653499603271,18.69971466064453,17.994049310684204,427.0,492.0,65.0,63.75798797607422,66.38756561279297,2.62957763671875,0.0,0.00749063670411985,0.00749063670411985,0.0,0.0,0.0
1265,mp3d/2azQ1b91cZZ/2azQ1b91cZZ.glb,0,0.0,0.0,0.0,0.0,0.0,0.0,0.0,0.0,0.0,1.7158408436503085e-05,6.977686885898186e-07,-1.6460639747913267e-05,0.0,0.0,0.0,17.045982360839844,21.848163604736328,4.802181243896484,382.0,559.0,177.0,59.91611099243164,84.39900207519531,24.482891082763672,0.008298755186721992,0.0058997050147492625,-0.0023990501719727293,0.0,0.0,0.0
1266,mp3d/2azQ1b91cZZ/2azQ1b91cZZ.glb,0,1.0,1.0,0.0,1.0,1.0,0.0,0.8675182452491489,0.8675182452491489,0.0,0.7909652935380473,0.7909652935380473,0.0,0.7909652935380473,0.7909652935380473,0.0,0.8968803882598877,0.8968803882598877,0.0,74.0,74.0,0.0,14.749996185302734,14.749996185302734,0.0,0.0,0.0,0.0,0.0,0.0,0.0
1267,mp3d/x8F5xyUWy9e/x8F5xyUWy9e.glb,0,1.0,1.0,0.0,1.0,1.0,0.0,0.9943120134117593,0.9943120134117593,0.0,0.9525712487862552,0.9525712487862552,0.0,0.9525712487862552,0.9525712487862552,0.0,1.0602960586547852,1.0602960586547852,0.0,47.0,47.0,0.0,8.432190895080566,8.432190895080566,0.0,0.0,0.0,0.0,0.0,0.0,0.0
1268,mp3d/x8F5xyUWy9e/x8F5xyUWy9e.glb,0,1.0,1.0,0.0,1.0,1.0,0.0,0.9943120134117593,0.9943120134117593,0.0,0.9525712487862552,0.9525712487862552,0.0,0.9525712487862552,0.9525712487862552,0.0,1.0602960586547852,1.0602960586547852,0.0,47.0,47.0,0.0,8.432190895080566,8.432190895080566,0.0,0.0,0.0,0.0,0.0,0.0,0.0
1269,mp3d/x8F5xyUWy9e/x8F5xyUWy9e.glb,0,1.0,1.0,0.0,1.0,1.0,0.0,0.9943120134117593,1.0,0.005687986588240657,0.9525712487862552,0.9291094011340466,-0.0234618476522086,0.9525712487862552,0.9291094011340466,-0.0234618476522086,1.0602960586547852,1.743816614151001,0.6835205554962158,47.0,38.0,-9.0,8.432190895080566,7.182190895080566,-1.25,0.0,0.0,0.0,0.0,0.0,0.0
1270,mp3d/TbHJrupSAjP/TbHJrupSAjP.glb,0,0.0,0.0,0.0,0.0,0.0,0.0,0.0,0.0,0.0,0.43357091545503473,0.43357091545503473,0.0,0.0,0.0,0.0,8.142021179199219,8.142021179199219,0.0,55.0,55.0,0.0,10.000234603881836,10.000234603881836,0.0,0.0,0.0,0.0,0.0,0.0,0.0
1271,mp3d/TbHJrupSAjP/TbHJrupSAjP.glb,0,0.0,0.0,0.0,0.0,0.0,0.0,0.0,0.0,0.0,0.37987407649125904,0.37987407649125904,0.0,0.0,0.0,0.0,8.693504333496094,8.693504333496094,0.0,61.0,61.0,0.0,10.750234603881836,10.750234603881836,0.0,0.0,0.0,0.0,0.0,0.0,0.0
1272,mp3d/TbHJrupSAjP/TbHJrupSAjP.glb,0,1.0,1.0,0.0,1.0,1.0,0.0,1.0,1.0,0.0,0.947673315656635,0.947673315656635,0.0,0.947673315656635,0.947673315656635,0.0,0.5878076553344727,0.5878076553344727,0.0,44.0,44.0,0.0,8.000234603881836,8.000234603881836,0.0,0.0,0.0,0.0,0.0,0.0,0.0
1273,mp3d/EU6Fwq7SyZv/EU6Fwq7SyZv.glb,0,0.0,0.0,0.0,0.0,0.0,0.0,0.0,0.0,0.0,0.2518189628221839,0.26642404098197564,0.014605078159791729,0.0,0.0,0.0,7.88599157333374,8.03187084197998,0.14587926864624023,294.0,297.0,3.0,23.877586364746094,21.41093635559082,-2.4666500091552734,0.1276595744680851,0.22093023255813954,0.09327065809005444,0.0,0.0,0.0
1274,mp3d/EU6Fwq7SyZv/EU6Fwq7SyZv.glb,0,0.0,1.0,1.0,0.0,1.0,1.0,0.0,0.3957942883811783,0.3957942883811783,0.2518189628221839,0.5638706363983642,0.3120516735761803,0.0,0.5638706363983642,0.5638706363983642,7.88599157333374,2.9695277214050293,-4.916463851928711,294.0,231.0,-63.0,23.877586364746094,20.5485782623291,-3.329008102416992,0.1276595744680851,0.07692307692307693,-0.05073649754500817,0.0,0.0,0.0
1275,mp3d/EU6Fwq7SyZv/EU6Fwq7SyZv.glb,0,0.0,0.0,0.0,0.0,0.0,0.0,0.0,0.0,0.0,0.24213938442854713,0.2863910210874673,0.04425163665892015,0.0,0.0,0.0,8.183540344238281,8.620295524597168,0.4367551803588867,317.0,287.0,-30.0,24.63441276550293,20.16093635559082,-4.473476409912109,0.12371134020618557,0.2345679012345679,0.11085656102838232,0.0,0.0,0.0
1276,mp3d/TbHJrupSAjP/TbHJrupSAjP.glb,0,1.0,1.0,0.0,1.0,1.0,0.0,0.9715823444670136,0.9715823444670136,0.0,0.9159549983678092,0.9159549983678092,0.0,0.9159549983678092,0.9159549983678092,0.0,0.6500992178916931,0.6500992178916931,0.0,63.0,63.0,0.0,8.913093566894531,8.913093566894531,0.0,0.2558139534883721,0.2558139534883721,0.0,0.0,0.0,0.0
1277,mp3d/TbHJrupSAjP/TbHJrupSAjP.glb,0,1.0,1.0,0.0,1.0,1.0,0.0,0.9715823444670136,0.9715823444670136,0.0,0.9159549983678092,0.9159549983678092,0.0,0.9159549983678092,0.9159549983678092,0.0,0.6500992178916931,0.6500992178916931,0.0,63.0,63.0,0.0,8.913093566894531,8.913093566894531,0.0,0.2558139534883721,0.2558139534883721,0.0,0.0,0.0,0.0
1278,mp3d/TbHJrupSAjP/TbHJrupSAjP.glb,0,1.0,1.0,0.0,1.0,1.0,0.0,0.7539873768356331,0.7539873768356331,0.0,0.8354308173582237,0.8354308173582237,0.0,0.8354308173582237,0.8354308173582237,0.0,1.3378455638885498,1.3378455638885498,0.0,91.0,91.0,0.0,11.485343933105469,11.485343933105469,0.0,0.20754716981132076,0.20754716981132076,0.0,0.0,0.0,0.0
1279,mp3d/TbHJrupSAjP/TbHJrupSAjP.glb,0,1.0,1.0,0.0,1.0,1.0,0.0,1.0,1.0,0.0,0.9342249811869164,0.9342249811869164,0.0,0.9342249811869164,0.9342249811869164,0.0,0.6761305928230286,0.6761305928230286,0.0,63.0,63.0,0.0,10.917634963989258,10.917634963989258,0.0,0.022727272727272728,0.022727272727272728,0.0,0.0,0.0,0.0
1280,mp3d/TbHJrupSAjP/TbHJrupSAjP.glb,0,0.0,0.0,0.0,0.0,0.0,0.0,0.0,0.0,0.0,0.8003306031246972,0.8003306031246972,0.0,0.0,0.0,0.0,3.1797866821289062,3.1797866821289062,0.0,51.0,51.0,0.0,8.115279197692871,8.115279197692871,0.0,0.030303030303030304,0.030303030303030304,0.0,0.0,0.0,0.0
1281,mp3d/TbHJrupSAjP/TbHJrupSAjP.glb,0,0.0,1.0,1.0,0.0,1.0,1.0,0.0,1.0,1.0,0.6405144061917292,0.9342249811869164,0.29371057499518727,0.0,0.9342249811869164,0.9342249811869164,6.871769905090332,0.6761305928230286,-6.1956393122673035,65.0,63.0,-2.0,9.92063045501709,10.917634963989258,0.997004508972168,0.025,0.022727272727272728,-0.0022727272727272735,0.0,0.0,0.0
1282,mp3d/TbHJrupSAjP/TbHJrupSAjP.glb,0,1.0,1.0,0.0,1.0,1.0,0.0,0.8628248363419956,0.8628248363419956,0.0,0.8935086105652382,0.8935086105652382,0.0,0.8935086105652382,0.8935086105652382,0.0,0.44114768505096436,0.44114768505096436,0.0,63.0,63.0,0.0,9.989927291870117,9.989927291870117,0.0,0.024390243902439025,0.024390243902439025,0.0,0.0,0.0,0.0
1283,mp3d/TbHJrupSAjP/TbHJrupSAjP.glb,0,0.0,0.0,0.0,0.0,0.0,0.0,0.0,0.0,0.0,0.6947971257122822,0.6947971257122822,0.0,0.0,0.0,0.0,5.969361305236816,5.969361305236816,0.0,41.0,41.0,0.0,7.489926338195801,7.489926338195801,0.0,0.03225806451612903,0.03225806451612903,0.0,0.0,0.0,0.0
1284,mp3d/TbHJrupSAjP/TbHJrupSAjP.glb,0,1.0,1.0,0.0,1.0,1.0,0.0,0.5847761125273956,0.5847761125273956,0.0,0.6691414847061794,0.6691414847061794,0.0,0.6691414847061794,0.6691414847061794,0.0,0.10297133028507233,0.10297133028507233,0.0,98.0,98.0,0.0,14.739927291870117,14.739927291870117,0.0,0.016666666666666666,0.016666666666666666,0.0,0.0,0.0,0.0
1285,mp3d/zsNo4HB9uLZ/zsNo4HB9uLZ.glb,0,0.0,0.0,0.0,0.0,0.0,0.0,0.0,0.0,0.0,0.11541230393576164,0.1647108954195952,0.049298591483833545,0.0,0.0,0.0,8.96419620513916,7.775358200073242,-1.188838005065918,128.0,121.0,-7.0,19.41977882385254,18.16977882385254,-1.25,0.0875,0.09333333333333334,0.005833333333333343,0.0,0.0,0.0
1286,mp3d/zsNo4HB9uLZ/zsNo4HB9uLZ.glb,0,0.0,0.0,0.0,0.0,0.0,0.0,0.0,0.0,0.0,0.7304858005473571,0.7304858005473571,0.0,0.0,0.0,0.0,3.7164597511291504,3.7164597511291504,0.0,36.0,36.0,0.0,5.000003814697266,5.000003814697266,0.0,0.0,0.0,0.0,0.0,0.0,0.0
1287,mp3d/zsNo4HB9uLZ/zsNo4HB9uLZ.glb,0,1.0,1.0,0.0,1.0,1.0,0.0,0.936550357013728,0.936550357013728,0.0,0.9385244310589528,0.9385244310589528,0.0,0.9385244310589528,0.9385244310589528,0.0,0.5868638753890991,0.5868638753890991,0.0,48.0,48.0,0.0,8.000004768371582,8.000004768371582,0.0,0.0,0.0,0.0,0.0,0.0,0.0
1288,mp3d/2azQ1b91cZZ/2azQ1b91cZZ.glb,0,1.0,1.0,0.0,1.0,1.0,0.0,0.9769126791227701,0.9769126791227701,0.0,0.8917782195688859,0.8917782195688859,0.0,0.8917782195688859,0.8917782195688859,0.0,0.39525073766708374,0.39525073766708374,0.0,66.0,66.0,0.0,10.155393600463867,10.155393600463867,0.0,0.1875,0.1875,0.0,0.0,0.0,0.0
1289,mp3d/2azQ1b91cZZ/2azQ1b91cZZ.glb,0,0.0,0.0,0.0,0.0,0.0,0.0,0.0,0.0,0.0,0.27676199522408546,0.27676199522408546,0.0,0.0,0.0,0.0,11.089187622070312,11.089187622070312,0.0,58.0,58.0,0.0,8.745272636413574,8.745272636413574,0.0,0.027777777777777776,0.027777777777777776,0.0,0.0,0.0,0.0
1290,mp3d/2azQ1b91cZZ/2azQ1b91cZZ.glb,0,0.0,0.0,0.0,0.0,0.0,0.0,0.0,0.0,0.0,0.27676199522408546,0.27676199522408546,0.0,0.0,0.0,0.0,11.089187622070312,11.089187622070312,0.0,58.0,58.0,0.0,8.745272636413574,8.745272636413574,0.0,0.027777777777777776,0.027777777777777776,0.0,0.0,0.0,0.0
1291,mp3d/x8F5xyUWy9e/x8F5xyUWy9e.glb,0,1.0,1.0,0.0,1.0,1.0,0.0,0.37663305542957815,0.560628082492408,0.18399502706282989,0.2624345847050839,0.4860258380915568,0.2235912533864729,0.2624345847050839,0.4860258380915568,0.2235912533864729,0.7987993359565735,1.2330735921859741,0.43427425622940063,154.0,92.0,-62.0,22.95033073425293,15.418159484863281,-7.532171249389648,0.0,0.016129032258064516,0.016129032258064516,0.0,0.0,0.0
1292,mp3d/x8F5xyUWy9e/x8F5xyUWy9e.glb,0,1.0,1.0,0.0,1.0,1.0,0.0,0.8271688876181252,0.7922121987611798,-0.03495668885694547,0.8816065443462769,0.8399194641362435,-0.04168708021003342,0.8816065443462769,0.8399194641362435,-0.04168708021003342,0.39740124344825745,1.778666377067566,1.3812651336193085,63.0,58.0,-5.0,10.449925422668457,10.911032676696777,0.4611072540283203,0.0,0.022727272727272728,0.022727272727272728,0.0,0.0,0.0
1293,mp3d/x8F5xyUWy9e/x8F5xyUWy9e.glb,0,1.0,1.0,0.0,1.0,1.0,0.0,0.7252734317767482,0.7252734317767482,0.0,0.6573364889760304,0.6573364889760304,0.0,0.6573364889760304,0.6573364889760304,0.0,0.6784393787384033,0.6784393787384033,0.0,65.0,65.0,0.0,11.918061256408691,11.918061256408691,0.0,0.0,0.0,0.0,0.0,0.0,0.0
1294,mp3d/2azQ1b91cZZ/2azQ1b91cZZ.glb,0,1.0,1.0,0.0,1.0,1.0,0.0,0.8321480207292632,1.0,0.1678519792707368,0.9256601211703874,0.9380775912659102,0.012417470095522742,0.9256601211703874,0.9380775912659102,0.012417470095522742,1.4719547033309937,1.4719547033309937,0.0,64.0,39.0,-25.0,9.42721939086914,6.42721700668335,-3.000002384185791,0.07692307692307693,0.1111111111111111,0.03418803418803418,0.0,0.0,0.0
1295,mp3d/2azQ1b91cZZ/2azQ1b91cZZ.glb,0,1.0,1.0,0.0,1.0,1.0,0.0,0.989608281326017,0.989608281326017,0.0,0.9548881458064491,0.9548881458064491,0.0,0.9548881458064491,0.9548881458064491,0.0,0.03164701908826828,0.03164701908826828,0.0,46.0,46.0,0.0,7.927219390869141,7.927219390869141,0.0,0.09090909090909091,0.09090909090909091,0.0,0.0,0.0,0.0
1296,mp3d/2azQ1b91cZZ/2azQ1b91cZZ.glb,0,1.0,1.0,0.0,1.0,1.0,0.0,0.989608281326017,0.989608281326017,0.0,0.9548881458064491,0.9548881458064491,0.0,0.9548881458064491,0.9548881458064491,0.0,0.03164701908826828,0.03164701908826828,0.0,46.0,46.0,0.0,7.927219390869141,7.927219390869141,0.0,0.09090909090909091,0.09090909090909091,0.0,0.0,0.0,0.0
1297,mp3d/Z6MFQCViBuw/Z6MFQCViBuw.glb,0,1.0,1.0,0.0,1.0,1.0,0.0,0.25970559684523065,1.0,0.7402944031547694,0.19477267936448323,0.9372164781419099,0.7424437987774266,0.19477267936448323,0.9372164781419099,0.7424437987774266,0.8476476073265076,0.8650798201560974,0.017432212829589844,227.0,46.0,-181.0,37.79619598388672,9.612205505371094,-28.183990478515625,0.013157894736842105,0.0,-0.013157894736842105,0.0,0.0,0.0
1298,mp3d/Z6MFQCViBuw/Z6MFQCViBuw.glb,0,0.0,0.0,0.0,0.0,0.0,0.0,0.0,0.0,0.0,0.7007917915375474,0.7007917915375474,0.0,0.0,0.0,0.0,4.799388885498047,4.799388885498047,0.0,45.0,45.0,0.0,9.83712387084961,9.83712387084961,0.0,0.0,0.0,0.0,0.0,0.0,0.0
1299,mp3d/Z6MFQCViBuw/Z6MFQCViBuw.glb,0,1.0,1.0,0.0,1.0,1.0,0.0,0.8833111376311468,0.8833111376311468,0.0,0.9173624913668057,0.9173624913668057,0.0,0.9173624913668057,0.9173624913668057,0.0,0.6505290269851685,0.6505290269851685,0.0,52.0,52.0,0.0,11.112600326538086,11.112600326538086,0.0,0.0,0.0,0.0,0.0,0.0,0.0
1300,mp3d/Z6MFQCViBuw/Z6MFQCViBuw.glb,0,1.0,1.0,0.0,1.0,1.0,0.0,1.0,0.9421523168101295,-0.05784768318987055,0.9978655290929981,0.9068273995205466,-0.0910381295724515,0.9978655290929981,0.9068273995205466,-0.0910381295724515,0.6426447629928589,0.5305642485618591,-0.11208051443099976,38.0,47.0,9.0,9.249999046325684,10.500003814697266,1.250004768371582,0.0,0.0,0.0,0.0,0.0,0.0
1301,mp3d/Z6MFQCViBuw/Z6MFQCViBuw.glb,0,0.0,0.0,0.0,0.0,0.0,0.0,0.0,0.0,0.0,0.003530065538085944,0.009413796891124246,0.005883731353038301,0.0,0.0,0.0,23.739246368408203,22.963481903076172,-0.7757644653320312,89.0,74.0,-15.0,15.970906257629395,13.629559516906738,-2.3413467407226562,0.0,0.0,0.0,0.0,0.0,0.0
1302,mp3d/Z6MFQCViBuw/Z6MFQCViBuw.glb,0,1.0,1.0,0.0,1.0,1.0,0.0,1.0,0.9421523168101295,-0.05784768318987055,0.9978655290929981,0.9068273995205466,-0.0910381295724515,0.9978655290929981,0.9068273995205466,-0.0910381295724515,0.6426447629928589,0.5305642485618591,-0.11208051443099976,38.0,47.0,9.0,9.249999046325684,10.500003814697266,1.250004768371582,0.0,0.0,0.0,0.0,0.0,0.0
1303,mp3d/EU6Fwq7SyZv/EU6Fwq7SyZv.glb,0,1.0,1.0,0.0,1.0,1.0,0.0,0.5022628595869317,0.41918006640493066,-0.08308279318200107,0.44890327692431475,0.4028540044872922,-0.04604927243702256,0.44890327692431475,0.4028540044872922,-0.04604927243702256,2.455777883529663,2.9787800312042236,0.5230021476745605,115.0,124.0,9.0,14.662546157836914,17.568708419799805,2.9061622619628906,0.0,0.0,0.0,0.0,0.0,0.0
1304,mp3d/EU6Fwq7SyZv/EU6Fwq7SyZv.glb,0,1.0,1.0,0.0,1.0,1.0,0.0,0.837720228433216,1.0,0.16227977156678397,0.8892302093209873,0.9424037429908125,0.053173533669825246,0.8892302093209873,0.9424037429908125,0.053173533669825246,1.1602617502212524,0.854376494884491,-0.3058852553367615,56.0,46.0,-10.0,8.791064262390137,6.780086040496826,-2.0109782218933105,0.0,0.0,0.0,0.0,0.0,0.0
1305,mp3d/EU6Fwq7SyZv/EU6Fwq7SyZv.glb,0,0.0,0.0,0.0,0.0,0.0,0.0,0.0,0.0,0.0,0.2405595827506706,0.2405595827506706,0.0,0.0,0.0,0.0,4.218409061431885,4.218409061431885,0.0,72.0,72.0,0.0,11.532392501831055,11.532392501831055,0.0,0.0,0.0,0.0,0.0,0.0,0.0
1306,mp3d/TbHJrupSAjP/TbHJrupSAjP.glb,0,1.0,0.0,-1.0,1.0,0.0,-1.0,1.0,0.0,-1.0,0.9224105302742462,0.2737646412702674,-0.6486458890039788,0.9224105302742462,0.0,-0.9224105302742462,1.0625576972961426,4.918929576873779,3.8563718795776367,45.0,43.0,-2.0,6.790163040161133,7.250000476837158,0.4598374366760254,0.0,0.0,0.0,0.0,0.0,0.0
1307,mp3d/TbHJrupSAjP/TbHJrupSAjP.glb,0,0.0,0.0,0.0,0.0,0.0,0.0,0.0,0.0,0.0,0.2737646412702674,0.2737646412702674,0.0,0.0,0.0,0.0,4.918929576873779,4.918929576873779,0.0,43.0,43.0,0.0,7.250000476837158,7.250000476837158,0.0,0.0,0.0,0.0,0.0,0.0,0.0
1308,mp3d/TbHJrupSAjP/TbHJrupSAjP.glb,0,0.0,0.0,0.0,0.0,0.0,0.0,0.0,0.0,0.0,0.12837111983580496,0.12837111983580496,0.0,0.0,0.0,0.0,4.217222690582275,4.217222690582275,0.0,69.0,69.0,0.0,10.5,10.5,0.0,0.0,0.0,0.0,0.0,0.0,0.0
1309,mp3d/Z6MFQCViBuw/Z6MFQCViBuw.glb,0,0.0,0.0,0.0,0.0,0.0,0.0,0.0,0.0,0.0,0.11933667859259132,0.1387522545628203,0.019415575970228985,0.0,0.0,0.0,12.81185531616211,11.957408905029297,-0.8544464111328125,120.0,119.0,-1.0,20.23651695251465,19.31395721435547,-0.9225597381591797,0.0,0.0,0.0,0.0,0.0,0.0
1310,mp3d/Z6MFQCViBuw/Z6MFQCViBuw.glb,0,0.0,0.0,0.0,0.0,0.0,0.0,0.0,0.0,0.0,0.09385864567979608,0.2207015831580456,0.12684293747824954,0.0,0.0,0.0,3.680978298187256,4.667275905609131,0.986297607421875,117.0,61.0,-56.0,17.25066566467285,10.250007629394531,-7.00065803527832,0.014285714285714285,0.0,-0.014285714285714285,0.0,0.0,0.0
1311,mp3d/Z6MFQCViBuw/Z6MFQCViBuw.glb,0,0.0,0.0,0.0,0.0,0.0,0.0,0.0,0.0,0.0,0.08432600027848858,0.09084925299640674,0.006523252717918163,0.0,0.0,0.0,12.99459171295166,12.99459171295166,0.0,125.0,123.0,-2.0,22.852020263671875,22.352014541625977,-0.5000057220458984,0.0,0.0,0.0,0.0,0.0,0.0
1312,mp3d/TbHJrupSAjP/TbHJrupSAjP.glb,0,0.0,0.0,0.0,0.0,0.0,0.0,0.0,0.0,0.0,0.3805010963752466,0.3805010963752466,0.0,0.0,0.0,0.0,8.78945541381836,8.78945541381836,0.0,43.0,43.0,0.0,7.999999046325684,7.999999046325684,0.0,0.0,0.0,0.0,0.0,0.0,0.0
1313,mp3d/TbHJrupSAjP/TbHJrupSAjP.glb,0,0.0,0.0,0.0,0.0,0.0,0.0,0.0,0.0,0.0,0.40452606256053364,0.40452606256053364,0.0,0.0,0.0,0.0,8.297752380371094,8.297752380371094,0.0,37.0,37.0,0.0,6.999999046325684,6.999999046325684,0.0,0.0,0.0,0.0,0.0,0.0,0.0
1314,mp3d/TbHJrupSAjP/TbHJrupSAjP.glb,0,0.0,0.0,0.0,0.0,0.0,0.0,0.0,0.0,0.0,0.40452606256053364,0.40452606256053364,0.0,0.0,0.0,0.0,8.297752380371094,8.297752380371094,0.0,37.0,37.0,0.0,6.999999046325684,6.999999046325684,0.0,0.0,0.0,0.0,0.0,0.0,0.0
1315,mp3d/EU6Fwq7SyZv/EU6Fwq7SyZv.glb,0,1.0,1.0,0.0,1.0,1.0,0.0,0.4164061784053089,1.0,0.5835938215946911,0.410300570317758,0.7832606730930464,0.37296010277528835,0.410300570317758,0.7832606730930464,0.37296010277528835,0.3176145553588867,2.976970672607422,2.659356117248535,168.0,124.0,-44.0,20.480209350585938,7.0262908935546875,-13.45391845703125,0.48936170212765956,1.8918918918918919,1.4025301897642324,0.0,0.0,0.0
1316,mp3d/EU6Fwq7SyZv/EU6Fwq7SyZv.glb,0,1.0,1.0,0.0,1.0,1.0,0.0,0.38362238603548426,0.40169185596108403,0.018069469925599768,0.3659600295210951,0.3972928482758432,0.03133281875474814,0.3659600295210951,0.3972928482758432,0.03133281875474814,2.4904050827026367,1.5501588582992554,-0.9402462244033813,178.0,188.0,10.0,22.230417251586914,21.230417251586914,-1.0,0.45544554455445546,0.5567010309278351,0.10125548637337961,0.0,0.0,0.0
1317,mp3d/EU6Fwq7SyZv/EU6Fwq7SyZv.glb,0,1.0,1.0,0.0,1.0,1.0,0.0,0.8249101415927179,0.719711476241587,-0.10519866535113087,0.7573901724332571,0.687870853887391,-0.06951931854586613,0.7573901724332571,0.687870853887391,-0.06951931854586613,1.11610746383667,2.2968926429748535,1.1807851791381836,134.0,130.0,-4.0,10.338199615478516,11.849311828613281,1.5111122131347656,1.1,0.8392857142857143,-0.2607142857142858,0.0,0.0,0.0
1318,mp3d/X7HyMhZNoso/X7HyMhZNoso.glb,1,0.0,0.0,0.0,0.0,0.0,0.0,0.0,0.0,0.0,0.0,0.0,0.0,0.0,0.0,0.0,0.0,0.0,0.0,0.0,0.0,0.0,0.0,0.0,0.0,0.0,0.0,0.0,0.0,0.0,0.0
1319,mp3d/X7HyMhZNoso/X7HyMhZNoso.glb,0,0.0,0.0,0.0,0.0,0.0,0.0,0.0,0.0,0.0,0.03058529058607189,0.02386592321474164,-0.006719367371330252,0.0,0.0,0.0,7.939096450805664,6.265576362609863,-1.6735200881958008,220.0,196.0,-24.0,26.884517669677734,27.09507179260254,0.2105541229248047,0.009345794392523364,0.0,-0.009345794392523364,0.0,0.0,0.0
1320,mp3d/X7HyMhZNoso/X7HyMhZNoso.glb,0,1.0,1.0,0.0,1.0,1.0,0.0,0.9361174280003494,0.9361174280003494,0.0,0.8183258869221494,0.8183258869221494,0.0,0.8183258869221494,0.8183258869221494,0.0,0.5131825804710388,0.5131825804710388,0.0,62.0,62.0,0.0,8.757223129272461,8.757223129272461,0.0,0.0,0.0,0.0,0.0,0.0,0.0
1321,mp3d/zsNo4HB9uLZ/zsNo4HB9uLZ.glb,0,1.0,1.0,0.0,1.0,1.0,0.0,1.0,1.0,0.0,0.9415156694975588,0.9415156694975588,0.0,0.9415156694975588,0.9415156694975588,0.0,1.4065953493118286,1.4065953493118286,0.0,54.0,54.0,0.0,7.999999523162842,7.999999523162842,0.0,0.0,0.0,0.0,0.0,0.0,0.0
1322,mp3d/zsNo4HB9uLZ/zsNo4HB9uLZ.glb,0,1.0,1.0,0.0,1.0,1.0,0.0,0.8820852745628908,0.8820852745628908,0.0,0.8850977960898271,0.8850977960898271,0.0,0.8850977960898271,0.8850977960898271,0.0,1.5308053493499756,1.5308053493499756,0.0,66.0,66.0,0.0,9.499998092651367,9.499998092651367,0.0,0.0,0.0,0.0,0.0,0.0,0.0
1323,mp3d/zsNo4HB9uLZ/zsNo4HB9uLZ.glb,0,1.0,1.0,0.0,1.0,1.0,0.0,1.0,1.0,0.0,0.9415156694975588,0.9415156694975588,0.0,0.9415156694975588,0.9415156694975588,0.0,1.4065953493118286,1.4065953493118286,0.0,54.0,54.0,0.0,7.999999523162842,7.999999523162842,0.0,0.0,0.0,0.0,0.0,0.0,0.0
1324,mp3d/oLBMNvg9in8/oLBMNvg9in8.glb,0,0.0,0.0,0.0,0.0,0.0,0.0,0.0,0.0,0.0,0.4902360415710713,0.4902360415710713,0.0,0.0,0.0,0.0,9.963470458984375,9.963470458984375,0.0,81.0,81.0,0.0,3.9390478134155273,3.9390478134155273,0.0,1.9259259259259258,1.9259259259259258,0.0,0.0,0.0,0.0
1325,mp3d/oLBMNvg9in8/oLBMNvg9in8.glb,0,0.0,0.0,0.0,0.0,0.0,0.0,0.0,0.0,0.0,0.4902360415710713,0.4902360415710713,0.0,0.0,0.0,0.0,9.963470458984375,9.963470458984375,0.0,81.0,81.0,0.0,3.9390478134155273,3.9390478134155273,0.0,1.9259259259259258,1.9259259259259258,0.0,0.0,0.0,0.0
1326,mp3d/oLBMNvg9in8/oLBMNvg9in8.glb,0,0.0,0.0,0.0,0.0,0.0,0.0,0.0,0.0,0.0,0.4902360415710713,0.4902360415710713,0.0,0.0,0.0,0.0,9.963470458984375,9.963470458984375,0.0,81.0,81.0,0.0,3.9390478134155273,3.9390478134155273,0.0,1.9259259259259258,1.9259259259259258,0.0,0.0,0.0,0.0
1327,mp3d/QUCTc6BB5sX/QUCTc6BB5sX.glb,0,0.0,0.0,0.0,1.0,0.0,-1.0,0.0,0.0,0.0,0.7212632287159404,0.22822178331579693,-0.4930414454001435,0.0,0.0,0.0,3.6679904460906982,6.419579982757568,2.75158953666687,75.0,99.0,24.0,12.764801979064941,14.278706550598145,1.5139045715332031,0.0,0.0,0.0,1.0,0.0,-1.0
1328,mp3d/QUCTc6BB5sX/QUCTc6BB5sX.glb,0,1.0,1.0,0.0,1.0,1.0,0.0,0.9830536420874088,1.0,0.016946357912591248,0.9215421936291343,0.901942105310706,-0.0196000883184283,0.9215421936291343,0.901942105310706,-0.0196000883184283,0.331391304731369,1.572031021118164,1.240639716386795,57.0,52.0,-5.0,9.508797645568848,8.25,-1.2587976455688477,0.0,0.0,0.0,0.0,0.0,0.0
1329,mp3d/QUCTc6BB5sX/QUCTc6BB5sX.glb,0,1.0,1.0,0.0,1.0,1.0,0.0,0.7950739101663407,0.983964016563014,0.18889010639667336,0.8453706388421425,0.8177434952524733,-0.027627143589669223,0.8453706388421425,0.8177434952524733,-0.027627143589669223,0.506775438785553,2.0031931400299072,1.4964177012443542,71.0,61.0,-10.0,11.756967544555664,9.5,-2.256967544555664,0.0,0.0,0.0,0.0,0.0,0.0
1330,mp3d/TbHJrupSAjP/TbHJrupSAjP.glb,0,0.0,0.0,0.0,0.0,0.0,0.0,0.0,0.0,0.0,0.25772363806826093,0.19483803399832927,-0.06288560406993166,0.0,0.0,0.0,9.82193374633789,10.995874404907227,1.173940658569336,377.0,391.0,14.0,38.20463562011719,40.167449951171875,1.9628143310546875,0.03289473684210526,0.00625,-0.026644736842105263,0.0,0.0,0.0
1331,mp3d/TbHJrupSAjP/TbHJrupSAjP.glb,1,0.0,0.0,0.0,0.0,0.0,0.0,0.0,0.0,0.0,0.0,0.0,0.0,0.0,0.0,0.0,0.0,0.0,0.0,0.0,0.0,0.0,0.0,0.0,0.0,0.0,0.0,0.0,0.0,0.0,0.0
1332,mp3d/TbHJrupSAjP/TbHJrupSAjP.glb,0,0.0,0.0,0.0,0.0,0.0,0.0,0.0,0.0,0.0,0.216749505742554,0.08836537784182284,-0.12838412790073117,0.0,0.0,0.0,10.960556030273438,14.156034469604492,3.1954784393310547,303.0,318.0,15.0,29.335010528564453,35.37482452392578,6.039813995361328,0.01694915254237288,0.014184397163120567,-0.0027647553792523143,0.0,0.0,0.0
1333,mp3d/zsNo4HB9uLZ/zsNo4HB9uLZ.glb,0,1.0,1.0,0.0,1.0,1.0,0.0,0.8526461099861867,0.8868342791380428,0.034188169151856074,0.8955546061625881,0.888844134228445,-0.006710471934143092,0.8955546061625881,0.888844134228445,-0.006710471934143092,0.3405444920063019,1.1002026796340942,0.7596581876277924,85.0,87.0,2.0,12.969900131225586,12.469900131225586,-0.5,0.07547169811320754,0.0784313725490196,0.0029596744358120625,0.0,0.0,0.0
1334,mp3d/zsNo4HB9uLZ/zsNo4HB9uLZ.glb,0,0.0,1.0,1.0,0.0,1.0,1.0,0.0,1.0,1.0,0.7450106782789871,0.8879568989103283,0.1429462206313411,0.0,0.8879568989103283,0.8879568989103283,6.195374488830566,2.58795166015625,-3.6074228286743164,137.0,61.0,-76.0,13.344902038574219,10.469900131225586,-2.875001907348633,0.5087719298245614,0.09302325581395349,-0.41574867401060794,0.0,0.0,0.0
1335,mp3d/zsNo4HB9uLZ/zsNo4HB9uLZ.glb,0,1.0,1.0,0.0,1.0,1.0,0.0,0.7387313740812144,0.7387313740812144,0.0,0.811224974664816,0.811224974664816,0.0,0.811224974664816,0.811224974664816,0.0,0.3405444920063019,0.3405444920063019,0.0,97.0,97.0,0.0,14.969900131225586,14.969900131225586,0.0,0.06557377049180328,0.06557377049180328,0.0,0.0,0.0,0.0
1336,mp3d/X7HyMhZNoso/X7HyMhZNoso.glb,0,1.0,1.0,0.0,1.0,1.0,0.0,1.0,1.0,0.0,0.9105714496746572,0.9105714496746572,0.0,0.9105714496746572,0.9105714496746572,0.0,1.5194107294082642,1.5194107294082642,0.0,46.0,46.0,0.0,6.750000953674316,6.750000953674316,0.0,0.0,0.0,0.0,0.0,0.0,0.0
1337,mp3d/X7HyMhZNoso/X7HyMhZNoso.glb,0,1.0,1.0,0.0,1.0,1.0,0.0,0.41432362074307844,1.0,0.5856763792569215,0.21978422888024055,0.8502255766541514,0.6304413477739109,0.21978422888024055,0.8502255766541514,0.6304413477739109,2.777099847793579,2.5189545154571533,-0.2581453323364258,142.0,42.0,-100.0,18.750003814697266,5.750000953674316,-13.00000286102295,0.0,0.0,0.0,0.0,0.0,0.0
1338,mp3d/X7HyMhZNoso/X7HyMhZNoso.glb,0,1.0,1.0,0.0,1.0,1.0,0.0,1.0,1.0,0.0,0.9105714496746572,0.9105714496746572,0.0,0.9105714496746572,0.9105714496746572,0.0,1.5194107294082642,1.5194107294082642,0.0,46.0,46.0,0.0,6.750000953674316,6.750000953674316,0.0,0.0,0.0,0.0,0.0,0.0,0.0
1339,mp3d/2azQ1b91cZZ/2azQ1b91cZZ.glb,0,1.0,1.0,0.0,1.0,1.0,0.0,0.22026311629627826,0.726052486966279,0.5057893706700007,0.1451223303513261,0.9075444818666946,0.7624221515153684,0.1451223303513261,0.9075444818666946,0.7624221515153684,0.8094162344932556,0.952627956867218,0.1432117223739624,171.0,49.0,-122.0,22.25000762939453,6.750002384185791,-15.50000524520874,0.0,0.0,0.0,0.0,0.0,0.0
1340,mp3d/2azQ1b91cZZ/2azQ1b91cZZ.glb,0,0.0,0.0,0.0,1.0,1.0,0.0,0.0,0.0,0.0,0.20667668283479843,0.09017209796187135,-0.11650458487292707,0.0,0.0,0.0,6.824045181274414,6.824045181274414,0.0,68.0,104.0,36.0,11.250005722045898,14.250005722045898,3.0,0.0,0.0,0.0,1.0,1.0,0.0
1341,mp3d/2azQ1b91cZZ/2azQ1b91cZZ.glb,0,0.0,0.0,0.0,1.0,1.0,0.0,0.0,0.0,0.0,0.20667668283479843,0.20667668283479843,0.0,0.0,0.0,0.0,6.824045181274414,6.824045181274414,0.0,68.0,68.0,0.0,11.250005722045898,11.250005722045898,0.0,0.0,0.0,0.0,1.0,1.0,0.0
1342,mp3d/oLBMNvg9in8/oLBMNvg9in8.glb,0,1.0,1.0,0.0,1.0,1.0,0.0,0.5535473817224945,0.5517763773297449,-0.0017710043927495756,0.7590968602296453,0.6801128590502388,-0.07898400117940652,0.7590968602296453,0.6801128590502388,-0.07898400117940652,0.1303766369819641,0.13773469626903534,0.007358059287071228,107.0,115.0,8.0,15.74392032623291,15.794452667236328,0.05053234100341797,0.047619047619047616,0.18571428571428572,0.1380952380952381,0.0,0.0,0.0
1343,mp3d/oLBMNvg9in8/oLBMNvg9in8.glb,0,1.0,0.0,-1.0,1.0,0.0,-1.0,0.5436227341582031,0.0,-0.5436227341582031,0.7329432810059671,0.29163377257794304,-0.441309508428024,0.7329432810059671,0.0,-0.7329432810059671,1.4035918712615967,7.4945478439331055,6.090955972671509,108.0,191.0,83.0,16.031349182128906,19.131502151489258,3.1001529693603516,0.046875,0.21951219512195122,0.17263719512195122,0.0,0.0,0.0
1344,mp3d/oLBMNvg9in8/oLBMNvg9in8.glb,0,1.0,1.0,0.0,1.0,1.0,0.0,0.6046754237398043,0.6046754237398043,0.0,0.7214112251577111,0.7214112251577111,0.0,0.7214112251577111,0.7214112251577111,0.0,1.2895190715789795,1.2895190715789795,0.0,104.0,104.0,0.0,14.412700653076172,14.412700653076172,0.0,0.05454545454545454,0.05454545454545454,0.0,0.0,0.0,0.0
1345,mp3d/QUCTc6BB5sX/QUCTc6BB5sX.glb,0,0.0,0.0,0.0,0.0,0.0,0.0,0.0,0.0,0.0,6.878654877760957e-05,9.369381863240824e-05,2.4907269854798674e-05,0.0,0.0,0.0,24.547414779663086,23.580286026000977,-0.9671287536621094,215.0,217.0,2.0,32.89359664916992,31.643596649169922,-1.25,0.015037593984962405,0.015625,0.0005874060150375948,0.0,0.0,0.0
1346,mp3d/QUCTc6BB5sX/QUCTc6BB5sX.glb,0,0.0,1.0,1.0,0.0,1.0,1.0,0.0,0.4972539826939398,0.4972539826939398,4.74969369931544e-06,0.7114355810234793,0.7114308313297799,0.0,0.7114355810234793,0.7114355810234793,22.92290687561035,0.6895301938056946,-22.233376681804657,266.0,152.0,-114.0,42.143592834472656,22.000009536743164,-20.143583297729492,0.011764705882352941,0.0,-0.011764705882352941,0.0,0.0,0.0
1347,mp3d/QUCTc6BB5sX/QUCTc6BB5sX.glb,0,1.0,1.0,0.0,1.0,1.0,0.0,0.7544546456172548,0.7544546456172548,0.0,0.8000745861589683,0.8000745861589683,0.0,0.8000745861589683,0.8000745861589683,0.0,0.2663124203681946,0.2663124203681946,0.0,83.0,83.0,0.0,14.5,14.5,0.0,0.0,0.0,0.0,0.0,0.0,0.0
1348,mp3d/x8F5xyUWy9e/x8F5xyUWy9e.glb,0,1.0,1.0,0.0,1.0,1.0,0.0,1.0,1.0,0.0,0.9291696092140372,0.9291696092140372,0.0,0.9291696092140372,0.9291696092140372,0.0,1.3050694465637207,1.3050694465637207,0.0,46.0,46.0,0.0,7.081906318664551,7.081906318664551,0.0,0.0,0.0,0.0,0.0,0.0,0.0
1349,mp3d/x8F5xyUWy9e/x8F5xyUWy9e.glb,0,1.0,1.0,0.0,1.0,1.0,0.0,0.8787951967640764,0.8787951967640764,0.0,0.9230140221586789,0.9230140221586789,0.0,0.9230140221586789,0.9230140221586789,0.0,0.5858193039894104,0.5858193039894104,0.0,54.0,54.0,0.0,8.924904823303223,8.924904823303223,0.0,0.0,0.0,0.0,0.0,0.0,0.0
1350,mp3d/x8F5xyUWy9e/x8F5xyUWy9e.glb,0,1.0,1.0,0.0,1.0,1.0,0.0,1.0,1.0,0.0,0.9291696092140372,0.9291696092140372,0.0,0.9291696092140372,0.9291696092140372,0.0,1.3050694465637207,1.3050694465637207,0.0,46.0,46.0,0.0,7.081906318664551,7.081906318664551,0.0,0.0,0.0,0.0,0.0,0.0,0.0
1351,mp3d/QUCTc6BB5sX/QUCTc6BB5sX.glb,0,1.0,0.0,-1.0,1.0,0.0,-1.0,0.6078454814571775,0.0,-0.6078454814571775,0.5765112097393879,0.5019434094499813,-0.07456780028940657,0.5765112097393879,0.0,-0.5765112097393879,0.7797812819480896,4.956331253051758,4.176549971103668,130.0,138.0,8.0,22.0322322845459,20.655181884765625,-1.3770503997802734,0.08695652173913043,0.13636363636363635,0.04940711462450592,0.0,0.0,0.0
1352,mp3d/QUCTc6BB5sX/QUCTc6BB5sX.glb,0,0.0,0.0,0.0,0.0,0.0,0.0,0.0,0.0,0.0,0.5292779155802992,0.5292779155802992,0.0,0.0,0.0,0.0,7.003483772277832,7.003483772277832,0.0,60.0,60.0,0.0,8.528170585632324,8.528170585632324,0.0,0.21052631578947367,0.21052631578947367,0.0,0.0,0.0,0.0
1353,mp3d/QUCTc6BB5sX/QUCTc6BB5sX.glb,0,0.0,1.0,1.0,1.0,1.0,0.0,0.0,0.984074962393085,0.984074962393085,0.5641848204521226,0.8327791585317901,0.2685943380796675,0.0,0.8327791585317901,0.8327791585317901,4.714605808258057,2.3306407928466797,-2.383965015411377,122.0,85.0,-37.0,20.15359878540039,13.608915328979492,-6.544683456420898,0.04819277108433735,0.07017543859649122,0.021982667512153872,1.0,0.0,-1.0
1354,mp3d/zsNo4HB9uLZ/zsNo4HB9uLZ.glb,0,1.0,1.0,0.0,1.0,1.0,0.0,1.0,1.0,0.0,0.9201994095803103,0.9201994095803103,0.0,0.9201994095803103,0.9201994095803103,0.0,1.2283604145050049,1.2283604145050049,0.0,45.0,45.0,0.0,7.4855804443359375,7.4855804443359375,0.0,0.03225806451612903,0.03225806451612903,0.0,0.0,0.0,0.0
1355,mp3d/zsNo4HB9uLZ/zsNo4HB9uLZ.glb,0,1.0,1.0,0.0,1.0,1.0,0.0,1.0,1.0,0.0,0.8951346031851334,0.8971978762528123,0.00206327306767895,0.8951346031851334,0.8971978762528123,0.00206327306767895,1.505458950996399,1.7035164833068848,0.19805753231048584,56.0,45.0,-11.0,7.9855828285217285,7.229621410369873,-0.7559614181518555,0.030303030303030304,0.06666666666666667,0.03636363636363636,0.0,0.0,0.0
1356,mp3d/zsNo4HB9uLZ/zsNo4HB9uLZ.glb,0,1.0,1.0,0.0,1.0,1.0,0.0,1.0,1.0,0.0,0.9201994095803103,0.9201994095803103,0.0,0.9201994095803103,0.9201994095803103,0.0,1.2283604145050049,1.2283604145050049,0.0,45.0,45.0,0.0,7.4855804443359375,7.4855804443359375,0.0,0.03225806451612903,0.03225806451612903,0.0,0.0,0.0,0.0
1357,mp3d/QUCTc6BB5sX/QUCTc6BB5sX.glb,0,0.0,0.0,0.0,0.0,0.0,0.0,0.0,0.0,0.0,0.07751388466308674,0.062275425840127574,-0.01523845882295917,0.0,0.0,0.0,7.791680335998535,12.957769393920898,5.166089057922363,127.0,232.0,105.0,17.05647850036621,32.948116302490234,15.891637802124023,0.014492753623188406,0.10071942446043165,0.08622667083724325,0.0,0.0,0.0
1358,mp3d/QUCTc6BB5sX/QUCTc6BB5sX.glb,0,0.0,0.0,0.0,0.0,0.0,0.0,0.0,0.0,0.0,0.026695995863107527,0.07792025961472365,0.05122426375161612,0.0,0.0,0.0,13.472928047180176,9.339646339416504,-4.133281707763672,285.0,130.0,-155.0,33.990638732910156,16.80647850036621,-17.184160232543945,0.10071942446043165,0.014705882352941176,-0.08601354210749047,0.0,0.0,0.0
1359,mp3d/QUCTc6BB5sX/QUCTc6BB5sX.glb,0,0.0,0.0,0.0,0.0,0.0,0.0,0.0,0.0,0.0,0.026695995863107527,0.02590875774527133,-0.0007872381178361983,0.0,0.0,0.0,13.472928047180176,9.339646339416504,-4.133281707763672,285.0,200.0,-85.0,33.990638732910156,23.806482315063477,-10.18415641784668,0.10071942446043165,0.010416666666666666,-0.09030275779376498,0.0,0.0,0.0
1360,mp3d/zsNo4HB9uLZ/zsNo4HB9uLZ.glb,0,0.0,1.0,1.0,1.0,1.0,0.0,0.0,0.876964357164171,0.876964357164171,0.714772501268065,0.6926608557453612,-0.022111645522703838,0.0,0.6926608557453612,0.6926608557453612,3.184483528137207,2.6888184547424316,-0.4956650733947754,76.0,64.0,-12.0,10.749998092651367,9.0,-1.7499980926513672,0.0,0.0,0.0,1.0,0.0,-1.0
1361,mp3d/zsNo4HB9uLZ/zsNo4HB9uLZ.glb,0,1.0,1.0,0.0,1.0,1.0,0.0,0.5175527677412669,1.0,0.4824472322587331,0.8375553890482995,0.7951273308377501,-0.0424280582105494,0.8375553890482995,0.7951273308377501,-0.0424280582105494,0.23677539825439453,2.9065380096435547,2.66976261138916,150.0,46.0,-104.0,15.249999046325684,6.499998092651367,-8.750000953674316,0.0,0.0,0.0,0.0,0.0,0.0
1362,mp3d/zsNo4HB9uLZ/zsNo4HB9uLZ.glb,0,1.0,1.0,0.0,1.0,1.0,0.0,0.770017555982781,0.770017555982781,0.0,0.9140378073179395,0.9140378073179395,0.0,0.9140378073179395,0.9140378073179395,0.0,0.735687792301178,0.735687792301178,0.0,85.0,85.0,0.0,10.249999046325684,10.249999046325684,0.0,0.0,0.0,0.0,0.0,0.0,0.0
1363,mp3d/TbHJrupSAjP/TbHJrupSAjP.glb,0,1.0,1.0,0.0,1.0,1.0,0.0,1.0,1.0,0.0,0.9145206157123982,0.9145206157123982,0.0,0.9145206157123982,0.9145206157123982,0.0,0.7654557228088379,0.7654557228088379,0.0,37.0,37.0,0.0,6.999999046325684,6.999999046325684,0.0,0.0,0.0,0.0,0.0,0.0,0.0
1364,mp3d/TbHJrupSAjP/TbHJrupSAjP.glb,0,1.0,1.0,0.0,1.0,1.0,0.0,0.8901288378392265,1.0,0.10987116216077353,0.904601272016238,0.9145206157123982,0.00991934369616021,0.904601272016238,0.9145206157123982,0.00991934369616021,0.41364240646362305,0.7654557228088379,0.35181331634521484,43.0,37.0,-6.0,7.999999046325684,6.999999046325684,-1.0,0.0,0.0,0.0,0.0,0.0,0.0
1365,mp3d/TbHJrupSAjP/TbHJrupSAjP.glb,0,1.0,1.0,0.0,1.0,1.0,0.0,0.9822112081220972,0.9822112081220972,0.0,0.9778745082333028,0.9778745082333028,0.0,0.9778745082333028,0.9778745082333028,0.0,0.20113855600357056,0.20113855600357056,0.0,40.0,40.0,0.0,7.249998569488525,7.249998569488525,0.0,0.0,0.0,0.0,0.0,0.0,0.0
1366,mp3d/TbHJrupSAjP/TbHJrupSAjP.glb,0,1.0,1.0,0.0,1.0,1.0,0.0,0.8589314175275101,1.0,0.14106858247248988,0.9423964641364411,0.9690292582590705,0.026632794122629422,0.9423964641364411,0.9690292582590705,0.026632794122629422,0.7899148464202881,0.7402378916740417,-0.04967695474624634,60.0,51.0,-9.0,9.49536418914795,7.995364189147949,-1.5,0.02564102564102564,0.030303030303030304,0.004662004662004664,0.0,0.0,0.0
1367,mp3d/TbHJrupSAjP/TbHJrupSAjP.glb,0,1.0,1.0,0.0,1.0,1.0,0.0,0.8589314175275101,0.8589314175275101,0.0,0.9423964641364411,0.9423964641364411,0.0,0.9423964641364411,0.9423964641364411,0.0,0.7899148464202881,0.7899148464202881,0.0,60.0,60.0,0.0,9.49536418914795,9.49536418914795,0.0,0.02564102564102564,0.02564102564102564,0.0,0.0,0.0,0.0
1368,mp3d/TbHJrupSAjP/TbHJrupSAjP.glb,0,1.0,1.0,0.0,1.0,1.0,0.0,1.0,1.0,0.0,0.939100495546306,0.939100495546306,0.0,0.939100495546306,0.939100495546306,0.0,1.6803237199783325,1.6803237199783325,0.0,47.0,47.0,0.0,6.995364189147949,6.995364189147949,0.0,0.034482758620689655,0.034482758620689655,0.0,0.0,0.0,0.0
1369,mp3d/TbHJrupSAjP/TbHJrupSAjP.glb,0,1.0,0.0,-1.0,1.0,0.0,-1.0,0.6401289755067331,0.0,-0.6401289755067331,0.7839177377252432,0.381960110605864,-0.4019576271193792,0.7839177377252432,0.0,-0.7839177377252432,1.4642033576965332,16.13273811340332,14.668534755706787,77.0,45.0,-32.0,12.979532241821289,9.0,-3.979532241821289,0.02,0.0,-0.02,0.0,0.0,0.0
1370,mp3d/TbHJrupSAjP/TbHJrupSAjP.glb,0,1.0,1.0,0.0,1.0,1.0,0.0,0.6527006078266787,0.7209072461746208,0.06820663834794205,0.8184036191135361,0.7004570579104741,-0.11794656120306202,0.8184036191135361,0.7004570579104741,-0.11794656120306202,0.4538424015045166,2.194169044494629,1.7403266429901123,78.0,74.0,-4.0,12.729534149169922,11.525164604187012,-1.2043695449829102,0.02040816326530612,0.0,-0.02040816326530612,0.0,0.0,0.0
1371,mp3d/TbHJrupSAjP/TbHJrupSAjP.glb,0,0.0,0.0,0.0,1.0,0.0,-1.0,0.0,0.0,0.0,0.6703279302603002,0.2979696820045554,-0.3723582482557448,0.0,0.0,0.0,3.286607503890991,17.351970672607422,14.06536316871643,86.0,50.0,-36.0,14.979532241821289,10.25,-4.729532241821289,0.017241379310344827,0.0,-0.017241379310344827,1.0,0.0,-1.0
1372,mp3d/2azQ1b91cZZ/2azQ1b91cZZ.glb,0,1.0,0.0,-1.0,1.0,1.0,0.0,0.17563661852042886,0.0,-0.17563661852042886,0.031714148650409044,0.05563285081081394,0.023918702160404898,0.031714148650409044,0.0,-0.031714148650409044,1.3987013101577759,3.561570644378662,2.1628693342208862,208.0,174.0,-34.0,28.310989379882812,24.149124145507812,-4.161865234375,0.28205128205128205,0.07142857142857142,-0.21062271062271062,0.0,1.0,1.0
1373,mp3d/2azQ1b91cZZ/2azQ1b91cZZ.glb,0,0.0,1.0,1.0,1.0,1.0,0.0,0.0,0.7955913092664628,0.7955913092664628,0.17253871307004526,0.8897010969369381,0.7171623838668928,0.0,0.8897010969369381,0.8897010969369381,3.548246145248413,0.9647117853164673,-2.583534359931946,114.0,44.0,-70.0,15.745229721069336,6.250000953674316,-9.49522876739502,0.015625,0.0,-0.015625,1.0,0.0,-1.0
1374,mp3d/2azQ1b91cZZ/2azQ1b91cZZ.glb,0,0.0,0.0,0.0,1.0,1.0,0.0,0.0,0.0,0.0,0.22368901262877036,0.5038335692264088,0.2801445565976384,0.0,0.0,0.0,5.499816417694092,4.264435291290283,-1.2353811264038086,73.0,51.0,-22.0,11.0,8.5,-2.5,0.0,0.0,0.0,1.0,1.0,0.0
1375,mp3d/zsNo4HB9uLZ/zsNo4HB9uLZ.glb,0,1.0,0.0,-1.0,1.0,0.0,-1.0,0.25366216588903356,0.0,-0.25366216588903356,0.1669406651301056,0.15926174805031232,-0.00767891707979329,0.1669406651301056,0.0,-0.1669406651301056,0.5029982328414917,12.736614227294922,12.23361599445343,243.0,43.0,-200.0,33.75,7.5,-26.25,0.0,0.0,0.0,0.0,0.0,0.0
1376,mp3d/zsNo4HB9uLZ/zsNo4HB9uLZ.glb,0,1.0,1.0,0.0,1.0,1.0,0.0,1.0,0.9011683113869428,-0.09883168861305724,0.8572502831525527,0.709288894306486,-0.1479613888460667,0.8572502831525527,0.709288894306486,-0.1479613888460667,2.066676378250122,2.96628999710083,0.899613618850708,51.0,67.0,16.0,7.749998092651367,9.499999046325684,1.7500009536743164,0.0,0.0,0.0,0.0,0.0,0.0
1377,mp3d/zsNo4HB9uLZ/zsNo4HB9uLZ.glb,0,1.0,1.0,0.0,1.0,1.0,0.0,0.9255243096272875,0.9255243096272875,0.0,0.9151217773549134,0.9151217773549134,0.0,0.9151217773549134,0.9151217773549134,0.0,0.6806517839431763,0.6806517839431763,0.0,61.0,61.0,0.0,9.249998092651367,9.249998092651367,0.0,0.0,0.0,0.0,0.0,0.0,0.0
1378,mp3d/x8F5xyUWy9e/x8F5xyUWy9e.glb,0,1.0,1.0,0.0,1.0,1.0,0.0,1.0,1.0,0.0,0.8994350325524266,0.9608951106899338,0.0614600781375072,0.8994350325524266,0.9608951106899338,0.0614600781375072,1.1699327230453491,0.6708455085754395,-0.49908721446990967,39.0,36.0,-3.0,5.2628092765808105,5.014747619628906,-0.2480616569519043,0.0,0.0,0.0,0.0,0.0,0.0
1379,mp3d/x8F5xyUWy9e/x8F5xyUWy9e.glb,0,1.0,1.0,0.0,1.0,1.0,0.0,0.14606891051350104,0.16621605430525493,0.02014714379175389,0.10651805802649414,0.18071431011718936,0.07419625209069522,0.10651805802649414,0.18071431011718936,0.07419625209069522,0.9555931091308594,0.8783574104309082,-0.07723569869995117,344.0,309.0,-35.0,37.57041931152344,33.01648712158203,-4.553932189941406,0.0,0.06666666666666667,0.06666666666666667,0.0,0.0,0.0
1380,mp3d/x8F5xyUWy9e/x8F5xyUWy9e.glb,0,1.0,1.0,0.0,1.0,1.0,0.0,1.0,1.0,0.0,0.9608951106899338,0.9608951106899338,0.0,0.9608951106899338,0.9608951106899338,0.0,0.6708455085754395,0.6708455085754395,0.0,36.0,36.0,0.0,5.014747619628906,5.014747619628906,0.0,0.0,0.0,0.0,0.0,0.0,0.0
1381,mp3d/2azQ1b91cZZ/2azQ1b91cZZ.glb,0,1.0,1.0,0.0,1.0,1.0,0.0,1.0,1.0,0.0,0.9589407383302335,0.9198936946757454,-0.03904704365448808,0.9589407383302335,0.9198936946757454,-0.03904704365448808,0.8086692094802856,1.8060381412506104,0.9973689317703247,53.0,48.0,-5.0,8.25000286102295,7.250002384185791,-1.0000004768371582,0.0,0.0,0.0,0.0,0.0,0.0
1382,mp3d/2azQ1b91cZZ/2azQ1b91cZZ.glb,0,1.0,1.0,0.0,1.0,1.0,0.0,1.0,1.0,0.0,0.9589407383302335,0.9589407383302335,0.0,0.9589407383302335,0.9589407383302335,0.0,0.8086692094802856,0.8086692094802856,0.0,53.0,53.0,0.0,8.25000286102295,8.25000286102295,0.0,0.0,0.0,0.0,0.0,0.0,0.0
1383,mp3d/2azQ1b91cZZ/2azQ1b91cZZ.glb,0,0.0,0.0,0.0,0.0,0.0,0.0,0.0,0.0,0.0,0.02407096388432184,0.03843957541162526,0.01436861152730342,0.0,0.0,0.0,19.42981719970703,19.768741607666016,0.3389244079589844,104.0,68.0,-36.0,14.015584945678711,11.75000286102295,-2.2655820846557617,0.1206896551724138,0.0,-0.1206896551724138,0.0,0.0,0.0
1384,mp3d/zsNo4HB9uLZ/zsNo4HB9uLZ.glb,0,1.0,0.0,-1.0,1.0,0.0,-1.0,0.9824469606303816,0.0,-0.9824469606303816,0.9178460919173352,0.8475712566469527,-0.07027483527038259,0.9178460919173352,0.0,-0.9178460919173352,1.8873872756958008,3.6054532527923584,1.7180659770965576,99.0,86.0,-13.0,15.266252517700195,13.516252517700195,-1.75,0.0,0.0,0.0,0.0,0.0,0.0
1385,mp3d/zsNo4HB9uLZ/zsNo4HB9uLZ.glb,0,0.0,0.0,0.0,0.0,0.0,0.0,0.0,0.0,0.0,0.7551782360314828,0.7551782360314828,0.0,0.0,0.0,0.0,4.644359588623047,4.644359588623047,0.0,88.0,88.0,0.0,12.912500381469727,12.912500381469727,0.0,0.16666666666666666,0.16666666666666666,0.0,0.0,0.0,0.0
1386,mp3d/zsNo4HB9uLZ/zsNo4HB9uLZ.glb,0,1.0,1.0,0.0,1.0,1.0,0.0,0.9279680143689877,0.9425471879210813,0.014579173552093594,0.8718223559405626,0.8669767723841346,-0.004845583556427946,0.8718223559405626,0.8669767723841346,-0.004845583556427946,1.7671595811843872,1.936539649963379,0.1693800687789917,112.0,104.0,-8.0,16.162500381469727,15.912501335144043,-0.2499990463256836,0.13432835820895522,0.13636363636363635,0.0020352781546811305,0.0,0.0,0.0
1387,mp3d/zsNo4HB9uLZ/zsNo4HB9uLZ.glb,0,1.0,1.0,0.0,1.0,1.0,0.0,1.0,1.0,0.0,0.9039130017685543,0.9039130017685543,0.0,0.9039130017685543,0.9039130017685543,0.0,0.9388240575790405,0.9388240575790405,0.0,40.0,40.0,0.0,6.241732597351074,6.241732597351074,0.0,0.038461538461538464,0.038461538461538464,0.0,0.0,0.0,0.0
1388,mp3d/zsNo4HB9uLZ/zsNo4HB9uLZ.glb,0,1.0,1.0,0.0,1.0,1.0,0.0,0.481605030432715,0.481605030432715,0.0,0.35671987323148413,0.35671987323148413,0.0,0.35671987323148413,0.35671987323148413,0.0,2.713789701461792,2.713789701461792,0.0,97.0,97.0,0.0,13.86746883392334,13.86746883392334,0.0,0.14035087719298245,0.14035087719298245,0.0,0.0,0.0,0.0
1389,mp3d/zsNo4HB9uLZ/zsNo4HB9uLZ.glb,0,1.0,1.0,0.0,1.0,1.0,0.0,1.0,1.0,0.0,0.9039130017685543,0.9039130017685543,0.0,0.9039130017685543,0.9039130017685543,0.0,0.9388240575790405,0.9388240575790405,0.0,40.0,40.0,0.0,6.241732597351074,6.241732597351074,0.0,0.038461538461538464,0.038461538461538464,0.0,0.0,0.0,0.0
1390,mp3d/Z6MFQCViBuw/Z6MFQCViBuw.glb,0,1.0,1.0,0.0,1.0,1.0,0.0,0.9618516296787876,0.9626084362793053,0.0007568066005176899,0.8868131960162967,0.8587506874071611,-0.028062508609135617,0.8868131960162967,0.8587506874071611,-0.028062508609135617,1.2537314891815186,1.020798921585083,-0.23293256759643555,85.0,78.0,-7.0,16.15245819091797,16.139759063720703,-0.012699127197265625,0.0,0.0,0.0,0.0,0.0,0.0
1391,mp3d/Z6MFQCViBuw/Z6MFQCViBuw.glb,0,1.0,1.0,0.0,1.0,1.0,0.0,0.8363363864404628,0.823241661239352,-0.013094725201110768,0.8561333715376301,0.8084230727370889,-0.04771029880054123,0.8561333715376301,0.8084230727370889,-0.04771029880054123,1.5307822227478027,1.234679937362671,-0.29610228538513184,94.0,97.0,3.0,18.57657814025879,18.87206268310547,0.2954845428466797,0.0,0.0,0.0,0.0,0.0,0.0
1392,mp3d/Z6MFQCViBuw/Z6MFQCViBuw.glb,0,1.0,1.0,0.0,1.0,1.0,0.0,0.937242287910343,0.937242287910343,0.0,0.893936958344636,0.893936958344636,0.0,0.893936958344636,0.893936958344636,0.0,0.556016743183136,0.556016743183136,0.0,85.0,85.0,0.0,16.576576232910156,16.576576232910156,0.0,0.0,0.0,0.0,0.0,0.0,0.0
1393,mp3d/2azQ1b91cZZ/2azQ1b91cZZ.glb,0,0.0,0.0,0.0,1.0,1.0,0.0,0.0,0.0,0.0,0.4186208480395744,0.4535714105383763,0.03495056249880191,0.0,0.0,0.0,8.335813522338867,8.335813522338867,0.0,177.0,201.0,24.0,28.682693481445312,29.68269157409668,0.9999980926513672,0.017241379310344827,0.016666666666666666,-0.0005747126436781609,1.0,1.0,0.0
1394,mp3d/2azQ1b91cZZ/2azQ1b91cZZ.glb,0,0.0,0.0,0.0,0.0,0.0,0.0,0.0,0.0,0.0,0.44920598578682397,0.029151224839517795,-0.42005476094730615,0.0,0.0,0.0,7.145540714263916,24.757244110107422,17.611703395843506,141.0,136.0,-5.0,16.428085327148438,18.397808074951172,1.9697227478027344,0.2835820895522388,0.02666666666666667,-0.2569154228855721,0.0,0.0,0.0
1395,mp3d/2azQ1b91cZZ/2azQ1b91cZZ.glb,0,0.0,0.0,0.0,0.0,1.0,1.0,0.0,0.0,0.0,0.3107291746720778,0.40508583207342597,0.09435665740134819,0.0,0.0,0.0,6.790337085723877,8.467281341552734,1.6769442558288574,135.0,268.0,133.0,21.750003814697266,35.91881561279297,14.168811798095703,0.0,0.061224489795918366,0.061224489795918366,0.0,1.0,1.0
1396,mp3d/QUCTc6BB5sX/QUCTc6BB5sX.glb,0,1.0,1.0,0.0,1.0,1.0,0.0,0.7845695708827372,0.7845695708827372,0.0,0.8090209947795809,0.8090209947795809,0.0,0.8090209947795809,0.8090209947795809,0.0,0.838709831237793,0.838709831237793,0.0,81.0,81.0,0.0,11.238903045654297,11.238903045654297,0.0,0.0,0.0,0.0,0.0,0.0,0.0
1397,mp3d/QUCTc6BB5sX/QUCTc6BB5sX.glb,0,1.0,1.0,0.0,1.0,1.0,0.0,0.8467217067568465,0.7210994367628029,-0.1256222699940437,0.7627259617720591,0.5745273327673557,-0.1881986290047034,0.7627259617720591,0.5745273327673557,-0.1881986290047034,0.5871573686599731,1.8492854833602905,1.2621281147003174,54.0,72.0,18.0,10.413930892944336,12.228135108947754,1.814204216003418,0.0,0.0,0.0,0.0,0.0,0.0
1398,mp3d/QUCTc6BB5sX/QUCTc6BB5sX.glb,0,1.0,1.0,0.0,1.0,1.0,0.0,0.9308435614043672,0.9486439135138329,0.017800352109465734,0.8283420248075437,0.9112429169999444,0.08290089219240071,0.8283420248075437,0.9112429169999444,0.08290089219240071,0.6728625893592834,1.48140549659729,0.8085429072380066,51.0,65.0,14.0,9.472806930541992,9.295059204101562,-0.1777477264404297,0.0,0.05263157894736842,0.05263157894736842,0.0,0.0,0.0
1399,mp3d/Z6MFQCViBuw/Z6MFQCViBuw.glb,0,1.0,1.0,0.0,1.0,1.0,0.0,0.4138332840516722,0.6384656849543586,0.22463240090268644,0.395394570591248,0.6708169092891139,0.27542233869786586,0.395394570591248,0.6708169092891139,0.27542233869786586,0.63009113073349,0.9896754622459412,0.35958433151245117,171.0,96.0,-75.0,24.382896423339844,15.80422306060791,-8.578673362731934,0.01020408163265306,0.015625,0.00542091836734694,0.0,0.0,0.0
1400,mp3d/Z6MFQCViBuw/Z6MFQCViBuw.glb,0,0.0,1.0,1.0,1.0,1.0,0.0,0.0,0.3457545545153015,0.3457545545153015,0.058795523937201284,0.3048728475081172,0.24607732357091594,0.0,0.3048728475081172,0.3048728475081172,3.4187142848968506,1.1380623579025269,-2.2806519269943237,404.0,166.0,-238.0,45.31822204589844,29.18386459350586,-16.134357452392578,0.16145833333333334,0.0,-0.16145833333333334,1.0,0.0,-1.0
1401,mp3d/Z6MFQCViBuw/Z6MFQCViBuw.glb,0,1.0,1.0,0.0,1.0,1.0,0.0,0.8435164418853758,0.8435164418853758,0.0,0.9192835184013053,0.9192835184013053,0.0,0.9192835184013053,0.9192835184013053,0.0,1.0839899778366089,1.0839899778366089,0.0,67.0,67.0,0.0,11.96236801147461,11.96236801147461,0.0,0.0,0.0,0.0,0.0,0.0,0.0
1402,mp3d/oLBMNvg9in8/oLBMNvg9in8.glb,0,1.0,1.0,0.0,1.0,1.0,0.0,1.0,1.0,0.0,0.9514288969215365,0.9514288969215365,0.0,0.9514288969215365,0.9514288969215365,0.0,0.6011064052581787,0.6011064052581787,0.0,32.0,32.0,0.0,5.742043972015381,5.742043972015381,0.0,0.08333333333333333,0.08333333333333333,0.0,0.0,0.0,0.0
1403,mp3d/oLBMNvg9in8/oLBMNvg9in8.glb,0,1.0,1.0,0.0,1.0,1.0,0.0,1.0,1.0,0.0,0.9514288969215365,0.9514288969215365,0.0,0.9514288969215365,0.9514288969215365,0.0,0.6011064052581787,0.6011064052581787,0.0,32.0,32.0,0.0,5.742043972015381,5.742043972015381,0.0,0.08333333333333333,0.08333333333333333,0.0,0.0,0.0,0.0
1404,mp3d/oLBMNvg9in8/oLBMNvg9in8.glb,0,0.0,0.0,0.0,0.0,0.0,0.0,0.0,0.0,0.0,0.6352537404870929,0.6352537404870929,0.0,0.0,0.0,0.0,5.182037353515625,5.182037353515625,0.0,96.0,96.0,0.0,4.999999523162842,4.999999523162842,0.0,2.8095238095238093,2.8095238095238093,0.0,0.0,0.0,0.0
1405,mp3d/TbHJrupSAjP/TbHJrupSAjP.glb,0,1.0,1.0,0.0,1.0,1.0,0.0,0.566549182778631,0.7371349411818141,0.17058575840318313,0.7805501320612894,0.912335056792313,0.13178492473102354,0.7805501320612894,0.912335056792313,0.13178492473102354,0.530846357345581,0.5442690253257751,0.013422667980194092,91.0,69.0,-22.0,12.18435287475586,9.364683151245117,-2.819669723510742,0.0,0.0,0.0,0.0,0.0,0.0
1406,mp3d/TbHJrupSAjP/TbHJrupSAjP.glb,0,1.0,1.0,0.0,1.0,1.0,0.0,0.30477041115787,0.24857806144087805,-0.05619234971699197,0.403124051786822,0.20361800230385962,-0.19950604948296236,0.403124051786822,0.20361800230385962,-0.19950604948296236,0.8120879530906677,1.1454193592071533,0.3333314061164856,194.0,233.0,39.0,22.649951934814453,27.770090103149414,5.120138168334961,0.03296703296703297,0.036036036036036036,0.003069003069003068,0.0,0.0,0.0
1407,mp3d/TbHJrupSAjP/TbHJrupSAjP.glb,0,1.0,0.0,-1.0,1.0,1.0,0.0,0.29431389049135714,0.0,-0.29431389049135714,0.38503930492519794,0.23281648209444689,-0.15222282283075106,0.38503930492519794,0.0,-0.38503930492519794,1.7666875123977661,7.545627593994141,5.7789400815963745,201.0,229.0,28.0,23.454669952392578,26.705358505249023,3.2506885528564453,0.031914893617021274,0.009345794392523364,-0.02256909922449791,0.0,1.0,1.0
1408,mp3d/TbHJrupSAjP/TbHJrupSAjP.glb,0,1.0,1.0,0.0,1.0,1.0,0.0,0.909539089809904,0.5785357472173533,-0.3310033425925506,0.9624315934474236,0.7663764231808078,-0.19605517026661579,0.9624315934474236,0.7663764231808078,-0.19605517026661579,0.4105200171470642,1.8909056186676025,1.4803856015205383,39.0,58.0,19.0,5.070832252502441,7.972057342529297,2.9012250900268555,0.0,0.06060606060606061,0.06060606060606061,0.0,0.0,0.0
1409,mp3d/TbHJrupSAjP/TbHJrupSAjP.glb,0,1.0,1.0,0.0,1.0,1.0,0.0,1.0,1.0,0.0,0.9255512719060196,0.9255512719060196,0.0,0.9255512719060196,0.9255512719060196,0.0,1.4078532457351685,1.4078532457351685,0.0,34.0,34.0,0.0,4.021948337554932,4.021948337554932,0.0,0.0,0.0,0.0,0.0,0.0,0.0
1410,mp3d/TbHJrupSAjP/TbHJrupSAjP.glb,0,1.0,1.0,0.0,1.0,1.0,0.0,1.0,1.0,0.0,0.9255512719060196,0.9255512719060196,0.0,0.9255512719060196,0.9255512719060196,0.0,1.4078532457351685,1.4078532457351685,0.0,34.0,34.0,0.0,4.021948337554932,4.021948337554932,0.0,0.0,0.0,0.0,0.0,0.0,0.0
1411,mp3d/oLBMNvg9in8/oLBMNvg9in8.glb,0,1.0,1.0,0.0,1.0,1.0,0.0,1.0,1.0,0.0,0.858185890533372,0.858185890533372,0.0,0.858185890533372,0.858185890533372,0.0,2.4763052463531494,2.4763052463531494,0.0,28.0,28.0,0.0,5.019512176513672,5.019512176513672,0.0,0.25,0.25,0.0,0.0,0.0,0.0
1412,mp3d/oLBMNvg9in8/oLBMNvg9in8.glb,0,1.0,1.0,0.0,1.0,1.0,0.0,0.8613868912462459,0.8613868912462459,0.0,0.9178863569364911,0.9178863569364911,0.0,0.9178863569364911,0.9178863569364911,0.0,0.13452491164207458,0.13452491164207458,0.0,52.0,52.0,0.0,8.330362319946289,8.330362319946289,0.0,0.15625,0.15625,0.0,0.0,0.0,0.0
1413,mp3d/oLBMNvg9in8/oLBMNvg9in8.glb,0,1.0,1.0,0.0,1.0,1.0,0.0,0.6961776905001852,0.7484891654929189,0.0523114749927337,0.8437711570579929,0.8593768603986701,0.015605703340677235,0.8437711570579929,0.8593768603986701,0.015605703340677235,1.5851192474365234,1.1949962377548218,-0.39012300968170166,67.0,57.0,-10.0,10.307231903076172,9.586865425109863,-0.7203664779663086,0.02564102564102564,0.13513513513513514,0.10949410949410951,0.0,0.0,0.0
1414,mp3d/2azQ1b91cZZ/2azQ1b91cZZ.glb,0,1.0,1.0,0.0,1.0,1.0,0.0,0.6866892270458291,0.5304176133845084,-0.1562716136613207,0.6474567907689508,0.5594448630309753,-0.0880119277379755,0.6474567907689508,0.5594448630309753,-0.0880119277379755,0.5838000774383545,0.3495118319988251,-0.23428824543952942,84.0,115.0,31.0,12.77969741821289,16.544851303100586,3.7651538848876953,0.0,0.0,0.0,0.0,0.0,0.0
1415,mp3d/2azQ1b91cZZ/2azQ1b91cZZ.glb,0,1.0,1.0,0.0,1.0,1.0,0.0,0.8295569968129286,0.8295569968129286,0.0,0.6299186014852023,0.6299186014852023,0.0,0.6299186014852023,0.6299186014852023,0.0,0.3570079505443573,0.3570079505443573,0.0,74.0,74.0,0.0,10.578755378723145,10.578755378723145,0.0,0.0,0.0,0.0,0.0,0.0,0.0
1416,mp3d/2azQ1b91cZZ/2azQ1b91cZZ.glb,0,1.0,1.0,0.0,1.0,1.0,0.0,0.6621111171951546,0.8295569968129286,0.16744587961777402,0.5851487189385436,0.6299186014852023,0.0447698825466587,0.5851487189385436,0.6299186014852023,0.0447698825466587,0.6690765023231506,0.3570079505443573,-0.31206855177879333,99.0,74.0,-25.0,13.254090309143066,10.578755378723145,-2.675334930419922,0.0,0.0,0.0,0.0,0.0,0.0
1417,mp3d/TbHJrupSAjP/TbHJrupSAjP.glb,0,1.0,1.0,0.0,1.0,1.0,0.0,1.0,1.0,0.0,0.9593473272152807,0.9593473272152807,0.0,0.9593473272152807,0.9593473272152807,0.0,0.834239661693573,0.834239661693573,0.0,54.0,54.0,0.0,7.999998569488525,7.999998569488525,0.0,0.0,0.0,0.0,0.0,0.0,0.0
1418,mp3d/TbHJrupSAjP/TbHJrupSAjP.glb,0,0.0,0.0,0.0,1.0,1.0,0.0,0.0,0.0,0.0,0.7589010900392071,0.6933349413283373,-0.06556614871086985,0.0,0.0,0.0,4.281550407409668,4.50567626953125,0.22412586212158203,90.0,99.0,9.0,11.42883586883545,12.42883586883545,1.0,0.02127659574468085,0.0196078431372549,-0.0016687526074259489,1.0,1.0,0.0
1419,mp3d/TbHJrupSAjP/TbHJrupSAjP.glb,0,0.0,1.0,1.0,1.0,1.0,0.0,0.0,0.8695744835275834,0.8695744835275834,0.6634264595170078,0.923879260807668,0.2604528012906602,0.0,0.923879260807668,0.923879260807668,5.831650733947754,0.17467279732227325,-5.656977936625481,67.0,61.0,-6.0,10.999999046325684,9.499999046325684,-1.5,0.0,0.0,0.0,1.0,0.0,-1.0
1420,mp3d/QUCTc6BB5sX/QUCTc6BB5sX.glb,0,0.0,1.0,1.0,1.0,1.0,0.0,0.0,0.5881441038153954,0.5881441038153954,0.32259037156314996,0.767092619187151,0.44450224762400103,0.0,0.767092619187151,0.767092619187151,5.714272499084473,2.2020740509033203,-3.5121984481811523,328.0,146.0,-182.0,47.08100128173828,22.422096252441406,-24.658905029296875,0.046875,0.07526881720430108,0.028393817204301078,1.0,0.0,-1.0
1421,mp3d/QUCTc6BB5sX/QUCTc6BB5sX.glb,0,1.0,0.0,-1.0,1.0,1.0,0.0,0.5243903419454905,0.0,-0.5243903419454905,0.6087720347332526,0.6804577265438094,0.07168569181055684,0.6087720347332526,0.0,-0.6087720347332526,2.4094326496124268,3.9069535732269287,1.497520923614502,172.0,154.0,-18.0,25.14810562133789,23.64810562133789,-1.5,0.07692307692307693,0.08163265306122448,0.004709576138147556,0.0,1.0,1.0
1422,mp3d/QUCTc6BB5sX/QUCTc6BB5sX.glb,0,0.0,1.0,1.0,1.0,1.0,0.0,0.0,0.781946533421503,0.781946533421503,0.697926935293471,0.834180519290291,0.13625358399681997,0.0,0.834180519290291,0.834180519290291,3.5009939670562744,2.994605302810669,-0.5063886642456055,156.0,101.0,-55.0,23.39810562133789,16.864866256713867,-6.533239364624023,0.08247422680412371,0.043478260869565216,-0.038995965934558494,1.0,0.0,-1.0
1423,mp3d/TbHJrupSAjP/TbHJrupSAjP.glb,0,0.0,0.0,0.0,0.0,0.0,0.0,0.0,0.0,0.0,0.346395848680353,0.4427939473234617,0.09639809864310872,0.0,0.0,0.0,6.67904806137085,6.84180212020874,0.16275405883789062,227.0,248.0,21.0,28.212318420410156,25.81928825378418,-2.3930301666259766,0.059322033898305086,0.06481481481481481,0.005492780916509725,0.0,0.0,0.0
1424,mp3d/TbHJrupSAjP/TbHJrupSAjP.glb,0,0.0,0.0,0.0,0.0,0.0,0.0,0.0,0.0,0.0,0.4864104776607157,0.5359465727618634,0.049536095101147704,0.0,0.0,0.0,5.975801944732666,7.260985374450684,1.2851834297180176,113.0,95.0,-18.0,14.57641887664795,12.894369125366211,-1.6820497512817383,0.11290322580645161,0.125,0.01209677419354839,0.0,0.0,0.0
1425,mp3d/TbHJrupSAjP/TbHJrupSAjP.glb,0,0.0,0.0,0.0,0.0,0.0,0.0,0.0,0.0,0.0,0.5729428754823503,0.5729428754823503,0.0,0.0,0.0,0.0,6.312894344329834,6.312894344329834,0.0,91.0,91.0,0.0,11.715204238891602,11.715204238891602,0.0,0.1346153846153846,0.1346153846153846,0.0,0.0,0.0,0.0
1426,mp3d/QUCTc6BB5sX/QUCTc6BB5sX.glb,0,1.0,0.0,-1.0,1.0,0.0,-1.0,0.8965974952230387,0.0,-0.8965974952230387,0.8600759418359467,0.7240842198119793,-0.13599172202396737,0.8600759418359467,0.0,-0.8600759418359467,1.0994700193405151,4.429111957550049,3.3296419382095337,69.0,42.0,-27.0,14.490896224975586,8.959678649902344,-5.531217575073242,0.0,0.0,0.0,0.0,0.0,0.0
1427,mp3d/QUCTc6BB5sX/QUCTc6BB5sX.glb,0,0.0,0.0,0.0,0.0,0.0,0.0,0.0,0.0,0.0,0.5042095283698438,0.5042095283698438,0.0,0.0,0.0,0.0,5.883192539215088,5.883192539215088,0.0,85.0,85.0,0.0,14.857437133789062,14.857437133789062,0.0,0.08333333333333333,0.08333333333333333,0.0,0.0,0.0,0.0
1428,mp3d/QUCTc6BB5sX/QUCTc6BB5sX.glb,0,1.0,1.0,0.0,1.0,1.0,0.0,0.9624423112136941,1.0,0.03755768878630594,0.914764425915922,0.9227855953965998,0.00802116948067777,0.914764425915922,0.9227855953965998,0.00802116948067777,0.7590171098709106,1.1444789171218872,0.38546180725097656,59.0,53.0,-6.0,13.49951171875,12.219627380371094,-1.2798843383789062,0.0,0.0,0.0,0.0,0.0,0.0
1429,mp3d/oLBMNvg9in8/oLBMNvg9in8.glb,0,1.0,0.0,-1.0,1.0,0.0,-1.0,0.9558812266503663,0.0,-0.9558812266503663,0.726537046292382,0.6614222716041583,-0.06511477468822369,0.726537046292382,0.0,-0.726537046292382,2.154266357421875,3.0846195220947266,0.9303531646728516,53.0,48.0,-5.0,9.276772499084473,8.026772499084473,-1.25,0.0,0.0,0.0,0.0,0.0,0.0
1430,mp3d/oLBMNvg9in8/oLBMNvg9in8.glb,0,1.0,1.0,0.0,1.0,1.0,0.0,0.7924885817428571,0.7924885817428571,0.0,0.8961651128313725,0.8961651128313725,0.0,0.8961651128313725,0.8961651128313725,0.0,0.7555849552154541,0.7555849552154541,0.0,72.0,72.0,0.0,11.18942642211914,11.18942642211914,0.0,0.022222222222222223,0.022222222222222223,0.0,0.0,0.0,0.0
1431,mp3d/oLBMNvg9in8/oLBMNvg9in8.glb,0,1.0,1.0,0.0,1.0,1.0,0.0,0.722298250518852,0.722298250518852,0.0,0.7589706333786572,0.7589706333786572,0.0,0.7589706333786572,0.7589706333786572,0.0,0.7486160397529602,0.7486160397529602,0.0,70.0,70.0,0.0,12.276774406433105,12.276774406433105,0.0,0.0,0.0,0.0,0.0,0.0,0.0
1432,mp3d/2azQ1b91cZZ/2azQ1b91cZZ.glb,0,1.0,1.0,0.0,1.0,1.0,0.0,1.0,0.7726726789702508,-0.22732732102974917,0.8929604919898484,0.7851767160656725,-0.10778377592417587,0.8929604919898484,0.7851767160656725,-0.10778377592417587,1.4945704936981201,1.7395813465118408,0.2450108528137207,57.0,109.0,52.0,8.723333358764648,12.005664825439453,3.2823314666748047,0.25,0.10204081632653061,-0.14795918367346939,0.0,0.0,0.0
1433,mp3d/2azQ1b91cZZ/2azQ1b91cZZ.glb,0,0.0,0.0,0.0,0.0,0.0,0.0,0.0,0.0,0.0,0.6677838551852723,0.619927515614656,-0.0478563395706163,0.0,0.0,0.0,4.706220626831055,5.263428688049316,0.5572080612182617,39.0,34.0,-5.0,5.255663871765137,4.505663871765137,-0.75,0.22727272727272727,0.2631578947368421,0.035885167464114825,0.0,0.0,0.0
1434,mp3d/2azQ1b91cZZ/2azQ1b91cZZ.glb,0,1.0,1.0,0.0,1.0,1.0,0.0,0.9540400252892065,0.9540400252892065,0.0,0.9119789655973007,0.9119789655973007,0.0,0.9119789655973007,0.9119789655973007,0.0,0.5671493411064148,0.5671493411064148,0.0,64.0,64.0,0.0,9.723333358764648,9.723333358764648,0.0,0.225,0.225,0.0,0.0,0.0,0.0
1435,mp3d/zsNo4HB9uLZ/zsNo4HB9uLZ.glb,0,1.0,1.0,0.0,1.0,1.0,0.0,0.8272034858524017,0.8272034858524017,0.0,0.914687739114977,0.914687739114977,0.0,0.914687739114977,0.914687739114977,0.0,0.27503740787506104,0.27503740787506104,0.0,67.0,67.0,0.0,10.249998092651367,10.249998092651367,0.0,0.0,0.0,0.0,0.0,0.0,0.0
1436,mp3d/zsNo4HB9uLZ/zsNo4HB9uLZ.glb,0,1.0,1.0,0.0,1.0,1.0,0.0,0.5299272292722278,0.7708032384011075,0.24087600912887974,0.6609345219967291,0.892294861817747,0.2313603398210179,0.6609345219967291,0.892294861817747,0.2313603398210179,0.45130228996276855,0.8065741062164307,0.3552718162536621,116.0,70.0,-46.0,15.99999713897705,10.999998092651367,-4.999999046325684,0.0,0.0,0.0,0.0,0.0,0.0
1437,mp3d/zsNo4HB9uLZ/zsNo4HB9uLZ.glb,0,1.0,1.0,0.0,1.0,1.0,0.0,0.8272034858524017,0.4293081412608745,-0.39789534459152714,0.914687739114977,0.4639702107465816,-0.4507175283683954,0.914687739114977,0.4639702107465816,-0.4507175283683954,0.27503740787506104,0.7749698758125305,0.4999324679374695,67.0,131.0,64.0,10.249998092651367,19.749996185302734,9.499998092651367,0.0,0.0,0.0,0.0,0.0,0.0
1438,mp3d/zsNo4HB9uLZ/zsNo4HB9uLZ.glb,0,1.0,1.0,0.0,1.0,1.0,0.0,0.3569755582250752,0.5423972870790298,0.18542172885395458,0.313451131867288,0.4811660659043941,0.16771493403710608,0.313451131867288,0.4811660659043941,0.16771493403710608,2.1963629722595215,2.636202096939087,0.43983912467956543,153.0,92.0,-61.0,18.25763511657715,12.016154289245605,-6.241480827331543,0.013513513513513514,0.0,-0.013513513513513514,0.0,0.0,0.0
1439,mp3d/zsNo4HB9uLZ/zsNo4HB9uLZ.glb,0,1.0,1.0,0.0,1.0,1.0,0.0,1.0,1.0,0.0,0.8259951887329479,0.8259951887329479,0.0,0.8259951887329479,0.8259951887329479,0.0,2.618786573410034,2.618786573410034,0.0,37.0,37.0,0.0,4.762172222137451,4.762172222137451,0.0,0.0,0.0,0.0,0.0,0.0,0.0
1440,mp3d/zsNo4HB9uLZ/zsNo4HB9uLZ.glb,0,1.0,1.0,0.0,1.0,1.0,0.0,1.0,1.0,0.0,0.8259951887329479,0.8259951887329479,0.0,0.8259951887329479,0.8259951887329479,0.0,2.618786573410034,2.618786573410034,0.0,37.0,37.0,0.0,4.762172222137451,4.762172222137451,0.0,0.0,0.0,0.0,0.0,0.0,0.0
1441,mp3d/2azQ1b91cZZ/2azQ1b91cZZ.glb,0,1.0,0.0,-1.0,1.0,0.0,-1.0,0.2808565735381555,0.0,-0.2808565735381555,0.12557795387439605,0.32803079822116726,0.20245284434677122,0.12557795387439605,0.0,-0.12557795387439605,0.08401142805814743,8.509400367736816,8.425388939678669,147.0,50.0,-97.0,20.92839813232422,7.194429397583008,-13.733968734741211,0.08235294117647059,0.1,0.01764705882352942,0.0,0.0,0.0
1442,mp3d/2azQ1b91cZZ/2azQ1b91cZZ.glb,0,0.0,0.0,0.0,0.0,0.0,0.0,0.0,0.0,0.0,0.45942357799305195,0.5579907556473767,0.09856717765432471,0.0,0.0,0.0,7.310583114624023,6.364164352416992,-0.9464187622070312,43.0,38.0,-5.0,5.944429397583008,4.977771282196045,-0.9666581153869629,0.12,0.09523809523809523,-0.024761904761904763,0.0,0.0,0.0
1443,mp3d/2azQ1b91cZZ/2azQ1b91cZZ.glb,0,0.0,0.0,0.0,0.0,0.0,0.0,0.0,0.0,0.0,0.4995476903805824,0.4995476903805824,0.0,0.0,0.0,0.0,6.159287452697754,6.159287452697754,0.0,46.0,46.0,0.0,6.493490219116211,6.493490219116211,0.0,0.037037037037037035,0.037037037037037035,0.0,0.0,0.0,0.0
1444,mp3d/X7HyMhZNoso/X7HyMhZNoso.glb,0,1.0,0.0,-1.0,1.0,1.0,0.0,0.6181903242278612,0.0,-0.6181903242278612,0.8315160578007862,0.016242215473478375,-0.8152738423273078,0.8315160578007862,0.0,-0.8315160578007862,0.5087642669677734,4.915152549743652,4.406388282775879,78.0,302.0,224.0,10.750003814697266,41.139549255371094,30.389545440673828,0.0,0.017964071856287425,0.017964071856287425,0.0,1.0,1.0
1445,mp3d/X7HyMhZNoso/X7HyMhZNoso.glb,0,0.0,1.0,1.0,0.0,1.0,1.0,0.0,0.7972535198376287,0.7972535198376287,0.47631507742249074,0.7677245488952589,0.29140947147276813,0.0,0.7677245488952589,0.7677245488952589,4.2799835205078125,0.8909806609153748,-3.3890028595924377,202.0,129.0,-73.0,7.175082683563232,8.335552215576172,1.1604695320129395,0.9074074074074074,0.5283018867924528,-0.3791055206149546,0.0,0.0,0.0
1446,mp3d/X7HyMhZNoso/X7HyMhZNoso.glb,0,1.0,1.0,0.0,1.0,1.0,0.0,0.8574899505818366,0.9493640490940639,0.09187409851222728,0.8450778485270205,0.8872877814446641,0.04220993291764363,0.8450778485270205,0.8872877814446641,0.04220993291764363,2.6028122901916504,2.344221591949463,-0.2585906982421875,49.0,43.0,-6.0,7.750001430511475,7.0,-0.7500014305114746,0.0,0.0,0.0,0.0,0.0,0.0
1447,mp3d/TbHJrupSAjP/TbHJrupSAjP.glb,0,1.0,0.0,-1.0,1.0,0.0,-1.0,0.40532077699006475,0.0,-0.40532077699006475,0.47692993143427975,0.318397275209593,-0.15853265622468676,0.47692993143427975,0.0,-0.47692993143427975,0.28776198625564575,7.864925861358643,7.577163875102997,166.0,191.0,25.0,25.522369384765625,24.79843521118164,-0.7239341735839844,0.01,0.01020408163265306,0.0002040816326530602,0.0,0.0,0.0
1448,mp3d/TbHJrupSAjP/TbHJrupSAjP.glb,0,0.0,1.0,1.0,1.0,1.0,0.0,0.0,0.6665746335399849,0.6665746335399849,0.1337279403750141,0.7487253024340105,0.6149973620589964,0.0,0.7487253024340105,0.7487253024340105,8.780265808105469,0.8427324891090393,-7.937533318996429,350.0,106.0,-244.0,46.62992477416992,15.519262313842773,-31.11066246032715,0.010869565217391304,0.0,-0.010869565217391304,1.0,0.0,-1.0
1449,mp3d/TbHJrupSAjP/TbHJrupSAjP.glb,0,0.0,0.0,0.0,0.0,0.0,0.0,0.0,0.0,0.0,0.7367492717402704,0.7367492717402704,0.0,0.0,0.0,0.0,3.5104053020477295,3.5104053020477295,0.0,58.0,58.0,0.0,8.935065269470215,8.935065269470215,0.0,0.027777777777777776,0.027777777777777776,0.0,0.0,0.0,0.0
1450,mp3d/oLBMNvg9in8/oLBMNvg9in8.glb,0,0.0,0.0,0.0,0.0,0.0,0.0,0.0,0.0,0.0,0.4372478839681706,0.4372478839681706,0.0,0.0,0.0,0.0,10.170578956604004,10.170578956604004,0.0,86.0,86.0,0.0,2.8181700706481934,2.8181700706481934,0.0,0.8285714285714286,0.8285714285714286,0.0,0.0,0.0,0.0
1451,mp3d/oLBMNvg9in8/oLBMNvg9in8.glb,0,0.0,0.0,0.0,0.0,0.0,0.0,0.0,0.0,0.0,0.4372478839681706,0.4372478839681706,0.0,0.0,0.0,0.0,10.170578956604004,10.170578956604004,0.0,86.0,86.0,0.0,2.8181700706481934,2.8181700706481934,0.0,0.8285714285714286,0.8285714285714286,0.0,0.0,0.0,0.0
1452,mp3d/oLBMNvg9in8/oLBMNvg9in8.glb,0,0.0,0.0,0.0,0.0,0.0,0.0,0.0,0.0,0.0,0.4372478839681706,0.4372478839681706,0.0,0.0,0.0,0.0,10.170578956604004,10.170578956604004,0.0,86.0,86.0,0.0,2.8181700706481934,2.8181700706481934,0.0,0.8285714285714286,0.8285714285714286,0.0,0.0,0.0,0.0
1453,mp3d/2azQ1b91cZZ/2azQ1b91cZZ.glb,0,0.0,1.0,1.0,0.0,1.0,1.0,0.0,0.49138795491732856,0.49138795491732856,0.10731705119803908,0.1192362879677119,0.011919236769672811,0.0,0.1192362879677119,0.1192362879677119,4.1513991355896,2.4481208324432373,-1.7032783031463623,154.0,145.0,-9.0,24.22054672241211,23.298566818237305,-0.9219799041748047,0.01020408163265306,0.010638297872340425,0.00043421623968736486,0.0,0.0,0.0
1454,mp3d/2azQ1b91cZZ/2azQ1b91cZZ.glb,0,1.0,1.0,0.0,1.0,1.0,0.0,0.29419028322222257,0.7812584358696889,0.48706815264746633,0.4253437328042999,0.7848807468073813,0.3595370140030814,0.4253437328042999,0.7848807468073813,0.3595370140030814,1.6779650449752808,1.9236743450164795,0.24570930004119873,319.0,108.0,-211.0,38.915748596191406,14.654094696044922,-24.261653900146484,0.00641025641025641,0.0,-0.00641025641025641,0.0,0.0,0.0
1455,mp3d/2azQ1b91cZZ/2azQ1b91cZZ.glb,0,0.0,1.0,1.0,0.0,1.0,1.0,0.0,0.26711134924032526,0.26711134924032526,0.09548358611450358,0.19038256570010942,0.09489897958560584,0.0,0.19038256570010942,0.19038256570010942,6.961585998535156,2.256899356842041,-4.704686641693115,244.0,297.0,53.0,29.994365692138672,42.86090850830078,12.86654281616211,0.008264462809917356,0.0,-0.008264462809917356,0.0,0.0,0.0
1456,mp3d/oLBMNvg9in8/oLBMNvg9in8.glb,0,0.0,1.0,1.0,1.0,1.0,0.0,0.0,0.8364322813279089,0.8364322813279089,0.8063928650766545,0.8760991982383742,0.0697063331617197,0.0,0.8760991982383742,0.8760991982383742,3.1663167476654053,1.2018098831176758,-1.9645068645477295,86.0,67.0,-19.0,11.800956726074219,9.550956726074219,-2.25,0.0,0.0,0.0,1.0,0.0,-1.0
1457,mp3d/oLBMNvg9in8/oLBMNvg9in8.glb,0,0.0,0.0,0.0,0.0,0.0,0.0,0.0,0.0,0.0,0.7369517540546494,0.674711180091491,-0.06224057396315841,0.0,0.0,0.0,3.384108066558838,4.100743770599365,0.7166357040405273,45.0,38.0,-7.0,6.050956726074219,5.299502372741699,-0.7514543533325195,0.0,0.0,0.0,0.0,0.0,0.0
1458,mp3d/oLBMNvg9in8/oLBMNvg9in8.glb,0,1.0,1.0,0.0,1.0,1.0,0.0,0.6769560052367022,0.7228992675724955,0.04594326233579327,0.8550228559557441,0.8565619091082742,0.001539053152530112,0.8550228559557441,0.8565619091082742,0.001539053152530112,1.055802822113037,1.1612648963928223,0.10546207427978516,77.0,75.0,-2.0,11.800956726074219,11.050956726074219,-0.75,0.0,0.0,0.0,0.0,0.0,0.0
1459,mp3d/2azQ1b91cZZ/2azQ1b91cZZ.glb,0,1.0,1.0,0.0,1.0,1.0,0.0,0.8692197324445162,0.8692197324445162,0.0,0.8852718658323563,0.8852718658323563,0.0,0.8852718658323563,0.8852718658323563,0.0,0.6174502372741699,0.6174502372741699,0.0,43.0,43.0,0.0,6.180880546569824,6.180880546569824,0.0,0.0,0.0,0.0,0.0,0.0,0.0
1460,mp3d/2azQ1b91cZZ/2azQ1b91cZZ.glb,0,1.0,1.0,0.0,1.0,1.0,0.0,0.8692197324445162,0.8692197324445162,0.0,0.8852718658323563,0.8852718658323563,0.0,0.8852718658323563,0.8852718658323563,0.0,0.6174502372741699,0.6174502372741699,0.0,43.0,43.0,0.0,6.180880546569824,6.180880546569824,0.0,0.0,0.0,0.0,0.0,0.0,0.0
1461,mp3d/2azQ1b91cZZ/2azQ1b91cZZ.glb,0,1.0,1.0,0.0,1.0,1.0,0.0,0.8692197324445162,0.8692197324445162,0.0,0.8852718658323563,0.8852718658323563,0.0,0.8852718658323563,0.8852718658323563,0.0,0.6174502372741699,0.6174502372741699,0.0,43.0,43.0,0.0,6.180880546569824,6.180880546569824,0.0,0.0,0.0,0.0,0.0,0.0,0.0
1462,mp3d/QUCTc6BB5sX/QUCTc6BB5sX.glb,0,1.0,1.0,0.0,1.0,1.0,0.0,0.8008902674514402,0.8008902674514402,0.0,0.8426971598127597,0.8426971598127597,0.0,0.8426971598127597,0.8426971598127597,0.0,1.6041618585586548,1.6041618585586548,0.0,78.0,78.0,0.0,8.863507270812988,8.863507270812988,0.0,0.10256410256410256,0.10256410256410256,0.0,0.0,0.0,0.0
1463,mp3d/QUCTc6BB5sX/QUCTc6BB5sX.glb,0,1.0,1.0,0.0,1.0,1.0,0.0,0.701902500211697,0.48576266558526865,-0.21613983462642833,0.8704777096154098,0.4941631554118184,-0.37631455420359144,0.8704777096154098,0.4941631554118184,-0.37631455420359144,0.5877313613891602,1.7168751955032349,1.1291438341140747,87.0,128.0,41.0,10.113508224487305,14.613508224487305,4.5,0.09090909090909091,0.06451612903225806,-0.02639296187683285,0.0,0.0,0.0
1464,mp3d/QUCTc6BB5sX/QUCTc6BB5sX.glb,0,1.0,1.0,0.0,1.0,1.0,0.0,0.701902500211697,0.701902500211697,0.0,0.8704777096154098,0.8704777096154098,0.0,0.8704777096154098,0.8704777096154098,0.0,0.5877313613891602,0.5877313613891602,0.0,87.0,87.0,0.0,10.113508224487305,10.113508224487305,0.0,0.09090909090909091,0.09090909090909091,0.0,0.0,0.0,0.0
1465,mp3d/QUCTc6BB5sX/QUCTc6BB5sX.glb,0,1.0,1.0,0.0,1.0,1.0,0.0,0.7341189070605413,0.7341189070605413,0.0,0.4256030915827259,0.4256030915827259,0.0,0.4256030915827259,0.4256030915827259,0.0,0.8011172413825989,0.8011172413825989,0.0,87.0,87.0,0.0,14.361193656921387,14.361193656921387,0.0,0.017241379310344827,0.017241379310344827,0.0,0.0,0.0,0.0
1466,mp3d/QUCTc6BB5sX/QUCTc6BB5sX.glb,0,1.0,1.0,0.0,1.0,1.0,0.0,0.7330801968681988,0.7330801968681988,0.0,0.424587631919052,0.424587631919052,0.0,0.424587631919052,0.424587631919052,0.0,0.34800758957862854,0.34800758957862854,0.0,85.0,85.0,0.0,14.381542205810547,14.381542205810547,0.0,0.017241379310344827,0.017241379310344827,0.0,0.0,0.0,0.0
1467,mp3d/QUCTc6BB5sX/QUCTc6BB5sX.glb,0,0.0,0.0,0.0,0.0,0.0,0.0,0.0,0.0,0.0,0.22031465721944193,0.3316284015115449,0.11131374429210295,0.0,0.0,0.0,4.276577472686768,4.2405500411987305,-0.03602743148803711,101.0,66.0,-35.0,13.813822746276855,10.313823699951172,-3.4999990463256836,0.017857142857142856,0.023809523809523808,0.005952380952380952,0.0,0.0,0.0
1468,mp3d/oLBMNvg9in8/oLBMNvg9in8.glb,0,1.0,1.0,0.0,1.0,1.0,0.0,0.6011512785358655,0.6724661638049239,0.07131488526905838,0.6393165049564791,0.6656959947726988,0.026379489816219737,0.6393165049564791,0.6656959947726988,0.026379489816219737,0.9180339574813843,0.031279306858778,-0.8867546506226063,55.0,52.0,-3.0,8.82088565826416,7.885432720184326,-0.935452938079834,0.0,0.0,0.0,0.0,0.0,0.0
1469,mp3d/oLBMNvg9in8/oLBMNvg9in8.glb,0,1.0,1.0,0.0,1.0,1.0,0.0,0.6011512785358655,0.6011512785358655,0.0,0.6393165049564791,0.6393165049564791,0.0,0.6393165049564791,0.6393165049564791,0.0,0.9180339574813843,0.9180339574813843,0.0,55.0,55.0,0.0,8.82088565826416,8.82088565826416,0.0,0.0,0.0,0.0,0.0,0.0,0.0
1470,mp3d/oLBMNvg9in8/oLBMNvg9in8.glb,0,1.0,1.0,0.0,1.0,1.0,0.0,0.8118608275292727,0.8118608275292727,0.0,0.6456074972880951,0.6456074972880951,0.0,0.6456074972880951,0.6456074972880951,0.0,1.2454140186309814,1.2454140186309814,0.0,46.0,46.0,0.0,6.531521797180176,6.531521797180176,0.0,0.0,0.0,0.0,0.0,0.0,0.0
1471,mp3d/2azQ1b91cZZ/2azQ1b91cZZ.glb,0,1.0,1.0,0.0,1.0,1.0,0.0,0.49135251463331414,0.49135251463331414,0.0,0.6918310940388451,0.6918310940388451,0.0,0.6918310940388451,0.6918310940388451,0.0,2.3155417442321777,2.3155417442321777,0.0,145.0,145.0,0.0,20.728431701660156,20.728431701660156,0.0,0.011904761904761904,0.011904761904761904,0.0,0.0,0.0,0.0
1472,mp3d/2azQ1b91cZZ/2azQ1b91cZZ.glb,0,1.0,1.0,0.0,1.0,1.0,0.0,0.5827163630185129,0.49135251463331414,-0.09136384838519879,0.7198354782403757,0.6918310940388451,-0.02800438420153062,0.7198354782403757,0.6918310940388451,-0.02800438420153062,2.51725435256958,2.3155417442321777,-0.20171260833740234,126.0,145.0,19.0,17.478429794311523,20.728431701660156,3.250001907348633,0.014084507042253521,0.011904761904761904,-0.0021797451374916173,0.0,0.0,0.0
1473,mp3d/2azQ1b91cZZ/2azQ1b91cZZ.glb,0,1.0,1.0,0.0,1.0,1.0,0.0,0.20492663045021675,0.32898964923828833,0.12406301878807158,0.03272679909258484,0.1438866931067766,0.11115989401419175,0.03272679909258484,0.1438866931067766,0.11115989401419175,0.5194111466407776,2.2980716228485107,1.7786604762077332,312.0,198.0,-114.0,49.70055389404297,30.95832061767578,-18.742233276367188,0.015,0.016,0.0010000000000000009,0.0,0.0,0.0
1474,mp3d/zsNo4HB9uLZ/zsNo4HB9uLZ.glb,0,1.0,1.0,0.0,1.0,1.0,0.0,0.919145579131685,0.919145579131685,0.0,0.8814541834489291,0.8814541834489291,0.0,0.8814541834489291,0.8814541834489291,0.0,1.8528549671173096,1.8528549671173096,0.0,46.0,46.0,0.0,7.749999523162842,7.749999523162842,0.0,0.0,0.0,0.0,0.0,0.0,0.0
1475,mp3d/zsNo4HB9uLZ/zsNo4HB9uLZ.glb,0,1.0,1.0,0.0,1.0,1.0,0.0,1.0,0.7318146426945393,-0.26818535730546067,0.8502919687822768,0.8675287218470052,0.017236753064728494,0.8502919687822768,0.8675287218470052,0.017236753064728494,2.663032293319702,2.2908854484558105,-0.3721468448638916,36.0,63.0,27.0,6.000002861022949,9.733855247497559,3.7338523864746094,0.0,0.025,0.025,0.0,0.0,0.0
1476,mp3d/zsNo4HB9uLZ/zsNo4HB9uLZ.glb,0,1.0,1.0,0.0,1.0,1.0,0.0,0.9191451832635265,0.8142676102169865,-0.10487757304654,0.9388517923289731,0.8660457907525365,-0.07280600157643657,0.9388517923289731,0.8660457907525365,-0.07280600157643657,0.9140525460243225,0.7871208786964417,-0.12693166732788086,49.0,56.0,7.0,7.750002861022949,8.748202323913574,0.998199462890625,0.0,0.027777777777777776,0.027777777777777776,0.0,0.0,0.0
1477,mp3d/zsNo4HB9uLZ/zsNo4HB9uLZ.glb,0,0.0,1.0,1.0,0.0,1.0,1.0,0.0,0.37910977643432897,0.37910977643432897,0.04670392772154284,0.16221872162337664,0.1155147939018338,0.0,0.16221872162337664,0.16221872162337664,11.328335762023926,1.520287275314331,-9.808048486709595,222.0,183.0,-39.0,25.5213623046875,28.701473236083984,3.1801109313964844,0.057692307692307696,0.017241379310344827,-0.04045092838196287,0.0,0.0,0.0
1478,mp3d/zsNo4HB9uLZ/zsNo4HB9uLZ.glb,0,1.0,1.0,0.0,1.0,1.0,0.0,0.9260433278185256,0.9260433278185256,0.0,0.9328675776976557,0.9328675776976557,0.0,0.9328675776976557,0.9328675776976557,0.0,0.2874911427497864,0.2874911427497864,0.0,65.0,65.0,0.0,11.75,11.75,0.0,0.0,0.0,0.0,0.0,0.0,0.0
1479,mp3d/zsNo4HB9uLZ/zsNo4HB9uLZ.glb,0,1.0,1.0,0.0,1.0,1.0,0.0,0.9260433278185256,0.9260433278185256,0.0,0.9328675776976557,0.9328675776976557,0.0,0.9328675776976557,0.9328675776976557,0.0,0.2874911427497864,0.2874911427497864,0.0,65.0,65.0,0.0,11.75,11.75,0.0,0.0,0.0,0.0,0.0,0.0,0.0
1480,mp3d/zsNo4HB9uLZ/zsNo4HB9uLZ.glb,0,1.0,1.0,0.0,1.0,1.0,0.0,1.0,1.0,0.0,0.9407699982993086,0.855238538376157,-0.08553145992315159,0.9407699982993086,0.855238538376157,-0.08553145992315159,1.4380300045013428,2.586496591567993,1.1484665870666504,43.0,44.0,1.0,6.499999046325684,6.249999523162842,-0.2499995231628418,0.0,0.0,0.0,0.0,0.0,0.0
1481,mp3d/zsNo4HB9uLZ/zsNo4HB9uLZ.glb,0,1.0,1.0,0.0,1.0,1.0,0.0,1.0,1.0,0.0,0.855238538376157,0.855238538376157,0.0,0.855238538376157,0.855238538376157,0.0,2.586496591567993,2.586496591567993,0.0,44.0,44.0,0.0,6.249999523162842,6.249999523162842,0.0,0.0,0.0,0.0,0.0,0.0,0.0
1482,mp3d/zsNo4HB9uLZ/zsNo4HB9uLZ.glb,0,1.0,1.0,0.0,1.0,1.0,0.0,1.0,1.0,0.0,0.8915277454277374,0.8915277454277374,0.0,0.8915277454277374,0.8915277454277374,0.0,2.164896249771118,2.164896249771118,0.0,41.0,41.0,0.0,6.249999046325684,6.249999046325684,0.0,0.0,0.0,0.0,0.0,0.0,0.0
1483,mp3d/pLe4wQe7qrG/pLe4wQe7qrG.glb,0,1.0,1.0,0.0,1.0,1.0,0.0,1.0,1.0,0.0,0.9558180117689058,0.9558180117689058,0.0,0.9558180117689058,0.9558180117689058,0.0,1.030771017074585,1.030771017074585,0.0,39.0,39.0,0.0,5.929592132568359,5.929592132568359,0.0,0.08,0.08,0.0,0.0,0.0,0.0
1484,mp3d/pLe4wQe7qrG/pLe4wQe7qrG.glb,0,0.0,0.0,0.0,0.0,0.0,0.0,0.0,0.0,0.0,0.2789921553306599,0.2789921553306599,0.0,0.0,0.0,0.0,8.802885055541992,8.802885055541992,0.0,29.0,29.0,0.0,4.721505641937256,4.721505641937256,0.0,0.15,0.15,0.0,0.0,0.0,0.0
1485,mp3d/pLe4wQe7qrG/pLe4wQe7qrG.glb,0,0.0,0.0,0.0,0.0,0.0,0.0,0.0,0.0,0.0,0.0011501653941570198,0.004364127942413656,0.0032139625482566366,0.0,0.0,0.0,9.02198600769043,9.25227165222168,0.23028564453125,302.0,222.0,-80.0,30.257568359375,24.751129150390625,-5.506439208984375,0.02459016393442623,0.08,0.05540983606557377,0.0,0.0,0.0
1486,mp3d/TbHJrupSAjP/TbHJrupSAjP.glb,0,0.0,0.0,0.0,1.0,1.0,0.0,0.0,0.0,0.0,0.7020328316553988,0.7020328316553988,0.0,0.0,0.0,0.0,3.659205675125122,3.659205675125122,0.0,91.0,91.0,0.0,12.981380462646484,12.981380462646484,0.0,0.018867924528301886,0.018867924528301886,0.0,1.0,1.0,0.0
1487,mp3d/TbHJrupSAjP/TbHJrupSAjP.glb,0,0.0,1.0,1.0,1.0,1.0,0.0,0.0,0.25399997576139516,0.25399997576139516,0.6091519672135145,0.291315436308839,-0.3178365309046755,0.0,0.291315436308839,0.291315436308839,4.930605411529541,1.2679829597473145,-3.6626224517822266,139.0,268.0,129.0,18.72869110107422,36.1976432800293,17.468952178955078,0.02631578947368421,0.02054794520547945,-0.005767844268204758,1.0,0.0,-1.0
1488,mp3d/TbHJrupSAjP/TbHJrupSAjP.glb,0,0.0,0.0,0.0,0.0,0.0,0.0,0.0,0.0,0.0,0.7890910822625794,0.7890910822625794,0.0,0.0,0.0,0.0,3.7708919048309326,3.7708919048309326,0.0,33.0,33.0,0.0,5.981382369995117,5.981382369995117,0.0,0.04,0.04,0.0,0.0,0.0,0.0
1489,mp3d/EU6Fwq7SyZv/EU6Fwq7SyZv.glb,0,1.0,1.0,0.0,1.0,1.0,0.0,0.7533483224675013,0.8537860745712044,0.10043775210370309,0.94292840799543,0.9307801059415027,-0.012148302053927251,0.94292840799543,0.9307801059415027,-0.012148302053927251,0.2893558442592621,1.1909621953964233,0.9016063511371613,53.0,48.0,-5.0,8.500640869140625,7.500641822814941,-0.9999990463256836,0.0,0.0,0.0,0.0,0.0,0.0
1490,mp3d/EU6Fwq7SyZv/EU6Fwq7SyZv.glb,0,0.0,0.0,0.0,0.0,0.0,0.0,0.0,0.0,0.0,0.1242833738341122,0.1242833738341122,0.0,0.0,0.0,0.0,12.836454391479492,12.836454391479492,0.0,34.0,34.0,0.0,7.523952484130859,7.523952484130859,0.0,0.0,0.0,0.0,0.0,0.0,0.0
1491,mp3d/EU6Fwq7SyZv/EU6Fwq7SyZv.glb,0,0.0,0.0,0.0,0.0,0.0,0.0,0.0,0.0,0.0,0.038776772958050876,0.04439007492745446,0.005613301969403586,0.0,0.0,0.0,12.589548110961914,13.795510292053223,1.2059621810913086,84.0,99.0,15.0,13.079172134399414,13.280638694763184,0.20146656036376953,0.03773584905660377,0.018518518518518517,-0.019217330538085255,0.0,0.0,0.0
1492,mp3d/Z6MFQCViBuw/Z6MFQCViBuw.glb,0,0.0,0.0,0.0,1.0,1.0,0.0,0.0,0.0,0.0,0.4706019318112852,0.4706019318112852,0.0,0.0,0.0,0.0,5.4067230224609375,5.4067230224609375,0.0,80.0,80.0,0.0,14.70529556274414,14.70529556274414,0.0,0.0,0.0,0.0,1.0,1.0,0.0
1493,mp3d/Z6MFQCViBuw/Z6MFQCViBuw.glb,0,1.0,1.0,0.0,1.0,1.0,0.0,0.9437615836798225,0.9437615836798225,0.0,0.9569342483639532,0.9569342483639532,0.0,0.9569342483639532,0.9569342483639532,0.0,0.6203173995018005,0.6203173995018005,0.0,48.0,48.0,0.0,8.619345664978027,8.619345664978027,0.0,0.0,0.0,0.0,0.0,0.0,0.0
1494,mp3d/Z6MFQCViBuw/Z6MFQCViBuw.glb,0,1.0,1.0,0.0,1.0,1.0,0.0,0.9437615836798225,0.9999982414529631,0.056236657773140575,0.9569342483639532,0.9379842878743391,-0.01894996048961417,0.9569342483639532,0.9379842878743391,-0.01894996048961417,0.6203173995018005,0.9809485673904419,0.36063116788864136,48.0,47.0,-1.0,8.619345664978027,8.134621620178223,-0.4847240447998047,0.0,0.0,0.0,0.0,0.0,0.0
1495,mp3d/Z6MFQCViBuw/Z6MFQCViBuw.glb,0,0.0,0.0,0.0,0.0,0.0,0.0,0.0,0.0,0.0,0.13538510135915147,0.012187455046415432,-0.12319764631273604,0.0,0.0,0.0,5.56209659576416,27.401622772216797,21.839526176452637,236.0,74.0,-162.0,39.65011215209961,14.252570152282715,-25.397541999816895,0.0,0.0,0.0,0.0,0.0,0.0
1496,mp3d/Z6MFQCViBuw/Z6MFQCViBuw.glb,0,1.0,1.0,0.0,1.0,1.0,0.0,1.0,1.0,0.0,0.8944294360783239,0.8944294360783239,0.0,0.8944294360783239,0.8944294360783239,0.0,1.0406757593154907,1.0406757593154907,0.0,66.0,66.0,0.0,14.508488655090332,14.508488655090332,0.0,0.0,0.0,0.0,0.0,0.0,0.0
1497,mp3d/Z6MFQCViBuw/Z6MFQCViBuw.glb,0,0.0,0.0,0.0,0.0,0.0,0.0,0.0,0.0,0.0,0.02061968805907456,0.02061968805907456,0.0,0.0,0.0,0.0,26.5723876953125,26.5723876953125,0.0,63.0,63.0,0.0,12.2525634765625,12.2525634765625,0.0,0.0,0.0,0.0,0.0,0.0,0.0
1498,mp3d/2azQ1b91cZZ/2azQ1b91cZZ.glb,0,1.0,0.0,-1.0,1.0,0.0,-1.0,1.0,0.0,-1.0,0.8937054410235437,0.8047732639854852,-0.08893217703805845,0.8937054410235437,0.0,-0.8937054410235437,1.8695071935653687,3.119506597518921,1.2499994039535522,48.0,39.0,-9.0,6.638885498046875,5.388885498046875,-1.25,0.17857142857142858,0.21739130434782608,0.038819875776397506,0.0,0.0,0.0
1499,mp3d/2azQ1b91cZZ/2azQ1b91cZZ.glb,0,1.0,1.0,0.0,1.0,1.0,0.0,0.9838240503872326,0.9838240503872326,0.0,0.9221821738637553,0.9221821738637553,0.0,0.9221821738637553,0.9221821738637553,0.0,0.735927939414978,0.735927939414978,0.0,54.0,54.0,0.0,7.888885021209717,7.888885021209717,0.0,0.15151515151515152,0.15151515151515152,0.0,0.0,0.0,0.0
1500,mp3d/2azQ1b91cZZ/2azQ1b91cZZ.glb,0,1.0,1.0,0.0,1.0,1.0,0.0,0.873143656042863,0.873143656042863,0.0,0.8774242139414304,0.8774242139414304,0.0,0.8774242139414304,0.8774242139414304,0.0,1.2787063121795654,1.2787063121795654,0.0,60.0,60.0,0.0,8.888886451721191,8.888886451721191,0.0,0.13513513513513514,0.13513513513513514,0.0,0.0,0.0,0.0
1501,mp3d/zsNo4HB9uLZ/zsNo4HB9uLZ.glb,0,1.0,1.0,0.0,1.0,1.0,0.0,0.3038063676062488,1.0,0.6961936323937512,0.39773344585478676,0.9413242914329784,0.5435908455781916,0.39773344585478676,0.9413242914329784,0.5435908455781916,0.5014057159423828,0.6763449311256409,0.17493921518325806,209.0,50.0,-159.0,24.94737434387207,7.469345569610596,-17.478028774261475,0.0784313725490196,0.1875,0.1090686274509804,0.0,0.0,0.0
1502,mp3d/zsNo4HB9uLZ/zsNo4HB9uLZ.glb,0,1.0,1.0,0.0,1.0,1.0,0.0,1.0,1.0,0.0,0.8228353867405298,0.8228353867405298,0.0,0.8228353867405298,0.8228353867405298,0.0,2.8755507469177246,2.8755507469177246,0.0,40.0,40.0,0.0,5.219344615936279,5.219344615936279,0.0,0.2608695652173913,0.2608695652173913,0.0,0.0,0.0,0.0
1503,mp3d/zsNo4HB9uLZ/zsNo4HB9uLZ.glb,0,1.0,1.0,0.0,1.0,1.0,0.0,1.0,1.0,0.0,0.9101019005357514,0.9101019005357514,0.0,0.9101019005357514,0.9101019005357514,0.0,1.667851209640503,1.667851209640503,0.0,45.0,45.0,0.0,6.469345569610596,6.469345569610596,0.0,0.21428571428571427,0.21428571428571427,0.0,0.0,0.0,0.0
1504,mp3d/QUCTc6BB5sX/QUCTc6BB5sX.glb,0,1.0,1.0,0.0,1.0,1.0,0.0,0.9873347077667817,0.9873347077667817,0.0,0.9298518657750804,0.9298518657750804,0.0,0.9298518657750804,0.9298518657750804,0.0,0.7882399559020996,0.7882399559020996,0.0,45.0,45.0,0.0,8.458703994750977,8.458703994750977,0.0,0.0,0.0,0.0,0.0,0.0,0.0
1505,mp3d/QUCTc6BB5sX/QUCTc6BB5sX.glb,0,1.0,1.0,0.0,1.0,1.0,0.0,0.9873347077667817,0.9873347077667817,0.0,0.9298518657750804,0.9298518657750804,0.0,0.9298518657750804,0.9298518657750804,0.0,0.7882399559020996,0.7882399559020996,0.0,45.0,45.0,0.0,8.458703994750977,8.458703994750977,0.0,0.0,0.0,0.0,0.0,0.0,0.0
1506,mp3d/QUCTc6BB5sX/QUCTc6BB5sX.glb,0,1.0,1.0,0.0,1.0,1.0,0.0,0.9873347077667817,0.9873347077667817,0.0,0.9298518657750804,0.9298518657750804,0.0,0.9298518657750804,0.9298518657750804,0.0,0.7882399559020996,0.7882399559020996,0.0,45.0,45.0,0.0,8.458703994750977,8.458703994750977,0.0,0.0,0.0,0.0,0.0,0.0,0.0
1507,mp3d/8194nk5LbLH/8194nk5LbLH.glb,0,1.0,1.0,0.0,1.0,1.0,0.0,0.8241392104851759,0.8241392104851759,0.0,0.9234171867178725,0.9234171867178725,0.0,0.9234171867178725,0.9234171867178725,0.0,0.8105542659759521,0.8105542659759521,0.0,52.0,52.0,0.0,10.144850730895996,10.144850730895996,0.0,0.07894736842105263,0.07894736842105263,0.0,0.0,0.0,0.0
1508,mp3d/8194nk5LbLH/8194nk5LbLH.glb,0,1.0,1.0,0.0,1.0,1.0,0.0,0.8984447825876647,0.9506302183860684,0.052185435798403734,0.9186036405516709,0.9318472151799333,0.013243574628262422,0.9186036405516709,0.9318472151799333,0.013243574628262422,1.4258763790130615,1.4337916374206543,0.007915258407592773,51.0,47.0,-4.0,9.305824279785156,8.794975280761719,-0.5108489990234375,0.08571428571428572,0.09090909090909091,0.0051948051948051965,0.0,0.0,0.0
1509,mp3d/8194nk5LbLH/8194nk5LbLH.glb,0,1.0,1.0,0.0,1.0,1.0,0.0,0.8241392104851759,0.8241392104851759,0.0,0.9234171867178725,0.9234171867178725,0.0,0.9234171867178725,0.9234171867178725,0.0,0.8105542659759521,0.8105542659759521,0.0,52.0,52.0,0.0,10.144850730895996,10.144850730895996,0.0,0.07894736842105263,0.07894736842105263,0.0,0.0,0.0,0.0
1510,mp3d/oLBMNvg9in8/oLBMNvg9in8.glb,0,0.0,0.0,0.0,0.0,0.0,0.0,0.0,0.0,0.0,0.38552563609757873,0.41344906527073727,0.027923429173158543,0.0,0.0,0.0,10.529542922973633,10.529542922973633,0.0,190.0,144.0,-46.0,7.31051778793335,3.549306869506836,-3.7612109184265137,1.8235294117647058,3.6666666666666665,1.8431372549019607,0.0,0.0,0.0
1511,mp3d/oLBMNvg9in8/oLBMNvg9in8.glb,0,0.0,0.0,0.0,0.0,0.0,0.0,0.0,0.0,0.0,0.40141918257148246,0.41344906527073727,0.012029882699254812,0.0,0.0,0.0,10.512205123901367,10.529542922973633,0.017337799072265625,255.0,144.0,-111.0,15.054391860961914,3.549306869506836,-11.505084991455078,0.8923076923076924,3.6666666666666665,2.7743589743589743,0.0,0.0,0.0
1512,mp3d/oLBMNvg9in8/oLBMNvg9in8.glb,0,0.0,0.0,0.0,0.0,0.0,0.0,0.0,0.0,0.0,0.41344906527073727,0.41344906527073727,0.0,0.0,0.0,0.0,10.529542922973633,10.529542922973633,0.0,144.0,144.0,0.0,3.549306869506836,3.549306869506836,0.0,3.6666666666666665,3.6666666666666665,0.0,0.0,0.0,0.0
1513,mp3d/QUCTc6BB5sX/QUCTc6BB5sX.glb,0,1.0,1.0,0.0,1.0,1.0,0.0,0.9743050869355075,0.9743050869355075,0.0,0.9453786094199593,0.9453786094199593,0.0,0.9453786094199593,0.9453786094199593,0.0,0.762742817401886,0.762742817401886,0.0,53.0,53.0,0.0,8.26746940612793,8.26746940612793,0.0,0.0,0.0,0.0,0.0,0.0,0.0
1514,mp3d/QUCTc6BB5sX/QUCTc6BB5sX.glb,0,1.0,1.0,0.0,1.0,1.0,0.0,0.9743050869355075,0.9743050869355075,0.0,0.9453786094199593,0.9453786094199593,0.0,0.9453786094199593,0.9453786094199593,0.0,0.762742817401886,0.762742817401886,0.0,53.0,53.0,0.0,8.26746940612793,8.26746940612793,0.0,0.0,0.0,0.0,0.0,0.0,0.0
1515,mp3d/QUCTc6BB5sX/QUCTc6BB5sX.glb,0,1.0,1.0,0.0,1.0,1.0,0.0,0.9743050869355075,0.9743050869355075,0.0,0.9453786094199593,0.9453786094199593,0.0,0.9453786094199593,0.9453786094199593,0.0,0.762742817401886,0.762742817401886,0.0,53.0,53.0,0.0,8.26746940612793,8.26746940612793,0.0,0.0,0.0,0.0,0.0,0.0,0.0
1516,mp3d/EU6Fwq7SyZv/EU6Fwq7SyZv.glb,0,1.0,1.0,0.0,1.0,1.0,0.0,0.6371015429248876,0.9712056247184438,0.3341040817935562,0.7775999391463339,0.8945557430839917,0.11695580393765781,0.7775999391463339,0.8945557430839917,0.11695580393765781,0.8665560483932495,1.5110851526260376,0.6445291042327881,97.0,52.0,-45.0,13.211906433105469,8.66688346862793,-4.545022964477539,0.4074074074074074,0.02857142857142857,-0.3788359788359788,0.0,0.0,0.0
1517,mp3d/EU6Fwq7SyZv/EU6Fwq7SyZv.glb,0,0.0,0.0,0.0,0.0,1.0,1.0,0.0,0.0,0.0,0.10924399136005804,0.30545139216173284,0.19620740080167481,0.0,0.0,0.0,8.486052513122559,7.161962509155273,-1.3240900039672852,61.0,92.0,31.0,11.627326965332031,15.674397468566895,4.047070503234863,0.02127659574468085,0.015873015873015872,-0.005403579871664978,0.0,1.0,1.0
1518,mp3d/EU6Fwq7SyZv/EU6Fwq7SyZv.glb,0,1.0,1.0,0.0,1.0,1.0,0.0,0.9712056247184438,0.9712056247184438,0.0,0.8945557430839917,0.8945557430839917,0.0,0.8945557430839917,0.8945557430839917,0.0,1.5110851526260376,1.5110851526260376,0.0,52.0,52.0,0.0,8.66688346862793,8.66688346862793,0.0,0.02857142857142857,0.02857142857142857,0.0,0.0,0.0,0.0
1519,mp3d/zsNo4HB9uLZ/zsNo4HB9uLZ.glb,0,1.0,1.0,0.0,1.0,1.0,0.0,1.0,1.0,0.0,0.9783261678693326,0.9359164203644097,-0.04240974750492288,0.9783261678693326,0.9359164203644097,-0.04240974750492288,0.2567358911037445,0.9508489966392517,0.6941131055355072,39.0,46.0,7.0,6.500000476837158,6.500000953674316,4.76837158203125e-07,0.0,0.0,0.0,0.0,0.0,0.0
1520,mp3d/zsNo4HB9uLZ/zsNo4HB9uLZ.glb,0,1.0,1.0,0.0,1.0,1.0,0.0,0.8818749185005875,0.8818749185005875,0.0,0.9336011015692788,0.9336011015692788,0.0,0.9336011015692788,0.9336011015692788,0.0,0.8354969620704651,0.8354969620704651,0.0,44.0,44.0,0.0,7.500000476837158,7.500000476837158,0.0,0.0,0.0,0.0,0.0,0.0,0.0
1521,mp3d/zsNo4HB9uLZ/zsNo4HB9uLZ.glb,0,1.0,1.0,0.0,1.0,1.0,0.0,1.0,1.0,0.0,0.9783261678693326,0.9783261678693326,0.0,0.9783261678693326,0.9783261678693326,0.0,0.2567358911037445,0.2567358911037445,0.0,39.0,39.0,0.0,6.500000476837158,6.500000476837158,0.0,0.0,0.0,0.0,0.0,0.0,0.0
1522,mp3d/zsNo4HB9uLZ/zsNo4HB9uLZ.glb,0,1.0,1.0,0.0,1.0,1.0,0.0,1.0,0.832050853887806,-0.16794914611219403,0.9582809787797891,0.9283395194221906,-0.02994145935759851,0.9582809787797891,0.9283395194221906,-0.02994145935759851,0.7730787396430969,0.5007643699645996,-0.2723143696784973,29.0,35.0,6.0,4.0,5.250002384185791,1.250002384185791,0.0,0.0,0.0,0.0,0.0,0.0
1523,mp3d/zsNo4HB9uLZ/zsNo4HB9uLZ.glb,0,1.0,1.0,0.0,1.0,1.0,0.0,0.832050853887806,0.832050853887806,0.0,0.9283395194221906,0.9283395194221906,0.0,0.9283395194221906,0.9283395194221906,0.0,0.5007643699645996,0.5007643699645996,0.0,35.0,35.0,0.0,5.250002384185791,5.250002384185791,0.0,0.0,0.0,0.0,0.0,0.0,0.0
1524,mp3d/zsNo4HB9uLZ/zsNo4HB9uLZ.glb,0,1.0,1.0,0.0,1.0,1.0,0.0,0.6720412808871223,0.41602569144579415,-0.2560155894413282,0.8366447675505435,0.615085095251966,-0.22155967229857754,0.8366447675505435,0.615085095251966,-0.22155967229857754,0.6410551071166992,0.5967804789543152,-0.04427462816238403,59.0,91.0,32.0,6.500000953674316,10.499998092651367,3.999997138977051,0.0,0.0,0.0,0.0,0.0,0.0
1525,mp3d/2azQ1b91cZZ/2azQ1b91cZZ.glb,0,1.0,1.0,0.0,1.0,1.0,0.0,0.7401832197538607,0.7401832197538607,0.0,0.8268899508163182,0.8268899508163182,0.0,0.8268899508163182,0.8268899508163182,0.0,1.1982789039611816,1.1982789039611816,0.0,103.0,103.0,0.0,15.888208389282227,15.888208389282227,0.0,0.06153846153846154,0.06153846153846154,0.0,0.0,0.0,0.0
1526,mp3d/2azQ1b91cZZ/2azQ1b91cZZ.glb,0,1.0,1.0,0.0,1.0,1.0,0.0,0.7768544955442263,0.7840123494466146,0.0071578539023883225,0.8350911281889033,0.8603905081382759,0.02529937994937259,0.8350911281889033,0.8603905081382759,0.02529937994937259,1.5090992450714111,0.6081600189208984,-0.9009392261505127,97.0,101.0,4.0,15.138208389282227,15.0,-0.13820838928222656,0.06451612903225806,0.0,-0.06451612903225806,0.0,0.0,0.0
1527,mp3d/2azQ1b91cZZ/2azQ1b91cZZ.glb,0,1.0,1.0,0.0,1.0,1.0,0.0,0.740183264182644,0.740183264182644,0.0,0.8493455260076707,0.8493455260076707,0.0,0.8493455260076707,0.8493455260076707,0.0,0.7641469836235046,0.7641469836235046,0.0,103.0,103.0,0.0,15.88820743560791,15.88820743560791,0.0,0.06153846153846154,0.06153846153846154,0.0,0.0,0.0,0.0
1528,mp3d/X7HyMhZNoso/X7HyMhZNoso.glb,0,1.0,1.0,0.0,1.0,1.0,0.0,0.925961384009493,1.0,0.07403861599050698,0.7650421432620179,0.7941867309455125,0.029144587683494594,0.7650421432620179,0.7941867309455125,0.029144587683494594,1.1679350137710571,0.8776533603668213,-0.29028165340423584,60.0,53.0,-7.0,7.510409355163574,6.760409832000732,-0.7499995231628418,0.0,0.0,0.0,0.0,0.0,0.0
1529,mp3d/X7HyMhZNoso/X7HyMhZNoso.glb,0,0.0,0.0,0.0,1.0,1.0,0.0,0.0,0.0,0.0,0.6023980616854909,0.6023980616854909,0.0,0.0,0.0,0.0,4.874316215515137,4.874316215515137,0.0,64.0,64.0,0.0,9.680590629577637,9.680590629577637,0.0,0.0,0.0,0.0,1.0,1.0,0.0
1530,mp3d/X7HyMhZNoso/X7HyMhZNoso.glb,0,0.0,0.0,0.0,1.0,1.0,0.0,0.0,0.0,0.0,0.6023980616854909,0.6023980616854909,0.0,0.0,0.0,0.0,4.874316215515137,4.874316215515137,0.0,64.0,64.0,0.0,9.680590629577637,9.680590629577637,0.0,0.0,0.0,0.0,1.0,1.0,0.0
1531,mp3d/oLBMNvg9in8/oLBMNvg9in8.glb,0,0.0,1.0,1.0,0.0,1.0,1.0,0.0,0.8576327032210178,0.8576327032210178,0.5473404307884471,0.9124994355617025,0.36515900477325547,0.0,0.9124994355617025,0.9124994355617025,5.402685165405273,0.5059852004051208,-4.896699965000153,90.0,41.0,-49.0,1.6795971393585205,6.717311859130859,5.037714719772339,8.714285714285714,0.0,-8.714285714285714,0.0,0.0,0.0
1532,mp3d/oLBMNvg9in8/oLBMNvg9in8.glb,0,1.0,0.0,-1.0,1.0,0.0,-1.0,0.5980822224050544,0.0,-0.5980822224050544,0.8780990987451416,0.5294184080875696,-0.348680690657572,0.8780990987451416,0.0,-0.8780990987451416,0.25331762433052063,5.412856101989746,5.1595384776592255,104.0,93.0,-11.0,9.632431983947754,3.6210663318634033,-6.011365652084351,0.5945945945945946,2.7333333333333334,2.1387387387387387,0.0,0.0,0.0
1533,mp3d/oLBMNvg9in8/oLBMNvg9in8.glb,0,0.0,0.0,0.0,0.0,0.0,0.0,0.0,0.0,0.0,0.5473404307884471,0.5473404307884471,0.0,0.0,0.0,0.0,5.402685165405273,5.402685165405273,0.0,90.0,90.0,0.0,1.6795971393585205,1.6795971393585205,0.0,8.714285714285714,8.714285714285714,0.0,0.0,0.0,0.0
1534,mp3d/EU6Fwq7SyZv/EU6Fwq7SyZv.glb,0,0.0,0.0,0.0,0.0,0.0,0.0,0.0,0.0,0.0,0.02880179578847858,0.18146622158914588,0.1526644258006673,0.0,0.0,0.0,6.712846279144287,7.339162826538086,0.6263165473937988,443.0,265.0,-178.0,51.235572814941406,27.160228729248047,-24.07534408569336,0.038834951456310676,0.08108108108108109,0.04224612962477041,0.0,0.0,0.0
1535,mp3d/EU6Fwq7SyZv/EU6Fwq7SyZv.glb,0,0.0,0.0,0.0,0.0,0.0,0.0,0.0,0.0,0.0,0.04244574284830802,0.10826584547876,0.06582010263045199,0.0,0.0,0.0,6.318605422973633,7.339162826538086,1.0205574035644531,409.0,359.0,-50.0,42.31017303466797,34.56446838378906,-7.745704650878906,0.0058823529411764705,0.11267605633802817,0.10679370339685171,0.0,0.0,0.0
1536,mp3d/EU6Fwq7SyZv/EU6Fwq7SyZv.glb,0,0.0,0.0,0.0,0.0,0.0,0.0,0.0,0.0,0.0,0.03471403647643497,0.11677864869539069,0.08206461221895572,0.0,0.0,0.0,7.221261978149414,7.339162826538086,0.11790084838867188,395.0,356.0,-39.0,47.45603942871094,34.56446838378906,-12.891571044921875,0.046875,0.1267605633802817,0.07988556338028169,0.0,0.0,0.0
1537,mp3d/QUCTc6BB5sX/QUCTc6BB5sX.glb,0,0.0,0.0,0.0,0.0,0.0,0.0,0.0,0.0,0.0,0.29214504551075376,0.4683481447126543,0.17620309920190053,0.0,0.0,0.0,5.935380458831787,5.134195327758789,-0.801185131072998,275.0,184.0,-91.0,25.616891860961914,16.93292999267578,-8.683961868286133,0.4,0.39436619718309857,-0.0056338028169014565,0.0,0.0,0.0
1538,mp3d/QUCTc6BB5sX/QUCTc6BB5sX.glb,0,1.0,1.0,0.0,1.0,1.0,0.0,0.8412715576971823,0.7633760871174637,-0.07789547057971857,0.9345133088079828,0.8831123093312467,-0.05140099947673604,0.9345133088079828,0.8831123093312467,-0.05140099947673604,0.581297755241394,2.0204243659973145,1.4391266107559204,77.0,85.0,8.0,12.250007629394531,13.500007629394531,1.25,0.0,0.0,0.0,0.0,0.0,0.0
1539,mp3d/QUCTc6BB5sX/QUCTc6BB5sX.glb,0,0.0,0.0,0.0,0.0,0.0,0.0,0.0,0.0,0.0,0.5368357479432302,0.5368357479432302,0.0,0.0,0.0,0.0,4.888044834136963,4.888044834136963,0.0,42.0,42.0,0.0,7.250003337860107,7.250003337860107,0.0,0.0,0.0,0.0,0.0,0.0,0.0
1540,mp3d/oLBMNvg9in8/oLBMNvg9in8.glb,0,1.0,1.0,0.0,1.0,1.0,0.0,1.0,1.0,0.0,0.8504812324453526,0.8504812324453526,0.0,0.8504812324453526,0.8504812324453526,0.0,2.308682918548584,2.308682918548584,0.0,40.0,40.0,0.0,4.350558280944824,4.350558280944824,0.0,0.0,0.0,0.0,0.0,0.0,0.0
1541,mp3d/oLBMNvg9in8/oLBMNvg9in8.glb,0,1.0,1.0,0.0,1.0,1.0,0.0,0.9008931914090358,0.9008931914090358,0.0,0.9602555687222868,0.9602555687222868,0.0,0.9602555687222868,0.9602555687222868,0.0,0.34899356961250305,0.34899356961250305,0.0,50.0,50.0,0.0,6.350558280944824,6.350558280944824,0.0,0.0,0.0,0.0,0.0,0.0,0.0
1542,mp3d/oLBMNvg9in8/oLBMNvg9in8.glb,0,1.0,1.0,0.0,1.0,1.0,0.0,0.9008931914090358,0.9008931914090358,0.0,0.9602555687222868,0.9602555687222868,0.0,0.9602555687222868,0.9602555687222868,0.0,0.34899356961250305,0.34899356961250305,0.0,50.0,50.0,0.0,6.350558280944824,6.350558280944824,0.0,0.0,0.0,0.0,0.0,0.0,0.0
1543,mp3d/QUCTc6BB5sX/QUCTc6BB5sX.glb,0,1.0,1.0,0.0,1.0,1.0,0.0,1.0,1.0,0.0,0.9142297890913565,0.9142297890913565,0.0,0.9142297890913565,0.9142297890913565,0.0,0.7049084901809692,0.7049084901809692,0.0,40.0,40.0,0.0,6.268693447113037,6.268693447113037,0.0,0.0,0.0,0.0,0.0,0.0,0.0
1544,mp3d/QUCTc6BB5sX/QUCTc6BB5sX.glb,0,1.0,1.0,0.0,1.0,1.0,0.0,1.0,1.0,0.0,0.9142297890913565,0.9142297890913565,0.0,0.9142297890913565,0.9142297890913565,0.0,0.7049084901809692,0.7049084901809692,0.0,40.0,40.0,0.0,6.268693447113037,6.268693447113037,0.0,0.0,0.0,0.0,0.0,0.0,0.0
1545,mp3d/QUCTc6BB5sX/QUCTc6BB5sX.glb,0,1.0,1.0,0.0,1.0,1.0,0.0,1.0,1.0,0.0,0.9142297890913565,0.9142297890913565,0.0,0.9142297890913565,0.9142297890913565,0.0,0.7049084901809692,0.7049084901809692,0.0,40.0,40.0,0.0,6.268693447113037,6.268693447113037,0.0,0.0,0.0,0.0,0.0,0.0,0.0
1546,mp3d/oLBMNvg9in8/oLBMNvg9in8.glb,0,1.0,1.0,0.0,1.0,1.0,0.0,0.5786448710561214,0.5786448710561214,0.0,0.8044306042818,0.8044306042818,0.0,0.8044306042818,0.8044306042818,0.0,1.016055703163147,1.016055703163147,0.0,122.0,122.0,0.0,16.298805236816406,16.298805236816406,0.0,0.0,0.0,0.0,0.0,0.0,0.0
1547,mp3d/oLBMNvg9in8/oLBMNvg9in8.glb,0,1.0,1.0,0.0,1.0,1.0,0.0,0.7548009713376622,0.8532364589001639,0.09843548756250164,0.8903460623304548,0.9332547948846721,0.042908732554217344,0.8903460623304548,0.9332547948846721,0.042908732554217344,1.2269996404647827,0.197882741689682,-1.0291168987751007,67.0,61.0,-6.0,12.494976043701172,11.053465843200684,-1.4415102005004883,0.06,0.022222222222222223,-0.03777777777777777,0.0,0.0,0.0
1548,mp3d/oLBMNvg9in8/oLBMNvg9in8.glb,0,1.0,1.0,0.0,1.0,1.0,0.0,0.7682796522580048,0.7682796522580048,0.0,0.9024118810798951,0.9024118810798951,0.0,0.9024118810798951,0.9024118810798951,0.0,1.0005968809127808,1.0005968809127808,0.0,66.0,66.0,0.0,12.275764465332031,12.275764465332031,0.0,0.02040816326530612,0.02040816326530612,0.0,0.0,0.0,0.0
1549,mp3d/zsNo4HB9uLZ/zsNo4HB9uLZ.glb,0,1.0,1.0,0.0,1.0,1.0,0.0,1.0,1.0,0.0,0.9456545625290155,0.9456545625290155,0.0,0.9456545625290155,0.9456545625290155,0.0,0.8193265795707703,0.8193265795707703,0.0,65.0,65.0,0.0,10.75580883026123,10.75580883026123,0.0,0.0,0.0,0.0,0.0,0.0,0.0
1550,mp3d/zsNo4HB9uLZ/zsNo4HB9uLZ.glb,0,1.0,1.0,0.0,1.0,1.0,0.0,1.0,1.0,0.0,0.9456545625290155,0.9456545625290155,0.0,0.9456545625290155,0.9456545625290155,0.0,0.8193265795707703,0.8193265795707703,0.0,65.0,65.0,0.0,10.75580883026123,10.75580883026123,0.0,0.0,0.0,0.0,0.0,0.0,0.0
1551,mp3d/zsNo4HB9uLZ/zsNo4HB9uLZ.glb,0,1.0,0.0,-1.0,1.0,0.0,-1.0,0.631826548718345,0.0,-0.631826548718345,0.6463160225665704,0.816945675468186,0.17062965290161558,0.6463160225665704,0.0,-0.6463160225665704,1.9196765422821045,3.4740328788757324,1.554356336593628,113.0,62.0,-51.0,17.255807876586914,9.505807876586914,-7.75,0.0,0.0,0.0,0.0,0.0,0.0
1552,mp3d/EU6Fwq7SyZv/EU6Fwq7SyZv.glb,0,1.0,0.0,-1.0,1.0,0.0,-1.0,0.31530468198689465,0.0,-0.31530468198689465,0.5633564052673543,0.20181092299410805,-0.36154548227324623,0.5633564052673543,0.0,-0.5633564052673543,2.0674078464508057,6.151087284088135,4.083679437637329,234.0,299.0,65.0,19.209238052368164,22.767459869384766,3.5582218170166016,0.2077922077922078,0.24444444444444444,0.03665223665223663,0.0,0.0,0.0
1553,mp3d/EU6Fwq7SyZv/EU6Fwq7SyZv.glb,0,0.0,0.0,0.0,0.0,0.0,0.0,0.0,0.0,0.0,0.23987735656090262,0.21400607884608963,-0.025871277714812985,0.0,0.0,0.0,5.809744834899902,7.3441643714904785,1.5344195365905762,294.0,250.0,-44.0,23.877586364746094,19.109519958496094,-4.76806640625,0.1276595744680851,0.2631578947368421,0.135498320268757,0.0,0.0,0.0
1554,mp3d/EU6Fwq7SyZv/EU6Fwq7SyZv.glb,0,0.0,0.0,0.0,0.0,0.0,0.0,0.0,0.0,0.0,0.23987735656090262,0.2309610737131985,-0.008916282847704127,0.0,0.0,0.0,5.809744834899902,6.443565368652344,0.6338205337524414,294.0,336.0,42.0,23.877586364746094,24.372406005859375,0.49481964111328125,0.1276595744680851,0.17525773195876287,0.04759815749067778,0.0,0.0,0.0
1555,mp3d/Z6MFQCViBuw/Z6MFQCViBuw.glb,0,0.0,0.0,0.0,0.0,0.0,0.0,0.0,0.0,0.0,0.00884524149715754,0.016478648329609883,0.007633406832452344,0.0,0.0,0.0,13.852499008178711,14.71467399597168,0.8621749877929688,276.0,261.0,-15.0,32.56739807128906,27.82185935974121,-4.745538711547852,0.08333333333333333,0.11304347826086956,0.029710144927536236,0.0,0.0,0.0
1556,mp3d/Z6MFQCViBuw/Z6MFQCViBuw.glb,0,0.0,0.0,0.0,0.0,0.0,0.0,0.0,0.0,0.0,0.0026334503903657426,0.0026334503903657426,0.0,0.0,0.0,0.0,30.946510314941406,30.946510314941406,0.0,85.0,85.0,0.0,18.379573822021484,18.379573822021484,0.0,0.0,0.0,0.0,0.0,0.0,0.0
1557,mp3d/Z6MFQCViBuw/Z6MFQCViBuw.glb,0,0.0,0.0,0.0,0.0,0.0,0.0,0.0,0.0,0.0,0.044469063076689096,0.026025797237934953,-0.018443265838754143,0.0,0.0,0.0,13.025700569152832,14.861417770385742,1.8357172012329102,207.0,192.0,-15.0,21.99311065673828,24.59009552001953,2.59698486328125,0.27956989247311825,0.12380952380952381,-0.15576036866359444,0.0,0.0,0.0
1558,mp3d/Z6MFQCViBuw/Z6MFQCViBuw.glb,0,1.0,1.0,0.0,1.0,1.0,0.0,0.6814726678470734,0.6814726678470734,0.0,0.7674630285220341,0.7674630285220341,0.0,0.7674630285220341,0.7674630285220341,0.0,2.3265984058380127,2.3265984058380127,0.0,44.0,44.0,0.0,7.379542350769043,7.379542350769043,0.0,0.0,0.0,0.0,0.0,0.0,0.0
1559,mp3d/Z6MFQCViBuw/Z6MFQCViBuw.glb,0,1.0,1.0,0.0,1.0,1.0,0.0,1.0,1.0,0.0,0.9682186468949284,0.9682186468949284,0.0,0.9682186468949284,0.9682186468949284,0.0,0.290018230676651,0.290018230676651,0.0,32.0,32.0,0.0,4.873988628387451,4.873988628387451,0.0,0.0,0.0,0.0,0.0,0.0,0.0
1560,mp3d/Z6MFQCViBuw/Z6MFQCViBuw.glb,0,1.0,1.0,0.0,1.0,1.0,0.0,0.6814726678470734,0.6814726678470734,0.0,0.7674630285220341,0.7674630285220341,0.0,0.7674630285220341,0.7674630285220341,0.0,2.3265984058380127,2.3265984058380127,0.0,44.0,44.0,0.0,7.379542350769043,7.379542350769043,0.0,0.0,0.0,0.0,0.0,0.0,0.0
1561,mp3d/QUCTc6BB5sX/QUCTc6BB5sX.glb,0,1.0,1.0,0.0,1.0,1.0,0.0,1.0,1.0,0.0,0.8800898522096074,0.8800898522096074,0.0,0.8800898522096074,0.8800898522096074,0.0,1.5175808668136597,1.5175808668136597,0.0,42.0,42.0,0.0,7.41529655456543,7.41529655456543,0.0,0.03333333333333333,0.03333333333333333,0.0,0.0,0.0,0.0
1562,mp3d/QUCTc6BB5sX/QUCTc6BB5sX.glb,0,0.0,0.0,0.0,0.0,0.0,0.0,0.0,0.0,0.0,0.00023405760553939792,0.00029853539673042916,6.447779119103124e-05,0.0,0.0,0.0,26.311609268188477,22.3176326751709,-3.993976593017578,94.0,112.0,18.0,19.25,19.5,0.25,0.0,0.0,0.0,0.0,0.0,0.0
1563,mp3d/QUCTc6BB5sX/QUCTc6BB5sX.glb,0,0.0,0.0,0.0,0.0,0.0,0.0,0.0,0.0,0.0,0.0014707636738320747,0.0014707636738320747,0.0,0.0,0.0,0.0,22.084230422973633,22.084230422973633,0.0,91.0,91.0,0.0,16.75,16.75,0.0,0.0,0.0,0.0,0.0,0.0,0.0
1564,mp3d/EU6Fwq7SyZv/EU6Fwq7SyZv.glb,0,1.0,1.0,0.0,1.0,1.0,0.0,0.43374180379655775,0.43374180379655775,0.0,0.5896198102753728,0.5896198102753728,0.0,0.5896198102753728,0.5896198102753728,0.0,1.641676664352417,1.641676664352417,0.0,142.0,142.0,0.0,18.294593811035156,18.294593811035156,0.0,0.14814814814814814,0.14814814814814814,0.0,0.0,0.0,0.0
1565,mp3d/EU6Fwq7SyZv/EU6Fwq7SyZv.glb,0,0.0,0.0,0.0,0.0,0.0,0.0,0.0,0.0,0.0,0.004788115975530014,0.0051897343747118,0.000401618399181786,0.0,0.0,0.0,10.92208194732666,9.588263511657715,-1.3338184356689453,272.0,306.0,34.0,34.004180908203125,37.00370407104492,2.999523162841797,0.0,0.0,0.0,0.0,0.0,0.0
1566,mp3d/EU6Fwq7SyZv/EU6Fwq7SyZv.glb,0,0.0,1.0,1.0,0.0,1.0,1.0,0.0,0.4414725147036586,0.4414725147036586,0.026136766347029397,0.5492776293254593,0.5231408629784299,0.0,0.5492776293254593,0.5492776293254593,8.668659210205078,0.97221440076828,-7.696444809436798,332.0,168.0,-164.0,42.35306167602539,17.974233627319336,-24.378828048706055,0.24260355029585798,0.4794520547945205,0.23684850449866254,0.0,0.0,0.0
1567,mp3d/X7HyMhZNoso/X7HyMhZNoso.glb,0,1.0,1.0,0.0,1.0,1.0,0.0,1.0,1.0,0.0,0.9327270930305732,0.9458575737452976,0.013130480714724335,0.9327270930305732,0.9458575737452976,0.013130480714724335,1.2435976266860962,0.24518689513206482,-0.9984107315540314,29.0,33.0,4.0,5.999998092651367,6.999998092651367,1.0,0.0,0.0,0.0,0.0,0.0,0.0
1568,mp3d/X7HyMhZNoso/X7HyMhZNoso.glb,0,1.0,1.0,0.0,1.0,1.0,0.0,0.8630534085360441,0.8630534085360441,0.0,0.8545270827349639,0.8545270827349639,0.0,0.8545270827349639,0.8545270827349639,0.0,2.5558831691741943,2.5558831691741943,0.0,57.0,57.0,0.0,8.25,8.25,0.0,0.0,0.0,0.0,0.0,0.0,0.0
1569,mp3d/X7HyMhZNoso/X7HyMhZNoso.glb,0,1.0,1.0,0.0,1.0,1.0,0.0,1.0,1.0,0.0,0.9458575737452976,0.9458575737452976,0.0,0.9458575737452976,0.9458575737452976,0.0,0.24518689513206482,0.24518689513206482,0.0,33.0,33.0,0.0,6.999998092651367,6.999998092651367,0.0,0.0,0.0,0.0,0.0,0.0,0.0
1570,mp3d/X7HyMhZNoso/X7HyMhZNoso.glb,0,1.0,1.0,0.0,1.0,1.0,0.0,0.6547874769780109,0.6547874769780109,0.0,0.8223647345881226,0.8223647345881226,0.0,0.8223647345881226,0.8223647345881226,0.0,1.1865651607513428,1.1865651607513428,0.0,81.0,81.0,0.0,9.738899230957031,9.738899230957031,0.0,0.02564102564102564,0.02564102564102564,0.0,0.0,0.0,0.0
1571,mp3d/X7HyMhZNoso/X7HyMhZNoso.glb,0,1.0,1.0,0.0,1.0,1.0,0.0,1.0,1.0,0.0,0.8864709461702837,0.8864709461702837,0.0,0.8864709461702837,0.8864709461702837,0.0,1.1865651607513428,1.1865651607513428,0.0,43.0,43.0,0.0,6.238899230957031,6.238899230957031,0.0,0.04,0.04,0.0,0.0,0.0,0.0
1572,mp3d/X7HyMhZNoso/X7HyMhZNoso.glb,0,1.0,1.0,0.0,1.0,1.0,0.0,0.5550496290191802,0.6547874769780109,0.09973784795883067,0.8095110751335014,0.8223647345881226,0.012853659454621247,0.8095110751335014,0.8223647345881226,0.012853659454621247,0.6610334515571594,1.1865651607513428,0.5255317091941833,92.0,81.0,-11.0,11.488899230957031,9.738899230957031,-1.75,0.021739130434782608,0.02564102564102564,0.003901895206243032,0.0,0.0,0.0
1573,mp3d/2azQ1b91cZZ/2azQ1b91cZZ.glb,0,0.0,0.0,0.0,0.0,0.0,0.0,0.0,0.0,0.0,0.014870215400267369,0.014870215400267369,0.0,0.0,0.0,0.0,18.42470359802246,18.42470359802246,0.0,52.0,52.0,0.0,11.5,11.5,0.0,0.0,0.0,0.0,0.0,0.0,0.0
1574,mp3d/2azQ1b91cZZ/2azQ1b91cZZ.glb,0,1.0,1.0,0.0,1.0,1.0,0.0,1.0,1.0,0.0,0.919583305715115,0.919583305715115,0.0,0.919583305715115,0.919583305715115,0.0,0.7057557106018066,0.7057557106018066,0.0,42.0,42.0,0.0,6.750000476837158,6.750000476837158,0.0,0.0,0.0,0.0,0.0,0.0,0.0
1575,mp3d/2azQ1b91cZZ/2azQ1b91cZZ.glb,0,1.0,1.0,0.0,1.0,1.0,0.0,0.8306457675157957,1.0,0.16935423248420434,0.8719134124177097,0.919583305715115,0.04766989329740534,0.8719134124177097,0.919583305715115,0.04766989329740534,1.1274744272232056,0.7057557106018066,-0.4217187166213989,50.0,42.0,-8.0,8.500001907348633,6.750000476837158,-1.7500014305114746,0.0,0.0,0.0,0.0,0.0,0.0
1576,mp3d/oLBMNvg9in8/oLBMNvg9in8.glb,0,1.0,1.0,0.0,1.0,1.0,0.0,0.49092945000329385,0.4948958807842565,0.003966430780962649,0.8104720926340221,0.8298503728243589,0.019378280190336827,0.8104720926340221,0.8298503728243589,0.019378280190336827,0.5016781687736511,1.413549542427063,0.9118713736534119,96.0,112.0,16.0,9.062353134155273,8.989721298217773,-0.0726318359375,0.08823529411764706,0.1388888888888889,0.05065359477124183,0.0,0.0,0.0
1577,mp3d/oLBMNvg9in8/oLBMNvg9in8.glb,0,1.0,1.0,0.0,1.0,1.0,0.0,0.35764760097811865,0.35764760097811865,0.0,0.6087610706732205,0.6087610706732205,0.0,0.6087610706732205,0.6087610706732205,0.0,1.1982064247131348,1.1982064247131348,0.0,136.0,136.0,0.0,12.439552307128906,12.439552307128906,0.0,0.2830188679245283,0.2830188679245283,0.0,0.0,0.0,0.0
1578,mp3d/oLBMNvg9in8/oLBMNvg9in8.glb,0,1.0,1.0,0.0,1.0,1.0,0.0,0.4652595420258438,0.5352246190799729,0.06996507705412908,0.7960417474141311,0.8153423549303863,0.019300607516255175,0.7960417474141311,0.8153423549303863,0.019300607516255175,0.6134421825408936,1.21543288230896,0.6019906997680664,98.0,84.0,-14.0,9.562353134155273,8.312353134155273,-1.25,0.08333333333333333,0.0967741935483871,0.013440860215053765,0.0,0.0,0.0
1579,mp3d/2azQ1b91cZZ/2azQ1b91cZZ.glb,0,0.0,0.0,0.0,0.0,0.0,0.0,0.0,0.0,0.0,0.1990797986647191,0.1990797986647191,0.0,0.0,0.0,0.0,12.373528480529785,12.373528480529785,0.0,35.0,35.0,0.0,4.500001907348633,4.500001907348633,0.0,0.0,0.0,0.0,0.0,0.0,0.0
1580,mp3d/2azQ1b91cZZ/2azQ1b91cZZ.glb,0,0.0,0.0,0.0,1.0,1.0,0.0,0.0,0.0,0.0,0.5586186413396136,0.649222316805888,0.09060367546627446,0.0,0.0,0.0,3.5948638916015625,3.8442797660827637,0.24941587448120117,58.0,52.0,-6.0,11.000007629394531,10.000007629394531,-1.0,0.0,0.0,0.0,1.0,1.0,0.0
1581,mp3d/2azQ1b91cZZ/2azQ1b91cZZ.glb,0,0.0,0.0,0.0,0.0,0.0,0.0,0.0,0.0,0.0,0.097723915615311,0.097723915615311,0.0,0.0,0.0,0.0,14.101834297180176,14.101834297180176,0.0,77.0,77.0,0.0,8.931720733642578,8.931720733642578,0.0,0.02702702702702703,0.02702702702702703,0.0,0.0,0.0,0.0
1582,mp3d/pLe4wQe7qrG/pLe4wQe7qrG.glb,0,0.0,0.0,0.0,0.0,0.0,0.0,0.0,0.0,0.0,0.7877805358332615,0.8111855728672237,0.02340503703396224,0.0,0.0,0.0,4.06151008605957,4.331109523773193,0.26959943771362305,79.0,57.0,-22.0,7.1874003410339355,6.954774856567383,-0.23262548446655273,0.6304347826086957,0.5,-0.13043478260869568,0.0,0.0,0.0
1583,mp3d/pLe4wQe7qrG/pLe4wQe7qrG.glb,0,0.0,0.0,0.0,1.0,1.0,0.0,0.0,0.0,0.0,0.7180964562395703,0.687176870948221,-0.030919585291349305,0.0,0.0,0.0,4.76149845123291,4.512499809265137,-0.24899864196777344,101.0,126.0,25.0,9.798149108886719,11.561741828918457,1.7635927200317383,0.4230769230769231,0.3968253968253968,-0.02625152625152627,1.0,1.0,0.0
1584,mp3d/pLe4wQe7qrG/pLe4wQe7qrG.glb,0,1.0,1.0,0.0,1.0,1.0,0.0,1.0,1.0,0.0,0.7619085872794307,0.7520982212883932,-0.009810365991037462,0.7619085872794307,0.7520982212883932,-0.009810365991037462,2.8289504051208496,2.82882022857666,-0.00013017654418945312,89.0,93.0,4.0,7.617348670959473,7.629544258117676,0.012195587158203125,0.5217391304347826,0.56,0.03826086956521746,0.0,0.0,0.0
1585,mp3d/Z6MFQCViBuw/Z6MFQCViBuw.glb,0,1.0,1.0,0.0,1.0,1.0,0.0,0.8199164668574522,0.8199164668574522,0.0,0.8474829561482522,0.8474829561482522,0.0,0.8474829561482522,0.8474829561482522,0.0,1.1117346286773682,1.1117346286773682,0.0,81.0,81.0,0.0,14.672765731811523,14.672765731811523,0.0,0.0,0.0,0.0,0.0,0.0,0.0
1586,mp3d/Z6MFQCViBuw/Z6MFQCViBuw.glb,0,0.0,0.0,0.0,0.0,0.0,0.0,0.0,0.0,0.0,0.00475871794142603,0.038032168665924626,0.033273450724498596,0.0,0.0,0.0,16.51706314086914,17.197389602661133,0.6803264617919922,288.0,140.0,-148.0,45.02605438232422,20.263731002807617,-24.7623233795166,0.011049723756906077,0.0,-0.011049723756906077,0.0,0.0,0.0
1587,mp3d/Z6MFQCViBuw/Z6MFQCViBuw.glb,0,0.0,0.0,0.0,0.0,0.0,0.0,0.0,0.0,0.0,0.7051546074306807,0.7051546074306807,0.0,0.0,0.0,0.0,4.701669692993164,4.701669692993164,0.0,47.0,47.0,0.0,8.019054412841797,8.019054412841797,0.0,0.0,0.0,0.0,0.0,0.0,0.0
1588,mp3d/Z6MFQCViBuw/Z6MFQCViBuw.glb,0,1.0,1.0,0.0,1.0,1.0,0.0,0.9859303566585128,0.9859303566585128,0.0,0.9372342205075594,0.9372342205075594,0.0,0.9372342205075594,0.9372342205075594,0.0,0.07584860175848007,0.07584860175848007,0.0,54.0,54.0,0.0,9.823907852172852,9.823907852172852,0.0,0.0,0.0,0.0,0.0,0.0,0.0
1589,mp3d/Z6MFQCViBuw/Z6MFQCViBuw.glb,0,0.0,0.0,0.0,0.0,0.0,0.0,0.0,0.0,0.0,0.05948874860404412,0.05948874860404412,0.0,0.0,0.0,0.0,18.041067123413086,18.041067123413086,0.0,39.0,39.0,0.0,8.500005722045898,8.500005722045898,0.0,0.0,0.0,0.0,0.0,0.0,0.0
1590,mp3d/Z6MFQCViBuw/Z6MFQCViBuw.glb,0,1.0,1.0,0.0,1.0,1.0,0.0,1.0,1.0,0.0,0.9189239239311877,0.9189239239311877,0.0,0.9189239239311877,0.9189239239311877,0.0,1.5721346139907837,1.5721346139907837,0.0,48.0,48.0,0.0,8.323907852172852,8.323907852172852,0.0,0.0,0.0,0.0,0.0,0.0,0.0
1591,mp3d/8194nk5LbLH/8194nk5LbLH.glb,0,0.0,1.0,1.0,1.0,1.0,0.0,0.0,0.604454137319798,0.604454137319798,0.2671230574091257,0.2953302049439656,0.028207147534839938,0.0,0.2953302049439656,0.2953302049439656,3.344733715057373,2.4323787689208984,-0.9123549461364746,82.0,76.0,-6.0,14.750000953674316,13.750000953674316,-1.0,0.0,0.0,0.0,1.0,0.0,-1.0
1592,mp3d/8194nk5LbLH/8194nk5LbLH.glb,0,1.0,1.0,0.0,1.0,1.0,0.0,0.4930808901940691,0.5317721291443427,0.0386912389502736,0.18380929713387323,0.1982293100890377,0.014420012955164485,0.18380929713387323,0.1982293100890377,0.014420012955164485,2.4543278217315674,2.3771860599517822,-0.07714176177978516,107.0,96.0,-11.0,16.855743408203125,15.629335403442383,-1.2264080047607422,0.07246376811594203,0.03125,-0.04121376811594203,0.0,0.0,0.0
1593,mp3d/8194nk5LbLH/8194nk5LbLH.glb,0,0.0,0.0,0.0,1.0,1.0,0.0,0.0,0.0,0.0,0.3931377219476437,0.48837741964895026,0.09523969770130658,0.0,0.0,0.0,4.691302299499512,3.2086730003356934,-1.4826292991638184,88.0,81.0,-7.0,15.728363990783691,14.228363990783691,-1.5,0.015625,0.017241379310344827,0.0016163793103448273,1.0,1.0,0.0
1594,mp3d/x8F5xyUWy9e/x8F5xyUWy9e.glb,0,1.0,1.0,0.0,1.0,1.0,0.0,1.0,1.0,0.0,0.9720252994361392,0.9411624946758359,-0.030862804760303342,0.9720252994361392,0.9411624946758359,-0.030862804760303342,0.7435805797576904,1.0615222454071045,0.31794166564941406,31.0,36.0,5.0,7.180660247802734,7.183005332946777,0.0023450851440429688,0.0,0.0,0.0,0.0,0.0,0.0
1595,mp3d/x8F5xyUWy9e/x8F5xyUWy9e.glb,0,1.0,1.0,0.0,1.0,1.0,0.0,1.0,1.0,0.0,0.9411624946758359,0.9411624946758359,0.0,0.9411624946758359,0.9411624946758359,0.0,1.0615222454071045,1.0615222454071045,0.0,36.0,36.0,0.0,7.183005332946777,7.183005332946777,0.0,0.0,0.0,0.0,0.0,0.0,0.0
1596,mp3d/x8F5xyUWy9e/x8F5xyUWy9e.glb,0,1.0,1.0,0.0,1.0,1.0,0.0,1.0,1.0,0.0,0.9411624946758359,0.9411624946758359,0.0,0.9411624946758359,0.9411624946758359,0.0,1.0615222454071045,1.0615222454071045,0.0,36.0,36.0,0.0,7.183005332946777,7.183005332946777,0.0,0.0,0.0,0.0,0.0,0.0,0.0
1597,mp3d/TbHJrupSAjP/TbHJrupSAjP.glb,0,0.0,0.0,0.0,0.0,0.0,0.0,0.0,0.0,0.0,0.003733638421083231,0.007350141007079591,0.0036165025859963605,0.0,0.0,0.0,10.064867973327637,11.3970947265625,1.3322267532348633,372.0,341.0,-31.0,38.52968215942383,34.549747467041016,-3.9799346923828125,0.0,0.0,0.0,0.0,0.0,0.0
1598,mp3d/TbHJrupSAjP/TbHJrupSAjP.glb,0,0.0,0.0,0.0,0.0,0.0,0.0,0.0,0.0,0.0,0.01826846928448764,0.005136994472525933,-0.013131474811961707,0.0,0.0,0.0,10.436151504516602,10.31543254852295,-0.12071895599365234,299.0,347.0,48.0,28.52047348022461,37.273197174072266,8.752723693847656,0.0,0.0,0.0,0.0,0.0,0.0
1599,mp3d/TbHJrupSAjP/TbHJrupSAjP.glb,0,0.0,0.0,0.0,0.0,0.0,0.0,0.0,0.0,0.0,0.01826846928448764,0.006991149189437103,-0.011277320095050537,0.0,0.0,0.0,10.436151504516602,9.338759422302246,-1.0973920822143555,299.0,339.0,40.0,28.52047348022461,35.273197174072266,6.752723693847656,0.0,0.0,0.0,0.0,0.0,0.0
1600,mp3d/TbHJrupSAjP/TbHJrupSAjP.glb,0,0.0,0.0,0.0,0.0,0.0,0.0,0.0,0.0,0.0,0.41216009629824846,0.41216009629824846,0.0,0.0,0.0,0.0,9.373647689819336,9.373647689819336,0.0,82.0,82.0,0.0,13.25,13.25,0.0,0.0,0.0,0.0,0.0,0.0,0.0
1601,mp3d/TbHJrupSAjP/TbHJrupSAjP.glb,0,0.0,0.0,0.0,0.0,0.0,0.0,0.0,0.0,0.0,0.44279640165527867,0.44279640165527867,0.0,0.0,0.0,0.0,7.996616363525391,7.996616363525391,0.0,59.0,59.0,0.0,9.749999046325684,9.749999046325684,0.0,0.0,0.0,0.0,0.0,0.0,0.0
1602,mp3d/TbHJrupSAjP/TbHJrupSAjP.glb,0,0.0,0.0,0.0,0.0,0.0,0.0,0.0,0.0,0.0,0.40341582172405915,0.40341582172405915,0.0,0.0,0.0,0.0,8.404134750366211,8.404134750366211,0.0,50.0,50.0,0.0,8.749999046325684,8.749999046325684,0.0,0.0,0.0,0.0,0.0,0.0,0.0
1603,mp3d/x8F5xyUWy9e/x8F5xyUWy9e.glb,0,0.0,0.0,0.0,1.0,1.0,0.0,0.0,0.0,0.0,0.5592104902114793,0.5592104902114793,0.0,0.0,0.0,0.0,4.165524959564209,4.165524959564209,0.0,79.0,79.0,0.0,13.1812162399292,13.1812162399292,0.0,0.0,0.0,0.0,1.0,1.0,0.0
1604,mp3d/x8F5xyUWy9e/x8F5xyUWy9e.glb,0,1.0,1.0,0.0,1.0,1.0,0.0,0.72988539748834,0.9023344815440459,0.17244908405570591,0.819127494812431,0.9228950281700298,0.1037675333575988,0.819127494812431,0.9228950281700298,0.1037675333575988,1.816319227218628,0.05963436886668205,-1.7566848583519459,60.0,51.0,-9.0,9.445995330810547,7.640729904174805,-1.8052654266357422,0.0,0.0,0.0,0.0,0.0,0.0
1605,mp3d/x8F5xyUWy9e/x8F5xyUWy9e.glb,0,1.0,1.0,0.0,1.0,1.0,0.0,0.9023344815440459,0.9023344815440459,0.0,0.9228950281700298,0.9228950281700298,0.0,0.9228950281700298,0.9228950281700298,0.0,0.05963436886668205,0.05963436886668205,0.0,51.0,51.0,0.0,7.640729904174805,7.640729904174805,0.0,0.0,0.0,0.0,0.0,0.0,0.0
1606,mp3d/2azQ1b91cZZ/2azQ1b91cZZ.glb,0,1.0,1.0,0.0,1.0,1.0,0.0,0.7970906291219158,0.7970906291219158,0.0,0.8202614620291808,0.8202614620291808,0.0,0.8202614620291808,0.8202614620291808,0.0,1.8350015878677368,1.8350015878677368,0.0,44.0,44.0,0.0,8.750001907348633,8.750001907348633,0.0,0.0,0.0,0.0,0.0,0.0,0.0
1607,mp3d/2azQ1b91cZZ/2azQ1b91cZZ.glb,0,1.0,1.0,0.0,1.0,1.0,0.0,0.9620058883125336,0.9620058883125336,0.0,0.9126537070655448,0.9126537070655448,0.0,0.9126537070655448,0.9126537070655448,0.0,0.8734995722770691,0.8734995722770691,0.0,38.0,38.0,0.0,7.250001907348633,7.250001907348633,0.0,0.0,0.0,0.0,0.0,0.0,0.0
1608,mp3d/2azQ1b91cZZ/2azQ1b91cZZ.glb,0,1.0,1.0,0.0,1.0,1.0,0.0,0.6804432416881949,0.6804432416881949,0.0,0.6916924152337551,0.6916924152337551,0.0,0.6916924152337551,0.6916924152337551,0.0,2.757472038269043,2.757472038269043,0.0,54.0,54.0,0.0,10.250001907348633,10.250001907348633,0.0,0.0,0.0,0.0,0.0,0.0,0.0
1609,mp3d/oLBMNvg9in8/oLBMNvg9in8.glb,0,0.0,0.0,0.0,0.0,0.0,0.0,0.0,0.0,0.0,0.6889748734266331,0.6889748734266331,0.0,0.0,0.0,0.0,5.497968673706055,5.497968673706055,0.0,92.0,92.0,0.0,7.491393566131592,7.491393566131592,0.0,0.9032258064516129,0.9032258064516129,0.0,0.0,0.0,0.0
1610,mp3d/oLBMNvg9in8/oLBMNvg9in8.glb,0,1.0,0.0,-1.0,1.0,0.0,-1.0,0.7842107220691081,0.0,-0.7842107220691081,0.8547541372523574,0.676689011513669,-0.17806512573868838,0.8547541372523574,0.0,-0.8547541372523574,2.160342216491699,5.394840240478516,3.2344980239868164,102.0,181.0,79.0,11.410307884216309,14.605894088745117,3.1955862045288086,0.1111111111111111,0.43103448275862066,0.31992337164750956,0.0,0.0,0.0
1611,mp3d/oLBMNvg9in8/oLBMNvg9in8.glb,0,0.0,0.0,0.0,0.0,0.0,0.0,0.0,0.0,0.0,0.6889748734266331,0.6889748734266331,0.0,0.0,0.0,0.0,5.497968673706055,5.497968673706055,0.0,92.0,92.0,0.0,7.491393566131592,7.491393566131592,0.0,0.9032258064516129,0.9032258064516129,0.0,0.0,0.0,0.0
1612,mp3d/zsNo4HB9uLZ/zsNo4HB9uLZ.glb,0,1.0,0.0,-1.0,1.0,0.0,-1.0,0.9195396809187347,0.0,-0.9195396809187347,0.9013496944151372,0.04313967465677015,-0.8582100197583671,0.9013496944151372,0.0,-0.9013496944151372,1.5295145511627197,13.958105087280273,12.428590536117554,52.0,77.0,25.0,8.236810684204102,14.986812591552734,6.750001907348633,0.058823529411764705,0.03278688524590164,-0.026036644165863064,0.0,0.0,0.0
1613,mp3d/zsNo4HB9uLZ/zsNo4HB9uLZ.glb,0,1.0,1.0,0.0,1.0,1.0,0.0,0.9195396809187347,0.9195396809187347,0.0,0.9013496944151372,0.9013496944151372,0.0,0.9013496944151372,0.9013496944151372,0.0,1.5295145511627197,1.5295145511627197,0.0,52.0,52.0,0.0,8.236810684204102,8.236810684204102,0.0,0.058823529411764705,0.058823529411764705,0.0,0.0,0.0,0.0
1614,mp3d/zsNo4HB9uLZ/zsNo4HB9uLZ.glb,0,1.0,1.0,0.0,1.0,1.0,0.0,0.8199880377859765,0.8199880377859765,0.0,0.9225855598886552,0.9225855598886552,0.0,0.9225855598886552,0.9225855598886552,0.0,0.5500553846359253,0.5500553846359253,0.0,57.0,57.0,0.0,9.236810684204102,9.236810684204102,0.0,0.05263157894736842,0.05263157894736842,0.0,0.0,0.0,0.0
1615,mp3d/QUCTc6BB5sX/QUCTc6BB5sX.glb,0,1.0,1.0,0.0,1.0,1.0,0.0,0.7670354015244523,0.7670354015244523,0.0,0.6947948359962108,0.6947948359962108,0.0,0.6947948359962108,0.6947948359962108,0.0,2.4375925064086914,2.4375925064086914,0.0,82.0,82.0,0.0,13.001280784606934,13.001280784606934,0.0,0.0,0.0,0.0,0.0,0.0,0.0
1616,mp3d/QUCTc6BB5sX/QUCTc6BB5sX.glb,0,1.0,1.0,0.0,1.0,1.0,0.0,0.7821280262323332,0.7670354015244523,-0.015092624707880975,0.7679925956398546,0.6947948359962108,-0.07319775964364372,0.7679925956398546,0.6947948359962108,-0.07319775964364372,1.9155676364898682,2.4375925064086914,0.5220248699188232,75.0,82.0,7.0,12.750396728515625,13.001280784606934,0.2508840560913086,0.0,0.0,0.0,0.0,0.0,0.0
1617,mp3d/QUCTc6BB5sX/QUCTc6BB5sX.glb,0,1.0,1.0,0.0,1.0,1.0,0.0,0.7122971455974192,0.7122971455974192,0.0,0.7972009614737047,0.7972009614737047,0.0,0.7972009614737047,0.7972009614737047,0.0,0.7705870270729065,0.7705870270729065,0.0,85.0,85.0,0.0,14.000396728515625,14.000396728515625,0.0,0.0,0.0,0.0,0.0,0.0,0.0
1618,mp3d/Z6MFQCViBuw/Z6MFQCViBuw.glb,0,0.0,0.0,0.0,0.0,0.0,0.0,0.0,0.0,0.0,0.008400629865738073,0.043389140853358064,0.03498851098761999,0.0,0.0,0.0,20.558765411376953,19.7347354888916,-0.8240299224853516,103.0,58.0,-45.0,16.263126373291016,10.763127326965332,-5.499999046325684,0.0,0.0,0.0,0.0,0.0,0.0
1619,mp3d/Z6MFQCViBuw/Z6MFQCViBuw.glb,0,0.0,0.0,0.0,0.0,0.0,0.0,0.0,0.0,0.0,2.6458404267384163e-06,0.00406661713228843,0.0040639712918616915,0.0,0.0,0.0,18.349111557006836,18.449710845947266,0.10059928894042969,252.0,118.0,-134.0,40.03338623046875,18.276386260986328,-21.756999969482422,0.03067484662576687,0.039473684210526314,0.008798837584759443,0.0,0.0,0.0
1620,mp3d/Z6MFQCViBuw/Z6MFQCViBuw.glb,0,0.0,0.0,0.0,0.0,0.0,0.0,0.0,0.0,0.0,0.017461091617194415,0.023432691325301496,0.005971599708107081,0.0,0.0,0.0,20.863101959228516,20.181678771972656,-0.6814231872558594,72.0,66.0,-6.0,13.5131196975708,12.767066955566406,-0.7460527420043945,0.0,0.0,0.0,0.0,0.0,0.0
1621,mp3d/2azQ1b91cZZ/2azQ1b91cZZ.glb,0,1.0,1.0,0.0,1.0,1.0,0.0,1.0,1.0,0.0,0.940546662956945,0.940546662956945,0.0,0.940546662956945,0.940546662956945,0.0,0.9423096776008606,0.9423096776008606,0.0,45.0,45.0,0.0,8.02161979675293,8.02161979675293,0.0,0.0,0.0,0.0,0.0,0.0,0.0
1622,mp3d/2azQ1b91cZZ/2azQ1b91cZZ.glb,0,1.0,1.0,0.0,1.0,1.0,0.0,1.0,1.0,0.0,0.940546662956945,0.940546662956945,0.0,0.940546662956945,0.940546662956945,0.0,0.9423096776008606,0.9423096776008606,0.0,45.0,45.0,0.0,8.02161979675293,8.02161979675293,0.0,0.0,0.0,0.0,0.0,0.0,0.0
1623,mp3d/2azQ1b91cZZ/2azQ1b91cZZ.glb,0,1.0,1.0,0.0,1.0,1.0,0.0,0.3413380593877348,1.0,0.6586619406122651,0.09049395854578927,0.940546662956945,0.8500527044111558,0.09049395854578927,0.940546662956945,0.8500527044111558,0.6019825339317322,0.9423096776008606,0.3403271436691284,163.0,45.0,-118.0,25.01936912536621,8.02161979675293,-16.99774932861328,0.0,0.0,0.0,0.0,0.0,0.0
1624,mp3d/pLe4wQe7qrG/pLe4wQe7qrG.glb,0,0.0,0.0,0.0,0.0,0.0,0.0,0.0,0.0,0.0,0.33034255480068275,0.33034255480068275,0.0,0.0,0.0,0.0,4.319934844970703,4.319934844970703,0.0,74.0,74.0,0.0,8.627273559570312,8.627273559570312,0.0,0.1111111111111111,0.1111111111111111,0.0,0.0,0.0,0.0
1625,mp3d/pLe4wQe7qrG/pLe4wQe7qrG.glb,0,1.0,1.0,0.0,1.0,1.0,0.0,0.5589741729355171,0.5589741729355171,0.0,0.3916606409313153,0.3916606409313153,0.0,0.3916606409313153,0.3916606409313153,0.0,1.2521218061447144,1.2521218061447144,0.0,71.0,71.0,0.0,8.911720275878906,8.911720275878906,0.0,0.10526315789473684,0.10526315789473684,0.0,0.0,0.0,0.0
1626,mp3d/pLe4wQe7qrG/pLe4wQe7qrG.glb,0,1.0,1.0,0.0,1.0,1.0,0.0,1.0,1.0,0.0,0.5584675124947667,0.5584675124947667,0.0,0.5584675124947667,0.5584675124947667,0.0,2.8169736862182617,2.8169736862182617,0.0,42.0,42.0,0.0,4.672317028045654,4.672317028045654,0.0,0.14285714285714285,0.14285714285714285,0.0,0.0,0.0,0.0
1627,mp3d/X7HyMhZNoso/X7HyMhZNoso.glb,0,1.0,1.0,0.0,1.0,1.0,0.0,0.9699475530981871,0.9699475530981871,0.0,0.9287110174806049,0.9287110174806049,0.0,0.9287110174806049,0.9287110174806049,0.0,1.085508108139038,1.085508108139038,0.0,45.0,45.0,0.0,6.790671348571777,6.790671348571777,0.0,0.0,0.0,0.0,0.0,0.0,0.0
1628,mp3d/X7HyMhZNoso/X7HyMhZNoso.glb,0,1.0,1.0,0.0,1.0,1.0,0.0,0.9699475530981871,0.8191598403796351,-0.15078771271855207,0.9287110174806049,0.9202164953172844,-0.008494522163320473,0.9287110174806049,0.9202164953172844,-0.008494522163320473,1.085508108139038,0.6155791282653809,-0.4699289798736572,45.0,51.0,6.0,6.790671348571777,8.040671348571777,1.25,0.0,0.0,0.0,0.0,0.0,0.0
1629,mp3d/X7HyMhZNoso/X7HyMhZNoso.glb,0,1.0,1.0,0.0,1.0,1.0,0.0,0.845446401695362,0.845446401695362,0.0,0.9394923929236034,0.9394923929236034,0.0,0.9394923929236034,0.9394923929236034,0.0,0.2936773896217346,0.2936773896217346,0.0,53.0,53.0,0.0,7.790671348571777,7.790671348571777,0.0,0.0,0.0,0.0,0.0,0.0,0.0
1630,mp3d/EU6Fwq7SyZv/EU6Fwq7SyZv.glb,0,1.0,1.0,0.0,1.0,1.0,0.0,0.9305781069257872,0.9305781069257872,0.0,0.7279232667843666,0.7279232667843666,0.0,0.7279232667843666,0.7279232667843666,0.0,2.4820973873138428,2.4820973873138428,0.0,137.0,137.0,0.0,8.259271621704102,8.259271621704102,0.0,0.7758620689655172,0.7758620689655172,0.0,0.0,0.0,0.0
1631,mp3d/EU6Fwq7SyZv/EU6Fwq7SyZv.glb,0,1.0,1.0,0.0,1.0,1.0,0.0,0.9305781069257872,0.823884189504923,-0.1066939174208642,0.7279232667843666,0.7369014842777273,0.008978217493360696,0.7279232667843666,0.7369014842777273,0.008978217493360696,2.4820973873138428,2.403040647506714,-0.0790567398071289,137.0,205.0,68.0,8.259271621704102,9.328856468200684,1.069584846496582,0.7758620689655172,0.6964285714285714,-0.07943349753694584,0.0,0.0,0.0
1632,mp3d/EU6Fwq7SyZv/EU6Fwq7SyZv.glb,0,0.0,0.0,0.0,0.0,0.0,0.0,0.0,0.0,0.0,0.029128946555343017,0.03032940044681258,0.001200453891469562,0.0,0.0,0.0,13.432930946350098,13.068974494934082,-0.3639564514160156,136.0,107.0,-29.0,17.534000396728516,15.498285293579102,-2.035715103149414,0.04225352112676056,0.015873015873015872,-0.02638050525374469,0.0,0.0,0.0
1633,mp3d/x8F5xyUWy9e/x8F5xyUWy9e.glb,0,0.0,0.0,0.0,1.0,1.0,0.0,0.0,0.0,0.0,0.710442967660586,0.2214597023046962,-0.4889832653558898,0.0,0.0,0.0,3.3956069946289062,3.293498992919922,-0.10210800170898438,75.0,294.0,219.0,8.827077865600586,30.737239837646484,21.9101619720459,0.34146341463414637,0.13178294573643412,-0.20968046889771225,1.0,1.0,0.0
1634,mp3d/x8F5xyUWy9e/x8F5xyUWy9e.glb,0,1.0,1.0,0.0,1.0,1.0,0.0,1.0,1.0,0.0,0.8053200169816864,0.8053200169816864,0.0,0.8053200169816864,0.8053200169816864,0.0,2.1242458820343018,2.1242458820343018,0.0,55.0,55.0,0.0,6.077077865600586,6.077077865600586,0.0,0.4666666666666667,0.4666666666666667,0.0,0.0,0.0,0.0
1635,mp3d/x8F5xyUWy9e/x8F5xyUWy9e.glb,0,1.0,1.0,0.0,1.0,1.0,0.0,0.8962931623055423,0.8962931623055423,0.0,0.8521248440457221,0.8521248440457221,0.0,0.8521248440457221,0.8521248440457221,0.0,0.6406126618385315,0.6406126618385315,0.0,67.0,67.0,0.0,7.577077388763428,7.577077388763428,0.0,0.3888888888888889,0.3888888888888889,0.0,0.0,0.0,0.0
1636,mp3d/zsNo4HB9uLZ/zsNo4HB9uLZ.glb,0,1.0,1.0,0.0,1.0,1.0,0.0,1.0,1.0,0.0,0.8677033814641669,0.8677033814641669,0.0,0.8677033814641669,0.8677033814641669,0.0,2.277677536010742,2.277677536010742,0.0,42.0,42.0,0.0,5.581829071044922,5.581829071044922,0.0,0.125,0.125,0.0,0.0,0.0,0.0
1637,mp3d/zsNo4HB9uLZ/zsNo4HB9uLZ.glb,0,1.0,1.0,0.0,1.0,1.0,0.0,1.0,1.0,0.0,0.8677033814641669,0.8677033814641669,0.0,0.8677033814641669,0.8677033814641669,0.0,2.277677536010742,2.277677536010742,0.0,42.0,42.0,0.0,5.581829071044922,5.581829071044922,0.0,0.125,0.125,0.0,0.0,0.0,0.0
1638,mp3d/zsNo4HB9uLZ/zsNo4HB9uLZ.glb,0,1.0,1.0,0.0,1.0,1.0,0.0,0.9045013678938651,0.9045013678938651,0.0,0.920439877093229,0.920439877093229,0.0,0.920439877093229,0.920439877093229,0.0,0.45065364241600037,0.45065364241600037,0.0,48.0,48.0,0.0,6.331829071044922,6.331829071044922,0.0,0.1111111111111111,0.1111111111111111,0.0,0.0,0.0,0.0
1639,mp3d/TbHJrupSAjP/TbHJrupSAjP.glb,0,0.0,0.0,0.0,0.0,0.0,0.0,0.0,0.0,0.0,0.47545841210913486,0.47545841210913486,0.0,0.0,0.0,0.0,8.324889183044434,8.324889183044434,0.0,61.0,61.0,0.0,10.978691101074219,10.978691101074219,0.0,0.044444444444444446,0.044444444444444446,0.0,0.0,0.0,0.0
1640,mp3d/TbHJrupSAjP/TbHJrupSAjP.glb,0,0.0,0.0,0.0,0.0,0.0,0.0,0.0,0.0,0.0,0.47545841210913486,0.47545841210913486,0.0,0.0,0.0,0.0,8.324889183044434,8.324889183044434,0.0,61.0,61.0,0.0,10.978691101074219,10.978691101074219,0.0,0.044444444444444446,0.044444444444444446,0.0,0.0,0.0,0.0
1641,mp3d/TbHJrupSAjP/TbHJrupSAjP.glb,0,0.0,0.0,0.0,0.0,0.0,0.0,0.0,0.0,0.0,0.47545841210913486,0.47545841210913486,0.0,0.0,0.0,0.0,8.324889183044434,8.324889183044434,0.0,61.0,61.0,0.0,10.978691101074219,10.978691101074219,0.0,0.044444444444444446,0.044444444444444446,0.0,0.0,0.0,0.0
1642,mp3d/TbHJrupSAjP/TbHJrupSAjP.glb,0,1.0,1.0,0.0,1.0,1.0,0.0,1.0,1.0,0.0,0.9489683777774786,0.9489683777774786,0.0,0.9489683777774786,0.9489683777774786,0.0,1.3481876850128174,1.3481876850128174,0.0,30.0,30.0,0.0,5.75,5.75,0.0,0.0,0.0,0.0,0.0,0.0,0.0
1643,mp3d/TbHJrupSAjP/TbHJrupSAjP.glb,0,1.0,1.0,0.0,1.0,1.0,0.0,0.18562768708774383,0.1853922496110945,-0.00023543747664933612,0.07210360797591497,0.11434357514114042,0.04223996716522545,0.07210360797591497,0.11434357514114042,0.04223996716522545,1.4223065376281738,0.6851950883865356,-0.7371114492416382,253.0,259.0,6.0,37.43679428100586,37.484336853027344,0.047542572021484375,0.019867549668874173,0.0392156862745098,0.01934813660563563,0.0,0.0,0.0
1644,mp3d/TbHJrupSAjP/TbHJrupSAjP.glb,0,1.0,1.0,0.0,1.0,1.0,0.0,0.8966844747377858,0.8966844747377858,0.0,0.9450037550875744,0.9450037550875744,0.0,0.9450037550875744,0.9450037550875744,0.0,0.66853928565979,0.66853928565979,0.0,40.0,40.0,0.0,7.750000953674316,7.750000953674316,0.0,0.0,0.0,0.0,0.0,0.0,0.0
1645,mp3d/zsNo4HB9uLZ/zsNo4HB9uLZ.glb,0,1.0,1.0,0.0,1.0,1.0,0.0,0.600571079799073,0.600571079799073,0.0,0.8135174267665518,0.8135174267665518,0.0,0.8135174267665518,0.8135174267665518,0.0,0.21182887256145477,0.21182887256145477,0.0,72.0,72.0,0.0,9.749999046325684,9.749999046325684,0.0,0.0,0.0,0.0,0.0,0.0,0.0
1646,mp3d/zsNo4HB9uLZ/zsNo4HB9uLZ.glb,0,0.0,0.0,0.0,0.0,0.0,0.0,0.0,0.0,0.0,0.044935765113134137,0.0116941848270815,-0.03324158028605263,0.0,0.0,0.0,14.99824047088623,3.447789192199707,-11.550451278686523,80.0,267.0,187.0,14.5042724609375,39.24446105957031,24.740188598632812,0.0,0.05625,0.05625,0.0,0.0,0.0
1647,mp3d/zsNo4HB9uLZ/zsNo4HB9uLZ.glb,0,1.0,1.0,0.0,1.0,1.0,0.0,0.16032838084618187,0.33936920627277334,0.17904082542659147,0.050978271878201434,0.33634861631533464,0.2853703444371332,0.050978271878201434,0.33634861631533464,0.2853703444371332,0.43165814876556396,0.3490463197231293,-0.08261182904243469,272.0,127.0,-145.0,36.5223388671875,17.254268646240234,-19.268070220947266,0.0,0.0,0.0,0.0,0.0,0.0
1648,mp3d/TbHJrupSAjP/TbHJrupSAjP.glb,0,1.0,1.0,0.0,1.0,1.0,0.0,0.999518414278597,0.999518414278597,0.0,0.8439838549149067,0.8439838549149067,0.0,0.8439838549149067,0.8439838549149067,0.0,2.8936805725097656,2.8936805725097656,0.0,78.0,78.0,0.0,11.705431938171387,11.705431938171387,0.0,0.17647058823529413,0.17647058823529413,0.0,0.0,0.0,0.0
1649,mp3d/TbHJrupSAjP/TbHJrupSAjP.glb,0,1.0,1.0,0.0,1.0,1.0,0.0,1.0,1.0,0.0,0.9136771689168434,0.9136771689168434,0.0,0.9136771689168434,0.9136771689168434,0.0,1.7073018550872803,1.7073018550872803,0.0,71.0,71.0,0.0,10.95543098449707,10.95543098449707,0.0,0.1875,0.1875,0.0,0.0,0.0,0.0
1650,mp3d/TbHJrupSAjP/TbHJrupSAjP.glb,0,0.0,0.0,0.0,0.0,0.0,0.0,0.0,0.0,0.0,0.8337480563341592,0.8337480563341592,0.0,0.0,0.0,0.0,3.2067770957946777,3.2067770957946777,0.0,64.0,64.0,0.0,9.45543098449707,9.45543098449707,0.0,0.21428571428571427,0.21428571428571427,0.0,0.0,0.0,0.0
1651,mp3d/Z6MFQCViBuw/Z6MFQCViBuw.glb,0,0.0,1.0,1.0,0.0,1.0,1.0,0.0,0.537223932100558,0.537223932100558,0.02839824435304531,0.6800728315019196,0.6516745871488743,0.0,0.6800728315019196,0.6800728315019196,22.215118408203125,0.4570932388305664,-21.75802516937256,71.0,155.0,84.0,14.04727554321289,21.944746017456055,7.897470474243164,0.0,0.0,0.0,0.0,0.0,0.0
1652,mp3d/Z6MFQCViBuw/Z6MFQCViBuw.glb,0,1.0,0.0,-1.0,1.0,0.0,-1.0,0.8771220525446608,0.0,-0.8771220525446608,0.8069503303233295,0.0017505006245117688,-0.8051998296988178,0.8069503303233295,0.0,-0.8069503303233295,0.19546794891357422,15.971293449401855,15.775825500488281,76.0,281.0,205.0,13.440823554992676,29.99920654296875,16.558382987976074,0.0,0.07258064516129033,0.07258064516129033,0.0,0.0,0.0
1653,mp3d/Z6MFQCViBuw/Z6MFQCViBuw.glb,0,1.0,1.0,0.0,1.0,1.0,0.0,0.9101441257724258,0.9101441257724258,0.0,0.8800405689103222,0.8800405689103222,0.0,0.8800405689103222,0.8800405689103222,0.0,0.5913414359092712,0.5913414359092712,0.0,71.0,71.0,0.0,12.953160285949707,12.953160285949707,0.0,0.0,0.0,0.0,0.0,0.0,0.0
1654,mp3d/TbHJrupSAjP/TbHJrupSAjP.glb,0,0.0,0.0,0.0,0.0,0.0,0.0,0.0,0.0,0.0,0.7399473461693403,0.7399473461693403,0.0,0.0,0.0,0.0,3.5872504711151123,3.5872504711151123,0.0,50.0,50.0,0.0,7.999999046325684,7.999999046325684,0.0,0.0,0.0,0.0,0.0,0.0,0.0
1655,mp3d/TbHJrupSAjP/TbHJrupSAjP.glb,0,1.0,1.0,0.0,1.0,1.0,0.0,0.8343217459044349,0.8343217459044349,0.0,0.886169923746063,0.886169923746063,0.0,0.886169923746063,0.886169923746063,0.0,0.23604020476341248,0.23604020476341248,0.0,70.0,70.0,0.0,11.749998092651367,11.749998092651367,0.0,0.0,0.0,0.0,0.0,0.0,0.0
1656,mp3d/TbHJrupSAjP/TbHJrupSAjP.glb,0,1.0,1.0,0.0,1.0,1.0,0.0,0.8343217459044349,0.8343217459044349,0.0,0.886169923746063,0.886169923746063,0.0,0.886169923746063,0.886169923746063,0.0,0.23604020476341248,0.23604020476341248,0.0,70.0,70.0,0.0,11.749998092651367,11.749998092651367,0.0,0.0,0.0,0.0,0.0,0.0,0.0
1657,mp3d/Z6MFQCViBuw/Z6MFQCViBuw.glb,0,1.0,1.0,0.0,1.0,1.0,0.0,1.0,1.0,0.0,0.9207981195625377,0.9207981195625377,0.0,0.9207981195625377,0.9207981195625377,0.0,0.4830290973186493,0.4830290973186493,0.0,48.0,48.0,0.0,7.83880090713501,7.83880090713501,0.0,0.0,0.0,0.0,0.0,0.0,0.0
1658,mp3d/Z6MFQCViBuw/Z6MFQCViBuw.glb,0,1.0,1.0,0.0,1.0,1.0,0.0,1.0,1.0,0.0,0.9207981195625377,0.9207981195625377,0.0,0.9207981195625377,0.9207981195625377,0.0,0.4830290973186493,0.4830290973186493,0.0,48.0,48.0,0.0,7.83880090713501,7.83880090713501,0.0,0.0,0.0,0.0,0.0,0.0,0.0
1659,mp3d/Z6MFQCViBuw/Z6MFQCViBuw.glb,0,1.0,1.0,0.0,1.0,1.0,0.0,0.860103427546973,1.0,0.139896572453027,0.8789158256337823,0.9207981195625377,0.04188229392875531,0.8789158256337823,0.9207981195625377,0.04188229392875531,1.0933996438980103,0.4830290973186493,-0.610370546579361,54.0,48.0,-6.0,9.342597007751465,7.83880090713501,-1.503796100616455,0.0,0.0,0.0,0.0,0.0,0.0
1660,mp3d/TbHJrupSAjP/TbHJrupSAjP.glb,0,1.0,1.0,0.0,1.0,1.0,0.0,1.0,1.0,0.0,0.942538804194631,0.942538804194631,0.0,0.942538804194631,0.942538804194631,0.0,0.6168925762176514,0.6168925762176514,0.0,51.0,51.0,0.0,8.115279197692871,8.115279197692871,0.0,0.030303030303030304,0.030303030303030304,0.0,0.0,0.0,0.0
1661,mp3d/TbHJrupSAjP/TbHJrupSAjP.glb,0,1.0,1.0,0.0,1.0,1.0,0.0,1.0,1.0,0.0,0.942538804194631,0.942538804194631,0.0,0.942538804194631,0.942538804194631,0.0,0.6168925762176514,0.6168925762176514,0.0,51.0,51.0,0.0,8.115279197692871,8.115279197692871,0.0,0.030303030303030304,0.030303030303030304,0.0,0.0,0.0,0.0
1662,mp3d/TbHJrupSAjP/TbHJrupSAjP.glb,0,1.0,1.0,0.0,1.0,1.0,0.0,0.8906534379830011,0.8906534379830011,0.0,0.9109524244515124,0.9109524244515124,0.0,0.9109524244515124,0.9109524244515124,0.0,0.7344012260437012,0.7344012260437012,0.0,56.0,56.0,0.0,9.417635917663574,9.417635917663574,0.0,0.02631578947368421,0.02631578947368421,0.0,0.0,0.0,0.0
1663,mp3d/x8F5xyUWy9e/x8F5xyUWy9e.glb,0,1.0,1.0,0.0,1.0,1.0,0.0,1.0,1.0,0.0,0.9036391287603537,0.9036391287603537,0.0,0.9036391287603537,0.9036391287603537,0.0,1.9412859678268433,1.9412859678268433,0.0,28.0,28.0,0.0,6.180660247802734,6.180660247802734,0.0,0.0,0.0,0.0,0.0,0.0,0.0
1664,mp3d/x8F5xyUWy9e/x8F5xyUWy9e.glb,0,1.0,1.0,0.0,1.0,1.0,0.0,0.988674929754775,0.988674929754775,0.0,0.9137117256755454,0.9137117256755454,0.0,0.9137117256755454,0.9137117256755454,0.0,0.602371335029602,0.602371335029602,0.0,37.0,37.0,0.0,7.933005332946777,7.933005332946777,0.0,0.0,0.0,0.0,0.0,0.0,0.0
1665,mp3d/x8F5xyUWy9e/x8F5xyUWy9e.glb,0,1.0,1.0,0.0,1.0,1.0,0.0,1.0,1.0,0.0,0.9036391287603537,0.9036391287603537,0.0,0.9036391287603537,0.9036391287603537,0.0,1.9412859678268433,1.9412859678268433,0.0,28.0,28.0,0.0,6.180660247802734,6.180660247802734,0.0,0.0,0.0,0.0,0.0,0.0,0.0
1666,mp3d/oLBMNvg9in8/oLBMNvg9in8.glb,0,1.0,1.0,0.0,1.0,1.0,0.0,1.0,1.0,0.0,0.921337102508279,0.921337102508279,0.0,0.921337102508279,0.921337102508279,0.0,1.5968395471572876,1.5968395471572876,0.0,43.0,43.0,0.0,7.132633209228516,7.132633209228516,0.0,0.03571428571428571,0.03571428571428571,0.0,0.0,0.0,0.0
1667,mp3d/oLBMNvg9in8/oLBMNvg9in8.glb,0,1.0,1.0,0.0,1.0,1.0,0.0,1.0,1.0,0.0,0.921337102508279,0.921337102508279,0.0,0.921337102508279,0.921337102508279,0.0,1.5968395471572876,1.5968395471572876,0.0,43.0,43.0,0.0,7.132633209228516,7.132633209228516,0.0,0.03571428571428571,0.03571428571428571,0.0,0.0,0.0,0.0
1668,mp3d/oLBMNvg9in8/oLBMNvg9in8.glb,0,1.0,1.0,0.0,1.0,1.0,0.0,1.0,1.0,0.0,0.8943208767217317,0.8943208767217317,0.0,0.8943208767217317,0.8943208767217317,0.0,2.010303258895874,2.010303258895874,0.0,42.0,42.0,0.0,7.1771931648254395,7.1771931648254395,0.0,0.03571428571428571,0.03571428571428571,0.0,0.0,0.0,0.0
1669,mp3d/x8F5xyUWy9e/x8F5xyUWy9e.glb,0,1.0,1.0,0.0,1.0,1.0,0.0,0.7266352628779684,0.6555863575472485,-0.07104890533071995,0.8739410574233444,0.8656350975332358,-0.008305959890108627,0.8739410574233444,0.8656350975332358,-0.008305959890108627,0.7321216464042664,0.5167984962463379,-0.21532315015792847,78.0,83.0,5.0,9.227254867553711,10.227254867553711,1.0,0.02631578947368421,0.023809523809523808,-0.002506265664160401,0.0,0.0,0.0
1670,mp3d/x8F5xyUWy9e/x8F5xyUWy9e.glb,0,1.0,1.0,0.0,1.0,1.0,0.0,0.9966693544888757,0.9966693544888757,0.0,0.8641966020383987,0.8641966020383987,0.0,0.8641966020383987,0.8641966020383987,0.0,2.4796297550201416,2.4796297550201416,0.0,49.0,49.0,0.0,6.727254867553711,6.727254867553711,0.0,0.03571428571428571,0.03571428571428571,0.0,0.0,0.0,0.0
1671,mp3d/x8F5xyUWy9e/x8F5xyUWy9e.glb,0,0.0,1.0,1.0,1.0,1.0,0.0,0.0,0.45399696962691566,0.45399696962691566,0.18748211121680203,0.4264099521989621,0.23892784098216008,0.0,0.4264099521989621,0.4264099521989621,5.043406963348389,0.5427830219268799,-4.500623941421509,177.0,107.0,-70.0,17.437320709228516,14.768487930297852,-2.668832778930664,0.014285714285714285,0.016666666666666666,0.002380952380952381,1.0,0.0,-1.0
1672,mp3d/oLBMNvg9in8/oLBMNvg9in8.glb,0,1.0,1.0,0.0,1.0,1.0,0.0,0.9399418980084566,0.9399418980084566,0.0,0.935268352689439,0.935268352689439,0.0,0.935268352689439,0.935268352689439,0.0,0.5777304172515869,0.5777304172515869,0.0,44.0,44.0,0.0,5.684426307678223,5.684426307678223,0.0,0.0,0.0,0.0,0.0,0.0,0.0
1673,mp3d/oLBMNvg9in8/oLBMNvg9in8.glb,0,1.0,1.0,0.0,1.0,1.0,0.0,0.31209709225697413,0.31209709225697413,0.0,0.45567149564398934,0.45567149564398934,0.0,0.45567149564398934,0.45567149564398934,0.0,0.5332215428352356,0.5332215428352356,0.0,147.0,147.0,0.0,17.119770050048828,17.119770050048828,0.0,0.07142857142857142,0.07142857142857142,0.0,0.0,0.0,0.0
1674,mp3d/oLBMNvg9in8/oLBMNvg9in8.glb,0,0.0,0.0,0.0,1.0,1.0,0.0,0.0,0.0,0.0,0.6180088725849486,0.6180088725849486,0.0,0.0,0.0,0.0,3.3148036003112793,3.3148036003112793,0.0,77.0,77.0,0.0,10.563979148864746,10.563979148864746,0.0,0.0,0.0,0.0,1.0,1.0,0.0
1675,mp3d/X7HyMhZNoso/X7HyMhZNoso.glb,0,1.0,1.0,0.0,1.0,1.0,0.0,1.0,0.9032475761777128,-0.09675242382228721,0.8943358857226554,0.9186990479386012,0.02436316221594581,0.8943358857226554,0.9186990479386012,0.02436316221594581,1.2876003980636597,0.4031407833099365,-0.8844596147537231,45.0,49.0,4.0,5.227969169616699,6.179664611816406,0.951695442199707,0.0,0.0,0.0,0.0,0.0,0.0
1676,mp3d/X7HyMhZNoso/X7HyMhZNoso.glb,0,1.0,1.0,0.0,1.0,1.0,0.0,0.9032475761777128,0.9032475761777128,0.0,0.9186990479386012,0.9186990479386012,0.0,0.9186990479386012,0.9186990479386012,0.0,0.4031407833099365,0.4031407833099365,0.0,49.0,49.0,0.0,6.179664611816406,6.179664611816406,0.0,0.0,0.0,0.0,0.0,0.0,0.0
1677,mp3d/X7HyMhZNoso/X7HyMhZNoso.glb,0,1.0,1.0,0.0,1.0,1.0,0.0,0.9032475761777128,0.9032475761777128,0.0,0.9186990479386012,0.9186990479386012,0.0,0.9186990479386012,0.9186990479386012,0.0,0.4031407833099365,0.4031407833099365,0.0,49.0,49.0,0.0,6.179664611816406,6.179664611816406,0.0,0.0,0.0,0.0,0.0,0.0,0.0
1678,mp3d/zsNo4HB9uLZ/zsNo4HB9uLZ.glb,0,0.0,0.0,0.0,0.0,0.0,0.0,0.0,0.0,0.0,0.40616076625127107,0.41052830129969425,0.004367535048423188,0.0,0.0,0.0,9.849843978881836,8.894100189208984,-0.9557437896728516,46.0,40.0,-6.0,6.500515937805176,5.500514984130859,-1.0000009536743164,0.0,0.0,0.0,0.0,0.0,0.0
1679,mp3d/zsNo4HB9uLZ/zsNo4HB9uLZ.glb,0,1.0,0.0,-1.0,1.0,0.0,-1.0,1.0,0.0,-1.0,0.9083590772197473,0.41052830129969425,-0.49783077592005304,0.9083590772197473,0.0,-0.9083590772197473,0.8208341598510742,8.894100189208984,8.07326602935791,68.0,40.0,-28.0,11.475486755371094,5.500514984130859,-5.974971771240234,0.06382978723404255,0.0,-0.06382978723404255,0.0,0.0,0.0
1680,mp3d/zsNo4HB9uLZ/zsNo4HB9uLZ.glb,0,1.0,1.0,0.0,1.0,1.0,0.0,1.0,1.0,0.0,0.9083590772197473,0.9083590772197473,0.0,0.9083590772197473,0.9083590772197473,0.0,0.8208341598510742,0.8208341598510742,0.0,68.0,68.0,0.0,11.475486755371094,11.475486755371094,0.0,0.06382978723404255,0.06382978723404255,0.0,0.0,0.0,0.0
1681,mp3d/zsNo4HB9uLZ/zsNo4HB9uLZ.glb,0,1.0,0.0,-1.0,1.0,0.0,-1.0,0.8865478332774157,0.0,-0.8865478332774157,0.44762171444183696,0.4450294691439618,-0.002592245297875162,0.44762171444183696,0.0,-0.44762171444183696,2.7190794944763184,3.707228183746338,0.9881486892700195,57.0,54.0,-3.0,11.256294250488281,11.006294250488281,-0.25,0.021739130434782608,0.022222222222222223,0.000483091787439615,0.0,0.0,0.0
1682,mp3d/zsNo4HB9uLZ/zsNo4HB9uLZ.glb,0,1.0,1.0,0.0,1.0,1.0,0.0,0.5052781406837173,0.5468078508768996,0.0415297101931823,0.5069866832776163,0.5090250988108834,0.0020384155332671128,0.5069866832776163,0.5090250988108834,0.0020384155332671128,0.41031599044799805,1.098318099975586,0.6880021095275879,110.0,104.0,-6.0,19.75,18.25,-1.5,0.0,0.0,0.0,0.0,0.0,0.0
1683,mp3d/zsNo4HB9uLZ/zsNo4HB9uLZ.glb,0,1.0,0.0,-1.0,1.0,0.0,-1.0,0.9084983532591265,0.0,-0.9084983532591265,0.9559057792683973,0.5761069444816852,-0.37979883478671206,0.9559057792683973,0.0,-0.9559057792683973,0.555292546749115,5.498475074768066,4.943182528018951,54.0,39.0,-15.0,10.98432731628418,7.750000476837158,-3.2343268394470215,0.044444444444444446,0.0,-0.044444444444444446,0.0,0.0,0.0
1684,mp3d/zsNo4HB9uLZ/zsNo4HB9uLZ.glb,0,0.0,0.0,0.0,0.0,0.0,0.0,0.0,0.0,0.0,0.26535127628991456,0.2826597101067548,0.01730843381684022,0.0,0.0,0.0,11.359378814697266,10.372929573059082,-0.9864492416381836,56.0,52.0,-4.0,10.778582572937012,9.778582572937012,-1.0,0.0,0.0,0.0,0.0,0.0,0.0
1685,mp3d/zsNo4HB9uLZ/zsNo4HB9uLZ.glb,0,1.0,1.0,0.0,1.0,1.0,0.0,0.9376899498293662,1.0,0.062310050170633846,0.932723981579836,0.8961442606763035,-0.036579720903532564,0.932723981579836,0.8961442606763035,-0.036579720903532564,1.0448497533798218,2.294621229171753,1.2497714757919312,75.0,65.0,-10.0,13.778585433959961,12.528585433959961,-1.25,0.0,0.0,0.0,0.0,0.0,0.0
1686,mp3d/zsNo4HB9uLZ/zsNo4HB9uLZ.glb,0,0.0,1.0,1.0,0.0,1.0,1.0,0.0,0.9376899498293662,0.9376899498293662,0.2950944531463946,0.932723981579836,0.6376295284334415,0.0,0.932723981579836,0.932723981579836,9.449249267578125,1.0448497533798218,-8.404399514198303,42.0,75.0,33.0,8.528582572937012,13.778585433959961,5.250002861022949,0.0,0.0,0.0,0.0,0.0,0.0
1687,mp3d/oLBMNvg9in8/oLBMNvg9in8.glb,0,1.0,1.0,0.0,1.0,1.0,0.0,0.6559431984980372,0.6559431984980372,0.0,0.8123521949697905,0.8123521949697905,0.0,0.8123521949697905,0.8123521949697905,0.0,1.1066986322402954,1.1066986322402954,0.0,97.0,97.0,0.0,13.968944549560547,13.968944549560547,0.0,0.037037037037037035,0.037037037037037035,0.0,0.0,0.0,0.0
1688,mp3d/oLBMNvg9in8/oLBMNvg9in8.glb,0,1.0,1.0,0.0,1.0,1.0,0.0,0.6559431984980372,0.6559431984980372,0.0,0.8123521949697905,0.8123521949697905,0.0,0.8123521949697905,0.8123521949697905,0.0,1.1066986322402954,1.1066986322402954,0.0,97.0,97.0,0.0,13.968944549560547,13.968944549560547,0.0,0.037037037037037035,0.037037037037037035,0.0,0.0,0.0,0.0
1689,mp3d/oLBMNvg9in8/oLBMNvg9in8.glb,0,0.0,0.0,0.0,0.0,0.0,0.0,0.0,0.0,0.0,0.798408959739082,0.798408959739082,0.0,0.0,0.0,0.0,4.11892557144165,4.11892557144165,0.0,76.0,76.0,0.0,7.244314670562744,7.244314670562744,0.0,1.1379310344827587,1.1379310344827587,0.0,0.0,0.0,0.0
1690,mp3d/zsNo4HB9uLZ/zsNo4HB9uLZ.glb,0,1.0,1.0,0.0,1.0,1.0,0.0,0.3849822103425698,0.3849822103425698,0.0,0.2777342867574171,0.2777342867574171,0.0,0.2777342867574171,0.2777342867574171,0.0,1.0276503562927246,1.0276503562927246,0.0,117.0,117.0,0.0,21.000001907348633,21.000001907348633,0.0,0.0,0.0,0.0,0.0,0.0,0.0
1691,mp3d/zsNo4HB9uLZ/zsNo4HB9uLZ.glb,0,1.0,1.0,0.0,1.0,1.0,0.0,0.8101796925667016,0.9004121312438648,0.09023243867716313,0.8841139005582274,0.9283969602728115,0.04428305971458413,0.8841139005582274,0.9283969602728115,0.04428305971458413,1.1674069166183472,0.5099120736122131,-0.657494843006134,50.0,44.0,-6.0,9.97880744934082,8.97880744934082,-1.0,0.07317073170731707,0.08108108108108109,0.007910349373764017,0.0,0.0,0.0
1692,mp3d/zsNo4HB9uLZ/zsNo4HB9uLZ.glb,0,1.0,1.0,0.0,1.0,1.0,0.0,0.505289076497775,0.5988611858705328,0.09357210937275784,0.63794245428911,0.652869897829716,0.014927443540606045,0.63794245428911,0.652869897829716,0.014927443540606045,1.0276503562927246,1.4774013757705688,0.44975101947784424,95.0,85.0,-10.0,16.000003814697266,13.500001907348633,-2.500001907348633,0.0,0.0,0.0,0.0,0.0,0.0
1693,mp3d/8194nk5LbLH/8194nk5LbLH.glb,0,1.0,1.0,0.0,1.0,1.0,0.0,0.8742055752140508,1.0,0.12579442478594915,0.8583610386494884,0.8916604230140834,0.03329938436459501,0.8583610386494884,0.8916604230140834,0.03329938436459501,0.6724243760108948,1.2242306470870972,0.5518062710762024,39.0,30.0,-9.0,7.3264007568359375,6.07008171081543,-1.2563190460205078,0.10714285714285714,0.13043478260869565,0.02329192546583851,0.0,0.0,0.0
1694,mp3d/8194nk5LbLH/8194nk5LbLH.glb,0,1.0,1.0,0.0,1.0,1.0,0.0,0.8742055752140508,0.8742055752140508,0.0,0.8583610386494884,0.8583610386494884,0.0,0.8583610386494884,0.8583610386494884,0.0,0.6724243760108948,0.6724243760108948,0.0,39.0,39.0,0.0,7.3264007568359375,7.3264007568359375,0.0,0.10714285714285714,0.10714285714285714,0.0,0.0,0.0,0.0
1695,mp3d/8194nk5LbLH/8194nk5LbLH.glb,0,1.0,1.0,0.0,1.0,1.0,0.0,1.0,1.0,0.0,0.8916604230140834,0.8916604230140834,0.0,0.8916604230140834,0.8916604230140834,0.0,1.2242306470870972,1.2242306470870972,0.0,30.0,30.0,0.0,6.07008171081543,6.07008171081543,0.0,0.13043478260869565,0.13043478260869565,0.0,0.0,0.0,0.0
1696,mp3d/Z6MFQCViBuw/Z6MFQCViBuw.glb,0,0.0,0.0,0.0,0.0,0.0,0.0,0.0,0.0,0.0,0.04443568607572962,0.04443568607572962,0.0,0.0,0.0,0.0,27.201786041259766,27.201786041259766,0.0,65.0,65.0,0.0,12.896427154541016,12.896427154541016,0.0,0.0,0.0,0.0,0.0,0.0,0.0
1697,mp3d/Z6MFQCViBuw/Z6MFQCViBuw.glb,0,0.0,0.0,0.0,0.0,0.0,0.0,0.0,0.0,0.0,0.046337021661079655,0.04443568607572962,-0.0019013355853500363,0.0,0.0,0.0,26.49826431274414,27.201786041259766,0.703521728515625,73.0,65.0,-8.0,12.602462768554688,12.896427154541016,0.2939643859863281,0.0,0.0,0.0,0.0,0.0,0.0
1698,mp3d/Z6MFQCViBuw/Z6MFQCViBuw.glb,0,0.0,0.0,0.0,0.0,0.0,0.0,0.0,0.0,0.0,0.046337021661079655,0.046337021661079655,0.0,0.0,0.0,0.0,26.49826431274414,26.49826431274414,0.0,73.0,73.0,0.0,12.602462768554688,12.602462768554688,0.0,0.0,0.0,0.0,0.0,0.0,0.0
1699,mp3d/QUCTc6BB5sX/QUCTc6BB5sX.glb,0,0.0,0.0,0.0,0.0,0.0,0.0,0.0,0.0,0.0,0.46535041300311863,0.46535041300311863,0.0,0.0,0.0,0.0,5.751653671264648,5.751653671264648,0.0,90.0,90.0,0.0,16.261760711669922,16.261760711669922,0.0,0.015151515151515152,0.015151515151515152,0.0,0.0,0.0,0.0
1700,mp3d/QUCTc6BB5sX/QUCTc6BB5sX.glb,0,0.0,0.0,0.0,0.0,0.0,0.0,0.0,0.0,0.0,0.23497989144691342,0.2632673404287039,0.028287448981790503,0.0,0.0,0.0,4.317237854003906,7.085037708282471,2.7677998542785645,106.0,98.0,-8.0,20.30272102355957,17.755861282348633,-2.5468597412109375,0.0,0.0,0.0,0.0,0.0,0.0
1701,mp3d/QUCTc6BB5sX/QUCTc6BB5sX.glb,0,0.0,0.0,0.0,0.0,0.0,0.0,0.0,0.0,0.0,0.49091493200027575,0.49091493200027575,0.0,0.0,0.0,0.0,5.14169454574585,5.14169454574585,0.0,89.0,89.0,0.0,15.752689361572266,15.752689361572266,0.0,0.015625,0.015625,0.0,0.0,0.0,0.0
1702,mp3d/oLBMNvg9in8/oLBMNvg9in8.glb,0,1.0,1.0,0.0,1.0,1.0,0.0,0.18513765503423224,0.2334431169241684,0.04830546188993615,0.14828173888382756,0.3617132209179276,0.21343148203410006,0.14828173888382756,0.3617132209179276,0.21343148203410006,1.4045917987823486,1.6656256914138794,0.26103389263153076,246.0,180.0,-66.0,32.62506866455078,25.87409210205078,-6.7509765625,0.06779661016949153,0.05434782608695652,-0.013448784082535005,0.0,0.0,0.0
1703,mp3d/oLBMNvg9in8/oLBMNvg9in8.glb,0,1.0,1.0,0.0,1.0,1.0,0.0,0.2334431169241684,0.2334431169241684,0.0,0.3617132209179276,0.3617132209179276,0.0,0.3617132209179276,0.3617132209179276,0.0,1.6656256914138794,1.6656256914138794,0.0,180.0,180.0,0.0,25.87409210205078,25.87409210205078,0.0,0.05434782608695652,0.05434782608695652,0.0,0.0,0.0,0.0
1704,mp3d/oLBMNvg9in8/oLBMNvg9in8.glb,0,1.0,1.0,0.0,1.0,1.0,0.0,0.22266957074838933,0.21863695820544052,-0.004032612542948816,0.3160018703036077,0.30066275982095236,-0.01533911048265535,0.3160018703036077,0.30066275982095236,-0.01533911048265535,2.0373737812042236,1.5782675743103027,-0.4591062068939209,192.0,204.0,12.0,27.125972747802734,27.626293182373047,0.5003204345703125,0.05154639175257732,0.050505050505050504,-0.0010413412475268127,0.0,0.0,0.0
1705,mp3d/QUCTc6BB5sX/QUCTc6BB5sX.glb,0,1.0,1.0,0.0,1.0,1.0,0.0,1.0,1.0,0.0,0.9059418601734117,0.9059418601734117,0.0,0.9059418601734117,0.9059418601734117,0.0,2.436432361602783,2.436432361602783,0.0,58.0,58.0,0.0,10.810992240905762,10.810992240905762,0.0,0.0,0.0,0.0,0.0,0.0,0.0
1706,mp3d/QUCTc6BB5sX/QUCTc6BB5sX.glb,0,1.0,0.0,-1.0,1.0,0.0,-1.0,0.8672374338472502,0.0,-0.8672374338472502,0.8326249553089683,0.8239979310374207,-0.008627024271547601,0.8326249553089683,0.0,-0.8326249553089683,2.5190508365631104,3.978978157043457,1.4599273204803467,100.0,64.0,-36.0,15.07921314239502,11.299863815307617,-3.7793493270874023,0.0,0.0,0.0,0.0,0.0,0.0
1707,mp3d/QUCTc6BB5sX/QUCTc6BB5sX.glb,0,1.0,1.0,0.0,1.0,1.0,0.0,1.0,1.0,0.0,0.9059418601734117,0.9059418601734117,0.0,0.9059418601734117,0.9059418601734117,0.0,2.436432361602783,2.436432361602783,0.0,58.0,58.0,0.0,10.810992240905762,10.810992240905762,0.0,0.0,0.0,0.0,0.0,0.0,0.0
1708,mp3d/TbHJrupSAjP/TbHJrupSAjP.glb,0,1.0,1.0,0.0,1.0,1.0,0.0,0.910889559013899,0.910889559013899,0.0,0.8764038395888161,0.8764038395888161,0.0,0.8764038395888161,0.8764038395888161,0.0,1.8394018411636353,1.8394018411636353,0.0,64.0,64.0,0.0,10.75,10.75,0.0,0.0,0.0,0.0,0.0,0.0,0.0
1709,mp3d/TbHJrupSAjP/TbHJrupSAjP.glb,0,1.0,1.0,0.0,1.0,1.0,0.0,1.0,1.0,0.0,0.9189728519282846,0.9189728519282846,0.0,0.9189728519282846,0.9189728519282846,0.0,1.9800286293029785,1.9800286293029785,0.0,49.0,49.0,0.0,8.26124095916748,8.26124095916748,0.0,0.0,0.0,0.0,0.0,0.0,0.0
1710,mp3d/TbHJrupSAjP/TbHJrupSAjP.glb,0,0.0,0.0,0.0,0.0,0.0,0.0,0.0,0.0,0.0,0.8485561451532742,0.8485561451532742,0.0,0.0,0.0,0.0,3.229813575744629,3.229813575744629,0.0,44.0,44.0,0.0,7.000000953674316,7.000000953674316,0.0,0.0,0.0,0.0,0.0,0.0,0.0
1711,mp3d/TbHJrupSAjP/TbHJrupSAjP.glb,0,1.0,1.0,0.0,1.0,1.0,0.0,0.893175277709961,0.893175277709961,0.0,0.9279103174695094,0.9279103174695094,0.0,0.9279103174695094,0.9279103174695094,0.0,0.13462485373020172,0.13462485373020172,0.0,39.0,39.0,0.0,6.25,6.25,0.0,0.0,0.0,0.0,0.0,0.0,0.0
1712,mp3d/TbHJrupSAjP/TbHJrupSAjP.glb,0,1.0,1.0,0.0,1.0,1.0,0.0,1.0,1.0,0.0,0.9152708154941402,0.9152708154941402,0.0,0.9152708154941402,0.9152708154941402,0.0,1.2330052852630615,1.2330052852630615,0.0,31.0,31.0,0.0,4.999999046325684,4.999999046325684,0.0,0.0,0.0,0.0,0.0,0.0,0.0
1713,mp3d/TbHJrupSAjP/TbHJrupSAjP.glb,0,1.0,1.0,0.0,1.0,1.0,0.0,0.858822382413424,0.858822382413424,0.0,0.8860094606910442,0.8860094606910442,0.0,0.8860094606910442,0.8860094606910442,0.0,1.5348809957504272,1.5348809957504272,0.0,38.0,38.0,0.0,6.5,6.5,0.0,0.0,0.0,0.0,0.0,0.0,0.0
1714,mp3d/2azQ1b91cZZ/2azQ1b91cZZ.glb,0,1.0,1.0,0.0,1.0,1.0,0.0,0.71006928239918,0.71006928239918,0.0,0.7352119651721908,0.7352119651721908,0.0,0.7352119651721908,0.7352119651721908,0.0,0.3765071630477905,0.3765071630477905,0.0,60.0,60.0,0.0,9.256982803344727,9.256982803344727,0.0,0.0,0.0,0.0,0.0,0.0,0.0
1715,mp3d/2azQ1b91cZZ/2azQ1b91cZZ.glb,0,0.0,0.0,0.0,0.0,0.0,0.0,0.0,0.0,0.0,0.32961295603812973,0.32961295603812973,0.0,0.0,0.0,0.0,9.204621315002441,9.204621315002441,0.0,50.0,50.0,0.0,7.194429397583008,7.194429397583008,0.0,0.1,0.1,0.0,0.0,0.0,0.0
1716,mp3d/2azQ1b91cZZ/2azQ1b91cZZ.glb,0,1.0,1.0,0.0,1.0,1.0,0.0,0.5369267979709502,0.5369267979709502,0.0,0.4823398586320942,0.4823398586320942,0.0,0.4823398586320942,0.4823398586320942,0.0,0.732200562953949,0.732200562953949,0.0,70.0,70.0,0.0,12.242076873779297,12.242076873779297,0.0,0.04,0.04,0.0,0.0,0.0,0.0
1717,mp3d/QUCTc6BB5sX/QUCTc6BB5sX.glb,0,1.0,1.0,0.0,1.0,1.0,0.0,0.9345072861647976,1.0,0.06549271383520239,0.9197930637403304,0.9243948340783047,0.004601770337974265,0.9197930637403304,0.9243948340783047,0.004601770337974265,0.2215721309185028,1.0837039947509766,0.8621318638324738,62.0,55.0,-7.0,11.424134254455566,10.152213096618652,-1.271921157836914,0.0425531914893617,0.047619047619047616,0.005065856129685915,0.0,0.0,0.0
1718,mp3d/QUCTc6BB5sX/QUCTc6BB5sX.glb,0,1.0,1.0,0.0,1.0,1.0,0.0,0.9345072861647976,1.0,0.06549271383520239,0.9197930637403304,0.9243948340783047,0.004601770337974265,0.9197930637403304,0.9243948340783047,0.004601770337974265,0.2215721309185028,1.0837039947509766,0.8621318638324738,62.0,55.0,-7.0,11.424134254455566,10.152213096618652,-1.271921157836914,0.0425531914893617,0.047619047619047616,0.005065856129685915,0.0,0.0,0.0
1719,mp3d/QUCTc6BB5sX/QUCTc6BB5sX.glb,0,0.0,1.0,1.0,0.0,1.0,1.0,0.0,1.0,1.0,0.0004348436941046845,0.8761250965117611,0.8756902528176563,0.0,0.8761250965117611,0.8761250965117611,18.587099075317383,2.457629442214966,-16.129469633102417,427.0,48.0,-379.0,66.3179931640625,8.645692825317383,-57.67230033874512,0.0037593984962406013,0.05555555555555555,0.05179615705931495,0.0,0.0,0.0
1720,mp3d/zsNo4HB9uLZ/zsNo4HB9uLZ.glb,0,1.0,1.0,0.0,1.0,1.0,0.0,0.42255462760856394,0.34669511897837174,-0.0758595086301922,0.4977717364109571,0.30839490772107414,-0.18937682868988298,0.4977717364109571,0.30839490772107414,-0.18937682868988298,1.7703149318695068,1.293932318687439,-0.47638261318206787,108.0,175.0,67.0,16.857887268066406,20.546520233154297,3.6886329650878906,0.0,0.0,0.0,0.0,0.0,0.0
1721,mp3d/zsNo4HB9uLZ/zsNo4HB9uLZ.glb,0,1.0,1.0,0.0,1.0,1.0,0.0,0.6190853050813392,0.8897222677508407,0.27063696266950155,0.7482179857922167,0.9423690386247786,0.19415105283256195,0.7482179857922167,0.9423690386247786,0.19415105283256195,1.7851946353912354,0.0896819680929184,-1.695512667298317,69.0,42.0,-27.0,11.506295204162598,8.006294250488281,-3.5000009536743164,0.02127659574468085,0.030303030303030304,0.009026434558349453,0.0,0.0,0.0
1722,mp3d/zsNo4HB9uLZ/zsNo4HB9uLZ.glb,0,1.0,1.0,0.0,1.0,1.0,0.0,1.0,1.0,0.0,0.9403282256669503,0.9403282256669503,0.0,0.9403282256669503,0.9403282256669503,0.0,1.018275260925293,1.018275260925293,0.0,36.0,36.0,0.0,7.006293773651123,7.006293773651123,0.0,0.034482758620689655,0.034482758620689655,0.0,0.0,0.0,0.0
1723,mp3d/QUCTc6BB5sX/QUCTc6BB5sX.glb,0,0.0,1.0,1.0,0.0,1.0,1.0,0.0,0.7804883608732811,0.7804883608732811,0.035918717838916946,0.6117957855938034,0.5758770677548865,0.0,0.6117957855938034,0.6117957855938034,10.69414234161377,0.7832513451576233,-9.910890996456146,131.0,85.0,-46.0,21.52176856994629,15.311800003051758,-6.209968566894531,0.011494252873563218,0.0,-0.011494252873563218,0.0,0.0,0.0
1724,mp3d/QUCTc6BB5sX/QUCTc6BB5sX.glb,0,1.0,1.0,0.0,1.0,1.0,0.0,0.8338643803000307,0.8338643803000307,0.0,0.8170266994358837,0.8170266994358837,0.0,0.8170266994358837,0.8170266994358837,0.0,0.8543504476547241,0.8543504476547241,0.0,81.0,81.0,0.0,14.331685066223145,14.331685066223145,0.0,0.0,0.0,0.0,0.0,0.0,0.0
1725,mp3d/QUCTc6BB5sX/QUCTc6BB5sX.glb,0,1.0,0.0,-1.0,1.0,0.0,-1.0,0.731647959755619,0.0,-0.731647959755619,0.796266927572827,0.007255560926391875,-0.7890113666464351,0.796266927572827,0.0,-0.796266927572827,0.8155709505081177,4.721073150634766,3.905502200126648,105.0,227.0,122.0,16.33392333984375,36.57784652709961,20.24392318725586,0.0,0.0,0.0,0.0,0.0,0.0
1726,mp3d/x8F5xyUWy9e/x8F5xyUWy9e.glb,0,1.0,1.0,0.0,1.0,1.0,0.0,0.7909383486719684,0.7909383486719684,0.0,0.8962643621263032,0.8962643621263032,0.0,0.8962643621263032,0.8962643621263032,0.0,0.037330176681280136,0.037330176681280136,0.0,71.0,71.0,0.0,11.957843780517578,11.957843780517578,0.0,0.020833333333333332,0.020833333333333332,0.0,0.0,0.0,0.0
1727,mp3d/x8F5xyUWy9e/x8F5xyUWy9e.glb,0,1.0,1.0,0.0,1.0,1.0,0.0,0.7909383486719684,0.7909383486719684,0.0,0.8962643621263032,0.8962643621263032,0.0,0.8962643621263032,0.8962643621263032,0.0,0.037330176681280136,0.037330176681280136,0.0,71.0,71.0,0.0,11.957843780517578,11.957843780517578,0.0,0.020833333333333332,0.020833333333333332,0.0,0.0,0.0,0.0
1728,mp3d/x8F5xyUWy9e/x8F5xyUWy9e.glb,0,1.0,1.0,0.0,1.0,1.0,0.0,0.8439799439828545,0.8439799439828545,0.0,0.8958436834147188,0.8958436834147188,0.0,0.8958436834147188,0.8958436834147188,0.0,0.11547481268644333,0.11547481268644333,0.0,68.0,68.0,0.0,11.206329345703125,11.206329345703125,0.0,0.022222222222222223,0.022222222222222223,0.0,0.0,0.0,0.0
1729,mp3d/2azQ1b91cZZ/2azQ1b91cZZ.glb,0,1.0,1.0,0.0,1.0,1.0,0.0,0.9834805682296217,0.9834805682296217,0.0,0.9295632506966578,0.9295632506966578,0.0,0.9295632506966578,0.9295632506966578,0.0,1.2231998443603516,1.2231998443603516,0.0,61.0,61.0,0.0,10.668645858764648,10.668645858764648,0.0,0.022727272727272728,0.022727272727272728,0.0,0.0,0.0,0.0
1730,mp3d/2azQ1b91cZZ/2azQ1b91cZZ.glb,0,0.0,0.0,0.0,0.0,0.0,0.0,0.0,0.0,0.0,0.0584875402224657,0.053065728814536674,-0.0054218114079290294,0.0,0.0,0.0,9.641897201538086,9.395483016967773,-0.2464141845703125,304.0,236.0,-68.0,33.528648376464844,35.75,2.2213516235351562,0.014705882352941176,0.0,-0.014705882352941176,0.0,0.0,0.0
1731,mp3d/2azQ1b91cZZ/2azQ1b91cZZ.glb,0,1.0,1.0,0.0,1.0,1.0,0.0,0.9834805682296217,0.9834805682296217,0.0,0.9295632506966578,0.9295632506966578,0.0,0.9295632506966578,0.9295632506966578,0.0,1.2231998443603516,1.2231998443603516,0.0,61.0,61.0,0.0,10.668645858764648,10.668645858764648,0.0,0.022727272727272728,0.022727272727272728,0.0,0.0,0.0,0.0
1732,mp3d/zsNo4HB9uLZ/zsNo4HB9uLZ.glb,0,1.0,1.0,0.0,1.0,1.0,0.0,0.624532193097437,0.5450988961852055,-0.07943329691223155,0.740232852266029,0.7316084031642744,-0.008624449101754528,0.740232852266029,0.7316084031642744,-0.008624449101754528,1.9671721458435059,2.2410764694213867,0.27390432357788086,71.0,82.0,11.0,8.577947616577148,9.827949523925781,1.2500019073486328,0.15384615384615385,0.13636363636363635,-0.0174825174825175,0.0,0.0,0.0
1733,mp3d/zsNo4HB9uLZ/zsNo4HB9uLZ.glb,0,1.0,1.0,0.0,1.0,1.0,0.0,0.9192265939415282,0.9192265939415282,0.0,0.9006775737144754,0.9006775737144754,0.0,0.9006775737144754,0.9006775737144754,0.0,0.6158466935157776,0.6158466935157776,0.0,51.0,51.0,0.0,5.827947616577148,5.827947616577148,0.0,0.21428571428571427,0.21428571428571427,0.0,0.0,0.0,0.0
1734,mp3d/zsNo4HB9uLZ/zsNo4HB9uLZ.glb,0,1.0,1.0,0.0,1.0,1.0,0.0,0.624532193097437,0.7310646882817877,0.1065324951843507,0.740232852266029,0.8359934221785135,0.0957605699124845,0.740232852266029,0.8359934221785135,0.0957605699124845,1.9671721458435059,1.6688252687454224,-0.2983468770980835,71.0,61.0,-10.0,8.577947616577148,7.327948570251465,-1.2499990463256836,0.15384615384615385,0.17647058823529413,0.022624434389140274,0.0,0.0,0.0
1735,mp3d/oLBMNvg9in8/oLBMNvg9in8.glb,0,1.0,1.0,0.0,1.0,1.0,0.0,1.0,1.0,0.0,0.9056353866275562,0.9056353866275562,0.0,0.9056353866275562,0.9056353866275562,0.0,1.6154026985168457,1.6154026985168457,0.0,50.0,50.0,0.0,7.44701623916626,7.44701623916626,0.0,0.0967741935483871,0.0967741935483871,0.0,0.0,0.0,0.0
1736,mp3d/oLBMNvg9in8/oLBMNvg9in8.glb,0,1.0,1.0,0.0,1.0,1.0,0.0,1.0,1.0,0.0,0.9056353866275562,0.9056353866275562,0.0,0.9056353866275562,0.9056353866275562,0.0,1.6154026985168457,1.6154026985168457,0.0,50.0,50.0,0.0,7.44701623916626,7.44701623916626,0.0,0.0967741935483871,0.0967741935483871,0.0,0.0,0.0,0.0
1737,mp3d/oLBMNvg9in8/oLBMNvg9in8.glb,0,1.0,1.0,0.0,1.0,1.0,0.0,1.0,1.0,0.0,0.7523946436234672,0.7523946436234672,0.0,0.7523946436234672,0.7523946436234672,0.0,1.6399086713790894,1.6399086713790894,0.0,45.0,45.0,0.0,7.250001430511475,7.250001430511475,0.0,0.0,0.0,0.0,0.0,0.0,0.0
1738,mp3d/X7HyMhZNoso/X7HyMhZNoso.glb,0,1.0,1.0,0.0,1.0,1.0,0.0,0.9805918519172551,0.9805918519172551,0.0,0.9423040470562591,0.9423040470562591,0.0,0.9423040470562591,0.9423040470562591,0.0,0.37057822942733765,0.37057822942733765,0.0,36.0,36.0,0.0,5.999999523162842,5.999999523162842,0.0,0.0,0.0,0.0,0.0,0.0,0.0
1739,mp3d/X7HyMhZNoso/X7HyMhZNoso.glb,0,1.0,1.0,0.0,1.0,1.0,0.0,0.9805918519172551,0.9805918519172551,0.0,0.9423040470562591,0.9423040470562591,0.0,0.9423040470562591,0.9423040470562591,0.0,0.37057822942733765,0.37057822942733765,0.0,36.0,36.0,0.0,5.999999523162842,5.999999523162842,0.0,0.0,0.0,0.0,0.0,0.0,0.0
1740,mp3d/X7HyMhZNoso/X7HyMhZNoso.glb,0,1.0,1.0,0.0,1.0,1.0,0.0,0.9805918519172551,0.9805918519172551,0.0,0.9423040470562591,0.9423040470562591,0.0,0.9423040470562591,0.9423040470562591,0.0,0.37057822942733765,0.37057822942733765,0.0,36.0,36.0,0.0,5.999999523162842,5.999999523162842,0.0,0.0,0.0,0.0,0.0,0.0,0.0
1741,mp3d/QUCTc6BB5sX/QUCTc6BB5sX.glb,0,1.0,1.0,0.0,1.0,1.0,0.0,1.0,1.0,0.0,0.9627641506509429,0.9627641506509429,0.0,0.9627641506509429,0.9627641506509429,0.0,1.0697436332702637,1.0697436332702637,0.0,53.0,53.0,0.0,6.750000953674316,6.750000953674316,0.0,0.0,0.0,0.0,0.0,0.0,0.0
1742,mp3d/QUCTc6BB5sX/QUCTc6BB5sX.glb,0,1.0,1.0,0.0,1.0,1.0,0.0,1.0,1.0,0.0,0.9627641506509429,0.9627641506509429,0.0,0.9627641506509429,0.9627641506509429,0.0,1.0697436332702637,1.0697436332702637,0.0,53.0,53.0,0.0,6.750000953674316,6.750000953674316,0.0,0.0,0.0,0.0,0.0,0.0,0.0
1743,mp3d/QUCTc6BB5sX/QUCTc6BB5sX.glb,0,1.0,1.0,0.0,1.0,1.0,0.0,0.9051569163221647,0.9051569163221647,0.0,0.9623723921153499,0.9623723921153499,0.0,0.9623723921153499,0.9623723921153499,0.0,0.20919592678546906,0.20919592678546906,0.0,58.0,58.0,0.0,7.750000953674316,7.750000953674316,0.0,0.0,0.0,0.0,0.0,0.0,0.0
1744,mp3d/EU6Fwq7SyZv/EU6Fwq7SyZv.glb,0,0.0,0.0,0.0,1.0,0.0,-1.0,0.0,0.0,0.0,0.08239298375037035,0.21467742603464327,0.1322844422842729,0.0,0.0,0.0,4.7108869552612305,4.710887908935547,9.5367431640625e-07,101.0,54.0,-47.0,16.018108367919922,8.999999046325684,-7.018109321594238,0.0,0.0,0.0,1.0,0.0,-1.0
1745,mp3d/EU6Fwq7SyZv/EU6Fwq7SyZv.glb,0,0.0,0.0,0.0,0.0,0.0,0.0,0.0,0.0,0.0,0.0003374764976637767,0.052861079435502265,0.05252360293783849,0.0,0.0,0.0,8.17017936706543,7.278756141662598,-0.891423225402832,406.0,161.0,-245.0,58.37043762207031,17.204132080078125,-41.16630554199219,0.012711864406779662,0.4492753623188406,0.4365634979120609,0.0,0.0,0.0
1746,mp3d/EU6Fwq7SyZv/EU6Fwq7SyZv.glb,0,0.0,0.0,0.0,0.0,0.0,0.0,0.0,0.0,0.0,0.12790412996420245,0.2508519398375786,0.12294780987337614,0.0,0.0,0.0,5.519128322601318,10.499364852905273,4.980236530303955,65.0,38.0,-27.0,12.278717041015625,8.27635383605957,-4.002363204956055,0.06,0.0,-0.06,0.0,0.0,0.0
1747,mp3d/oLBMNvg9in8/oLBMNvg9in8.glb,0,1.0,1.0,0.0,1.0,1.0,0.0,0.9408879350678984,1.0,0.05911206493210164,0.9505666518478793,0.9268841758767586,-0.02368247597112061,0.9505666518478793,0.9268841758767586,-0.02368247597112061,0.3352038264274597,1.2231626510620117,0.887958824634552,46.0,41.0,-5.0,6.779401779174805,5.755955219268799,-1.0234465599060059,0.0,0.0,0.0,0.0,0.0,0.0
1748,mp3d/oLBMNvg9in8/oLBMNvg9in8.glb,0,1.0,1.0,0.0,1.0,1.0,0.0,0.2742246259155264,0.26231286721213776,-0.01191175870338862,0.19305746428101625,0.11715750768996251,-0.07589995659105374,0.19305746428101625,0.11715750768996251,-0.07589995659105374,0.9398965239524841,1.2446223497390747,0.3047258257865906,166.0,180.0,14.0,23.26070213317871,24.31698226928711,1.0562801361083984,0.021505376344086023,0.010309278350515464,-0.01119609799357056,0.0,0.0,0.0
1749,mp3d/oLBMNvg9in8/oLBMNvg9in8.glb,0,1.0,1.0,0.0,1.0,1.0,0.0,0.6690415106388342,0.6690415106388342,0.0,0.7927525513563721,0.7927525513563721,0.0,0.7927525513563721,0.7927525513563721,0.0,1.0454730987548828,1.0454730987548828,0.0,59.0,59.0,0.0,9.53402328491211,9.53402328491211,0.0,0.02631578947368421,0.02631578947368421,0.0,0.0,0.0,0.0
1750,mp3d/QUCTc6BB5sX/QUCTc6BB5sX.glb,0,0.0,1.0,1.0,0.0,1.0,1.0,0.0,0.7318228669157886,0.7318228669157886,0.28122991976121414,0.7995883584651586,0.5183584387039445,0.0,0.7995883584651586,0.7995883584651586,13.342198371887207,0.3672305643558502,-12.974967807531357,199.0,131.0,-68.0,26.155397415161133,20.562740325927734,-5.592657089233398,0.2543859649122807,0.20689655172413793,-0.04748941318814279,0.0,0.0,0.0
1751,mp3d/QUCTc6BB5sX/QUCTc6BB5sX.glb,0,0.0,0.0,0.0,0.0,0.0,0.0,0.0,0.0,0.0,0.15172231124874286,0.1740952924980743,0.02237298124933143,0.0,0.0,0.0,17.00408172607422,16.92658805847168,-0.07749366760253906,309.0,265.0,-44.0,27.832632064819336,23.607873916625977,-4.224758148193359,0.4838709677419355,0.5454545454545454,0.061583577712609916,0.0,0.0,0.0
1752,mp3d/QUCTc6BB5sX/QUCTc6BB5sX.glb,0,0.0,0.0,0.0,0.0,0.0,0.0,0.0,0.0,0.0,0.1558656936820279,0.16619861980965828,0.01033292612763037,0.0,0.0,0.0,17.064762115478516,16.92658805847168,-0.13817405700683594,272.0,264.0,-8.0,25.056791305541992,24.050304412841797,-1.0064868927001953,0.4649122807017544,0.5175438596491229,0.052631578947368474,0.0,0.0,0.0
1753,mp3d/zsNo4HB9uLZ/zsNo4HB9uLZ.glb,0,1.0,1.0,0.0,1.0,1.0,0.0,1.0,1.0,0.0,0.8733703461622075,0.8733703461622075,0.0,0.8733703461622075,0.8733703461622075,0.0,2.3278675079345703,2.3278675079345703,0.0,46.0,46.0,0.0,6.499998092651367,6.499998092651367,0.0,0.0,0.0,0.0,0.0,0.0,0.0
1754,mp3d/zsNo4HB9uLZ/zsNo4HB9uLZ.glb,0,1.0,1.0,0.0,1.0,1.0,0.0,0.8864833106956044,0.8864833106956044,0.0,0.8580144807119156,0.8580144807119156,0.0,0.8580144807119156,0.8580144807119156,0.0,2.5010106563568115,2.5010106563568115,0.0,54.0,54.0,0.0,8.249998092651367,8.249998092651367,0.0,0.0,0.0,0.0,0.0,0.0,0.0
1755,mp3d/zsNo4HB9uLZ/zsNo4HB9uLZ.glb,0,1.0,1.0,0.0,1.0,1.0,0.0,0.8358270193728877,0.8358270193728877,0.0,0.9162270417077968,0.9162270417077968,0.0,0.9162270417077968,0.9162270417077968,0.0,0.568798303604126,0.568798303604126,0.0,60.0,60.0,0.0,8.749999046325684,8.749999046325684,0.0,0.0,0.0,0.0,0.0,0.0,0.0
1756,mp3d/2azQ1b91cZZ/2azQ1b91cZZ.glb,0,0.0,0.0,0.0,0.0,0.0,0.0,0.0,0.0,0.0,0.6326584055705909,0.6326584055705909,0.0,0.0,0.0,0.0,6.056343078613281,6.056343078613281,0.0,63.0,63.0,0.0,11.708389282226562,11.708389282226562,0.0,0.13725490196078433,0.13725490196078433,0.0,0.0,0.0,0.0
1757,mp3d/2azQ1b91cZZ/2azQ1b91cZZ.glb,0,1.0,1.0,0.0,1.0,1.0,0.0,0.9577668994443967,0.9577668994443967,0.0,0.9403447391597791,0.9403447391597791,0.0,0.9403447391597791,0.9403447391597791,0.0,0.7504681348800659,0.7504681348800659,0.0,91.0,91.0,0.0,14.034173965454102,14.034173965454102,0.0,0.2459016393442623,0.2459016393442623,0.0,0.0,0.0,0.0
1758,mp3d/2azQ1b91cZZ/2azQ1b91cZZ.glb,0,0.0,0.0,0.0,0.0,0.0,0.0,0.0,0.0,0.0,0.4626904133285656,0.3496507499662817,-0.11303966336228388,0.0,0.0,0.0,5.189698696136475,5.179898262023926,-0.009800434112548828,187.0,186.0,-1.0,23.958393096923828,23.705711364746094,-0.2526817321777344,0.07,0.08080808080808081,0.010808080808080808,0.0,0.0,0.0
1759,mp3d/X7HyMhZNoso/X7HyMhZNoso.glb,0,0.0,0.0,0.0,0.0,0.0,0.0,0.0,0.0,0.0,0.8063738858211245,0.8063738858211245,0.0,0.0,0.0,0.0,3.7091476917266846,3.7091476917266846,0.0,42.0,42.0,0.0,6.7086286544799805,6.7086286544799805,0.0,0.034482758620689655,0.034482758620689655,0.0,0.0,0.0,0.0
1760,mp3d/X7HyMhZNoso/X7HyMhZNoso.glb,0,1.0,1.0,0.0,1.0,1.0,0.0,1.0,1.0,0.0,0.8773277810130772,0.8773277810130772,0.0,0.8773277810130772,0.8773277810130772,0.0,2.74595308303833,2.74595308303833,0.0,49.0,49.0,0.0,7.708628177642822,7.708628177642822,0.0,0.030303030303030304,0.030303030303030304,0.0,0.0,0.0,0.0
1761,mp3d/X7HyMhZNoso/X7HyMhZNoso.glb,0,1.0,1.0,0.0,1.0,1.0,0.0,1.0,1.0,0.0,0.8773277810130772,0.8773277810130772,0.0,0.8773277810130772,0.8773277810130772,0.0,2.74595308303833,2.74595308303833,0.0,49.0,49.0,0.0,7.708628177642822,7.708628177642822,0.0,0.030303030303030304,0.030303030303030304,0.0,0.0,0.0,0.0
1762,mp3d/TbHJrupSAjP/TbHJrupSAjP.glb,0,0.0,0.0,0.0,1.0,1.0,0.0,0.0,0.0,0.0,0.6296989969415819,0.6318342756836796,0.002135278742097624,0.0,0.0,0.0,3.4155406951904297,3.3151252269744873,-0.10041546821594238,61.0,62.0,1.0,8.169940948486328,8.173418045043945,0.0034770965576171875,0.43902439024390244,0.4146341463414634,-0.024390243902439046,1.0,1.0,0.0
1763,mp3d/TbHJrupSAjP/TbHJrupSAjP.glb,0,1.0,1.0,0.0,1.0,1.0,0.0,0.8773863110429457,0.8773863110429457,0.0,0.8417572986004624,0.8417572986004624,0.0,0.8417572986004624,0.8417572986004624,0.0,0.7245948314666748,0.7245948314666748,0.0,90.0,90.0,0.0,6.979128837585449,6.979128837585449,0.0,0.5263157894736842,0.5263157894736842,0.0,0.0,0.0,0.0
1764,mp3d/TbHJrupSAjP/TbHJrupSAjP.glb,0,1.0,1.0,0.0,1.0,1.0,0.0,0.8213524660336302,0.8213524660336302,0.0,0.8276257559012113,0.8276257559012113,0.0,0.8276257559012113,0.8276257559012113,0.0,0.8049997091293335,0.8049997091293335,0.0,52.0,52.0,0.0,7.455255031585693,7.455255031585693,0.0,0.42105263157894735,0.42105263157894735,0.0,0.0,0.0,0.0
1765,mp3d/zsNo4HB9uLZ/zsNo4HB9uLZ.glb,0,1.0,1.0,0.0,1.0,1.0,0.0,1.0,1.0,0.0,0.9093368401209642,0.9093368401209642,0.0,0.9093368401209642,0.9093368401209642,0.0,1.637727975845337,1.637727975845337,0.0,34.0,34.0,0.0,7.990649223327637,7.990649223327637,0.0,0.06060606060606061,0.06060606060606061,0.0,0.0,0.0,0.0
1766,mp3d/zsNo4HB9uLZ/zsNo4HB9uLZ.glb,0,1.0,1.0,0.0,1.0,1.0,0.0,1.0,1.0,0.0,0.9093368401209642,0.9093368401209642,0.0,0.9093368401209642,0.9093368401209642,0.0,1.637727975845337,1.637727975845337,0.0,34.0,34.0,0.0,7.990649223327637,7.990649223327637,0.0,0.06060606060606061,0.06060606060606061,0.0,0.0,0.0,0.0
1767,mp3d/zsNo4HB9uLZ/zsNo4HB9uLZ.glb,0,1.0,1.0,0.0,1.0,1.0,0.0,1.0,1.0,0.0,0.9093368401209642,0.9093368401209642,0.0,0.9093368401209642,0.9093368401209642,0.0,1.637727975845337,1.637727975845337,0.0,34.0,34.0,0.0,7.990649223327637,7.990649223327637,0.0,0.06060606060606061,0.06060606060606061,0.0,0.0,0.0,0.0
1768,mp3d/2azQ1b91cZZ/2azQ1b91cZZ.glb,0,0.0,0.0,0.0,1.0,1.0,0.0,0.0,0.0,0.0,0.6416512794247503,0.6416512794247503,0.0,0.0,0.0,0.0,3.4561054706573486,3.4561054706573486,0.0,67.0,67.0,0.0,10.529825210571289,10.529825210571289,0.0,0.24444444444444444,0.24444444444444444,0.0,1.0,1.0,0.0
1769,mp3d/2azQ1b91cZZ/2azQ1b91cZZ.glb,0,1.0,1.0,0.0,1.0,1.0,0.0,0.5532009924808058,0.5532009924808058,0.0,0.8558413247129605,0.8558413247129605,0.0,0.8558413247129605,0.8558413247129605,0.0,0.31066814064979553,0.31066814064979553,0.0,125.0,125.0,0.0,11.985876083374023,11.985876083374023,0.0,0.061224489795918366,0.061224489795918366,0.0,0.0,0.0,0.0
1770,mp3d/2azQ1b91cZZ/2azQ1b91cZZ.glb,0,1.0,1.0,0.0,1.0,1.0,0.0,0.7552084906076416,1.0,0.2447915093923584,0.845669351536301,0.944310846814729,0.09864149527842803,0.845669351536301,0.944310846814729,0.09864149527842803,1.7087279558181763,1.0548661947250366,-0.6538617610931396,60.0,47.0,-13.0,8.779825210571289,6.029824733734131,-2.750000476837158,0.2894736842105263,0.4074074074074074,0.11793372319688106,0.0,0.0,0.0
1771,mp3d/zsNo4HB9uLZ/zsNo4HB9uLZ.glb,0,1.0,1.0,0.0,1.0,1.0,0.0,1.0,1.0,0.0,0.859946800593415,0.859946800593415,0.0,0.859946800593415,0.859946800593415,0.0,2.708094596862793,2.708094596862793,0.0,59.0,59.0,0.0,9.499998092651367,9.499998092651367,0.0,0.0,0.0,0.0,0.0,0.0,0.0
1772,mp3d/zsNo4HB9uLZ/zsNo4HB9uLZ.glb,0,0.0,0.0,0.0,0.0,0.0,0.0,0.0,0.0,0.0,0.8040956253681419,0.8040956253681419,0.0,0.0,0.0,0.0,3.282538414001465,3.282538414001465,0.0,59.0,59.0,0.0,8.24999713897705,8.24999713897705,0.0,0.0,0.0,0.0,0.0,0.0,0.0
1773,mp3d/zsNo4HB9uLZ/zsNo4HB9uLZ.glb,0,1.0,1.0,0.0,1.0,1.0,0.0,1.0,1.0,0.0,0.859946800593415,0.859946800593415,0.0,0.859946800593415,0.859946800593415,0.0,2.708094596862793,2.708094596862793,0.0,59.0,59.0,0.0,9.499998092651367,9.499998092651367,0.0,0.0,0.0,0.0,0.0,0.0,0.0
1774,mp3d/zsNo4HB9uLZ/zsNo4HB9uLZ.glb,0,1.0,0.0,-1.0,1.0,1.0,0.0,1.0,0.0,-1.0,0.8742671984505428,0.164800240210605,-0.7094669582399378,0.8742671984505428,0.0,-0.8742671984505428,1.0515222549438477,4.353046894073486,3.3015246391296387,38.0,184.0,146.0,4.827946662902832,21.57794952392578,16.75000286102295,0.25,0.06593406593406594,-0.18406593406593408,0.0,1.0,1.0
1775,mp3d/zsNo4HB9uLZ/zsNo4HB9uLZ.glb,0,1.0,1.0,0.0,1.0,1.0,0.0,0.8750123751338764,0.8750123751338764,0.0,0.8796345225383861,0.8796345225383861,0.0,0.8796345225383861,0.8796345225383861,0.0,0.1381092369556427,0.1381092369556427,0.0,44.0,44.0,0.0,5.827946662902832,5.827946662902832,0.0,0.21428571428571427,0.21428571428571427,0.0,0.0,0.0,0.0
1776,mp3d/zsNo4HB9uLZ/zsNo4HB9uLZ.glb,0,1.0,1.0,0.0,1.0,1.0,0.0,0.8750123751338764,0.8750123751338764,0.0,0.8796345225383861,0.8796345225383861,0.0,0.8796345225383861,0.8796345225383861,0.0,0.1381092369556427,0.1381092369556427,0.0,44.0,44.0,0.0,5.827946662902832,5.827946662902832,0.0,0.21428571428571427,0.21428571428571427,0.0,0.0,0.0,0.0
1777,mp3d/pLe4wQe7qrG/pLe4wQe7qrG.glb,0,1.0,0.0,-1.0,1.0,0.0,-1.0,0.5046246702392696,0.0,-0.5046246702392696,0.298867870374767,0.5148902503653545,0.21602237999058754,0.298867870374767,0.0,-0.298867870374767,2.118943214416504,3.160330295562744,1.0413870811462402,105.0,50.0,-55.0,12.42628288269043,6.194273948669434,-6.232008934020996,0.09803921568627451,0.15384615384615385,0.055806938159879346,0.0,0.0,0.0
1778,mp3d/pLe4wQe7qrG/pLe4wQe7qrG.glb,0,1.0,0.0,-1.0,1.0,1.0,0.0,0.11765255945102618,0.0,-0.11765255945102618,0.005237214700755286,0.0001965053116227146,-0.005040709389132572,0.005237214700755286,0.0,-0.005237214700755286,2.2168326377868652,4.213001251220703,1.996168613433838,434.0,570.0,136.0,53.29768371582031,70.24453735351562,16.946853637695312,0.09545454545454546,0.1891025641025641,0.09364801864801864,0.0,1.0,1.0
1779,mp3d/pLe4wQe7qrG/pLe4wQe7qrG.glb,0,0.0,0.0,0.0,0.0,0.0,0.0,0.0,0.0,0.0,0.028565987396641148,0.03774702227971584,0.009181034883074691,0.0,0.0,0.0,4.010243892669678,4.3434929847717285,0.3332490921020508,157.0,132.0,-25.0,17.969331741333008,15.781364440917969,-2.187967300415039,0.0547945205479452,0.15384615384615385,0.09905163329820865,0.0,0.0,0.0
1780,mp3d/x8F5xyUWy9e/x8F5xyUWy9e.glb,0,1.0,0.0,-1.0,1.0,1.0,0.0,0.3347706806979623,0.0,-0.3347706806979623,0.3897086681477346,0.47272908286920495,0.08302041472147037,0.3897086681477346,0.0,-0.3897086681477346,1.7923418283462524,5.635890960693359,3.843549132347107,193.0,100.0,-93.0,26.423288345336914,15.675128936767578,-10.748159408569336,0.0,0.0,0.0,0.0,1.0,1.0
1781,mp3d/x8F5xyUWy9e/x8F5xyUWy9e.glb,0,1.0,1.0,0.0,1.0,1.0,0.0,1.0,1.0,0.0,0.853072859269889,0.8159455748512081,-0.03712728441868085,0.853072859269889,0.8159455748512081,-0.03712728441868085,2.5570414066314697,2.9872677326202393,0.43022632598876953,55.0,42.0,-13.0,7.16333532333374,6.933299541473389,-0.23003578186035156,0.0,0.0,0.0,0.0,0.0,0.0
1782,mp3d/x8F5xyUWy9e/x8F5xyUWy9e.glb,0,1.0,1.0,0.0,1.0,1.0,0.0,1.0,1.0,0.0,0.8596093207375629,0.8596093207375629,0.0,0.8596093207375629,0.8596093207375629,0.0,2.6488120555877686,2.6488120555877686,0.0,36.0,36.0,0.0,6.403221130371094,6.403221130371094,0.0,0.0,0.0,0.0,0.0,0.0,0.0
1783,mp3d/QUCTc6BB5sX/QUCTc6BB5sX.glb,0,1.0,1.0,0.0,1.0,1.0,0.0,1.0,1.0,0.0,0.9607041608401454,0.9160750096592206,-0.04462915118092481,0.9607041608401454,0.9160750096592206,-0.04462915118092481,0.8682731986045837,2.1139020919799805,1.2456288933753967,51.0,45.0,-6.0,10.058597564697266,8.808597564697266,-1.25,0.0,0.0,0.0,0.0,0.0,0.0
1784,mp3d/QUCTc6BB5sX/QUCTc6BB5sX.glb,0,1.0,1.0,0.0,1.0,1.0,0.0,1.0,1.0,0.0,0.9607041608401454,0.9160750096592206,-0.04462915118092481,0.9607041608401454,0.9160750096592206,-0.04462915118092481,0.8682731986045837,2.1139020919799805,1.2456288933753967,51.0,45.0,-6.0,10.058597564697266,8.808597564697266,-1.25,0.0,0.0,0.0,0.0,0.0,0.0
1785,mp3d/QUCTc6BB5sX/QUCTc6BB5sX.glb,0,1.0,1.0,0.0,1.0,1.0,0.0,1.0,1.0,0.0,0.9160750096592206,0.9160750096592206,0.0,0.9160750096592206,0.9160750096592206,0.0,2.1139020919799805,2.1139020919799805,0.0,45.0,45.0,0.0,8.808597564697266,8.808597564697266,0.0,0.0,0.0,0.0,0.0,0.0,0.0
1786,mp3d/Z6MFQCViBuw/Z6MFQCViBuw.glb,0,0.0,0.0,0.0,0.0,0.0,0.0,0.0,0.0,0.0,0.02402510241257757,0.01240143250444718,-0.011623669908130388,0.0,0.0,0.0,21.35845947265625,23.06297492980957,1.7045154571533203,81.0,89.0,8.0,13.872122764587402,15.666362762451172,1.7942399978637695,0.0,0.0,0.0,0.0,0.0,0.0
1787,mp3d/Z6MFQCViBuw/Z6MFQCViBuw.glb,0,0.0,0.0,0.0,0.0,0.0,0.0,0.0,0.0,0.0,0.01240143250444718,0.01240143250444718,0.0,0.0,0.0,0.0,23.06297492980957,23.06297492980957,0.0,89.0,89.0,0.0,15.666362762451172,15.666362762451172,0.0,0.0,0.0,0.0,0.0,0.0,0.0
1788,mp3d/Z6MFQCViBuw/Z6MFQCViBuw.glb,0,0.0,0.0,0.0,0.0,0.0,0.0,0.0,0.0,0.0,0.025252635364242375,0.025252635364242375,0.0,0.0,0.0,0.0,20.012266159057617,20.012266159057617,0.0,77.0,77.0,0.0,12.393633842468262,12.393633842468262,0.0,0.0,0.0,0.0,0.0,0.0,0.0
1789,mp3d/TbHJrupSAjP/TbHJrupSAjP.glb,0,0.0,0.0,0.0,1.0,1.0,0.0,0.0,0.0,0.0,0.7865951412276506,0.7865951412276506,0.0,0.0,0.0,0.0,4.158929824829102,4.158929824829102,0.0,50.0,50.0,0.0,7.999999046325684,7.999999046325684,0.0,0.0,0.0,0.0,1.0,1.0,0.0
1790,mp3d/TbHJrupSAjP/TbHJrupSAjP.glb,0,0.0,1.0,1.0,1.0,1.0,0.0,0.0,1.0,1.0,0.6807640863544614,0.8301912397076425,0.14942715335318113,0.0,0.8301912397076425,0.8301912397076425,4.338057041168213,2.8490679264068604,-1.4889891147613525,95.0,34.0,-61.0,11.49999713897705,5.749999046325684,-5.749998092651367,0.0,0.0,0.0,1.0,0.0,-1.0
1791,mp3d/TbHJrupSAjP/TbHJrupSAjP.glb,0,0.0,0.0,0.0,0.0,0.0,0.0,0.0,0.0,0.0,0.7169337592167853,0.7169337592167853,0.0,0.0,0.0,0.0,4.095937728881836,4.095937728881836,0.0,27.0,27.0,0.0,4.499999046325684,4.499999046325684,0.0,0.0,0.0,0.0,0.0,0.0,0.0
1792,mp3d/oLBMNvg9in8/oLBMNvg9in8.glb,0,1.0,1.0,0.0,1.0,1.0,0.0,0.8938141835343623,0.9699942679945036,0.07618008446014135,0.9512665900483838,0.964240783174499,0.012974193126115252,0.9512665900483838,0.964240783174499,0.012974193126115252,0.40467968583106995,0.3676450848579407,-0.03703460097312927,50.0,44.0,-6.0,9.549683570861816,8.799683570861816,-0.75,0.02631578947368421,0.0,-0.02631578947368421,0.0,0.0,0.0
1793,mp3d/oLBMNvg9in8/oLBMNvg9in8.glb,0,1.0,1.0,0.0,1.0,1.0,0.0,0.848472260391789,0.848472260391789,0.0,0.8117905349615047,0.8117905349615047,0.0,0.8117905349615047,0.8117905349615047,0.0,0.35633155703544617,0.35633155703544617,0.0,53.0,53.0,0.0,10.060013771057129,10.060013771057129,0.0,0.075,0.075,0.0,0.0,0.0,0.0
1794,mp3d/oLBMNvg9in8/oLBMNvg9in8.glb,0,0.0,1.0,1.0,1.0,1.0,0.0,0.0,1.0,1.0,0.7326481028385127,0.7290140238955691,-0.0036340789429435416,0.0,0.7290140238955691,0.7290140238955691,3.001047134399414,2.9009671211242676,-0.10008001327514648,47.0,36.0,-11.0,7.3357720375061035,6.8089494705200195,-0.526822566986084,0.0,0.0,0.0,1.0,0.0,-1.0
1795,mp3d/X7HyMhZNoso/X7HyMhZNoso.glb,0,1.0,1.0,0.0,1.0,1.0,0.0,0.9764499470495033,0.9764499470495033,0.0,0.8909041937135823,0.8909041937135823,0.0,0.8909041937135823,0.8909041937135823,0.0,0.6889383792877197,0.6889383792877197,0.0,37.0,37.0,0.0,5.260018348693848,5.260018348693848,0.0,0.09090909090909091,0.09090909090909091,0.0,0.0,0.0,0.0
1796,mp3d/X7HyMhZNoso/X7HyMhZNoso.glb,0,0.0,0.0,0.0,1.0,1.0,0.0,0.0,0.0,0.0,0.20657592157795684,0.20657592157795684,0.0,0.0,0.0,0.0,11.423215866088867,11.423215866088867,0.0,95.0,95.0,0.0,13.722501754760742,13.722501754760742,0.0,0.03773584905660377,0.03773584905660377,0.0,1.0,1.0,0.0
1797,mp3d/X7HyMhZNoso/X7HyMhZNoso.glb,0,1.0,1.0,0.0,1.0,1.0,0.0,0.5700481885040881,0.5700481885040881,0.0,0.7647325711519992,0.7647325711519992,0.0,0.7647325711519992,0.7647325711519992,0.0,1.0741838216781616,1.0741838216781616,0.0,79.0,79.0,0.0,9.010018348693848,9.010018348693848,0.0,0.05405405405405406,0.05405405405405406,0.0,0.0,0.0,0.0
1798,mp3d/x8F5xyUWy9e/x8F5xyUWy9e.glb,0,1.0,0.0,-1.0,1.0,0.0,-1.0,0.27142838860509755,0.0,-0.27142838860509755,0.01051601741751846,0.001413536099052442,-0.009102481318466018,0.01051601741751846,0.0,-0.01051601741751846,2.69688081741333,14.287342071533203,11.590461254119873,245.0,310.0,65.0,38.45207595825195,37.36552429199219,-1.0865516662597656,0.012903225806451613,0.032679738562091505,0.019776512755639894,0.0,0.0,0.0
1799,mp3d/x8F5xyUWy9e/x8F5xyUWy9e.glb,0,1.0,1.0,0.0,1.0,1.0,0.0,1.0,1.0,0.0,0.9615281657579422,0.9615281657579422,0.0,0.9615281657579422,0.9615281657579422,0.0,1.1037611961364746,1.1037611961364746,0.0,55.0,55.0,0.0,9.932191848754883,9.932191848754883,0.0,0.0,0.0,0.0,0.0,0.0,0.0
1800,mp3d/x8F5xyUWy9e/x8F5xyUWy9e.glb,0,1.0,1.0,0.0,1.0,1.0,0.0,1.0,1.0,0.0,0.9615281657579422,0.9615281657579422,0.0,0.9615281657579422,0.9615281657579422,0.0,1.1037611961364746,1.1037611961364746,0.0,55.0,55.0,0.0,9.932191848754883,9.932191848754883,0.0,0.0,0.0,0.0,0.0,0.0,0.0
1801,mp3d/2azQ1b91cZZ/2azQ1b91cZZ.glb,0,1.0,1.0,0.0,1.0,1.0,0.0,0.9431882672584557,0.9431882672584557,0.0,0.9002847007788738,0.9002847007788738,0.0,0.9002847007788738,0.9002847007788738,0.0,0.3310689330101013,0.3310689330101013,0.0,64.0,64.0,0.0,10.499313354492188,10.499313354492188,0.0,0.023255813953488372,0.023255813953488372,0.0,0.0,0.0,0.0
1802,mp3d/2azQ1b91cZZ/2azQ1b91cZZ.glb,0,1.0,1.0,0.0,1.0,1.0,0.0,0.9431882672584557,0.9431882672584557,0.0,0.9002847007788738,0.9002847007788738,0.0,0.9002847007788738,0.9002847007788738,0.0,0.3310689330101013,0.3310689330101013,0.0,64.0,64.0,0.0,10.499313354492188,10.499313354492188,0.0,0.023255813953488372,0.023255813953488372,0.0,0.0,0.0,0.0
1803,mp3d/2azQ1b91cZZ/2azQ1b91cZZ.glb,0,0.0,0.0,0.0,0.0,0.0,0.0,0.0,0.0,0.0,0.3557244650016302,0.3557244650016302,0.0,0.0,0.0,0.0,9.148416519165039,9.148416519165039,0.0,79.0,79.0,0.0,14.498367309570312,14.498367309570312,0.0,0.03389830508474576,0.03389830508474576,0.0,0.0,0.0,0.0
1804,mp3d/QUCTc6BB5sX/QUCTc6BB5sX.glb,0,1.0,1.0,0.0,1.0,1.0,0.0,1.0,1.0,0.0,0.8743421800945977,0.8743421800945977,0.0,0.8743421800945977,0.8743421800945977,0.0,2.0030291080474854,2.0030291080474854,0.0,54.0,54.0,0.0,6.499999046325684,6.499999046325684,0.0,0.0,0.0,0.0,0.0,0.0,0.0
1805,mp3d/QUCTc6BB5sX/QUCTc6BB5sX.glb,0,1.0,1.0,0.0,1.0,1.0,0.0,0.9201112645608602,0.9201112645608602,0.0,0.9219608102380886,0.9219608102380886,0.0,0.9219608102380886,0.9219608102380886,0.0,1.0038714408874512,1.0038714408874512,0.0,59.0,59.0,0.0,7.499999046325684,7.499999046325684,0.0,0.0,0.0,0.0,0.0,0.0,0.0
1806,mp3d/QUCTc6BB5sX/QUCTc6BB5sX.glb,0,1.0,1.0,0.0,1.0,1.0,0.0,1.0,1.0,0.0,0.8743421800945977,0.8743421800945977,0.0,0.8743421800945977,0.8743421800945977,0.0,2.0030291080474854,2.0030291080474854,0.0,54.0,54.0,0.0,6.499999046325684,6.499999046325684,0.0,0.0,0.0,0.0,0.0,0.0,0.0
1807,mp3d/zsNo4HB9uLZ/zsNo4HB9uLZ.glb,0,0.0,0.0,0.0,0.0,0.0,0.0,0.0,0.0,0.0,0.47957550053006354,0.47957550053006354,0.0,0.0,0.0,0.0,3.2321972846984863,3.2321972846984863,0.0,138.0,138.0,0.0,23.75000762939453,23.75000762939453,0.0,0.0,0.0,0.0,0.0,0.0,0.0
1808,mp3d/zsNo4HB9uLZ/zsNo4HB9uLZ.glb,0,0.0,0.0,0.0,0.0,0.0,0.0,0.0,0.0,0.0,0.547213651649282,0.4733861928048298,-0.07382745884445224,0.0,0.0,0.0,3.155989646911621,5.1398115158081055,1.9838218688964844,131.0,120.0,-11.0,22.250003814697266,20.250003814697266,-2.0,0.0,0.0,0.0,0.0,0.0,0.0
1809,mp3d/zsNo4HB9uLZ/zsNo4HB9uLZ.glb,0,0.0,0.0,0.0,0.0,0.0,0.0,0.0,0.0,0.0,0.5859483544222077,0.5942346010874803,0.008286246665272556,0.0,0.0,0.0,3.570753574371338,3.798333168029785,0.22757959365844727,70.0,83.0,13.0,13.25000286102295,13.599977493286133,0.3499746322631836,0.0,0.10714285714285714,0.10714285714285714,0.0,0.0,0.0
1810,mp3d/EU6Fwq7SyZv/EU6Fwq7SyZv.glb,0,1.0,1.0,0.0,1.0,1.0,0.0,0.6807154205731385,0.6807154205731385,0.0,0.7674154411298177,0.7674154411298177,0.0,0.7674154411298177,0.7674154411298177,0.0,0.180633544921875,0.180633544921875,0.0,78.0,78.0,0.0,10.50192642211914,10.50192642211914,0.0,0.047619047619047616,0.047619047619047616,0.0,0.0,0.0,0.0
1811,mp3d/EU6Fwq7SyZv/EU6Fwq7SyZv.glb,0,1.0,1.0,0.0,1.0,1.0,0.0,0.508934324178005,0.40741812759783197,-0.10151619658017302,0.6604834969872855,0.5869977820187023,-0.07348571496858314,0.6604834969872855,0.5869977820187023,-0.07348571496858314,2.858736515045166,0.07144328951835632,-2.7872932255268097,113.0,148.0,35.0,14.046651840209961,17.546649932861328,3.499998092651367,0.017857142857142856,0.014285714285714285,-0.003571428571428571,0.0,0.0,0.0
1812,mp3d/EU6Fwq7SyZv/EU6Fwq7SyZv.glb,0,1.0,1.0,0.0,1.0,1.0,0.0,0.8341391988592808,0.8341391988592808,0.0,0.8523154408759854,0.8523154408759854,0.0,0.8523154408759854,0.8523154408759854,0.0,0.2943098545074463,0.2943098545074463,0.0,54.0,54.0,0.0,8.570300102233887,8.570300102233887,0.0,0.029411764705882353,0.029411764705882353,0.0,0.0,0.0,0.0
1813,mp3d/X7HyMhZNoso/X7HyMhZNoso.glb,0,0.0,0.0,0.0,0.0,0.0,0.0,0.0,0.0,0.0,0.4464766944701505,0.44619147202850173,-0.000285222441648747,0.0,0.0,0.0,11.690949440002441,11.690949440002441,0.0,108.0,141.0,33.0,9.915237426757812,10.415237426757812,0.5,0.8181818181818182,0.8043478260869565,-0.013833992094861691,0.0,0.0,0.0
1814,mp3d/X7HyMhZNoso/X7HyMhZNoso.glb,0,0.0,0.0,0.0,0.0,0.0,0.0,0.0,0.0,0.0,0.38355770898374253,0.3671958616367527,-0.01636184734698981,0.0,0.0,0.0,11.978006362915039,11.812549591064453,-0.16545677185058594,116.0,141.0,25.0,9.186225891113281,12.247735023498535,3.061509132385254,0.7555555555555555,0.5344827586206896,-0.22107279693486592,0.0,0.0,0.0
1815,mp3d/X7HyMhZNoso/X7HyMhZNoso.glb,0,0.0,0.0,0.0,0.0,0.0,0.0,0.0,0.0,0.0,0.37229556065582514,0.37104882358322583,-0.0012467370725993132,0.0,0.0,0.0,12.337911605834961,11.886858940124512,-0.4510526657104492,121.0,130.0,9.0,10.65549373626709,11.15549373626709,0.5,0.5,0.48214285714285715,-0.01785714285714285,0.0,0.0,0.0
1816,mp3d/2azQ1b91cZZ/2azQ1b91cZZ.glb,0,1.0,0.0,-1.0,1.0,0.0,-1.0,0.9798095989355224,0.0,-0.9798095989355224,0.9732504427068175,6.748974346885258e-12,-0.9732504427000686,0.9732504427068175,0.0,-0.9732504427068175,0.11383601278066635,11.775172233581543,11.661336220800877,25.0,281.0,256.0,5.5008769035339355,40.00043869018555,34.49956178665161,0.0,0.0,0.0,0.0,0.0,0.0
1817,mp3d/2azQ1b91cZZ/2azQ1b91cZZ.glb,0,1.0,1.0,0.0,1.0,1.0,0.0,0.8290899331403161,0.9798095989355224,0.15071966579520635,0.9056055086631215,0.9732504427068175,0.06764493404369598,0.9056055086631215,0.9732504427068175,0.06764493404369598,1.1012697219848633,0.11383601278066635,-0.9874337092041969,30.0,25.0,-5.0,6.500877380371094,5.5008769035339355,-1.0000004768371582,0.0,0.0,0.0,0.0,0.0,0.0
1818,mp3d/2azQ1b91cZZ/2azQ1b91cZZ.glb,0,1.0,0.0,-1.0,1.0,0.0,-1.0,0.9798095989355224,0.0,-0.9798095989355224,0.9732504427068175,0.19072409875059435,-0.7825263439562231,0.9732504427068175,0.0,-0.9732504427068175,0.11383601278066635,9.685037612915039,9.571201600134373,25.0,44.0,19.0,5.5008769035339355,5.500000953674316,-0.0008759498596191406,0.0,0.0,0.0,0.0,0.0,0.0
1819,mp3d/Z6MFQCViBuw/Z6MFQCViBuw.glb,0,1.0,1.0,0.0,1.0,1.0,0.0,1.0,1.0,0.0,0.9448427002954172,0.9448427002954172,0.0,0.9448427002954172,0.9448427002954172,0.0,1.1679438352584839,1.1679438352584839,0.0,48.0,48.0,0.0,9.215181350708008,9.215181350708008,0.0,0.0,0.0,0.0,0.0,0.0,0.0
1820,mp3d/Z6MFQCViBuw/Z6MFQCViBuw.glb,0,0.0,1.0,1.0,0.0,1.0,1.0,0.0,1.0,1.0,0.0002629500404887108,0.9448427002954172,0.9445797502549285,0.0,0.9448427002954172,0.9448427002954172,22.41588592529297,1.1679438352584839,-21.247942090034485,212.0,48.0,-164.0,32.50331115722656,9.215181350708008,-23.288129806518555,0.0,0.0,0.0,0.0,0.0,0.0
1821,mp3d/Z6MFQCViBuw/Z6MFQCViBuw.glb,0,1.0,1.0,0.0,1.0,1.0,0.0,0.9744322857438615,1.0,0.025567714256138463,0.8575479747503864,0.8224604544585962,-0.035087520291790186,0.8575479747503864,0.8224604544585962,-0.035087520291790186,0.7268833518028259,2.1828360557556152,1.4559527039527893,54.0,46.0,-8.0,10.244728088378906,8.461533546447754,-1.7831945419311523,0.09302325581395349,0.1111111111111111,0.018087855297157618,0.0,0.0,0.0
1822,mp3d/TbHJrupSAjP/TbHJrupSAjP.glb,0,1.0,0.0,-1.0,1.0,0.0,-1.0,0.3904023932077299,0.0,-0.3904023932077299,0.5339073606081949,0.11502553568113798,-0.4188818249270569,0.5339073606081949,0.0,-0.5339073606081949,2.354792594909668,6.451691150665283,4.096898555755615,215.0,273.0,58.0,24.249996185302734,32.89818572998047,8.648189544677734,0.0,0.015037593984962405,0.015037593984962405,0.0,0.0,0.0
1823,mp3d/TbHJrupSAjP/TbHJrupSAjP.glb,0,0.0,0.0,0.0,0.0,0.0,0.0,0.0,0.0,0.0,0.27414917844880404,0.160272912007821,-0.11387626644098303,0.0,0.0,0.0,5.689553737640381,5.650172233581543,-0.03938150405883789,254.0,320.0,66.0,28.0,34.233219146728516,6.233219146728516,0.0,0.007246376811594203,0.007246376811594203,0.0,0.0,0.0
1824,mp3d/TbHJrupSAjP/TbHJrupSAjP.glb,0,1.0,0.0,-1.0,1.0,0.0,-1.0,0.35391610732632167,0.0,-0.35391610732632167,0.5175771368337394,0.30995323054375923,-0.20762390628998018,0.5175771368337394,0.0,-0.5175771368337394,1.6037527322769165,6.0146894454956055,4.410936713218689,241.0,265.0,24.0,26.750001907348633,30.270015716552734,3.5200138092041016,0.0,0.0,0.0,0.0,0.0,0.0
1825,mp3d/oLBMNvg9in8/oLBMNvg9in8.glb,0,0.0,0.0,0.0,1.0,1.0,0.0,0.0,0.0,0.0,0.7506679110815578,0.7506679110815578,0.0,0.0,0.0,0.0,3.964186429977417,3.964186429977417,0.0,56.0,56.0,0.0,7.600558280944824,7.600558280944824,0.0,0.0,0.0,0.0,1.0,1.0,0.0
1826,mp3d/oLBMNvg9in8/oLBMNvg9in8.glb,0,1.0,1.0,0.0,1.0,1.0,0.0,0.9123273419318662,0.9123273419318662,0.0,0.8474725166685372,0.8474725166685372,0.0,0.8474725166685372,0.8474725166685372,0.0,2.7608730792999268,2.7608730792999268,0.0,50.0,50.0,0.0,6.350558280944824,6.350558280944824,0.0,0.0,0.0,0.0,0.0,0.0,0.0
1827,mp3d/oLBMNvg9in8/oLBMNvg9in8.glb,0,1.0,1.0,0.0,1.0,1.0,0.0,1.0,1.0,0.0,0.9245670183593493,0.9245670183593493,0.0,0.9245670183593493,0.9245670183593493,0.0,1.370475172996521,1.370475172996521,0.0,48.0,48.0,0.0,5.350558280944824,5.350558280944824,0.0,0.0,0.0,0.0,0.0,0.0,0.0
1828,mp3d/TbHJrupSAjP/TbHJrupSAjP.glb,0,1.0,1.0,0.0,1.0,1.0,0.0,0.8237698768183362,0.8237698768183362,0.0,0.9436050815795872,0.9436050815795872,0.0,0.9436050815795872,0.9436050815795872,0.0,0.158833310008049,0.158833310008049,0.0,52.0,52.0,0.0,7.391379356384277,7.391379356384277,0.0,0.0,0.0,0.0,0.0,0.0,0.0
1829,mp3d/TbHJrupSAjP/TbHJrupSAjP.glb,0,1.0,1.0,0.0,1.0,1.0,0.0,0.8237698768183362,0.960701111314249,0.1369312344959127,0.9436050815795872,0.9508288132853713,0.007223731705784053,0.9436050815795872,0.9508288132853713,0.007223731705784053,0.158833310008049,0.8591015338897705,0.7002682238817215,52.0,45.0,-7.0,7.391379356384277,6.33786678314209,-1.0535125732421875,0.0,0.0,0.0,0.0,0.0,0.0
1830,mp3d/TbHJrupSAjP/TbHJrupSAjP.glb,0,1.0,1.0,0.0,1.0,1.0,0.0,0.960701111314249,0.960701111314249,0.0,0.9508288132853713,0.9508288132853713,0.0,0.9508288132853713,0.9508288132853713,0.0,0.8591015338897705,0.8591015338897705,0.0,45.0,45.0,0.0,6.33786678314209,6.33786678314209,0.0,0.0,0.0,0.0,0.0,0.0,0.0
1831,mp3d/oLBMNvg9in8/oLBMNvg9in8.glb,0,0.0,1.0,1.0,1.0,1.0,0.0,0.0,0.28405284645414997,0.28405284645414997,0.14560735517453852,0.22513970677219144,0.07953235159765293,0.0,0.22513970677219144,0.22513970677219144,5.265108108520508,1.6304937601089478,-3.63461434841156,188.0,189.0,1.0,26.383922576904297,25.085573196411133,-1.298349380493164,0.009708737864077669,0.010309278350515464,0.0006005404864377947,1.0,0.0,-1.0
1832,mp3d/oLBMNvg9in8/oLBMNvg9in8.glb,0,1.0,1.0,0.0,1.0,1.0,0.0,0.5031381137728865,0.5031381137728865,0.0,0.3219124933410571,0.3219124933410571,0.0,0.3219124933410571,0.3219124933410571,0.0,1.0827736854553223,1.0827736854553223,0.0,86.0,86.0,0.0,14.162370681762695,14.162370681762695,0.0,0.0,0.0,0.0,0.0,0.0,0.0
1833,mp3d/oLBMNvg9in8/oLBMNvg9in8.glb,0,1.0,1.0,0.0,1.0,1.0,0.0,0.6573173966343965,0.4074171355311291,-0.24990026110326735,0.7220610317761982,0.2932923619574927,-0.4287686698187055,0.7220610317761982,0.2932923619574927,-0.4287686698187055,1.5502374172210693,1.6304937601089478,0.08025634288787842,60.0,113.0,53.0,10.840468406677246,17.489761352539062,6.649292945861816,0.0,0.014492753623188406,0.014492753623188406,0.0,0.0,0.0
1834,mp3d/oLBMNvg9in8/oLBMNvg9in8.glb,0,1.0,1.0,0.0,1.0,1.0,0.0,0.9578489834710395,0.9578489834710395,0.0,0.8202281208745466,0.8202281208745466,0.0,0.8202281208745466,0.8202281208745466,0.0,1.8416416645050049,1.8416416645050049,0.0,58.0,58.0,0.0,7.458571434020996,7.458571434020996,0.0,0.0,0.0,0.0,0.0,0.0,0.0
1835,mp3d/oLBMNvg9in8/oLBMNvg9in8.glb,0,1.0,1.0,0.0,1.0,1.0,0.0,1.0,1.0,0.0,0.8347835397030813,0.8347835397030813,0.0,0.8347835397030813,0.8347835397030813,0.0,2.5172860622406006,2.5172860622406006,0.0,52.0,52.0,0.0,6.458571434020996,6.458571434020996,0.0,0.0,0.0,0.0,0.0,0.0,0.0
1836,mp3d/oLBMNvg9in8/oLBMNvg9in8.glb,0,1.0,1.0,0.0,1.0,1.0,0.0,1.0,1.0,0.0,0.9088165459130694,0.9088165459130694,0.0,0.9088165459130694,0.9088165459130694,0.0,1.4979180097579956,1.4979180097579956,0.0,47.0,47.0,0.0,6.208571434020996,6.208571434020996,0.0,0.0,0.0,0.0,0.0,0.0,0.0
1837,mp3d/Z6MFQCViBuw/Z6MFQCViBuw.glb,0,1.0,1.0,0.0,1.0,1.0,0.0,0.6879779110665957,0.9707531178813202,0.28277520681472457,0.7965498353037692,0.8054254786872647,0.008875643383495446,0.7965498353037692,0.8054254786872647,0.008875643383495446,0.45297664403915405,0.9425389766693115,0.48956233263015747,103.0,73.0,-30.0,19.427745819091797,13.768547058105469,-5.659198760986328,0.0,0.0,0.0,0.0,0.0,0.0
1838,mp3d/Z6MFQCViBuw/Z6MFQCViBuw.glb,0,0.0,0.0,0.0,0.0,0.0,0.0,0.0,0.0,0.0,0.00020995859883458579,0.00029676796085705405,8.680936202246827e-05,0.0,0.0,0.0,23.283512115478516,24.206745147705078,0.9232330322265625,329.0,250.0,-79.0,49.82160186767578,34.862579345703125,-14.959022521972656,0.020100502512562814,0.028368794326241134,0.00826829181367832,0.0,0.0,0.0
1839,mp3d/Z6MFQCViBuw/Z6MFQCViBuw.glb,0,1.0,1.0,0.0,1.0,1.0,0.0,0.9707531178813202,0.968018637186475,-0.002734480694845276,0.8054254786872647,0.8462300643394892,0.040804585652224556,0.8054254786872647,0.8462300643394892,0.040804585652224556,0.9425389766693115,0.7544049620628357,-0.18813401460647583,73.0,70.0,-3.0,13.768547058105469,13.807440757751465,0.038893699645996094,0.0,0.0,0.0,0.0,0.0,0.0
